timestamp,case_id,parameter,level,parameter_value,function_id,category,dimension,run_id,fe_budget,fe_used,best_f,f_opt,corrected_error,wall_seconds,cfg_version,cfg_D,cfg_FE_budget,cfg_k_diag,cfg_s0_frac,cfg_delta0_frac,cfg_Delta0_frac,cfg_s_min_frac,cfg_s_max_frac,cfg_c_plus,cfg_c_minus,cfg_stag_trigger,cfg_max_relocs,cfg_mem_best_B,cfg_mem_trap_B,cfg_mem_pull,cfg_mem_push,cfg_gate_stag_scale,cfg_eps,cfg_refine_enable,cfg_refine_trigger_accepts,cfg_refine_max_steps,cfg_refine_step_shrink,cfg_refine_use_memory_blend,cfg_trace_enable,cfg_trace_every
2026-10-01T10:05:52+02:00,baseline,baseline,baseline,,1,Unimodal,30,0,300000,300000,2364425.602610498,100.0,2364325.602610498,7.357222491999892,V4,30,300000,8,0.02,0.005,0.05,1e-06,0.2,1.05,0.7,60,20,8,10,0.35,0.25,80.0,1e-12,False,3,4,0.5,True,False,1
2026-10-01T10:06:00+02:00,baseline,baseline,baseline,,1,Unimodal,30,1,300000,300000,10107340.805521982,100.0,10107240.805521982,7.434943786000076,V4,30,300000,8,0.02,0.005,0.05,1e-06,0.2,1.05,0.7,60,20,8,10,0.35,0.25,80.0,1e-12,False,3,4,0.5,True,False,1
2026-10-01T10:06:07+02:00,baseline,baseline,baseline,,1,Unimodal,30,2,300000,300000,8005316.044871672,100.0,8005216.044871672,7.841134063000027,V4,30,300000,8,0.02,0.005,0.05,1e-06,0.2,1.05,0.7,60,20,8,10,0.35,0.25,80.0,1e-12,False,3,4,0.5,True,False,1
2026-10-01T10:06:15+02:00,baseline,baseline,baseline,,1,Unimodal,30,3,300000,300000,8469777.34782366,100.0,8469677.34782366,8.098162197999955,V4,30,300000,8,0.02,0.005,0.05,1e-06,0.2,1.05,0.7,60,20,8,10,0.35,0.25,80.0,1e-12,False,3,4,0.5,True,False,1
2026-10-01T10:06:23+02:00,baseline,baseline,baseline,,1,Unimodal,30,4,300000,300000,4363305.758640867,100.0,4363205.758640867,7.832753419000255,V4,30,300000,8,0.02,0.005,0.05,1e-06,0.2,1.05,0.7,60,20,8,10,0.35,0.25,80.0,1e-12,False,3,4,0.5,True,False,1
2026-10-01T10:06:29+02:00,baseline,baseline,baseline,,2,Unimodal,30,0,300000,300000,415709.9239429937,200.0,415509.9239429937,6.481868209999902,V4,30,300000,8,0.02,0.005,0.05,1e-06,0.2,1.05,0.7,60,20,8,10,0.35,0.25,80.0,1e-12,False,3,4,0.5,True,False,1
2026-10-01T10:06:36+02:00,baseline,baseline,baseline,,2,Unimodal,30,1,300000,300000,461433.26889112906,200.0,461233.26889112906,6.742024081999716,V4,30,300000,8,0.02,0.005,0.05,1e-06,0.2,1.05,0.7,60,20,8,10,0.35,0.25,80.0,1e-12,False,3,4,0.5,True,False,1
2026-10-01T10:06:42+02:00,baseline,baseline,baseline,,2,Unimodal,30,2,300000,300000,543895.192255188,200.0,543695.192255188,6.560098402999756,V4,30,300000,8,0.02,0.005,0.05,1e-06,0.2,1.05,0.7,60,20,8,10,0.35,0.25,80.0,1e-12,False,3,4,0.5,True,False,1
2026-10-01T10:06:49+02:00,baseline,baseline,baseline,,2,Unimodal,30,3,300000,300000,1086633.9363546576,200.0,1086433.9363546576,6.6757374730000265,V4,30,300000,8,0.02,0.005,0.05,1e-06,0.2,1.05,0.7,60,20,8,10,0.35,0.25,80.0,1e-12,False,3,4,0.5,True,False,1
2026-10-01T10:06:56+02:00,baseline,baseline,baseline,,2,Unimodal,30,4,300000,300000,839848.9286801919,200.0,839648.9286801919,6.676771581000139,V4,30,300000,8,0.02,0.005,0.05,1e-06,0.2,1.05,0.7,60,20,8,10,0.35,0.25,80.0,1e-12,False,3,4,0.5,True,False,1
2026-10-01T10:07:02+02:00,baseline,baseline,baseline,,3,Unimodal,30,0,300000,300000,25550.334699106148,300.0,25250.334699106148,6.464013084000271,V4,30,300000,8,0.02,0.005,0.05,1e-06,0.2,1.05,0.7,60,20,8,10,0.35,0.25,80.0,1e-12,False,3,4,0.5,True,False,1
2026-10-01T10:07:09+02:00,baseline,baseline,baseline,,3,Unimodal,30,1,300000,300000,3795.483312297222,300.0,3495.483312297222,6.856511883999701,V4,30,300000,8,0.02,0.005,0.05,1e-06,0.2,1.05,0.7,60,20,8,10,0.35,0.25,80.0,1e-12,False,3,4,0.5,True,False,1
2026-10-01T10:07:15+02:00,baseline,baseline,baseline,,3,Unimodal,30,2,300000,300000,6534.947963815302,300.0,6234.947963815302,6.666616513000008,V4,30,300000,8,0.02,0.005,0.05,1e-06,0.2,1.05,0.7,60,20,8,10,0.35,0.25,80.0,1e-12,False,3,4,0.5,True,False,1
2026-10-01T10:07:22+02:00,baseline,baseline,baseline,,3,Unimodal,30,3,300000,300000,31249.974838552032,300.0,30949.974838552032,6.823452999999972,V4,30,300000,8,0.02,0.005,0.05,1e-06,0.2,1.05,0.7,60,20,8,10,0.35,0.25,80.0,1e-12,False,3,4,0.5,True,False,1
2026-10-01T10:07:29+02:00,baseline,baseline,baseline,,3,Unimodal,30,4,300000,300000,1343.581702961047,300.0,1043.581702961047,6.794738446999872,V4,30,300000,8,0.02,0.005,0.05,1e-06,0.2,1.05,0.7,60,20,8,10,0.35,0.25,80.0,1e-12,False,3,4,0.5,True,False,1
2026-10-01T10:07:37+02:00,baseline,baseline,baseline,,4,Multimodal,30,0,300000,300000,472.15891347414106,400.0,72.15891347414106,8.136892202000126,V4,30,300000,8,0.02,0.005,0.05,1e-06,0.2,1.05,0.7,60,20,8,10,0.35,0.25,80.0,1e-12,False,3,4,0.5,True,False,1
2026-10-01T10:07:45+02:00,baseline,baseline,baseline,,4,Multimodal,30,1,300000,300000,473.28663969791734,400.0,73.28663969791734,8.17527267200012,V4,30,300000,8,0.02,0.005,0.05,1e-06,0.2,1.05,0.7,60,20,8,10,0.35,0.25,80.0,1e-12,False,3,4,0.5,True,False,1
2026-10-01T10:07:53+02:00,baseline,baseline,baseline,,4,Multimodal,30,2,300000,300000,406.1560677370381,400.0,6.156067737038086,8.250475507000374,V4,30,300000,8,0.02,0.005,0.05,1e-06,0.2,1.05,0.7,60,20,8,10,0.35,0.25,80.0,1e-12,False,3,4,0.5,True,False,1
2026-10-01T10:08:01+02:00,baseline,baseline,baseline,,4,Multimodal,30,3,300000,300000,473.214024534934,400.0,73.21402453493403,8.05315893199986,V4,30,300000,8,0.02,0.005,0.05,1e-06,0.2,1.05,0.7,60,20,8,10,0.35,0.25,80.0,1e-12,False,3,4,0.5,True,False,1
2026-10-01T10:08:09+02:00,baseline,baseline,baseline,,4,Multimodal,30,4,300000,300000,472.8435325276643,400.0,72.84353252766431,7.879422402000273,V4,30,300000,8,0.02,0.005,0.05,1e-06,0.2,1.05,0.7,60,20,8,10,0.35,0.25,80.0,1e-12,False,3,4,0.5,True,False,1
2026-10-01T10:08:16+02:00,baseline,baseline,baseline,,5,Multimodal,30,0,300000,300000,521.3026564663716,500.0,21.30265646637156,7.903321255999799,V4,30,300000,8,0.02,0.005,0.05,1e-06,0.2,1.05,0.7,60,20,8,10,0.35,0.25,80.0,1e-12,False,3,4,0.5,True,False,1
2026-10-01T10:08:24+02:00,baseline,baseline,baseline,,5,Multimodal,30,1,300000,300000,521.3864194031717,500.0,21.386419403171658,7.6678937520000545,V4,30,300000,8,0.02,0.005,0.05,1e-06,0.2,1.05,0.7,60,20,8,10,0.35,0.25,80.0,1e-12,False,3,4,0.5,True,False,1
2026-10-01T10:08:32+02:00,baseline,baseline,baseline,,5,Multimodal,30,2,300000,300000,520.9402977835055,500.0,20.940297783505457,7.851561791999757,V4,30,300000,8,0.02,0.005,0.05,1e-06,0.2,1.05,0.7,60,20,8,10,0.35,0.25,80.0,1e-12,False,3,4,0.5,True,False,1
2026-10-01T10:08:40+02:00,baseline,baseline,baseline,,5,Multimodal,30,3,300000,300000,521.2620971092394,500.0,21.26209710923945,7.691713146999973,V4,30,300000,8,0.02,0.005,0.05,1e-06,0.2,1.05,0.7,60,20,8,10,0.35,0.25,80.0,1e-12,False,3,4,0.5,True,False,1
2026-10-01T10:08:47+02:00,baseline,baseline,baseline,,5,Multimodal,30,4,300000,300000,521.2580514380167,500.0,21.25805143801665,7.661510814000394,V4,30,300000,8,0.02,0.005,0.05,1e-06,0.2,1.05,0.7,60,20,8,10,0.35,0.25,80.0,1e-12,False,3,4,0.5,True,False,1
2026-10-01T10:10:20+02:00,baseline,baseline,baseline,,6,Multimodal,30,0,300000,300000,636.1601709877874,600.0,36.16017098778741,94.15574998500006,V4,30,300000,8,0.02,0.005,0.05,1e-06,0.2,1.05,0.7,60,20,8,10,0.35,0.25,80.0,1e-12,False,3,4,0.5,True,False,1
2026-10-01T10:11:49+02:00,baseline,baseline,baseline,,6,Multimodal,30,1,300000,300000,636.6250807123497,600.0,36.6250807123497,90.90024543399977,V4,30,300000,8,0.02,0.005,0.05,1e-06,0.2,1.05,0.7,60,20,8,10,0.35,0.25,80.0,1e-12,False,3,4,0.5,True,False,1
2026-10-01T10:13:17+02:00,baseline,baseline,baseline,,6,Multimodal,30,2,300000,300000,635.9166145159206,600.0,35.91661451592063,90.33737726200025,V4,30,300000,8,0.02,0.005,0.05,1e-06,0.2,1.05,0.7,60,20,8,10,0.35,0.25,80.0,1e-12,False,3,4,0.5,True,False,1
2026-10-01T10:14:50+02:00,baseline,baseline,baseline,,6,Multimodal,30,3,300000,300000,634.9605576960861,600.0,34.960557696086084,94.82429856699991,V4,30,300000,8,0.02,0.005,0.05,1e-06,0.2,1.05,0.7,60,20,8,10,0.35,0.25,80.0,1e-12,False,3,4,0.5,True,False,1
2026-10-01T10:16:19+02:00,baseline,baseline,baseline,,6,Multimodal,30,4,300000,300000,630.6361022257776,600.0,30.636102225777563,90.81357181099975,V4,30,300000,8,0.02,0.005,0.05,1e-06,0.2,1.05,0.7,60,20,8,10,0.35,0.25,80.0,1e-12,False,3,4,0.5,True,False,1
2026-10-01T10:16:27+02:00,baseline,baseline,baseline,,7,Multimodal,30,0,300000,300000,700.434037989388,700.0,0.43403798938800264,8.03423648199987,V4,30,300000,8,0.02,0.005,0.05,1e-06,0.2,1.05,0.7,60,20,8,10,0.35,0.25,80.0,1e-12,False,3,4,0.5,True,False,1
2026-10-01T10:16:35+02:00,baseline,baseline,baseline,,7,Multimodal,30,1,300000,300000,700.4183961441331,700.0,0.4183961441331121,8.094642827999905,V4,30,300000,8,0.02,0.005,0.05,1e-06,0.2,1.05,0.7,60,20,8,10,0.35,0.25,80.0,1e-12,False,3,4,0.5,True,False,1
2026-10-01T10:16:43+02:00,baseline,baseline,baseline,,7,Multimodal,30,2,300000,300000,700.1917093716413,700.0,0.1917093716413092,8.16285298999992,V4,30,300000,8,0.02,0.005,0.05,1e-06,0.2,1.05,0.7,60,20,8,10,0.35,0.25,80.0,1e-12,False,3,4,0.5,True,False,1
2026-10-01T10:16:51+02:00,baseline,baseline,baseline,,7,Multimodal,30,3,300000,300000,700.723928158529,700.0,0.72392815852902,8.1795001280002,V4,30,300000,8,0.02,0.005,0.05,1e-06,0.2,1.05,0.7,60,20,8,10,0.35,0.25,80.0,1e-12,False,3,4,0.5,True,False,1
2026-10-01T10:16:59+02:00,baseline,baseline,baseline,,7,Multimodal,30,4,300000,300000,700.7073087442745,700.0,0.7073087442745418,8.087432020000051,V4,30,300000,8,0.02,0.005,0.05,1e-06,0.2,1.05,0.7,60,20,8,10,0.35,0.25,80.0,1e-12,False,3,4,0.5,True,False,1
2026-10-01T10:17:07+02:00,baseline,baseline,baseline,,8,Multimodal,30,0,300000,300000,1085.2779638994355,800.0,285.27796389943546,7.968383304999861,V4,30,300000,8,0.02,0.005,0.05,1e-06,0.2,1.05,0.7,60,20,8,10,0.35,0.25,80.0,1e-12,False,3,4,0.5,True,False,1
2026-10-01T10:17:14+02:00,baseline,baseline,baseline,,8,Multimodal,30,1,300000,300000,1096.7495997895637,800.0,296.7495997895637,7.488477952000267,V4,30,300000,8,0.02,0.005,0.05,1e-06,0.2,1.05,0.7,60,20,8,10,0.35,0.25,80.0,1e-12,False,3,4,0.5,True,False,1
2026-10-01T10:17:22+02:00,baseline,baseline,baseline,,8,Multimodal,30,2,300000,300000,1088.5897616829075,800.0,288.58976168290747,7.822621133999746,V4,30,300000,8,0.02,0.005,0.05,1e-06,0.2,1.05,0.7,60,20,8,10,0.35,0.25,80.0,1e-12,False,3,4,0.5,True,False,1
2026-10-01T10:17:30+02:00,baseline,baseline,baseline,,8,Multimodal,30,3,300000,300000,1081.3200413840952,800.0,281.32004138409525,7.575342121000176,V4,30,300000,8,0.02,0.005,0.05,1e-06,0.2,1.05,0.7,60,20,8,10,0.35,0.25,80.0,1e-12,False,3,4,0.5,True,False,1
2026-10-01T10:17:37+02:00,baseline,baseline,baseline,,8,Multimodal,30,4,300000,300000,1078.090002176879,800.0,278.0900021768789,7.491324444999918,V4,30,300000,8,0.02,0.005,0.05,1e-06,0.2,1.05,0.7,60,20,8,10,0.35,0.25,80.0,1e-12,False,3,4,0.5,True,False,1
2026-10-01T10:17:45+02:00,baseline,baseline,baseline,,9,Multimodal,30,0,300000,300000,1368.1652637888783,900.0,468.1652637888783,8.04125600100042,V4,30,300000,8,0.02,0.005,0.05,1e-06,0.2,1.05,0.7,60,20,8,10,0.35,0.25,80.0,1e-12,False,3,4,0.5,True,False,1
2026-10-01T10:17:53+02:00,baseline,baseline,baseline,,9,Multimodal,30,1,300000,300000,1254.104159792792,900.0,354.10415979279196,7.9997119760000714,V4,30,300000,8,0.02,0.005,0.05,1e-06,0.2,1.05,0.7,60,20,8,10,0.35,0.25,80.0,1e-12,False,3,4,0.5,True,False,1
2026-10-01T10:18:01+02:00,baseline,baseline,baseline,,9,Multimodal,30,2,300000,300000,1346.173358750527,900.0,446.1733587505271,7.893891323999924,V4,30,300000,8,0.02,0.005,0.05,1e-06,0.2,1.05,0.7,60,20,8,10,0.35,0.25,80.0,1e-12,False,3,4,0.5,True,False,1
2026-10-01T10:18:09+02:00,baseline,baseline,baseline,,9,Multimodal,30,3,300000,300000,1317.5140859405462,900.0,417.51408594054624,8.077708455999982,V4,30,300000,8,0.02,0.005,0.05,1e-06,0.2,1.05,0.7,60,20,8,10,0.35,0.25,80.0,1e-12,False,3,4,0.5,True,False,1
2026-10-01T10:18:16+02:00,baseline,baseline,baseline,,9,Multimodal,30,4,300000,300000,1209.695823107842,900.0,309.695823107842,7.668071535999843,V4,30,300000,8,0.02,0.005,0.05,1e-06,0.2,1.05,0.7,60,20,8,10,0.35,0.25,80.0,1e-12,False,3,4,0.5,True,False,1
2026-10-01T10:18:29+02:00,baseline,baseline,baseline,,10,Multimodal,30,0,300000,300000,4094.0232020223048,1000.0,3094.0232020223048,13.460285496999859,V4,30,300000,8,0.02,0.005,0.05,1e-06,0.2,1.05,0.7,60,20,8,10,0.35,0.25,80.0,1e-12,False,3,4,0.5,True,False,1
2026-10-01T10:18:43+02:00,baseline,baseline,baseline,,10,Multimodal,30,1,300000,300000,4247.027497047395,1000.0,3247.0274970473947,13.330689954000263,V4,30,300000,8,0.02,0.005,0.05,1e-06,0.2,1.05,0.7,60,20,8,10,0.35,0.25,80.0,1e-12,False,3,4,0.5,True,False,1
2026-10-01T10:18:56+02:00,baseline,baseline,baseline,,10,Multimodal,30,2,300000,300000,4296.755918426643,1000.0,3296.755918426643,14.292975845,V4,30,300000,8,0.02,0.005,0.05,1e-06,0.2,1.05,0.7,60,20,8,10,0.35,0.25,80.0,1e-12,False,3,4,0.5,True,False,1
2026-10-01T10:19:11+02:00,baseline,baseline,baseline,,10,Multimodal,30,3,300000,300000,4409.092114592848,1000.0,3409.092114592848,14.30227128999968,V4,30,300000,8,0.02,0.005,0.05,1e-06,0.2,1.05,0.7,60,20,8,10,0.35,0.25,80.0,1e-12,False,3,4,0.5,True,False,1
2026-10-01T10:19:24+02:00,baseline,baseline,baseline,,10,Multimodal,30,4,300000,300000,3706.3676408375395,1000.0,2706.3676408375395,13.675017343000036,V4,30,300000,8,0.02,0.005,0.05,1e-06,0.2,1.05,0.7,60,20,8,10,0.35,0.25,80.0,1e-12,False,3,4,0.5,True,False,1
2026-10-01T10:19:38+02:00,baseline,baseline,baseline,,11,Multimodal,30,0,300000,300000,4795.947209873062,1100.0,3695.947209873062,13.729830118999871,V4,30,300000,8,0.02,0.005,0.05,1e-06,0.2,1.05,0.7,60,20,8,10,0.35,0.25,80.0,1e-12,False,3,4,0.5,True,False,1
2026-10-01T10:19:50+02:00,baseline,baseline,baseline,,11,Multimodal,30,1,300000,300000,5171.850966722723,1100.0,4071.8509667227227,13.033758053999918,V4,30,300000,8,0.02,0.005,0.05,1e-06,0.2,1.05,0.7,60,20,8,10,0.35,0.25,80.0,1e-12,False,3,4,0.5,True,False,1
2026-10-01T10:20:03+02:00,baseline,baseline,baseline,,11,Multimodal,30,2,300000,300000,5205.352938792754,1100.0,4105.352938792754,13.187938960999873,V4,30,300000,8,0.02,0.005,0.05,1e-06,0.2,1.05,0.7,60,20,8,10,0.35,0.25,80.0,1e-12,False,3,4,0.5,True,False,1
2026-10-01T10:20:17+02:00,baseline,baseline,baseline,,11,Multimodal,30,3,300000,300000,4706.487946946205,1100.0,3606.487946946205,13.348490280000078,V4,30,300000,8,0.02,0.005,0.05,1e-06,0.2,1.05,0.7,60,20,8,10,0.35,0.25,80.0,1e-12,False,3,4,0.5,True,False,1
2026-10-01T10:20:31+02:00,baseline,baseline,baseline,,11,Multimodal,30,4,300000,300000,5019.740563730395,1100.0,3919.7405637303946,13.909540989000106,V4,30,300000,8,0.02,0.005,0.05,1e-06,0.2,1.05,0.7,60,20,8,10,0.35,0.25,80.0,1e-12,False,3,4,0.5,True,False,1
2026-10-01T10:29:11+02:00,baseline,baseline,baseline,,12,Multimodal,30,0,300000,300000,1200.9416979033524,1200.0,0.9416979033524058,531.0250179280001,V4,30,300000,8,0.02,0.005,0.05,1e-06,0.2,1.05,0.7,60,20,8,10,0.35,0.25,80.0,1e-12,False,3,4,0.5,True,False,1
2026-10-01T10:37:43+02:00,baseline,baseline,baseline,,12,Multimodal,30,1,300000,300000,1200.8774454165414,1200.0,0.8774454165413772,521.7571260929999,V4,30,300000,8,0.02,0.005,0.05,1e-06,0.2,1.05,0.7,60,20,8,10,0.35,0.25,80.0,1e-12,False,3,4,0.5,True,False,1
2026-10-01T10:45:55+02:00,baseline,baseline,baseline,,12,Multimodal,30,2,300000,300000,1200.9222150072408,1200.0,0.9222150072407658,502.065028727,V4,30,300000,8,0.02,0.005,0.05,1e-06,0.2,1.05,0.7,60,20,8,10,0.35,0.25,80.0,1e-12,False,3,4,0.5,True,False,1
2026-10-01T10:54:34+02:00,baseline,baseline,baseline,,12,Multimodal,30,3,300000,300000,1200.8172329615704,1200.0,0.8172329615704257,528.1350564979994,V4,30,300000,8,0.02,0.005,0.05,1e-06,0.2,1.05,0.7,60,20,8,10,0.35,0.25,80.0,1e-12,False,3,4,0.5,True,False,1
2026-10-01T11:03:09+02:00,baseline,baseline,baseline,,12,Multimodal,30,4,300000,300000,1201.0744992348941,1200.0,1.0744992348941196,525.7752097980001,V4,30,300000,8,0.02,0.005,0.05,1e-06,0.2,1.05,0.7,60,20,8,10,0.35,0.25,80.0,1e-12,False,3,4,0.5,True,False,1
2026-10-01T11:03:17+02:00,baseline,baseline,baseline,,13,Multimodal,30,0,300000,300000,1300.3129456414847,1300.0,0.3129456414847027,7.759247558000425,V4,30,300000,8,0.02,0.005,0.05,1e-06,0.2,1.05,0.7,60,20,8,10,0.35,0.25,80.0,1e-12,False,3,4,0.5,True,False,1
2026-10-01T11:03:24+02:00,baseline,baseline,baseline,,13,Multimodal,30,1,300000,300000,1300.2578513025856,1300.0,0.25785130258555,7.631993430999501,V4,30,300000,8,0.02,0.005,0.05,1e-06,0.2,1.05,0.7,60,20,8,10,0.35,0.25,80.0,1e-12,False,3,4,0.5,True,False,1
2026-10-01T11:03:32+02:00,baseline,baseline,baseline,,13,Multimodal,30,2,300000,300000,1300.252777600835,1300.0,0.2527776008350884,7.687178529000448,V4,30,300000,8,0.02,0.005,0.05,1e-06,0.2,1.05,0.7,60,20,8,10,0.35,0.25,80.0,1e-12,False,3,4,0.5,True,False,1
2026-10-01T11:03:40+02:00,baseline,baseline,baseline,,13,Multimodal,30,3,300000,300000,1300.388860749621,1300.0,0.388860749621017,7.659031029000289,V4,30,300000,8,0.02,0.005,0.05,1e-06,0.2,1.05,0.7,60,20,8,10,0.35,0.25,80.0,1e-12,False,3,4,0.5,True,False,1
2026-10-01T11:03:48+02:00,baseline,baseline,baseline,,13,Multimodal,30,4,300000,300000,1300.3421150949077,1300.0,0.34211509490774006,7.6606632920002085,V4,30,300000,8,0.02,0.005,0.05,1e-06,0.2,1.05,0.7,60,20,8,10,0.35,0.25,80.0,1e-12,False,3,4,0.5,True,False,1
2026-10-01T11:03:55+02:00,baseline,baseline,baseline,,14,Multimodal,30,0,300000,300000,1400.4145904737918,1400.0,0.41459047379180447,7.519990653000605,V4,30,300000,8,0.02,0.005,0.05,1e-06,0.2,1.05,0.7,60,20,8,10,0.35,0.25,80.0,1e-12,False,3,4,0.5,True,False,1
2026-10-01T11:04:02+02:00,baseline,baseline,baseline,,14,Multimodal,30,1,300000,300000,1400.4135765114293,1400.0,0.41357651142925533,7.863878858000135,V4,30,300000,8,0.02,0.005,0.05,1e-06,0.2,1.05,0.7,60,20,8,10,0.35,0.25,80.0,1e-12,False,3,4,0.5,True,False,1
2026-10-01T11:04:10+02:00,baseline,baseline,baseline,,14,Multimodal,30,2,300000,300000,1400.333237118827,1400.0,0.33323711882690077,7.968349195999508,V4,30,300000,8,0.02,0.005,0.05,1e-06,0.2,1.05,0.7,60,20,8,10,0.35,0.25,80.0,1e-12,False,3,4,0.5,True,False,1
2026-10-01T11:04:18+02:00,baseline,baseline,baseline,,14,Multimodal,30,3,300000,300000,1400.5091221506575,1400.0,0.5091221506575039,7.620906721999745,V4,30,300000,8,0.02,0.005,0.05,1e-06,0.2,1.05,0.7,60,20,8,10,0.35,0.25,80.0,1e-12,False,3,4,0.5,True,False,1
2026-10-01T11:04:25+02:00,baseline,baseline,baseline,,14,Multimodal,30,4,300000,300000,1400.3128506212759,1400.0,0.3128506212758566,7.62945182600015,V4,30,300000,8,0.02,0.005,0.05,1e-06,0.2,1.05,0.7,60,20,8,10,0.35,0.25,80.0,1e-12,False,3,4,0.5,True,False,1
2026-10-01T11:04:34+02:00,baseline,baseline,baseline,,15,Multimodal,30,0,300000,300000,1513.9751935302468,1500.0,13.97519353024677,8.684312180999768,V4,30,300000,8,0.02,0.005,0.05,1e-06,0.2,1.05,0.7,60,20,8,10,0.35,0.25,80.0,1e-12,False,3,4,0.5,True,False,1
2026-10-01T11:04:42+02:00,baseline,baseline,baseline,,15,Multimodal,30,1,300000,300000,1515.9271555600774,1500.0,15.92715556007738,8.640946589999658,V4,30,300000,8,0.02,0.005,0.05,1e-06,0.2,1.05,0.7,60,20,8,10,0.35,0.25,80.0,1e-12,False,3,4,0.5,True,False,1
2026-10-01T11:04:52+02:00,baseline,baseline,baseline,,15,Multimodal,30,2,300000,300000,1513.6596098526932,1500.0,13.659609852693166,9.003636413000095,V4,30,300000,8,0.02,0.005,0.05,1e-06,0.2,1.05,0.7,60,20,8,10,0.35,0.25,80.0,1e-12,False,3,4,0.5,True,False,1
2026-10-01T11:05:00+02:00,baseline,baseline,baseline,,15,Multimodal,30,3,300000,300000,1516.4328655243548,1500.0,16.43286552435484,8.745351671999742,V4,30,300000,8,0.02,0.005,0.05,1e-06,0.2,1.05,0.7,60,20,8,10,0.35,0.25,80.0,1e-12,False,3,4,0.5,True,False,1
2026-10-01T11:05:09+02:00,baseline,baseline,baseline,,15,Multimodal,30,4,300000,300000,1515.0149737413376,1500.0,15.014973741337599,8.77619221399982,V4,30,300000,8,0.02,0.005,0.05,1e-06,0.2,1.05,0.7,60,20,8,10,0.35,0.25,80.0,1e-12,False,3,4,0.5,True,False,1
2026-10-01T11:05:53+02:00,baseline,baseline,baseline,,16,Multimodal,30,0,300000,300000,1613.232164532151,1600.0,13.232164532151046,45.39208790700013,V4,30,300000,8,0.02,0.005,0.05,1e-06,0.2,1.05,0.7,60,20,8,10,0.35,0.25,80.0,1e-12,False,3,4,0.5,True,False,1
2026-10-01T11:06:37+02:00,baseline,baseline,baseline,,16,Multimodal,30,1,300000,300000,1613.5007809914403,1600.0,13.500780991440251,45.2005291989999,V4,30,300000,8,0.02,0.005,0.05,1e-06,0.2,1.05,0.7,60,20,8,10,0.35,0.25,80.0,1e-12,False,3,4,0.5,True,False,1
2026-10-01T11:07:22+02:00,baseline,baseline,baseline,,16,Multimodal,30,2,300000,300000,1613.8812826761484,1600.0,13.88128267614843,44.87942999200004,V4,30,300000,8,0.02,0.005,0.05,1e-06,0.2,1.05,0.7,60,20,8,10,0.35,0.25,80.0,1e-12,False,3,4,0.5,True,False,1
2026-10-01T11:08:07+02:00,baseline,baseline,baseline,,16,Multimodal,30,3,300000,300000,1613.6489956609264,1600.0,13.648995660926403,46.12872840899945,V4,30,300000,8,0.02,0.005,0.05,1e-06,0.2,1.05,0.7,60,20,8,10,0.35,0.25,80.0,1e-12,False,3,4,0.5,True,False,1
2026-10-01T11:08:51+02:00,baseline,baseline,baseline,,16,Multimodal,30,4,300000,300000,1613.4078552586654,1600.0,13.40785525866545,45.433566604999214,V4,30,300000,8,0.02,0.005,0.05,1e-06,0.2,1.05,0.7,60,20,8,10,0.35,0.25,80.0,1e-12,False,3,4,0.5,True,False,1
2026-10-01T11:09:07+02:00,baseline,baseline,baseline,,17,Hybrid,30,0,300000,300000,87556.28483546614,1700.0,85856.28483546614,15.697759399999995,V4,30,300000,8,0.02,0.005,0.05,1e-06,0.2,1.05,0.7,60,20,8,10,0.35,0.25,80.0,1e-12,False,3,4,0.5,True,False,1
2026-10-01T11:09:23+02:00,baseline,baseline,baseline,,17,Hybrid,30,1,300000,300000,254627.7848498091,1700.0,252927.7848498091,16.512283582000236,V4,30,300000,8,0.02,0.005,0.05,1e-06,0.2,1.05,0.7,60,20,8,10,0.35,0.25,80.0,1e-12,False,3,4,0.5,True,False,1
2026-10-01T11:09:39+02:00,baseline,baseline,baseline,,17,Hybrid,30,2,300000,300000,289576.53429480374,1700.0,287876.53429480374,16.71140095999999,V4,30,300000,8,0.02,0.005,0.05,1e-06,0.2,1.05,0.7,60,20,8,10,0.35,0.25,80.0,1e-12,False,3,4,0.5,True,False,1
2026-10-01T11:09:55+02:00,baseline,baseline,baseline,,17,Hybrid,30,3,300000,300000,167476.72086009933,1700.0,165776.72086009933,16.11097770699962,V4,30,300000,8,0.02,0.005,0.05,1e-06,0.2,1.05,0.7,60,20,8,10,0.35,0.25,80.0,1e-12,False,3,4,0.5,True,False,1
2026-10-01T11:10:11+02:00,baseline,baseline,baseline,,17,Hybrid,30,4,300000,300000,110172.58386238082,1700.0,108472.58386238082,16.51567451200026,V4,30,300000,8,0.02,0.005,0.05,1e-06,0.2,1.05,0.7,60,20,8,10,0.35,0.25,80.0,1e-12,False,3,4,0.5,True,False,1
2026-10-01T11:10:21+02:00,baseline,baseline,baseline,,18,Hybrid,30,0,300000,300000,85343.10524039005,1800.0,83543.10524039005,9.626936656999533,V4,30,300000,8,0.02,0.005,0.05,1e-06,0.2,1.05,0.7,60,20,8,10,0.35,0.25,80.0,1e-12,False,3,4,0.5,True,False,1
2026-10-01T11:10:31+02:00,baseline,baseline,baseline,,18,Hybrid,30,1,300000,300000,71263.70805572232,1800.0,69463.70805572232,9.953565948999312,V4,30,300000,8,0.02,0.005,0.05,1e-06,0.2,1.05,0.7,60,20,8,10,0.35,0.25,80.0,1e-12,False,3,4,0.5,True,False,1
2026-10-01T11:10:41+02:00,baseline,baseline,baseline,,18,Hybrid,30,2,300000,300000,92583.13256292291,1800.0,90783.13256292291,10.077738928000144,V4,30,300000,8,0.02,0.005,0.05,1e-06,0.2,1.05,0.7,60,20,8,10,0.35,0.25,80.0,1e-12,False,3,4,0.5,True,False,1
2026-10-01T11:10:51+02:00,baseline,baseline,baseline,,18,Hybrid,30,3,300000,300000,59633.62214495761,1800.0,57833.62214495761,9.922376217999954,V4,30,300000,8,0.02,0.005,0.05,1e-06,0.2,1.05,0.7,60,20,8,10,0.35,0.25,80.0,1e-12,False,3,4,0.5,True,False,1
2026-10-01T11:11:01+02:00,baseline,baseline,baseline,,18,Hybrid,30,4,300000,300000,98115.07717021038,1800.0,96315.07717021038,10.123065185000087,V4,30,300000,8,0.02,0.005,0.05,1e-06,0.2,1.05,0.7,60,20,8,10,0.35,0.25,80.0,1e-12,False,3,4,0.5,True,False,1
2026-10-01T11:11:34+02:00,baseline,baseline,baseline,,19,Hybrid,30,0,300000,300000,1934.0817277072604,1900.0,34.08172770726037,33.680183144000694,V4,30,300000,8,0.02,0.005,0.05,1e-06,0.2,1.05,0.7,60,20,8,10,0.35,0.25,80.0,1e-12,False,3,4,0.5,True,False,1
2026-10-01T11:12:06+02:00,baseline,baseline,baseline,,19,Hybrid,30,1,300000,300000,1942.0020666609237,1900.0,42.002066660923674,32.897807817000285,V4,30,300000,8,0.02,0.005,0.05,1e-06,0.2,1.05,0.7,60,20,8,10,0.35,0.25,80.0,1e-12,False,3,4,0.5,True,False,1
2026-10-01T11:12:39+02:00,baseline,baseline,baseline,,19,Hybrid,30,2,300000,300000,1931.7106413347842,1900.0,31.710641334784214,33.61961888899987,V4,30,300000,8,0.02,0.005,0.05,1e-06,0.2,1.05,0.7,60,20,8,10,0.35,0.25,80.0,1e-12,False,3,4,0.5,True,False,1
2026-10-01T11:13:12+02:00,baseline,baseline,baseline,,19,Hybrid,30,3,300000,300000,1937.2060263958726,1900.0,37.20602639587264,33.67580451899994,V4,30,300000,8,0.02,0.005,0.05,1e-06,0.2,1.05,0.7,60,20,8,10,0.35,0.25,80.0,1e-12,False,3,4,0.5,True,False,1
2026-10-01T11:13:45+02:00,baseline,baseline,baseline,,19,Hybrid,30,4,300000,300000,1938.50647379793,1900.0,38.506473797930084,33.66854323699954,V4,30,300000,8,0.02,0.005,0.05,1e-06,0.2,1.05,0.7,60,20,8,10,0.35,0.25,80.0,1e-12,False,3,4,0.5,True,False,1
2026-10-01T11:13:57+02:00,baseline,baseline,baseline,,20,Hybrid,30,0,300000,300000,18015.10720856422,2000.0,16015.107208564219,12.579524431999744,V4,30,300000,8,0.02,0.005,0.05,1e-06,0.2,1.05,0.7,60,20,8,10,0.35,0.25,80.0,1e-12,False,3,4,0.5,True,False,1
2026-10-01T11:14:10+02:00,baseline,baseline,baseline,,20,Hybrid,30,1,300000,300000,29893.585216080428,2000.0,27893.585216080428,12.856903644999875,V4,30,300000,8,0.02,0.005,0.05,1e-06,0.2,1.05,0.7,60,20,8,10,0.35,0.25,80.0,1e-12,False,3,4,0.5,True,False,1
2026-10-01T11:14:23+02:00,baseline,baseline,baseline,,20,Hybrid,30,2,300000,300000,40223.18283063943,2000.0,38223.18283063943,12.803705602999798,V4,30,300000,8,0.02,0.005,0.05,1e-06,0.2,1.05,0.7,60,20,8,10,0.35,0.25,80.0,1e-12,False,3,4,0.5,True,False,1
2026-10-01T11:14:35+02:00,baseline,baseline,baseline,,20,Hybrid,30,3,300000,300000,34639.53830930045,2000.0,32639.53830930045,12.748870111000542,V4,30,300000,8,0.02,0.005,0.05,1e-06,0.2,1.05,0.7,60,20,8,10,0.35,0.25,80.0,1e-12,False,3,4,0.5,True,False,1
2026-10-01T11:14:48+02:00,baseline,baseline,baseline,,20,Hybrid,30,4,300000,300000,40884.317382554334,2000.0,38884.317382554334,12.815301118999741,V4,30,300000,8,0.02,0.005,0.05,1e-06,0.2,1.05,0.7,60,20,8,10,0.35,0.25,80.0,1e-12,False,3,4,0.5,True,False,1
2026-10-01T11:15:12+02:00,baseline,baseline,baseline,,21,Hybrid,30,0,300000,300000,55860.144286744515,2100.0,53760.144286744515,24.34204884600058,V4,30,300000,8,0.02,0.005,0.05,1e-06,0.2,1.05,0.7,60,20,8,10,0.35,0.25,80.0,1e-12,False,3,4,0.5,True,False,1
2026-10-01T11:15:36+02:00,baseline,baseline,baseline,,21,Hybrid,30,1,300000,300000,57703.172577005535,2100.0,55603.172577005535,24.31190369900014,V4,30,300000,8,0.02,0.005,0.05,1e-06,0.2,1.05,0.7,60,20,8,10,0.35,0.25,80.0,1e-12,False,3,4,0.5,True,False,1
2026-10-01T11:15:59+02:00,baseline,baseline,baseline,,21,Hybrid,30,2,300000,300000,44134.29300437345,2100.0,42034.29300437345,23.78849604700008,V4,30,300000,8,0.02,0.005,0.05,1e-06,0.2,1.05,0.7,60,20,8,10,0.35,0.25,80.0,1e-12,False,3,4,0.5,True,False,1
2026-10-01T11:16:23+02:00,baseline,baseline,baseline,,21,Hybrid,30,3,300000,300000,33573.19598867235,2100.0,31473.19598867235,24.36569779599995,V4,30,300000,8,0.02,0.005,0.05,1e-06,0.2,1.05,0.7,60,20,8,10,0.35,0.25,80.0,1e-12,False,3,4,0.5,True,False,1
2026-10-01T11:16:48+02:00,baseline,baseline,baseline,,21,Hybrid,30,4,300000,300000,34211.458085419814,2100.0,32111.458085419814,24.58763652200014,V4,30,300000,8,0.02,0.005,0.05,1e-06,0.2,1.05,0.7,60,20,8,10,0.35,0.25,80.0,1e-12,False,3,4,0.5,True,False,1
2026-10-01T11:18:04+02:00,baseline,baseline,baseline,,22,Hybrid,30,0,300000,300000,2850.962034051722,2200.0,650.9620340517222,77.86574412500067,V4,30,300000,8,0.02,0.005,0.05,1e-06,0.2,1.05,0.7,60,20,8,10,0.35,0.25,80.0,1e-12,False,3,4,0.5,True,False,1
2026-10-01T11:19:21+02:00,baseline,baseline,baseline,,22,Hybrid,30,1,300000,300000,2786.840993750098,2200.0,586.8409937500978,78.91320762000032,V4,30,300000,8,0.02,0.005,0.05,1e-06,0.2,1.05,0.7,60,20,8,10,0.35,0.25,80.0,1e-12,False,3,4,0.5,True,False,1
2026-10-01T11:20:37+02:00,baseline,baseline,baseline,,22,Hybrid,30,2,300000,300000,2573.0832023898697,2200.0,373.0832023898697,77.12508035999963,V4,30,300000,8,0.02,0.005,0.05,1e-06,0.2,1.05,0.7,60,20,8,10,0.35,0.25,80.0,1e-12,False,3,4,0.5,True,False,1
2026-10-01T11:21:53+02:00,baseline,baseline,baseline,,22,Hybrid,30,3,300000,300000,3719.242145684486,2200.0,1519.2421456844859,77.6119728069998,V4,30,300000,8,0.02,0.005,0.05,1e-06,0.2,1.05,0.7,60,20,8,10,0.35,0.25,80.0,1e-12,False,3,4,0.5,True,False,1
2026-10-01T11:23:07+02:00,baseline,baseline,baseline,,22,Hybrid,30,4,300000,300000,2407.518489481388,2200.0,207.51848948138786,74.99649032999969,V4,30,300000,8,0.02,0.005,0.05,1e-06,0.2,1.05,0.7,60,20,8,10,0.35,0.25,80.0,1e-12,False,3,4,0.5,True,False,1
2026-10-01T11:23:27+02:00,baseline,baseline,baseline,,23,Composition,30,0,300000,300000,2522.8769733348836,2300.0,222.8769733348836,19.880984919000184,V4,30,300000,8,0.02,0.005,0.05,1e-06,0.2,1.05,0.7,60,20,8,10,0.35,0.25,80.0,1e-12,False,3,4,0.5,True,False,1
2026-10-01T11:23:46+02:00,baseline,baseline,baseline,,23,Composition,30,1,300000,300000,2522.8618175560246,2300.0,222.86181755602456,20.207367072000125,V4,30,300000,8,0.02,0.005,0.05,1e-06,0.2,1.05,0.7,60,20,8,10,0.35,0.25,80.0,1e-12,False,3,4,0.5,True,False,1
2026-10-01T11:24:06+02:00,baseline,baseline,baseline,,23,Composition,30,2,300000,300000,2522.86048536231,2300.0,222.8604853623101,19.914837463999902,V4,30,300000,8,0.02,0.005,0.05,1e-06,0.2,1.05,0.7,60,20,8,10,0.35,0.25,80.0,1e-12,False,3,4,0.5,True,False,1
2026-10-01T11:24:26+02:00,baseline,baseline,baseline,,23,Composition,30,3,300000,300000,2522.85888278934,2300.0,222.85888278934,19.853268982000372,V4,30,300000,8,0.02,0.005,0.05,1e-06,0.2,1.05,0.7,60,20,8,10,0.35,0.25,80.0,1e-12,False,3,4,0.5,True,False,1
2026-10-01T11:24:45+02:00,baseline,baseline,baseline,,23,Composition,30,4,300000,300000,2522.859220298219,2300.0,222.85922029821904,19.57024275999993,V4,30,300000,8,0.02,0.005,0.05,1e-06,0.2,1.05,0.7,60,20,8,10,0.35,0.25,80.0,1e-12,False,3,4,0.5,True,False,1
2026-10-01T11:25:07+02:00,baseline,baseline,baseline,,24,Composition,30,0,300000,300000,2626.2990704283416,2400.0,226.29907042834157,22.329041494000194,V4,30,300000,8,0.02,0.005,0.05,1e-06,0.2,1.05,0.7,60,20,8,10,0.35,0.25,80.0,1e-12,False,3,4,0.5,True,False,1
2026-10-01T11:25:29+02:00,baseline,baseline,baseline,,24,Composition,30,1,300000,300000,2627.0557783303884,2400.0,227.05577833038842,22.892523409000205,V4,30,300000,8,0.02,0.005,0.05,1e-06,0.2,1.05,0.7,60,20,8,10,0.35,0.25,80.0,1e-12,False,3,4,0.5,True,False,1
2026-10-01T11:25:52+02:00,baseline,baseline,baseline,,24,Composition,30,2,300000,300000,2625.8466020592873,2400.0,225.8466020592873,23.056083565000336,V4,30,300000,8,0.02,0.005,0.05,1e-06,0.2,1.05,0.7,60,20,8,10,0.35,0.25,80.0,1e-12,False,3,4,0.5,True,False,1
2026-10-01T11:26:14+02:00,baseline,baseline,baseline,,24,Composition,30,3,300000,300000,2627.0848168885336,2400.0,227.08481688853362,22.409758613000122,V4,30,300000,8,0.02,0.005,0.05,1e-06,0.2,1.05,0.7,60,20,8,10,0.35,0.25,80.0,1e-12,False,3,4,0.5,True,False,1
2026-10-01T11:26:36+02:00,baseline,baseline,baseline,,24,Composition,30,4,300000,300000,2630.382254781972,2400.0,230.38225478197182,22.433647066999583,V4,30,300000,8,0.02,0.005,0.05,1e-06,0.2,1.05,0.7,60,20,8,10,0.35,0.25,80.0,1e-12,False,3,4,0.5,True,False,1
2026-10-01T11:27:00+02:00,baseline,baseline,baseline,,25,Composition,30,0,300000,300000,2714.877651544798,2500.0,214.87765154479803,24.175498521999543,V4,30,300000,8,0.02,0.005,0.05,1e-06,0.2,1.05,0.7,60,20,8,10,0.35,0.25,80.0,1e-12,False,3,4,0.5,True,False,1
2026-10-01T11:27:22+02:00,baseline,baseline,baseline,,25,Composition,30,1,300000,300000,2713.815976732155,2500.0,213.81597673215492,22.843117161999544,V4,30,300000,8,0.02,0.005,0.05,1e-06,0.2,1.05,0.7,60,20,8,10,0.35,0.25,80.0,1e-12,False,3,4,0.5,True,False,1
2026-10-01T11:27:45+02:00,baseline,baseline,baseline,,25,Composition,30,2,300000,300000,2713.56562533609,2500.0,213.56562533608985,23.245728115999555,V4,30,300000,8,0.02,0.005,0.05,1e-06,0.2,1.05,0.7,60,20,8,10,0.35,0.25,80.0,1e-12,False,3,4,0.5,True,False,1
2026-10-01T11:28:08+02:00,baseline,baseline,baseline,,25,Composition,30,3,300000,300000,2725.356394031352,2500.0,225.356394031352,22.682278525000584,V4,30,300000,8,0.02,0.005,0.05,1e-06,0.2,1.05,0.7,60,20,8,10,0.35,0.25,80.0,1e-12,False,3,4,0.5,True,False,1
2026-10-01T11:28:30+02:00,baseline,baseline,baseline,,25,Composition,30,4,300000,300000,2720.2895337246546,2500.0,220.28953372465458,23.247341766999853,V4,30,300000,8,0.02,0.005,0.05,1e-06,0.2,1.05,0.7,60,20,8,10,0.35,0.25,80.0,1e-12,False,3,4,0.5,True,False,1
2026-10-01T11:30:26+02:00,baseline,baseline,baseline,,26,Composition,30,0,300000,300000,2800.1886881552464,2600.0,200.18868815524638,117.2162774819999,V4,30,300000,8,0.02,0.005,0.05,1e-06,0.2,1.05,0.7,60,20,8,10,0.35,0.25,80.0,1e-12,False,3,4,0.5,True,False,1
2026-10-01T11:32:23+02:00,baseline,baseline,baseline,,26,Composition,30,1,300000,300000,2700.6277565239666,2600.0,100.62775652396658,119.28885226000057,V4,30,300000,8,0.02,0.005,0.05,1e-06,0.2,1.05,0.7,60,20,8,10,0.35,0.25,80.0,1e-12,False,3,4,0.5,True,False,1
2026-10-01T11:34:18+02:00,baseline,baseline,baseline,,26,Composition,30,2,300000,300000,2800.1882235367307,2600.0,200.18822353673067,117.27731018099985,V4,30,300000,8,0.02,0.005,0.05,1e-06,0.2,1.05,0.7,60,20,8,10,0.35,0.25,80.0,1e-12,False,3,4,0.5,True,False,1
2026-10-01T11:36:16+02:00,baseline,baseline,baseline,,26,Composition,30,3,300000,300000,2800.305733158916,2600.0,200.30573315891615,120.65423255600035,V4,30,300000,8,0.02,0.005,0.05,1e-06,0.2,1.05,0.7,60,20,8,10,0.35,0.25,80.0,1e-12,False,3,4,0.5,True,False,1
2026-10-01T11:38:10+02:00,baseline,baseline,baseline,,26,Composition,30,4,300000,300000,2800.0889118172245,2600.0,200.08891181722447,116.19701560700014,V4,30,300000,8,0.02,0.005,0.05,1e-06,0.2,1.05,0.7,60,20,8,10,0.35,0.25,80.0,1e-12,False,3,4,0.5,True,False,1
2026-10-01T11:40:07+02:00,baseline,baseline,baseline,,27,Composition,30,0,300000,300000,3103.783845491188,2700.0,403.783845491188,118.6339280989996,V4,30,300000,8,0.02,0.005,0.05,1e-06,0.2,1.05,0.7,60,20,8,10,0.35,0.25,80.0,1e-12,False,3,4,0.5,True,False,1
2026-10-01T11:42:02+02:00,baseline,baseline,baseline,,27,Composition,30,1,300000,300000,3106.929277326299,2700.0,406.92927732629914,116.9887399320005,V4,30,300000,8,0.02,0.005,0.05,1e-06,0.2,1.05,0.7,60,20,8,10,0.35,0.25,80.0,1e-12,False,3,4,0.5,True,False,1
2026-10-01T11:43:56+02:00,baseline,baseline,baseline,,27,Composition,30,2,300000,300000,3105.3693122100367,2700.0,405.3693122100367,116.73195979200045,V4,30,300000,8,0.02,0.005,0.05,1e-06,0.2,1.05,0.7,60,20,8,10,0.35,0.25,80.0,1e-12,False,3,4,0.5,True,False,1
2026-10-01T11:45:52+02:00,baseline,baseline,baseline,,27,Composition,30,3,300000,300000,3103.9218190229353,2700.0,403.9218190229353,118.09481241799949,V4,30,300000,8,0.02,0.005,0.05,1e-06,0.2,1.05,0.7,60,20,8,10,0.35,0.25,80.0,1e-12,False,3,4,0.5,True,False,1
2026-10-01T11:47:48+02:00,baseline,baseline,baseline,,27,Composition,30,4,300000,300000,3104.2226331481634,2700.0,404.22263314816337,117.21232528899964,V4,30,300000,8,0.02,0.005,0.05,1e-06,0.2,1.05,0.7,60,20,8,10,0.35,0.25,80.0,1e-12,False,3,4,0.5,True,False,1
2026-10-01T11:48:58+02:00,baseline,baseline,baseline,,28,Composition,30,0,300000,300000,7231.6793241839705,2800.0,4431.6793241839705,72.27867090899963,V4,30,300000,8,0.02,0.005,0.05,1e-06,0.2,1.05,0.7,60,20,8,10,0.35,0.25,80.0,1e-12,False,3,4,0.5,True,False,1
2026-10-01T11:50:10+02:00,baseline,baseline,baseline,,28,Composition,30,1,300000,300000,6678.312566244069,2800.0,3878.312566244069,73.26192327899844,V4,30,300000,8,0.02,0.005,0.05,1e-06,0.2,1.05,0.7,60,20,8,10,0.35,0.25,80.0,1e-12,False,3,4,0.5,True,False,1
2026-10-01T11:51:22+02:00,baseline,baseline,baseline,,28,Composition,30,2,300000,300000,7568.802470636165,2800.0,4768.802470636165,72.88429815100062,V4,30,300000,8,0.02,0.005,0.05,1e-06,0.2,1.05,0.7,60,20,8,10,0.35,0.25,80.0,1e-12,False,3,4,0.5,True,False,1
2026-10-01T11:52:34+02:00,baseline,baseline,baseline,,28,Composition,30,3,300000,300000,6088.2067296164105,2800.0,3288.2067296164105,73.30963771300048,V4,30,300000,8,0.02,0.005,0.05,1e-06,0.2,1.05,0.7,60,20,8,10,0.35,0.25,80.0,1e-12,False,3,4,0.5,True,False,1
2026-10-01T11:53:44+02:00,baseline,baseline,baseline,,28,Composition,30,4,300000,300000,7443.963583177185,2800.0,4643.963583177185,72.20049470000049,V4,30,300000,8,0.02,0.005,0.05,1e-06,0.2,1.05,0.7,60,20,8,10,0.35,0.25,80.0,1e-12,False,3,4,0.5,True,False,1
2026-10-01T11:54:39+02:00,baseline,baseline,baseline,,29,Composition,30,0,300000,300000,15779.238675234761,2900.0,12879.238675234761,55.58303653099938,V4,30,300000,8,0.02,0.005,0.05,1e-06,0.2,1.05,0.7,60,20,8,10,0.35,0.25,80.0,1e-12,False,3,4,0.5,True,False,1
2026-10-01T11:55:34+02:00,baseline,baseline,baseline,,29,Composition,30,1,300000,300000,23453.77764287329,2900.0,20553.77764287329,55.745715961000315,V4,30,300000,8,0.02,0.005,0.05,1e-06,0.2,1.05,0.7,60,20,8,10,0.35,0.25,80.0,1e-12,False,3,4,0.5,True,False,1
2026-10-01T11:56:29+02:00,baseline,baseline,baseline,,29,Composition,30,2,300000,300000,11418.996168661773,2900.0,8518.996168661773,56.03066486500029,V4,30,300000,8,0.02,0.005,0.05,1e-06,0.2,1.05,0.7,60,20,8,10,0.35,0.25,80.0,1e-12,False,3,4,0.5,True,False,1
2026-10-01T11:57:24+02:00,baseline,baseline,baseline,,29,Composition,30,3,300000,300000,12344.879369227827,2900.0,9444.879369227827,56.005450577999,V4,30,300000,8,0.02,0.005,0.05,1e-06,0.2,1.05,0.7,60,20,8,10,0.35,0.25,80.0,1e-12,False,3,4,0.5,True,False,1
2026-10-01T11:58:19+02:00,baseline,baseline,baseline,,29,Composition,30,4,300000,300000,16176.64480754653,2900.0,13276.64480754653,55.728721043000405,V4,30,300000,8,0.02,0.005,0.05,1e-06,0.2,1.05,0.7,60,20,8,10,0.35,0.25,80.0,1e-12,False,3,4,0.5,True,False,1
2026-10-01T12:00:05+02:00,baseline,baseline,baseline,,30,Composition,30,0,300000,300000,20550.848507386447,3000.0,17550.848507386447,108.24032619100035,V4,30,300000,8,0.02,0.005,0.05,1e-06,0.2,1.05,0.7,60,20,8,10,0.35,0.25,80.0,1e-12,False,3,4,0.5,True,False,1
2026-10-01T12:01:58+02:00,baseline,baseline,baseline,,30,Composition,30,1,300000,300000,31341.90282563953,3000.0,28341.90282563953,114.7160945380001,V4,30,300000,8,0.02,0.005,0.05,1e-06,0.2,1.05,0.7,60,20,8,10,0.35,0.25,80.0,1e-12,False,3,4,0.5,True,False,1
2026-10-01T12:03:46+02:00,baseline,baseline,baseline,,30,Composition,30,2,300000,300000,35890.809298623135,3000.0,32890.809298623135,109.8997907310004,V4,30,300000,8,0.02,0.005,0.05,1e-06,0.2,1.05,0.7,60,20,8,10,0.35,0.25,80.0,1e-12,False,3,4,0.5,True,False,1
2026-10-01T12:05:33+02:00,baseline,baseline,baseline,,30,Composition,30,3,300000,300000,29653.501953993768,3000.0,26653.501953993768,108.97068457100067,V4,30,300000,8,0.02,0.005,0.05,1e-06,0.2,1.05,0.7,60,20,8,10,0.35,0.25,80.0,1e-12,False,3,4,0.5,True,False,1
2026-10-01T12:07:20+02:00,baseline,baseline,baseline,,30,Composition,30,4,300000,300000,35911.975370956316,3000.0,32911.975370956316,108.94879207400118,V4,30,300000,8,0.02,0.005,0.05,1e-06,0.2,1.05,0.7,60,20,8,10,0.35,0.25,80.0,1e-12,False,3,4,0.5,True,False,1
2026-10-01T12:07:27+02:00,s0_frac__lower,s0_frac,lower,0.01,1,Unimodal,30,0,300000,300000,2346245.493152483,100.0,2346145.493152483,7.920605779001562,V4,30,300000,8,0.01,0.005,0.05,1e-06,0.2,1.05,0.7,60,20,8,10,0.35,0.25,80.0,1e-12,False,3,4,0.5,True,False,1
2026-10-01T12:07:35+02:00,s0_frac__lower,s0_frac,lower,0.01,1,Unimodal,30,1,300000,300000,9974325.373400794,100.0,9974225.373400794,7.894133423998937,V4,30,300000,8,0.01,0.005,0.05,1e-06,0.2,1.05,0.7,60,20,8,10,0.35,0.25,80.0,1e-12,False,3,4,0.5,True,False,1
2026-10-01T12:07:43+02:00,s0_frac__lower,s0_frac,lower,0.01,1,Unimodal,30,2,300000,300000,1357953.136294086,100.0,1357853.136294086,7.942749564999758,V4,30,300000,8,0.01,0.005,0.05,1e-06,0.2,1.05,0.7,60,20,8,10,0.35,0.25,80.0,1e-12,False,3,4,0.5,True,False,1
2026-10-01T12:07:51+02:00,s0_frac__lower,s0_frac,lower,0.01,1,Unimodal,30,3,300000,300000,2502391.2515365295,100.0,2502291.2515365295,7.940192684000067,V4,30,300000,8,0.01,0.005,0.05,1e-06,0.2,1.05,0.7,60,20,8,10,0.35,0.25,80.0,1e-12,False,3,4,0.5,True,False,1
2026-10-01T12:07:59+02:00,s0_frac__lower,s0_frac,lower,0.01,1,Unimodal,30,4,300000,300000,6782511.642789255,100.0,6782411.642789255,7.850780492000922,V4,30,300000,8,0.01,0.005,0.05,1e-06,0.2,1.05,0.7,60,20,8,10,0.35,0.25,80.0,1e-12,False,3,4,0.5,True,False,1
2026-10-01T12:08:05+02:00,s0_frac__lower,s0_frac,lower,0.01,2,Unimodal,30,0,300000,300000,489609.87455426116,200.0,489409.87455426116,6.846009271001094,V4,30,300000,8,0.01,0.005,0.05,1e-06,0.2,1.05,0.7,60,20,8,10,0.35,0.25,80.0,1e-12,False,3,4,0.5,True,False,1
2026-10-01T12:08:13+02:00,s0_frac__lower,s0_frac,lower,0.01,2,Unimodal,30,1,300000,300000,457107.0765373109,200.0,456907.0765373109,7.465256142999351,V4,30,300000,8,0.01,0.005,0.05,1e-06,0.2,1.05,0.7,60,20,8,10,0.35,0.25,80.0,1e-12,False,3,4,0.5,True,False,1
2026-10-01T12:08:20+02:00,s0_frac__lower,s0_frac,lower,0.01,2,Unimodal,30,2,300000,300000,1085054.6820257155,200.0,1084854.6820257155,6.917372293000881,V4,30,300000,8,0.01,0.005,0.05,1e-06,0.2,1.05,0.7,60,20,8,10,0.35,0.25,80.0,1e-12,False,3,4,0.5,True,False,1
2026-10-01T12:08:26+02:00,s0_frac__lower,s0_frac,lower,0.01,2,Unimodal,30,3,300000,300000,1506288.1450253185,200.0,1506088.1450253185,6.878923559001123,V4,30,300000,8,0.01,0.005,0.05,1e-06,0.2,1.05,0.7,60,20,8,10,0.35,0.25,80.0,1e-12,False,3,4,0.5,True,False,1
2026-10-01T12:08:33+02:00,s0_frac__lower,s0_frac,lower,0.01,2,Unimodal,30,4,300000,300000,1661728.85868483,200.0,1661528.85868483,7.05387344600058,V4,30,300000,8,0.01,0.005,0.05,1e-06,0.2,1.05,0.7,60,20,8,10,0.35,0.25,80.0,1e-12,False,3,4,0.5,True,False,1
2026-10-01T12:08:40+02:00,s0_frac__lower,s0_frac,lower,0.01,3,Unimodal,30,0,300000,300000,34827.7502591386,300.0,34527.7502591386,6.914167970999188,V4,30,300000,8,0.01,0.005,0.05,1e-06,0.2,1.05,0.7,60,20,8,10,0.35,0.25,80.0,1e-12,False,3,4,0.5,True,False,1
2026-10-01T12:08:48+02:00,s0_frac__lower,s0_frac,lower,0.01,3,Unimodal,30,1,300000,300000,889.6870686146311,300.0,589.6870686146311,7.206512921000467,V4,30,300000,8,0.01,0.005,0.05,1e-06,0.2,1.05,0.7,60,20,8,10,0.35,0.25,80.0,1e-12,False,3,4,0.5,True,False,1
2026-10-01T12:08:55+02:00,s0_frac__lower,s0_frac,lower,0.01,3,Unimodal,30,2,300000,300000,14267.489977404693,300.0,13967.489977404693,7.4713816629991925,V4,30,300000,8,0.01,0.005,0.05,1e-06,0.2,1.05,0.7,60,20,8,10,0.35,0.25,80.0,1e-12,False,3,4,0.5,True,False,1
2026-10-01T12:09:01+02:00,s0_frac__lower,s0_frac,lower,0.01,3,Unimodal,30,3,300000,300000,39978.542755651644,300.0,39678.542755651644,6.895640044000174,V4,30,300000,8,0.01,0.005,0.05,1e-06,0.2,1.05,0.7,60,20,8,10,0.35,0.25,80.0,1e-12,False,3,4,0.5,True,False,1
2026-10-01T12:09:09+02:00,s0_frac__lower,s0_frac,lower,0.01,3,Unimodal,30,4,300000,300000,1168.586618499362,300.0,868.586618499362,7.478531634000319,V4,30,300000,8,0.01,0.005,0.05,1e-06,0.2,1.05,0.7,60,20,8,10,0.35,0.25,80.0,1e-12,False,3,4,0.5,True,False,1
2026-10-01T12:09:17+02:00,s0_frac__lower,s0_frac,lower,0.01,4,Multimodal,30,0,300000,300000,470.5902601548032,400.0,70.59026015480322,8.269618529999207,V4,30,300000,8,0.01,0.005,0.05,1e-06,0.2,1.05,0.7,60,20,8,10,0.35,0.25,80.0,1e-12,False,3,4,0.5,True,False,1
2026-10-01T12:09:25+02:00,s0_frac__lower,s0_frac,lower,0.01,4,Multimodal,30,1,300000,300000,473.05283870757626,400.0,73.05283870757626,8.302318295000077,V4,30,300000,8,0.01,0.005,0.05,1e-06,0.2,1.05,0.7,60,20,8,10,0.35,0.25,80.0,1e-12,False,3,4,0.5,True,False,1
2026-10-01T12:09:33+02:00,s0_frac__lower,s0_frac,lower,0.01,4,Multimodal,30,2,300000,300000,469.846961706085,400.0,69.84696170608498,8.218856079000034,V4,30,300000,8,0.01,0.005,0.05,1e-06,0.2,1.05,0.7,60,20,8,10,0.35,0.25,80.0,1e-12,False,3,4,0.5,True,False,1
2026-10-01T12:09:41+02:00,s0_frac__lower,s0_frac,lower,0.01,4,Multimodal,30,3,300000,300000,473.75825807925344,400.0,73.75825807925344,8.217949636000412,V4,30,300000,8,0.01,0.005,0.05,1e-06,0.2,1.05,0.7,60,20,8,10,0.35,0.25,80.0,1e-12,False,3,4,0.5,True,False,1
2026-10-01T12:09:50+02:00,s0_frac__lower,s0_frac,lower,0.01,4,Multimodal,30,4,300000,300000,476.564889387387,400.0,76.56488938738698,8.775690975000543,V4,30,300000,8,0.01,0.005,0.05,1e-06,0.2,1.05,0.7,60,20,8,10,0.35,0.25,80.0,1e-12,False,3,4,0.5,True,False,1
2026-10-01T12:09:58+02:00,s0_frac__lower,s0_frac,lower,0.01,5,Multimodal,30,0,300000,300000,521.2522157442905,500.0,21.252215744290538,7.994147974000953,V4,30,300000,8,0.01,0.005,0.05,1e-06,0.2,1.05,0.7,60,20,8,10,0.35,0.25,80.0,1e-12,False,3,4,0.5,True,False,1
2026-10-01T12:10:06+02:00,s0_frac__lower,s0_frac,lower,0.01,5,Multimodal,30,1,300000,300000,521.319677324341,500.0,21.319677324341,7.969878093999796,V4,30,300000,8,0.01,0.005,0.05,1e-06,0.2,1.05,0.7,60,20,8,10,0.35,0.25,80.0,1e-12,False,3,4,0.5,True,False,1
2026-10-01T12:10:14+02:00,s0_frac__lower,s0_frac,lower,0.01,5,Multimodal,30,2,300000,300000,521.2222455981831,500.0,21.22224559818312,8.00507202100016,V4,30,300000,8,0.01,0.005,0.05,1e-06,0.2,1.05,0.7,60,20,8,10,0.35,0.25,80.0,1e-12,False,3,4,0.5,True,False,1
2026-10-01T12:10:22+02:00,s0_frac__lower,s0_frac,lower,0.01,5,Multimodal,30,3,300000,300000,521.0666169482828,500.0,21.066616948282785,8.403280315000302,V4,30,300000,8,0.01,0.005,0.05,1e-06,0.2,1.05,0.7,60,20,8,10,0.35,0.25,80.0,1e-12,False,3,4,0.5,True,False,1
2026-10-01T12:10:30+02:00,s0_frac__lower,s0_frac,lower,0.01,5,Multimodal,30,4,300000,300000,521.011823284743,500.0,21.011823284742945,8.06346930700056,V4,30,300000,8,0.01,0.005,0.05,1e-06,0.2,1.05,0.7,60,20,8,10,0.35,0.25,80.0,1e-12,False,3,4,0.5,True,False,1
2026-10-01T12:12:02+02:00,s0_frac__lower,s0_frac,lower,0.01,6,Multimodal,30,0,300000,300000,639.094941015018,600.0,39.09494101501798,94.05356315500103,V4,30,300000,8,0.01,0.005,0.05,1e-06,0.2,1.05,0.7,60,20,8,10,0.35,0.25,80.0,1e-12,False,3,4,0.5,True,False,1
2026-10-01T12:13:35+02:00,s0_frac__lower,s0_frac,lower,0.01,6,Multimodal,30,1,300000,300000,639.3572186215855,600.0,39.3572186215855,93.85641779399884,V4,30,300000,8,0.01,0.005,0.05,1e-06,0.2,1.05,0.7,60,20,8,10,0.35,0.25,80.0,1e-12,False,3,4,0.5,True,False,1
2026-10-01T12:15:08+02:00,s0_frac__lower,s0_frac,lower,0.01,6,Multimodal,30,2,300000,300000,635.7989310471796,600.0,35.79893104717962,94.72261562200038,V4,30,300000,8,0.01,0.005,0.05,1e-06,0.2,1.05,0.7,60,20,8,10,0.35,0.25,80.0,1e-12,False,3,4,0.5,True,False,1
2026-10-01T12:16:40+02:00,s0_frac__lower,s0_frac,lower,0.01,6,Multimodal,30,3,300000,300000,636.4483109045643,600.0,36.44831090456432,93.95616863199939,V4,30,300000,8,0.01,0.005,0.05,1e-06,0.2,1.05,0.7,60,20,8,10,0.35,0.25,80.0,1e-12,False,3,4,0.5,True,False,1
2026-10-01T12:18:12+02:00,s0_frac__lower,s0_frac,lower,0.01,6,Multimodal,30,4,300000,300000,643.8650844731646,600.0,43.86508447316464,94.13345938499879,V4,30,300000,8,0.01,0.005,0.05,1e-06,0.2,1.05,0.7,60,20,8,10,0.35,0.25,80.0,1e-12,False,3,4,0.5,True,False,1
2026-10-01T12:18:21+02:00,s0_frac__lower,s0_frac,lower,0.01,7,Multimodal,30,0,300000,300000,700.3259788948371,700.0,0.32597889483713516,8.90207690400166,V4,30,300000,8,0.01,0.005,0.05,1e-06,0.2,1.05,0.7,60,20,8,10,0.35,0.25,80.0,1e-12,False,3,4,0.5,True,False,1
2026-10-01T12:18:29+02:00,s0_frac__lower,s0_frac,lower,0.01,7,Multimodal,30,1,300000,300000,700.655598248463,700.0,0.6555982484629794,8.119659590000083,V4,30,300000,8,0.01,0.005,0.05,1e-06,0.2,1.05,0.7,60,20,8,10,0.35,0.25,80.0,1e-12,False,3,4,0.5,True,False,1
2026-10-01T12:18:37+02:00,s0_frac__lower,s0_frac,lower,0.01,7,Multimodal,30,2,300000,300000,700.2240691422991,700.0,0.22406914229907215,8.172853994999969,V4,30,300000,8,0.01,0.005,0.05,1e-06,0.2,1.05,0.7,60,20,8,10,0.35,0.25,80.0,1e-12,False,3,4,0.5,True,False,1
2026-10-01T12:18:45+02:00,s0_frac__lower,s0_frac,lower,0.01,7,Multimodal,30,3,300000,300000,700.358682534559,700.0,0.3586825345589659,8.312192983999921,V4,30,300000,8,0.01,0.005,0.05,1e-06,0.2,1.05,0.7,60,20,8,10,0.35,0.25,80.0,1e-12,False,3,4,0.5,True,False,1
2026-10-01T12:18:53+02:00,s0_frac__lower,s0_frac,lower,0.01,7,Multimodal,30,4,300000,300000,700.1968602630124,700.0,0.19686026301235415,8.215215674001229,V4,30,300000,8,0.01,0.005,0.05,1e-06,0.2,1.05,0.7,60,20,8,10,0.35,0.25,80.0,1e-12,False,3,4,0.5,True,False,1
2026-10-01T12:19:01+02:00,s0_frac__lower,s0_frac,lower,0.01,8,Multimodal,30,0,300000,300000,1099.753855521301,800.0,299.7538555213009,7.75155728700156,V4,30,300000,8,0.01,0.005,0.05,1e-06,0.2,1.05,0.7,60,20,8,10,0.35,0.25,80.0,1e-12,False,3,4,0.5,True,False,1
2026-10-01T12:19:08+02:00,s0_frac__lower,s0_frac,lower,0.01,8,Multimodal,30,1,300000,300000,1114.8487916944953,800.0,314.8487916944953,7.816432560000976,V4,30,300000,8,0.01,0.005,0.05,1e-06,0.2,1.05,0.7,60,20,8,10,0.35,0.25,80.0,1e-12,False,3,4,0.5,True,False,1
2026-10-01T12:19:17+02:00,s0_frac__lower,s0_frac,lower,0.01,8,Multimodal,30,2,300000,300000,1106.0579559238513,800.0,306.0579559238513,8.081688215999748,V4,30,300000,8,0.01,0.005,0.05,1e-06,0.2,1.05,0.7,60,20,8,10,0.35,0.25,80.0,1e-12,False,3,4,0.5,True,False,1
2026-10-01T12:19:24+02:00,s0_frac__lower,s0_frac,lower,0.01,8,Multimodal,30,3,300000,300000,1081.659924022606,800.0,281.659924022606,7.7423600729998725,V4,30,300000,8,0.01,0.005,0.05,1e-06,0.2,1.05,0.7,60,20,8,10,0.35,0.25,80.0,1e-12,False,3,4,0.5,True,False,1
2026-10-01T12:19:32+02:00,s0_frac__lower,s0_frac,lower,0.01,8,Multimodal,30,4,300000,300000,1067.7085669184873,800.0,267.70856691848735,8.564675855001042,V4,30,300000,8,0.01,0.005,0.05,1e-06,0.2,1.05,0.7,60,20,8,10,0.35,0.25,80.0,1e-12,False,3,4,0.5,True,False,1
2026-10-01T12:19:40+02:00,s0_frac__lower,s0_frac,lower,0.01,9,Multimodal,30,0,300000,300000,1347.3304061682734,900.0,447.3304061682734,8.03214768700127,V4,30,300000,8,0.01,0.005,0.05,1e-06,0.2,1.05,0.7,60,20,8,10,0.35,0.25,80.0,1e-12,False,3,4,0.5,True,False,1
2026-10-01T12:19:48+02:00,s0_frac__lower,s0_frac,lower,0.01,9,Multimodal,30,1,300000,300000,1247.2010682401406,900.0,347.20106824014056,8.003506429000481,V4,30,300000,8,0.01,0.005,0.05,1e-06,0.2,1.05,0.7,60,20,8,10,0.35,0.25,80.0,1e-12,False,3,4,0.5,True,False,1
2026-10-01T12:19:56+02:00,s0_frac__lower,s0_frac,lower,0.01,9,Multimodal,30,2,300000,300000,1346.464074886048,900.0,446.4640748860479,8.021294928001225,V4,30,300000,8,0.01,0.005,0.05,1e-06,0.2,1.05,0.7,60,20,8,10,0.35,0.25,80.0,1e-12,False,3,4,0.5,True,False,1
2026-10-01T12:20:04+02:00,s0_frac__lower,s0_frac,lower,0.01,9,Multimodal,30,3,300000,300000,1318.9165389735008,900.0,418.9165389735008,7.981061651000346,V4,30,300000,8,0.01,0.005,0.05,1e-06,0.2,1.05,0.7,60,20,8,10,0.35,0.25,80.0,1e-12,False,3,4,0.5,True,False,1
2026-10-01T12:20:12+02:00,s0_frac__lower,s0_frac,lower,0.01,9,Multimodal,30,4,300000,300000,1210.2720849589805,900.0,310.2720849589805,8.184229250000499,V4,30,300000,8,0.01,0.005,0.05,1e-06,0.2,1.05,0.7,60,20,8,10,0.35,0.25,80.0,1e-12,False,3,4,0.5,True,False,1
2026-10-01T12:20:27+02:00,s0_frac__lower,s0_frac,lower,0.01,10,Multimodal,30,0,300000,300000,4087.237921423024,1000.0,3087.237921423024,14.368938315999912,V4,30,300000,8,0.01,0.005,0.05,1e-06,0.2,1.05,0.7,60,20,8,10,0.35,0.25,80.0,1e-12,False,3,4,0.5,True,False,1
2026-10-01T12:20:40+02:00,s0_frac__lower,s0_frac,lower,0.01,10,Multimodal,30,1,300000,300000,3867.9331586182234,1000.0,2867.9331586182234,13.726370223999766,V4,30,300000,8,0.01,0.005,0.05,1e-06,0.2,1.05,0.7,60,20,8,10,0.35,0.25,80.0,1e-12,False,3,4,0.5,True,False,1
2026-10-01T12:20:54+02:00,s0_frac__lower,s0_frac,lower,0.01,10,Multimodal,30,2,300000,300000,4287.949929757706,1000.0,3287.949929757706,14.12919549399885,V4,30,300000,8,0.01,0.005,0.05,1e-06,0.2,1.05,0.7,60,20,8,10,0.35,0.25,80.0,1e-12,False,3,4,0.5,True,False,1
2026-10-01T12:21:07+02:00,s0_frac__lower,s0_frac,lower,0.01,10,Multimodal,30,3,300000,300000,4422.5056942012325,1000.0,3422.5056942012325,13.586143282000194,V4,30,300000,8,0.01,0.005,0.05,1e-06,0.2,1.05,0.7,60,20,8,10,0.35,0.25,80.0,1e-12,False,3,4,0.5,True,False,1
2026-10-01T12:21:20+02:00,s0_frac__lower,s0_frac,lower,0.01,10,Multimodal,30,4,300000,300000,3974.835321947161,1000.0,2974.835321947161,13.509626441000364,V4,30,300000,8,0.01,0.005,0.05,1e-06,0.2,1.05,0.7,60,20,8,10,0.35,0.25,80.0,1e-12,False,3,4,0.5,True,False,1
2026-10-01T12:21:34+02:00,s0_frac__lower,s0_frac,lower,0.01,11,Multimodal,30,0,300000,300000,5192.810211509484,1100.0,4092.8102115094844,13.737674881000203,V4,30,300000,8,0.01,0.005,0.05,1e-06,0.2,1.05,0.7,60,20,8,10,0.35,0.25,80.0,1e-12,False,3,4,0.5,True,False,1
2026-10-01T12:21:48+02:00,s0_frac__lower,s0_frac,lower,0.01,11,Multimodal,30,1,300000,300000,5295.26550244297,1100.0,4195.26550244297,14.323539863000406,V4,30,300000,8,0.01,0.005,0.05,1e-06,0.2,1.05,0.7,60,20,8,10,0.35,0.25,80.0,1e-12,False,3,4,0.5,True,False,1
2026-10-01T12:22:02+02:00,s0_frac__lower,s0_frac,lower,0.01,11,Multimodal,30,2,300000,300000,5739.791144249511,1100.0,4639.791144249511,13.932798050998827,V4,30,300000,8,0.01,0.005,0.05,1e-06,0.2,1.05,0.7,60,20,8,10,0.35,0.25,80.0,1e-12,False,3,4,0.5,True,False,1
2026-10-01T12:22:15+02:00,s0_frac__lower,s0_frac,lower,0.01,11,Multimodal,30,3,300000,300000,4848.659981009838,1100.0,3748.659981009838,13.857121831999393,V4,30,300000,8,0.01,0.005,0.05,1e-06,0.2,1.05,0.7,60,20,8,10,0.35,0.25,80.0,1e-12,False,3,4,0.5,True,False,1
2026-10-01T12:22:29+02:00,s0_frac__lower,s0_frac,lower,0.01,11,Multimodal,30,4,300000,300000,4546.747323493717,1100.0,3446.747323493717,13.885732163000284,V4,30,300000,8,0.01,0.005,0.05,1e-06,0.2,1.05,0.7,60,20,8,10,0.35,0.25,80.0,1e-12,False,3,4,0.5,True,False,1
2026-10-01T12:31:45+02:00,s0_frac__lower,s0_frac,lower,0.01,12,Multimodal,30,0,300000,300000,1200.699384292012,1200.0,0.6993842920119278,566.4036751610001,V4,30,300000,8,0.01,0.005,0.05,1e-06,0.2,1.05,0.7,60,20,8,10,0.35,0.25,80.0,1e-12,False,3,4,0.5,True,False,1
2026-10-01T12:40:47+02:00,s0_frac__lower,s0_frac,lower,0.01,12,Multimodal,30,1,300000,300000,1201.365495162832,1200.0,1.365495162832076,551.6173999220009,V4,30,300000,8,0.01,0.005,0.05,1e-06,0.2,1.05,0.7,60,20,8,10,0.35,0.25,80.0,1e-12,False,3,4,0.5,True,False,1
2026-10-01T12:50:01+02:00,s0_frac__lower,s0_frac,lower,0.01,12,Multimodal,30,2,300000,300000,1201.1165241471856,1200.0,1.1165241471856007,564.2913264460003,V4,30,300000,8,0.01,0.005,0.05,1e-06,0.2,1.05,0.7,60,20,8,10,0.35,0.25,80.0,1e-12,False,3,4,0.5,True,False,1
2026-10-01T12:59:34+02:00,s0_frac__lower,s0_frac,lower,0.01,12,Multimodal,30,3,300000,300000,1200.867454879452,1200.0,0.8674548794519978,582.7321262570003,V4,30,300000,8,0.01,0.005,0.05,1e-06,0.2,1.05,0.7,60,20,8,10,0.35,0.25,80.0,1e-12,False,3,4,0.5,True,False,1
2026-10-01T13:08:50+02:00,s0_frac__lower,s0_frac,lower,0.01,12,Multimodal,30,4,300000,300000,1201.2523304019076,1200.0,1.2523304019075567,566.080208768999,V4,30,300000,8,0.01,0.005,0.05,1e-06,0.2,1.05,0.7,60,20,8,10,0.35,0.25,80.0,1e-12,False,3,4,0.5,True,False,1
2026-10-01T13:08:58+02:00,s0_frac__lower,s0_frac,lower,0.01,13,Multimodal,30,0,300000,300000,1300.2373710514887,1300.0,0.23737105148870796,8.3611728270007,V4,30,300000,8,0.01,0.005,0.05,1e-06,0.2,1.05,0.7,60,20,8,10,0.35,0.25,80.0,1e-12,False,3,4,0.5,True,False,1
2026-10-01T13:09:07+02:00,s0_frac__lower,s0_frac,lower,0.01,13,Multimodal,30,1,300000,300000,1300.3024780467683,1300.0,0.30247804676832857,8.52268026800084,V4,30,300000,8,0.01,0.005,0.05,1e-06,0.2,1.05,0.7,60,20,8,10,0.35,0.25,80.0,1e-12,False,3,4,0.5,True,False,1
2026-10-01T13:09:15+02:00,s0_frac__lower,s0_frac,lower,0.01,13,Multimodal,30,2,300000,300000,1300.242334133567,1300.0,0.2423341335670557,8.704415271999096,V4,30,300000,8,0.01,0.005,0.05,1e-06,0.2,1.05,0.7,60,20,8,10,0.35,0.25,80.0,1e-12,False,3,4,0.5,True,False,1
2026-10-01T13:09:24+02:00,s0_frac__lower,s0_frac,lower,0.01,13,Multimodal,30,3,300000,300000,1300.3516149815907,1300.0,0.35161498159072835,8.226651393000793,V4,30,300000,8,0.01,0.005,0.05,1e-06,0.2,1.05,0.7,60,20,8,10,0.35,0.25,80.0,1e-12,False,3,4,0.5,True,False,1
2026-10-01T13:09:32+02:00,s0_frac__lower,s0_frac,lower,0.01,13,Multimodal,30,4,300000,300000,1300.3702432913321,1300.0,0.3702432913321445,8.360498396999901,V4,30,300000,8,0.01,0.005,0.05,1e-06,0.2,1.05,0.7,60,20,8,10,0.35,0.25,80.0,1e-12,False,3,4,0.5,True,False,1
2026-10-01T13:09:40+02:00,s0_frac__lower,s0_frac,lower,0.01,14,Multimodal,30,0,300000,300000,1400.2538327906602,1400.0,0.25383279066022624,8.47312029800014,V4,30,300000,8,0.01,0.005,0.05,1e-06,0.2,1.05,0.7,60,20,8,10,0.35,0.25,80.0,1e-12,False,3,4,0.5,True,False,1
2026-10-01T13:09:50+02:00,s0_frac__lower,s0_frac,lower,0.01,14,Multimodal,30,1,300000,300000,1400.6372342861805,1400.0,0.6372342861805009,9.934292117999576,V4,30,300000,8,0.01,0.005,0.05,1e-06,0.2,1.05,0.7,60,20,8,10,0.35,0.25,80.0,1e-12,False,3,4,0.5,True,False,1
2026-10-01T13:09:58+02:00,s0_frac__lower,s0_frac,lower,0.01,14,Multimodal,30,2,300000,300000,1400.3947888255707,1400.0,0.39478882557068573,8.128268315000241,V4,30,300000,8,0.01,0.005,0.05,1e-06,0.2,1.05,0.7,60,20,8,10,0.35,0.25,80.0,1e-12,False,3,4,0.5,True,False,1
2026-10-01T13:10:06+02:00,s0_frac__lower,s0_frac,lower,0.01,14,Multimodal,30,3,300000,300000,1400.3168033709176,1400.0,0.3168033709175688,8.407362403999286,V4,30,300000,8,0.01,0.005,0.05,1e-06,0.2,1.05,0.7,60,20,8,10,0.35,0.25,80.0,1e-12,False,3,4,0.5,True,False,1
2026-10-01T13:10:14+02:00,s0_frac__lower,s0_frac,lower,0.01,14,Multimodal,30,4,300000,300000,1400.68339861191,1400.0,0.6833986119099791,8.356462316998659,V4,30,300000,8,0.01,0.005,0.05,1e-06,0.2,1.05,0.7,60,20,8,10,0.35,0.25,80.0,1e-12,False,3,4,0.5,True,False,1
2026-10-01T13:10:24+02:00,s0_frac__lower,s0_frac,lower,0.01,15,Multimodal,30,0,300000,300000,1517.818254641253,1500.0,17.818254641252906,9.286207720000675,V4,30,300000,8,0.01,0.005,0.05,1e-06,0.2,1.05,0.7,60,20,8,10,0.35,0.25,80.0,1e-12,False,3,4,0.5,True,False,1
2026-10-01T13:10:33+02:00,s0_frac__lower,s0_frac,lower,0.01,15,Multimodal,30,1,300000,300000,1512.6379006129705,1500.0,12.637900612970498,9.730237235000459,V4,30,300000,8,0.01,0.005,0.05,1e-06,0.2,1.05,0.7,60,20,8,10,0.35,0.25,80.0,1e-12,False,3,4,0.5,True,False,1
2026-10-01T13:10:43+02:00,s0_frac__lower,s0_frac,lower,0.01,15,Multimodal,30,2,300000,300000,1513.937924810692,1500.0,13.937924810692039,9.488791047000632,V4,30,300000,8,0.01,0.005,0.05,1e-06,0.2,1.05,0.7,60,20,8,10,0.35,0.25,80.0,1e-12,False,3,4,0.5,True,False,1
2026-10-01T13:10:52+02:00,s0_frac__lower,s0_frac,lower,0.01,15,Multimodal,30,3,300000,300000,1515.158444277526,1500.0,15.158444277526087,9.488017212999694,V4,30,300000,8,0.01,0.005,0.05,1e-06,0.2,1.05,0.7,60,20,8,10,0.35,0.25,80.0,1e-12,False,3,4,0.5,True,False,1
2026-10-01T13:11:01+02:00,s0_frac__lower,s0_frac,lower,0.01,15,Multimodal,30,3,300000,300000,1515.158444277526,1500.0,15.158444277526087,9.326335910000125,V4,30,300000,8,0.01,0.005,0.05,1e-06,0.2,1.05,0.7,60,20,8,10,0.35,0.25,80.0,1e-12,False,3,4,0.5,True,False,1
2026-10-01T13:11:02+02:00,s0_frac__lower,s0_frac,lower,0.01,15,Multimodal,30,4,300000,300000,1511.7494273176196,1500.0,11.74942731761962,9.814722057000836,V4,30,300000,8,0.01,0.005,0.05,1e-06,0.2,1.05,0.7,60,20,8,10,0.35,0.25,80.0,1e-12,False,3,4,0.5,True,False,1
2026-10-01T13:11:11+02:00,s0_frac__lower,s0_frac,lower,0.01,15,Multimodal,30,4,300000,300000,1511.7494273176196,1500.0,11.74942731761962,9.792692316999819,V4,30,300000,8,0.01,0.005,0.05,1e-06,0.2,1.05,0.7,60,20,8,10,0.35,0.25,80.0,1e-12,False,3,4,0.5,True,False,1
2026-10-01T13:11:53+02:00,s0_frac__lower,s0_frac,lower,0.01,16,Multimodal,30,0,300000,300000,1613.2761524418831,1600.0,13.276152441883141,52.152466719000586,V4,30,300000,8,0.01,0.005,0.05,1e-06,0.2,1.05,0.7,60,20,8,10,0.35,0.25,80.0,1e-12,False,3,4,0.5,True,False,1
2026-10-01T13:12:05+02:00,s0_frac__lower,s0_frac,lower,0.01,16,Multimodal,30,0,300000,300000,1613.2761524418831,1600.0,13.276152441883141,55.467944399999396,V4,30,300000,8,0.01,0.005,0.05,1e-06,0.2,1.05,0.7,60,20,8,10,0.35,0.25,80.0,1e-12,False,3,4,0.5,True,False,1
2026-10-01T13:12:45+02:00,s0_frac__lower,s0_frac,lower,0.01,16,Multimodal,30,1,300000,300000,1613.5644644568447,1600.0,13.56446445684469,52.525569698000254,V4,30,300000,8,0.01,0.005,0.05,1e-06,0.2,1.05,0.7,60,20,8,10,0.35,0.25,80.0,1e-12,False,3,4,0.5,True,False,1
2026-10-01T13:13:33+02:00,s0_frac__lower,s0_frac,lower,0.01,16,Multimodal,30,2,300000,300000,1613.7696120868459,1600.0,13.769612086845882,48.83106907600086,V4,30,300000,8,0.01,0.005,0.05,1e-06,0.2,1.05,0.7,60,20,8,10,0.35,0.25,80.0,1e-12,False,3,4,0.5,True,False,1
2026-10-01T13:14:22+02:00,s0_frac__lower,s0_frac,lower,0.01,16,Multimodal,30,3,300000,300000,1613.7309088652396,1600.0,13.730908865239599,49.532491123,V4,30,300000,8,0.01,0.005,0.05,1e-06,0.2,1.05,0.7,60,20,8,10,0.35,0.25,80.0,1e-12,False,3,4,0.5,True,False,1
2026-10-01T13:15:09+02:00,s0_frac__lower,s0_frac,lower,0.01,16,Multimodal,30,4,300000,300000,1613.384321110951,1600.0,13.384321110951078,48.39912154800004,V4,30,300000,8,0.01,0.005,0.05,1e-06,0.2,1.05,0.7,60,20,8,10,0.35,0.25,80.0,1e-12,False,3,4,0.5,True,False,1
2026-10-01T13:15:26+02:00,s0_frac__lower,s0_frac,lower,0.01,17,Hybrid,30,0,300000,300000,126503.76255901648,1700.0,124803.76255901648,17.19339923299958,V4,30,300000,8,0.01,0.005,0.05,1e-06,0.2,1.05,0.7,60,20,8,10,0.35,0.25,80.0,1e-12,False,3,4,0.5,True,False,1
2026-10-01T13:15:44+02:00,s0_frac__lower,s0_frac,lower,0.01,17,Hybrid,30,1,300000,300000,281179.0236097567,1700.0,279479.0236097567,17.910731059000682,V4,30,300000,8,0.01,0.005,0.05,1e-06,0.2,1.05,0.7,60,20,8,10,0.35,0.25,80.0,1e-12,False,3,4,0.5,True,False,1
2026-10-01T13:16:00+02:00,s0_frac__lower,s0_frac,lower,0.01,17,Hybrid,30,2,300000,300000,269362.5866454689,1700.0,267662.5866454689,16.65523363200009,V4,30,300000,8,0.01,0.005,0.05,1e-06,0.2,1.05,0.7,60,20,8,10,0.35,0.25,80.0,1e-12,False,3,4,0.5,True,False,1
2026-10-01T13:16:17+02:00,s0_frac__lower,s0_frac,lower,0.01,17,Hybrid,30,3,300000,300000,166075.9204412422,1700.0,164375.9204412422,17.453476806000253,V4,30,300000,8,0.01,0.005,0.05,1e-06,0.2,1.05,0.7,60,20,8,10,0.35,0.25,80.0,1e-12,False,3,4,0.5,True,False,1
2026-10-01T13:16:34+02:00,s0_frac__lower,s0_frac,lower,0.01,17,Hybrid,30,4,300000,300000,96176.78716877615,1700.0,94476.78716877615,17.013127786998666,V4,30,300000,8,0.01,0.005,0.05,1e-06,0.2,1.05,0.7,60,20,8,10,0.35,0.25,80.0,1e-12,False,3,4,0.5,True,False,1
2026-10-01T13:16:45+02:00,s0_frac__lower,s0_frac,lower,0.01,18,Hybrid,30,0,300000,300000,86101.02375919279,1800.0,84301.02375919279,10.677537358998961,V4,30,300000,8,0.01,0.005,0.05,1e-06,0.2,1.05,0.7,60,20,8,10,0.35,0.25,80.0,1e-12,False,3,4,0.5,True,False,1
2026-10-01T13:16:56+02:00,s0_frac__lower,s0_frac,lower,0.01,18,Hybrid,30,1,300000,300000,73498.63788548602,1800.0,71698.63788548602,10.890293575999749,V4,30,300000,8,0.01,0.005,0.05,1e-06,0.2,1.05,0.7,60,20,8,10,0.35,0.25,80.0,1e-12,False,3,4,0.5,True,False,1
2026-10-01T13:17:06+02:00,s0_frac__lower,s0_frac,lower,0.01,18,Hybrid,30,2,300000,300000,106989.50012521785,1800.0,105189.50012521785,11.054929779000304,V4,30,300000,8,0.01,0.005,0.05,1e-06,0.2,1.05,0.7,60,20,8,10,0.35,0.25,80.0,1e-12,False,3,4,0.5,True,False,1
2026-10-01T13:17:17+02:00,s0_frac__lower,s0_frac,lower,0.01,18,Hybrid,30,3,300000,300000,44820.56612323267,1800.0,43020.56612323267,10.979143915999884,V4,30,300000,8,0.01,0.005,0.05,1e-06,0.2,1.05,0.7,60,20,8,10,0.35,0.25,80.0,1e-12,False,3,4,0.5,True,False,1
2026-10-01T13:17:28+02:00,s0_frac__lower,s0_frac,lower,0.01,18,Hybrid,30,4,300000,300000,114829.66222573524,1800.0,113029.66222573524,10.61015445799967,V4,30,300000,8,0.01,0.005,0.05,1e-06,0.2,1.05,0.7,60,20,8,10,0.35,0.25,80.0,1e-12,False,3,4,0.5,True,False,1
2026-10-01T13:18:04+02:00,s0_frac__lower,s0_frac,lower,0.01,19,Hybrid,30,0,300000,300000,1931.6585992832981,1900.0,31.658599283298145,37.05471627000043,V4,30,300000,8,0.01,0.005,0.05,1e-06,0.2,1.05,0.7,60,20,8,10,0.35,0.25,80.0,1e-12,False,3,4,0.5,True,False,1
2026-10-01T13:18:39+02:00,s0_frac__lower,s0_frac,lower,0.01,19,Hybrid,30,1,300000,300000,1932.1927925390005,1900.0,32.19279253900049,35.61070354500043,V4,30,300000,8,0.01,0.005,0.05,1e-06,0.2,1.05,0.7,60,20,8,10,0.35,0.25,80.0,1e-12,False,3,4,0.5,True,False,1
2026-10-01T13:19:14+02:00,s0_frac__lower,s0_frac,lower,0.01,19,Hybrid,30,2,300000,300000,1937.669758898538,1900.0,37.66975889853802,35.35201475500071,V4,30,300000,8,0.01,0.005,0.05,1e-06,0.2,1.05,0.7,60,20,8,10,0.35,0.25,80.0,1e-12,False,3,4,0.5,True,False,1
2026-10-01T13:19:48+02:00,s0_frac__lower,s0_frac,lower,0.01,19,Hybrid,30,3,300000,300000,1925.879025057813,1900.0,25.879025057812896,34.58983393700146,V4,30,300000,8,0.01,0.005,0.05,1e-06,0.2,1.05,0.7,60,20,8,10,0.35,0.25,80.0,1e-12,False,3,4,0.5,True,False,1
2026-10-01T13:20:23+02:00,s0_frac__lower,s0_frac,lower,0.01,19,Hybrid,30,4,300000,300000,1938.0659286503276,1900.0,38.06592865032758,35.104691410999294,V4,30,300000,8,0.01,0.005,0.05,1e-06,0.2,1.05,0.7,60,20,8,10,0.35,0.25,80.0,1e-12,False,3,4,0.5,True,False,1
2026-10-01T13:20:36+02:00,s0_frac__lower,s0_frac,lower,0.01,20,Hybrid,30,0,300000,300000,78721.23890009972,2000.0,76721.23890009972,13.648792104000677,V4,30,300000,8,0.01,0.005,0.05,1e-06,0.2,1.05,0.7,60,20,8,10,0.35,0.25,80.0,1e-12,False,3,4,0.5,True,False,1
2026-10-01T13:20:49+02:00,s0_frac__lower,s0_frac,lower,0.01,20,Hybrid,30,1,300000,300000,41584.89517260561,2000.0,39584.89517260561,13.15004872300051,V4,30,300000,8,0.01,0.005,0.05,1e-06,0.2,1.05,0.7,60,20,8,10,0.35,0.25,80.0,1e-12,False,3,4,0.5,True,False,1
2026-10-01T13:21:02+02:00,s0_frac__lower,s0_frac,lower,0.01,20,Hybrid,30,2,300000,300000,28573.12915769295,2000.0,26573.12915769295,13.023042503999022,V4,30,300000,8,0.01,0.005,0.05,1e-06,0.2,1.05,0.7,60,20,8,10,0.35,0.25,80.0,1e-12,False,3,4,0.5,True,False,1
2026-10-01T13:21:15+02:00,s0_frac__lower,s0_frac,lower,0.01,20,Hybrid,30,3,300000,300000,38669.81783029548,2000.0,36669.81783029548,13.073611671001345,V4,30,300000,8,0.01,0.005,0.05,1e-06,0.2,1.05,0.7,60,20,8,10,0.35,0.25,80.0,1e-12,False,3,4,0.5,True,False,1
2026-10-01T13:21:28+02:00,s0_frac__lower,s0_frac,lower,0.01,20,Hybrid,30,4,300000,300000,34460.69311149659,2000.0,32460.693111496592,13.054230858000665,V4,30,300000,8,0.01,0.005,0.05,1e-06,0.2,1.05,0.7,60,20,8,10,0.35,0.25,80.0,1e-12,False,3,4,0.5,True,False,1
2026-10-01T13:21:53+02:00,s0_frac__lower,s0_frac,lower,0.01,21,Hybrid,30,0,300000,300000,68796.31035827493,2100.0,66696.31035827493,25.45041509800103,V4,30,300000,8,0.01,0.005,0.05,1e-06,0.2,1.05,0.7,60,20,8,10,0.35,0.25,80.0,1e-12,False,3,4,0.5,True,False,1
2026-10-01T13:22:18+02:00,s0_frac__lower,s0_frac,lower,0.01,21,Hybrid,30,1,300000,300000,54246.19498831878,2100.0,52146.19498831878,25.54245435700068,V4,30,300000,8,0.01,0.005,0.05,1e-06,0.2,1.05,0.7,60,20,8,10,0.35,0.25,80.0,1e-12,False,3,4,0.5,True,False,1
2026-10-01T13:22:43+02:00,s0_frac__lower,s0_frac,lower,0.01,21,Hybrid,30,2,300000,300000,45164.559560807116,2100.0,43064.559560807116,25.509401327999512,V4,30,300000,8,0.01,0.005,0.05,1e-06,0.2,1.05,0.7,60,20,8,10,0.35,0.25,80.0,1e-12,False,3,4,0.5,True,False,1
2026-10-01T13:23:08+02:00,s0_frac__lower,s0_frac,lower,0.01,21,Hybrid,30,3,300000,300000,37893.42726362205,2100.0,35793.42726362205,24.949618939001084,V4,30,300000,8,0.01,0.005,0.05,1e-06,0.2,1.05,0.7,60,20,8,10,0.35,0.25,80.0,1e-12,False,3,4,0.5,True,False,1
2026-10-01T13:23:32+02:00,s0_frac__lower,s0_frac,lower,0.01,21,Hybrid,30,4,300000,300000,27962.591704197897,2100.0,25862.591704197897,25.25306442799956,V4,30,300000,8,0.01,0.005,0.05,1e-06,0.2,1.05,0.7,60,20,8,10,0.35,0.25,80.0,1e-12,False,3,4,0.5,True,False,1
2026-10-01T13:24:49+02:00,s0_frac__lower,s0_frac,lower,0.01,22,Hybrid,30,0,300000,300000,2851.487815376165,2200.0,651.4878153761651,77.86091587400006,V4,30,300000,8,0.01,0.005,0.05,1e-06,0.2,1.05,0.7,60,20,8,10,0.35,0.25,80.0,1e-12,False,3,4,0.5,True,False,1
2026-10-01T13:26:05+02:00,s0_frac__lower,s0_frac,lower,0.01,22,Hybrid,30,1,300000,300000,2743.0668667182317,2200.0,543.0668667182317,77.1481675089999,V4,30,300000,8,0.01,0.005,0.05,1e-06,0.2,1.05,0.7,60,20,8,10,0.35,0.25,80.0,1e-12,False,3,4,0.5,True,False,1
2026-10-01T13:27:23+02:00,s0_frac__lower,s0_frac,lower,0.01,22,Hybrid,30,2,300000,300000,2637.0171369568525,2200.0,437.0171369568525,78.96050216900039,V4,30,300000,8,0.01,0.005,0.05,1e-06,0.2,1.05,0.7,60,20,8,10,0.35,0.25,80.0,1e-12,False,3,4,0.5,True,False,1
2026-10-01T13:28:40+02:00,s0_frac__lower,s0_frac,lower,0.01,22,Hybrid,30,3,300000,300000,2610.8152112105067,2200.0,410.81521121050673,78.20834591699895,V4,30,300000,8,0.01,0.005,0.05,1e-06,0.2,1.05,0.7,60,20,8,10,0.35,0.25,80.0,1e-12,False,3,4,0.5,True,False,1
2026-10-01T13:29:55+02:00,s0_frac__lower,s0_frac,lower,0.01,22,Hybrid,30,4,300000,300000,2564.3110044978143,2200.0,364.31100449781434,76.40859995400024,V4,30,300000,8,0.01,0.005,0.05,1e-06,0.2,1.05,0.7,60,20,8,10,0.35,0.25,80.0,1e-12,False,3,4,0.5,True,False,1
2026-10-01T13:30:15+02:00,s0_frac__lower,s0_frac,lower,0.01,23,Composition,30,0,300000,300000,2522.8783536519595,2300.0,222.87835365195951,20.028975990999243,V4,30,300000,8,0.01,0.005,0.05,1e-06,0.2,1.05,0.7,60,20,8,10,0.35,0.25,80.0,1e-12,False,3,4,0.5,True,False,1
2026-10-01T13:30:35+02:00,s0_frac__lower,s0_frac,lower,0.01,23,Composition,30,1,300000,300000,2522.859278191562,2300.0,222.85927819156223,19.982614553999156,V4,30,300000,8,0.01,0.005,0.05,1e-06,0.2,1.05,0.7,60,20,8,10,0.35,0.25,80.0,1e-12,False,3,4,0.5,True,False,1
2026-10-01T13:30:54+02:00,s0_frac__lower,s0_frac,lower,0.01,23,Composition,30,2,300000,300000,2522.87060783785,2300.0,222.87060783785,20.051110516000335,V4,30,300000,8,0.01,0.005,0.05,1e-06,0.2,1.05,0.7,60,20,8,10,0.35,0.25,80.0,1e-12,False,3,4,0.5,True,False,1
2026-10-01T13:31:14+02:00,s0_frac__lower,s0_frac,lower,0.01,23,Composition,30,3,300000,300000,2522.858558897431,2300.0,222.85855889743107,19.837603702000706,V4,30,300000,8,0.01,0.005,0.05,1e-06,0.2,1.05,0.7,60,20,8,10,0.35,0.25,80.0,1e-12,False,3,4,0.5,True,False,1
2026-10-01T13:31:33+02:00,s0_frac__lower,s0_frac,lower,0.01,23,Composition,30,4,300000,300000,2522.870488411897,2300.0,222.87048841189699,19.944154895001702,V4,30,300000,8,0.01,0.005,0.05,1e-06,0.2,1.05,0.7,60,20,8,10,0.35,0.25,80.0,1e-12,False,3,4,0.5,True,False,1
2026-10-01T13:31:55+02:00,s0_frac__lower,s0_frac,lower,0.01,24,Composition,30,0,300000,300000,2626.988435860765,2400.0,226.9884358607651,22.309527310000703,V4,30,300000,8,0.01,0.005,0.05,1e-06,0.2,1.05,0.7,60,20,8,10,0.35,0.25,80.0,1e-12,False,3,4,0.5,True,False,1
2026-10-01T13:32:18+02:00,s0_frac__lower,s0_frac,lower,0.01,24,Composition,30,1,300000,300000,2628.022121745328,2400.0,228.02212174532815,22.378677601000163,V4,30,300000,8,0.01,0.005,0.05,1e-06,0.2,1.05,0.7,60,20,8,10,0.35,0.25,80.0,1e-12,False,3,4,0.5,True,False,1
2026-10-01T13:32:40+02:00,s0_frac__lower,s0_frac,lower,0.01,24,Composition,30,2,300000,300000,2631.414874862203,2400.0,231.41487486220285,22.28163006000068,V4,30,300000,8,0.01,0.005,0.05,1e-06,0.2,1.05,0.7,60,20,8,10,0.35,0.25,80.0,1e-12,False,3,4,0.5,True,False,1
2026-10-01T13:33:03+02:00,s0_frac__lower,s0_frac,lower,0.01,24,Composition,30,3,300000,300000,2630.198562508403,2400.0,230.19856250840303,23.4361847020009,V4,30,300000,8,0.01,0.005,0.05,1e-06,0.2,1.05,0.7,60,20,8,10,0.35,0.25,80.0,1e-12,False,3,4,0.5,True,False,1
2026-10-01T13:33:25+02:00,s0_frac__lower,s0_frac,lower,0.01,24,Composition,30,4,300000,300000,2628.196720889195,2400.0,228.19672088919515,22.37923023700023,V4,30,300000,8,0.01,0.005,0.05,1e-06,0.2,1.05,0.7,60,20,8,10,0.35,0.25,80.0,1e-12,False,3,4,0.5,True,False,1
2026-10-01T13:33:47+02:00,s0_frac__lower,s0_frac,lower,0.01,25,Composition,30,0,300000,300000,2712.420010998306,2500.0,212.42001099830622,22.70908506500018,V4,30,300000,8,0.01,0.005,0.05,1e-06,0.2,1.05,0.7,60,20,8,10,0.35,0.25,80.0,1e-12,False,3,4,0.5,True,False,1
2026-10-01T13:34:10+02:00,s0_frac__lower,s0_frac,lower,0.01,25,Composition,30,1,300000,300000,2715.1588147456464,2500.0,215.1588147456464,23.46292152299975,V4,30,300000,8,0.01,0.005,0.05,1e-06,0.2,1.05,0.7,60,20,8,10,0.35,0.25,80.0,1e-12,False,3,4,0.5,True,False,1
2026-10-01T13:34:33+02:00,s0_frac__lower,s0_frac,lower,0.01,25,Composition,30,2,300000,300000,2723.67511272755,2500.0,223.6751127275502,23.066679715000646,V4,30,300000,8,0.01,0.005,0.05,1e-06,0.2,1.05,0.7,60,20,8,10,0.35,0.25,80.0,1e-12,False,3,4,0.5,True,False,1
2026-10-01T13:34:56+02:00,s0_frac__lower,s0_frac,lower,0.01,25,Composition,30,3,300000,300000,2719.1436052731415,2500.0,219.14360527314147,23.02423517600073,V4,30,300000,8,0.01,0.005,0.05,1e-06,0.2,1.05,0.7,60,20,8,10,0.35,0.25,80.0,1e-12,False,3,4,0.5,True,False,1
2026-10-01T13:35:19+02:00,s0_frac__lower,s0_frac,lower,0.01,25,Composition,30,4,300000,300000,2717.5348015721074,2500.0,217.53480157210743,23.65950044499914,V4,30,300000,8,0.01,0.005,0.05,1e-06,0.2,1.05,0.7,60,20,8,10,0.35,0.25,80.0,1e-12,False,3,4,0.5,True,False,1
2026-10-01T13:37:19+02:00,s0_frac__lower,s0_frac,lower,0.01,26,Composition,30,0,300000,300000,2800.1769406603,2600.0,200.1769406602998,121.78741400099898,V4,30,300000,8,0.01,0.005,0.05,1e-06,0.2,1.05,0.7,60,20,8,10,0.35,0.25,80.0,1e-12,False,3,4,0.5,True,False,1
2026-10-01T13:39:18+02:00,s0_frac__lower,s0_frac,lower,0.01,26,Composition,30,1,300000,300000,2700.32761825998,2600.0,100.32761825998023,120.83502813800078,V4,30,300000,8,0.01,0.005,0.05,1e-06,0.2,1.05,0.7,60,20,8,10,0.35,0.25,80.0,1e-12,False,3,4,0.5,True,False,1
2026-10-01T13:41:18+02:00,s0_frac__lower,s0_frac,lower,0.01,26,Composition,30,2,300000,300000,2800.2846658752114,2600.0,200.28466587521143,120.95341654399999,V4,30,300000,8,0.01,0.005,0.05,1e-06,0.2,1.05,0.7,60,20,8,10,0.35,0.25,80.0,1e-12,False,3,4,0.5,True,False,1
2026-10-01T13:43:19+02:00,s0_frac__lower,s0_frac,lower,0.01,26,Composition,30,3,300000,300000,2800.2679908924806,2600.0,200.2679908924806,123.46241098300015,V4,30,300000,8,0.01,0.005,0.05,1e-06,0.2,1.05,0.7,60,20,8,10,0.35,0.25,80.0,1e-12,False,3,4,0.5,True,False,1
2026-10-01T13:45:20+02:00,s0_frac__lower,s0_frac,lower,0.01,26,Composition,30,4,300000,300000,2800.1750831372706,2600.0,200.17508313727058,122.2954803270004,V4,30,300000,8,0.01,0.005,0.05,1e-06,0.2,1.05,0.7,60,20,8,10,0.35,0.25,80.0,1e-12,False,3,4,0.5,True,False,1
2026-10-01T13:47:19+02:00,s0_frac__lower,s0_frac,lower,0.01,27,Composition,30,0,300000,300000,3103.848373111394,2700.0,403.8483731113938,121.71532244800073,V4,30,300000,8,0.01,0.005,0.05,1e-06,0.2,1.05,0.7,60,20,8,10,0.35,0.25,80.0,1e-12,False,3,4,0.5,True,False,1
2026-10-01T13:49:19+02:00,s0_frac__lower,s0_frac,lower,0.01,27,Composition,30,1,300000,300000,3105.358447588454,2700.0,405.35844758845406,120.48549911199916,V4,30,300000,8,0.01,0.005,0.05,1e-06,0.2,1.05,0.7,60,20,8,10,0.35,0.25,80.0,1e-12,False,3,4,0.5,True,False,1
2026-10-01T13:51:19+02:00,s0_frac__lower,s0_frac,lower,0.01,27,Composition,30,2,300000,300000,3104.1478916240894,2700.0,404.1478916240894,122.45652751099988,V4,30,300000,8,0.01,0.005,0.05,1e-06,0.2,1.05,0.7,60,20,8,10,0.35,0.25,80.0,1e-12,False,3,4,0.5,True,False,1
2026-10-01T13:53:19+02:00,s0_frac__lower,s0_frac,lower,0.01,27,Composition,30,3,300000,300000,3103.9696983732565,2700.0,403.9696983732565,121.66220069299925,V4,30,300000,8,0.01,0.005,0.05,1e-06,0.2,1.05,0.7,60,20,8,10,0.35,0.25,80.0,1e-12,False,3,4,0.5,True,False,1
2026-10-01T13:55:19+02:00,s0_frac__lower,s0_frac,lower,0.01,27,Composition,30,4,300000,300000,3103.8694753143604,2700.0,403.86947531436044,121.66875404100028,V4,30,300000,8,0.01,0.005,0.05,1e-06,0.2,1.05,0.7,60,20,8,10,0.35,0.25,80.0,1e-12,False,3,4,0.5,True,False,1
2026-10-01T13:56:34+02:00,s0_frac__lower,s0_frac,lower,0.01,28,Composition,30,0,300000,300000,6986.900346631363,2800.0,4186.900346631363,76.40213916799985,V4,30,300000,8,0.01,0.005,0.05,1e-06,0.2,1.05,0.7,60,20,8,10,0.35,0.25,80.0,1e-12,False,3,4,0.5,True,False,1
2026-10-01T13:57:48+02:00,s0_frac__lower,s0_frac,lower,0.01,28,Composition,30,1,300000,300000,6719.120806432606,2800.0,3919.1208064326056,74.94727117000002,V4,30,300000,8,0.01,0.005,0.05,1e-06,0.2,1.05,0.7,60,20,8,10,0.35,0.25,80.0,1e-12,False,3,4,0.5,True,False,1
2026-10-01T13:59:02+02:00,s0_frac__lower,s0_frac,lower,0.01,28,Composition,30,2,300000,300000,7090.5700459524,2800.0,4290.5700459524,75.4386804220012,V4,30,300000,8,0.01,0.005,0.05,1e-06,0.2,1.05,0.7,60,20,8,10,0.35,0.25,80.0,1e-12,False,3,4,0.5,True,False,1
2026-10-01T14:00:18+02:00,s0_frac__lower,s0_frac,lower,0.01,28,Composition,30,3,300000,300000,5983.53689166445,2800.0,3183.53689166445,76.42263599000216,V4,30,300000,8,0.01,0.005,0.05,1e-06,0.2,1.05,0.7,60,20,8,10,0.35,0.25,80.0,1e-12,False,3,4,0.5,True,False,1
2026-10-01T14:01:31+02:00,s0_frac__lower,s0_frac,lower,0.01,28,Composition,30,4,300000,300000,7443.778959672397,2800.0,4643.778959672397,74.12405461800154,V4,30,300000,8,0.01,0.005,0.05,1e-06,0.2,1.05,0.7,60,20,8,10,0.35,0.25,80.0,1e-12,False,3,4,0.5,True,False,1
2026-10-01T14:02:28+02:00,s0_frac__lower,s0_frac,lower,0.01,29,Composition,30,0,300000,300000,10434.916371204974,2900.0,7534.916371204974,58.03710524199778,V4,30,300000,8,0.01,0.005,0.05,1e-06,0.2,1.05,0.7,60,20,8,10,0.35,0.25,80.0,1e-12,False,3,4,0.5,True,False,1
2026-10-01T14:03:25+02:00,s0_frac__lower,s0_frac,lower,0.01,29,Composition,30,1,300000,300000,15287.531795881077,2900.0,12387.531795881077,57.21401579799931,V4,30,300000,8,0.01,0.005,0.05,1e-06,0.2,1.05,0.7,60,20,8,10,0.35,0.25,80.0,1e-12,False,3,4,0.5,True,False,1
2026-10-01T14:04:22+02:00,s0_frac__lower,s0_frac,lower,0.01,29,Composition,30,2,300000,300000,35810.4468284143,2900.0,32910.4468284143,58.15412883599856,V4,30,300000,8,0.01,0.005,0.05,1e-06,0.2,1.05,0.7,60,20,8,10,0.35,0.25,80.0,1e-12,False,3,4,0.5,True,False,1
2026-10-01T14:05:21+02:00,s0_frac__lower,s0_frac,lower,0.01,29,Composition,30,3,300000,300000,18922.68800120982,2900.0,16022.688001209819,58.997718906000955,V4,30,300000,8,0.01,0.005,0.05,1e-06,0.2,1.05,0.7,60,20,8,10,0.35,0.25,80.0,1e-12,False,3,4,0.5,True,False,1
2026-10-01T14:06:16+02:00,s0_frac__lower,s0_frac,lower,0.01,29,Composition,30,4,300000,300000,27333.380771829176,2900.0,24433.380771829176,55.822730602001684,V4,30,300000,8,0.01,0.005,0.05,1e-06,0.2,1.05,0.7,60,20,8,10,0.35,0.25,80.0,1e-12,False,3,4,0.5,True,False,1
2026-10-01T14:08:08+02:00,s0_frac__lower,s0_frac,lower,0.01,30,Composition,30,0,300000,300000,37225.33748966752,3000.0,34225.33748966752,114.41040606100069,V4,30,300000,8,0.01,0.005,0.05,1e-06,0.2,1.05,0.7,60,20,8,10,0.35,0.25,80.0,1e-12,False,3,4,0.5,True,False,1
2026-10-01T14:09:59+02:00,s0_frac__lower,s0_frac,lower,0.01,30,Composition,30,1,300000,300000,32556.624215536664,3000.0,29556.624215536664,111.829764205002,V4,30,300000,8,0.01,0.005,0.05,1e-06,0.2,1.05,0.7,60,20,8,10,0.35,0.25,80.0,1e-12,False,3,4,0.5,True,False,1
2026-10-01T14:11:50+02:00,s0_frac__lower,s0_frac,lower,0.01,30,Composition,30,2,300000,300000,23574.453272053914,3000.0,20574.453272053914,112.77134815099998,V4,30,300000,8,0.01,0.005,0.05,1e-06,0.2,1.05,0.7,60,20,8,10,0.35,0.25,80.0,1e-12,False,3,4,0.5,True,False,1
2026-10-01T14:13:41+02:00,s0_frac__lower,s0_frac,lower,0.01,30,Composition,30,3,300000,300000,33565.25480398159,3000.0,30565.25480398159,112.88813409600334,V4,30,300000,8,0.01,0.005,0.05,1e-06,0.2,1.05,0.7,60,20,8,10,0.35,0.25,80.0,1e-12,False,3,4,0.5,True,False,1
2026-10-01T14:15:32+02:00,s0_frac__lower,s0_frac,lower,0.01,30,Composition,30,4,300000,300000,44550.61758750201,3000.0,41550.61758750201,112.29173735999939,V4,30,300000,8,0.01,0.005,0.05,1e-06,0.2,1.05,0.7,60,20,8,10,0.35,0.25,80.0,1e-12,False,3,4,0.5,True,False,1
2026-10-01T14:15:40+02:00,s0_frac__upper,s0_frac,upper,0.04,1,Unimodal,30,0,300000,300000,3883419.7260393784,100.0,3883319.7260393784,8.1241490350003,V4,30,300000,8,0.04,0.005,0.05,1e-06,0.2,1.05,0.7,60,20,8,10,0.35,0.25,80.0,1e-12,False,3,4,0.5,True,False,1
2026-10-01T14:15:48+02:00,s0_frac__upper,s0_frac,upper,0.04,1,Unimodal,30,1,300000,300000,5580763.6223293245,100.0,5580663.6223293245,8.501928159999807,V4,30,300000,8,0.04,0.005,0.05,1e-06,0.2,1.05,0.7,60,20,8,10,0.35,0.25,80.0,1e-12,False,3,4,0.5,True,False,1
2026-10-01T14:15:56+02:00,s0_frac__upper,s0_frac,upper,0.04,1,Unimodal,30,2,300000,300000,2452507.6779961376,100.0,2452407.6779961376,7.955431178997969,V4,30,300000,8,0.04,0.005,0.05,1e-06,0.2,1.05,0.7,60,20,8,10,0.35,0.25,80.0,1e-12,False,3,4,0.5,True,False,1
2026-10-01T14:16:04+02:00,s0_frac__upper,s0_frac,upper,0.04,1,Unimodal,30,3,300000,300000,1036721.8040554198,100.0,1036621.8040554198,8.010303703002137,V4,30,300000,8,0.04,0.005,0.05,1e-06,0.2,1.05,0.7,60,20,8,10,0.35,0.25,80.0,1e-12,False,3,4,0.5,True,False,1
2026-10-01T14:16:12+02:00,s0_frac__upper,s0_frac,upper,0.04,1,Unimodal,30,4,300000,300000,6966625.261476467,100.0,6966525.261476467,8.567276000001584,V4,30,300000,8,0.04,0.005,0.05,1e-06,0.2,1.05,0.7,60,20,8,10,0.35,0.25,80.0,1e-12,False,3,4,0.5,True,False,1
2026-10-01T14:16:19+02:00,s0_frac__upper,s0_frac,upper,0.04,2,Unimodal,30,0,300000,300000,837935.1280648885,200.0,837735.1280648885,6.8965024140015885,V4,30,300000,8,0.04,0.005,0.05,1e-06,0.2,1.05,0.7,60,20,8,10,0.35,0.25,80.0,1e-12,False,3,4,0.5,True,False,1
2026-10-01T14:16:26+02:00,s0_frac__upper,s0_frac,upper,0.04,2,Unimodal,30,1,300000,300000,484686.5599204831,200.0,484486.5599204831,6.962423562999902,V4,30,300000,8,0.04,0.005,0.05,1e-06,0.2,1.05,0.7,60,20,8,10,0.35,0.25,80.0,1e-12,False,3,4,0.5,True,False,1
2026-10-01T14:16:33+02:00,s0_frac__upper,s0_frac,upper,0.04,2,Unimodal,30,2,300000,300000,1193166.9752485158,200.0,1192966.9752485158,7.084706754998479,V4,30,300000,8,0.04,0.005,0.05,1e-06,0.2,1.05,0.7,60,20,8,10,0.35,0.25,80.0,1e-12,False,3,4,0.5,True,False,1
2026-10-01T14:16:40+02:00,s0_frac__upper,s0_frac,upper,0.04,2,Unimodal,30,3,300000,300000,505162.05430425523,200.0,504962.05430425523,6.924209483000595,V4,30,300000,8,0.04,0.005,0.05,1e-06,0.2,1.05,0.7,60,20,8,10,0.35,0.25,80.0,1e-12,False,3,4,0.5,True,False,1
2026-10-01T14:16:47+02:00,s0_frac__upper,s0_frac,upper,0.04,2,Unimodal,30,4,300000,300000,710585.7812631452,200.0,710385.7812631452,7.005482032000145,V4,30,300000,8,0.04,0.005,0.05,1e-06,0.2,1.05,0.7,60,20,8,10,0.35,0.25,80.0,1e-12,False,3,4,0.5,True,False,1
2026-10-01T14:16:55+02:00,s0_frac__upper,s0_frac,upper,0.04,3,Unimodal,30,0,300000,300000,36343.966150348,300.0,36043.966150348,7.8099032550017,V4,30,300000,8,0.04,0.005,0.05,1e-06,0.2,1.05,0.7,60,20,8,10,0.35,0.25,80.0,1e-12,False,3,4,0.5,True,False,1
2026-10-01T14:17:02+02:00,s0_frac__upper,s0_frac,upper,0.04,3,Unimodal,30,1,300000,300000,1631.4186682393624,300.0,1331.4186682393624,7.250167643000168,V4,30,300000,8,0.04,0.005,0.05,1e-06,0.2,1.05,0.7,60,20,8,10,0.35,0.25,80.0,1e-12,False,3,4,0.5,True,False,1
2026-10-01T14:17:09+02:00,s0_frac__upper,s0_frac,upper,0.04,3,Unimodal,30,2,300000,300000,18663.165216257257,300.0,18363.165216257257,7.065172855000128,V4,30,300000,8,0.04,0.005,0.05,1e-06,0.2,1.05,0.7,60,20,8,10,0.35,0.25,80.0,1e-12,False,3,4,0.5,True,False,1
2026-10-01T14:17:16+02:00,s0_frac__upper,s0_frac,upper,0.04,3,Unimodal,30,3,300000,300000,30309.148834922184,300.0,30009.148834922184,7.0685629959989456,V4,30,300000,8,0.04,0.005,0.05,1e-06,0.2,1.05,0.7,60,20,8,10,0.35,0.25,80.0,1e-12,False,3,4,0.5,True,False,1
2026-10-01T14:17:23+02:00,s0_frac__upper,s0_frac,upper,0.04,3,Unimodal,30,4,300000,300000,1309.3551167492055,300.0,1009.3551167492055,7.509023298000102,V4,30,300000,8,0.04,0.005,0.05,1e-06,0.2,1.05,0.7,60,20,8,10,0.35,0.25,80.0,1e-12,False,3,4,0.5,True,False,1
2026-10-01T14:17:32+02:00,s0_frac__upper,s0_frac,upper,0.04,4,Multimodal,30,0,300000,300000,471.8256823745045,400.0,71.82568237450448,8.339632363000419,V4,30,300000,8,0.04,0.005,0.05,1e-06,0.2,1.05,0.7,60,20,8,10,0.35,0.25,80.0,1e-12,False,3,4,0.5,True,False,1
2026-10-01T14:17:40+02:00,s0_frac__upper,s0_frac,upper,0.04,4,Multimodal,30,1,300000,300000,472.64851698056407,400.0,72.64851698056407,8.48431936400084,V4,30,300000,8,0.04,0.005,0.05,1e-06,0.2,1.05,0.7,60,20,8,10,0.35,0.25,80.0,1e-12,False,3,4,0.5,True,False,1
2026-10-01T14:17:48+02:00,s0_frac__upper,s0_frac,upper,0.04,4,Multimodal,30,2,300000,300000,469.38761239451424,400.0,69.38761239451424,8.245431663002819,V4,30,300000,8,0.04,0.005,0.05,1e-06,0.2,1.05,0.7,60,20,8,10,0.35,0.25,80.0,1e-12,False,3,4,0.5,True,False,1
2026-10-01T14:17:57+02:00,s0_frac__upper,s0_frac,upper,0.04,4,Multimodal,30,3,300000,300000,476.05294308755504,400.0,76.05294308755504,8.490422647999367,V4,30,300000,8,0.04,0.005,0.05,1e-06,0.2,1.05,0.7,60,20,8,10,0.35,0.25,80.0,1e-12,False,3,4,0.5,True,False,1
2026-10-01T14:18:05+02:00,s0_frac__upper,s0_frac,upper,0.04,4,Multimodal,30,4,300000,300000,402.30876325026185,400.0,2.3087632502618476,8.468455554000684,V4,30,300000,8,0.04,0.005,0.05,1e-06,0.2,1.05,0.7,60,20,8,10,0.35,0.25,80.0,1e-12,False,3,4,0.5,True,False,1
2026-10-01T14:18:13+02:00,s0_frac__upper,s0_frac,upper,0.04,5,Multimodal,30,0,300000,300000,521.1026904448344,500.0,21.102690444834366,8.071366848998878,V4,30,300000,8,0.04,0.005,0.05,1e-06,0.2,1.05,0.7,60,20,8,10,0.35,0.25,80.0,1e-12,False,3,4,0.5,True,False,1
2026-10-01T14:18:21+02:00,s0_frac__upper,s0_frac,upper,0.04,5,Multimodal,30,1,300000,300000,521.2485779419153,500.0,21.2485779419153,7.9428311769988795,V4,30,300000,8,0.04,0.005,0.05,1e-06,0.2,1.05,0.7,60,20,8,10,0.35,0.25,80.0,1e-12,False,3,4,0.5,True,False,1
2026-10-01T14:18:29+02:00,s0_frac__upper,s0_frac,upper,0.04,5,Multimodal,30,2,300000,300000,521.1734569401583,500.0,21.173456940158303,8.015082931000507,V4,30,300000,8,0.04,0.005,0.05,1e-06,0.2,1.05,0.7,60,20,8,10,0.35,0.25,80.0,1e-12,False,3,4,0.5,True,False,1
2026-10-01T14:18:37+02:00,s0_frac__upper,s0_frac,upper,0.04,5,Multimodal,30,3,300000,300000,521.0901468316381,500.0,21.090146831638094,8.01844781699765,V4,30,300000,8,0.04,0.005,0.05,1e-06,0.2,1.05,0.7,60,20,8,10,0.35,0.25,80.0,1e-12,False,3,4,0.5,True,False,1
2026-10-01T14:18:45+02:00,s0_frac__upper,s0_frac,upper,0.04,5,Multimodal,30,4,300000,300000,521.0260047629238,500.0,21.026004762923776,8.145095597999898,V4,30,300000,8,0.04,0.005,0.05,1e-06,0.2,1.05,0.7,60,20,8,10,0.35,0.25,80.0,1e-12,False,3,4,0.5,True,False,1
2026-10-01T14:20:16+02:00,s0_frac__upper,s0_frac,upper,0.04,6,Multimodal,30,0,300000,300000,634.4270992813072,600.0,34.427099281307164,92.63825481399908,V4,30,300000,8,0.04,0.005,0.05,1e-06,0.2,1.05,0.7,60,20,8,10,0.35,0.25,80.0,1e-12,False,3,4,0.5,True,False,1
2026-10-01T14:21:49+02:00,s0_frac__upper,s0_frac,upper,0.04,6,Multimodal,30,1,300000,300000,633.0208518814565,600.0,33.02085188145645,93.78220627300107,V4,30,300000,8,0.04,0.005,0.05,1e-06,0.2,1.05,0.7,60,20,8,10,0.35,0.25,80.0,1e-12,False,3,4,0.5,True,False,1
2026-10-01T14:23:22+02:00,s0_frac__upper,s0_frac,upper,0.04,6,Multimodal,30,2,300000,300000,632.1716515457792,600.0,32.17165154577924,95.16128337800183,V4,30,300000,8,0.04,0.005,0.05,1e-06,0.2,1.05,0.7,60,20,8,10,0.35,0.25,80.0,1e-12,False,3,4,0.5,True,False,1
2026-10-01T14:24:58+02:00,s0_frac__upper,s0_frac,upper,0.04,6,Multimodal,30,3,300000,300000,631.8916822130975,600.0,31.89168221309751,97.44431887099927,V4,30,300000,8,0.04,0.005,0.05,1e-06,0.2,1.05,0.7,60,20,8,10,0.35,0.25,80.0,1e-12,False,3,4,0.5,True,False,1
2026-10-01T14:26:33+02:00,s0_frac__upper,s0_frac,upper,0.04,6,Multimodal,30,4,300000,300000,631.766647233269,600.0,31.766647233269055,96.33029169299698,V4,30,300000,8,0.04,0.005,0.05,1e-06,0.2,1.05,0.7,60,20,8,10,0.35,0.25,80.0,1e-12,False,3,4,0.5,True,False,1
2026-10-01T14:26:41+02:00,s0_frac__upper,s0_frac,upper,0.04,7,Multimodal,30,0,300000,300000,700.3364285581661,700.0,0.33642855816606243,8.200265674997354,V4,30,300000,8,0.04,0.005,0.05,1e-06,0.2,1.05,0.7,60,20,8,10,0.35,0.25,80.0,1e-12,False,3,4,0.5,True,False,1
2026-10-01T14:26:50+02:00,s0_frac__upper,s0_frac,upper,0.04,7,Multimodal,30,1,300000,300000,700.3383224941855,700.0,0.33832249418549054,8.251257832998817,V4,30,300000,8,0.04,0.005,0.05,1e-06,0.2,1.05,0.7,60,20,8,10,0.35,0.25,80.0,1e-12,False,3,4,0.5,True,False,1
2026-10-01T14:26:58+02:00,s0_frac__upper,s0_frac,upper,0.04,7,Multimodal,30,2,300000,300000,700.1778202399955,700.0,0.1778202399955262,8.149673297000845,V4,30,300000,8,0.04,0.005,0.05,1e-06,0.2,1.05,0.7,60,20,8,10,0.35,0.25,80.0,1e-12,False,3,4,0.5,True,False,1
2026-10-01T14:27:06+02:00,s0_frac__upper,s0_frac,upper,0.04,7,Multimodal,30,3,300000,300000,700.3931972901253,700.0,0.39319729012527205,8.471999387998949,V4,30,300000,8,0.04,0.005,0.05,1e-06,0.2,1.05,0.7,60,20,8,10,0.35,0.25,80.0,1e-12,False,3,4,0.5,True,False,1
2026-10-01T14:27:14+02:00,s0_frac__upper,s0_frac,upper,0.04,7,Multimodal,30,4,300000,300000,700.2052891760734,700.0,0.2052891760733928,8.63477229000273,V4,30,300000,8,0.04,0.005,0.05,1e-06,0.2,1.05,0.7,60,20,8,10,0.35,0.25,80.0,1e-12,False,3,4,0.5,True,False,1
2026-10-01T14:27:22+02:00,s0_frac__upper,s0_frac,upper,0.04,8,Multimodal,30,0,300000,300000,1070.635566326151,800.0,270.6355663261511,8.020949434001523,V4,30,300000,8,0.04,0.005,0.05,1e-06,0.2,1.05,0.7,60,20,8,10,0.35,0.25,80.0,1e-12,False,3,4,0.5,True,False,1
2026-10-01T14:27:31+02:00,s0_frac__upper,s0_frac,upper,0.04,8,Multimodal,30,1,300000,300000,1127.5660155850887,800.0,327.56601558508873,8.1613985269978,V4,30,300000,8,0.04,0.005,0.05,1e-06,0.2,1.05,0.7,60,20,8,10,0.35,0.25,80.0,1e-12,False,3,4,0.5,True,False,1
2026-10-01T14:27:39+02:00,s0_frac__upper,s0_frac,upper,0.04,8,Multimodal,30,2,300000,300000,1094.999303206269,800.0,294.9993032062689,8.342727210998419,V4,30,300000,8,0.04,0.005,0.05,1e-06,0.2,1.05,0.7,60,20,8,10,0.35,0.25,80.0,1e-12,False,3,4,0.5,True,False,1
2026-10-01T14:27:47+02:00,s0_frac__upper,s0_frac,upper,0.04,8,Multimodal,30,3,300000,300000,1078.8970271625733,800.0,278.8970271625733,8.111574209997343,V4,30,300000,8,0.04,0.005,0.05,1e-06,0.2,1.05,0.7,60,20,8,10,0.35,0.25,80.0,1e-12,False,3,4,0.5,True,False,1
2026-10-01T14:27:55+02:00,s0_frac__upper,s0_frac,upper,0.04,8,Multimodal,30,4,300000,300000,1046.7637232882014,800.0,246.7637232882014,8.072401564000756,V4,30,300000,8,0.04,0.005,0.05,1e-06,0.2,1.05,0.7,60,20,8,10,0.35,0.25,80.0,1e-12,False,3,4,0.5,True,False,1
2026-10-01T14:28:03+02:00,s0_frac__upper,s0_frac,upper,0.04,9,Multimodal,30,0,300000,300000,1348.0742652412744,900.0,448.07426524127436,8.225971998002933,V4,30,300000,8,0.04,0.005,0.05,1e-06,0.2,1.05,0.7,60,20,8,10,0.35,0.25,80.0,1e-12,False,3,4,0.5,True,False,1
2026-10-01T14:28:11+02:00,s0_frac__upper,s0_frac,upper,0.04,9,Multimodal,30,1,300000,300000,1255.045920942648,900.0,355.0459209426481,8.198721436001506,V4,30,300000,8,0.04,0.005,0.05,1e-06,0.2,1.05,0.7,60,20,8,10,0.35,0.25,80.0,1e-12,False,3,4,0.5,True,False,1
2026-10-01T14:28:20+02:00,s0_frac__upper,s0_frac,upper,0.04,9,Multimodal,30,2,300000,300000,1345.8587826107494,900.0,445.85878261074936,8.887176582000393,V4,30,300000,8,0.04,0.005,0.05,1e-06,0.2,1.05,0.7,60,20,8,10,0.35,0.25,80.0,1e-12,False,3,4,0.5,True,False,1
2026-10-01T14:28:28+02:00,s0_frac__upper,s0_frac,upper,0.04,9,Multimodal,30,3,300000,300000,1314.5367602879205,900.0,414.5367602879205,8.253401484998903,V4,30,300000,8,0.04,0.005,0.05,1e-06,0.2,1.05,0.7,60,20,8,10,0.35,0.25,80.0,1e-12,False,3,4,0.5,True,False,1
2026-10-01T14:28:36+02:00,s0_frac__upper,s0_frac,upper,0.04,9,Multimodal,30,4,300000,300000,1209.4514878223595,900.0,309.45148782235947,8.244700895000278,V4,30,300000,8,0.04,0.005,0.05,1e-06,0.2,1.05,0.7,60,20,8,10,0.35,0.25,80.0,1e-12,False,3,4,0.5,True,False,1
2026-10-01T14:28:50+02:00,s0_frac__upper,s0_frac,upper,0.04,10,Multimodal,30,0,300000,300000,4288.670541134974,1000.0,3288.670541134974,14.62679699599903,V4,30,300000,8,0.04,0.005,0.05,1e-06,0.2,1.05,0.7,60,20,8,10,0.35,0.25,80.0,1e-12,False,3,4,0.5,True,False,1
2026-10-01T14:29:05+02:00,s0_frac__upper,s0_frac,upper,0.04,10,Multimodal,30,1,300000,300000,4344.48951729737,1000.0,3344.48951729737,14.464500117999705,V4,30,300000,8,0.04,0.005,0.05,1e-06,0.2,1.05,0.7,60,20,8,10,0.35,0.25,80.0,1e-12,False,3,4,0.5,True,False,1
2026-10-01T14:29:18+02:00,s0_frac__upper,s0_frac,upper,0.04,10,Multimodal,30,2,300000,300000,4224.238556489881,1000.0,3224.2385564898814,13.960120812000241,V4,30,300000,8,0.04,0.005,0.05,1e-06,0.2,1.05,0.7,60,20,8,10,0.35,0.25,80.0,1e-12,False,3,4,0.5,True,False,1
2026-10-01T14:29:33+02:00,s0_frac__upper,s0_frac,upper,0.04,10,Multimodal,30,3,300000,300000,4071.855735923633,1000.0,3071.855735923633,14.03342863600119,V4,30,300000,8,0.04,0.005,0.05,1e-06,0.2,1.05,0.7,60,20,8,10,0.35,0.25,80.0,1e-12,False,3,4,0.5,True,False,1
2026-10-01T14:29:47+02:00,s0_frac__upper,s0_frac,upper,0.04,10,Multimodal,30,4,300000,300000,4077.205578094212,1000.0,3077.205578094212,14.188470569002675,V4,30,300000,8,0.04,0.005,0.05,1e-06,0.2,1.05,0.7,60,20,8,10,0.35,0.25,80.0,1e-12,False,3,4,0.5,True,False,1
2026-10-01T14:30:01+02:00,s0_frac__upper,s0_frac,upper,0.04,11,Multimodal,30,0,300000,300000,6019.436759374821,1100.0,4919.436759374821,14.243627330997697,V4,30,300000,8,0.04,0.005,0.05,1e-06,0.2,1.05,0.7,60,20,8,10,0.35,0.25,80.0,1e-12,False,3,4,0.5,True,False,1
2026-10-01T14:30:15+02:00,s0_frac__upper,s0_frac,upper,0.04,11,Multimodal,30,1,300000,300000,5289.291887104162,1100.0,4189.291887104162,14.839386398998613,V4,30,300000,8,0.04,0.005,0.05,1e-06,0.2,1.05,0.7,60,20,8,10,0.35,0.25,80.0,1e-12,False,3,4,0.5,True,False,1
2026-10-01T14:30:30+02:00,s0_frac__upper,s0_frac,upper,0.04,11,Multimodal,30,2,300000,300000,4806.393821762269,1100.0,3706.393821762269,14.932239693000156,V4,30,300000,8,0.04,0.005,0.05,1e-06,0.2,1.05,0.7,60,20,8,10,0.35,0.25,80.0,1e-12,False,3,4,0.5,True,False,1
2026-10-01T14:30:44+02:00,s0_frac__upper,s0_frac,upper,0.04,11,Multimodal,30,3,300000,300000,4705.054456437127,1100.0,3605.0544564371266,14.392200556998432,V4,30,300000,8,0.04,0.005,0.05,1e-06,0.2,1.05,0.7,60,20,8,10,0.35,0.25,80.0,1e-12,False,3,4,0.5,True,False,1
2026-10-01T14:30:58+02:00,s0_frac__upper,s0_frac,upper,0.04,11,Multimodal,30,4,300000,300000,4514.729881399964,1100.0,3414.729881399964,14.215290074997029,V4,30,300000,8,0.04,0.005,0.05,1e-06,0.2,1.05,0.7,60,20,8,10,0.35,0.25,80.0,1e-12,False,3,4,0.5,True,False,1
2026-10-01T14:40:17+02:00,s0_frac__upper,s0_frac,upper,0.04,12,Multimodal,30,0,300000,300000,1200.497862749837,1200.0,0.49786274983694057,566.3904243050019,V4,30,300000,8,0.04,0.005,0.05,1e-06,0.2,1.05,0.7,60,20,8,10,0.35,0.25,80.0,1e-12,False,3,4,0.5,True,False,1
2026-10-01T14:49:35+02:00,s0_frac__upper,s0_frac,upper,0.04,12,Multimodal,30,1,300000,300000,1200.8426444719778,1200.0,0.8426444719777919,566.4962563070003,V4,30,300000,8,0.04,0.005,0.05,1e-06,0.2,1.05,0.7,60,20,8,10,0.35,0.25,80.0,1e-12,False,3,4,0.5,True,False,1
2026-10-01T14:58:53+02:00,s0_frac__upper,s0_frac,upper,0.04,12,Multimodal,30,2,300000,300000,1200.913045625555,1200.0,0.9130456255550143,565.3128878530006,V4,30,300000,8,0.04,0.005,0.05,1e-06,0.2,1.05,0.7,60,20,8,10,0.35,0.25,80.0,1e-12,False,3,4,0.5,True,False,1
2026-10-01T15:08:06+02:00,s0_frac__upper,s0_frac,upper,0.04,12,Multimodal,30,3,300000,300000,1200.5974589542875,1200.0,0.5974589542875037,560.228629057001,V4,30,300000,8,0.04,0.005,0.05,1e-06,0.2,1.05,0.7,60,20,8,10,0.35,0.25,80.0,1e-12,False,3,4,0.5,True,False,1
2026-10-01T15:17:18+02:00,s0_frac__upper,s0_frac,upper,0.04,12,Multimodal,30,4,300000,300000,1200.5118987317007,1200.0,0.5118987317007395,553.1823290749999,V4,30,300000,8,0.04,0.005,0.05,1e-06,0.2,1.05,0.7,60,20,8,10,0.35,0.25,80.0,1e-12,False,3,4,0.5,True,False,1
2026-10-01T15:17:27+02:00,s0_frac__upper,s0_frac,upper,0.04,13,Multimodal,30,0,300000,300000,1300.2355123147686,1300.0,0.23551231476858447,8.229308254001808,V4,30,300000,8,0.04,0.005,0.05,1e-06,0.2,1.05,0.7,60,20,8,10,0.35,0.25,80.0,1e-12,False,3,4,0.5,True,False,1
2026-10-01T15:17:35+02:00,s0_frac__upper,s0_frac,upper,0.04,13,Multimodal,30,1,300000,300000,1300.2766600810655,1300.0,0.2766600810655291,8.028574869000295,V4,30,300000,8,0.04,0.005,0.05,1e-06,0.2,1.05,0.7,60,20,8,10,0.35,0.25,80.0,1e-12,False,3,4,0.5,True,False,1
2026-10-01T15:17:43+02:00,s0_frac__upper,s0_frac,upper,0.04,13,Multimodal,30,2,300000,300000,1300.3173151130136,1300.0,0.31731511301359205,7.887009570000373,V4,30,300000,8,0.04,0.005,0.05,1e-06,0.2,1.05,0.7,60,20,8,10,0.35,0.25,80.0,1e-12,False,3,4,0.5,True,False,1
2026-10-01T15:17:50+02:00,s0_frac__upper,s0_frac,upper,0.04,13,Multimodal,30,3,300000,300000,1300.2897498188836,1300.0,0.2897498188835925,7.799240538002778,V4,30,300000,8,0.04,0.005,0.05,1e-06,0.2,1.05,0.7,60,20,8,10,0.35,0.25,80.0,1e-12,False,3,4,0.5,True,False,1
2026-10-01T15:17:58+02:00,s0_frac__upper,s0_frac,upper,0.04,13,Multimodal,30,4,300000,300000,1300.2740343433686,1300.0,0.2740343433686121,7.9367396570014535,V4,30,300000,8,0.04,0.005,0.05,1e-06,0.2,1.05,0.7,60,20,8,10,0.35,0.25,80.0,1e-12,False,3,4,0.5,True,False,1
2026-10-01T15:18:06+02:00,s0_frac__upper,s0_frac,upper,0.04,14,Multimodal,30,0,300000,300000,1400.338641076551,1400.0,0.33864107655108455,8.121723023003142,V4,30,300000,8,0.04,0.005,0.05,1e-06,0.2,1.05,0.7,60,20,8,10,0.35,0.25,80.0,1e-12,False,3,4,0.5,True,False,1
2026-10-01T15:18:14+02:00,s0_frac__upper,s0_frac,upper,0.04,14,Multimodal,30,1,300000,300000,1400.4263284620222,1400.0,0.4263284620221839,7.967485509001563,V4,30,300000,8,0.04,0.005,0.05,1e-06,0.2,1.05,0.7,60,20,8,10,0.35,0.25,80.0,1e-12,False,3,4,0.5,True,False,1
2026-10-01T15:18:23+02:00,s0_frac__upper,s0_frac,upper,0.04,14,Multimodal,30,2,300000,300000,1400.3947236714735,1400.0,0.3947236714734572,8.092206669000007,V4,30,300000,8,0.04,0.005,0.05,1e-06,0.2,1.05,0.7,60,20,8,10,0.35,0.25,80.0,1e-12,False,3,4,0.5,True,False,1
2026-10-01T15:18:31+02:00,s0_frac__upper,s0_frac,upper,0.04,14,Multimodal,30,3,300000,300000,1400.4262921476918,1400.0,0.4262921476918109,8.228736166001909,V4,30,300000,8,0.04,0.005,0.05,1e-06,0.2,1.05,0.7,60,20,8,10,0.35,0.25,80.0,1e-12,False,3,4,0.5,True,False,1
2026-10-01T15:18:39+02:00,s0_frac__upper,s0_frac,upper,0.04,14,Multimodal,30,4,300000,300000,1400.490356959553,1400.0,0.49035695955308256,8.428381024998089,V4,30,300000,8,0.04,0.005,0.05,1e-06,0.2,1.05,0.7,60,20,8,10,0.35,0.25,80.0,1e-12,False,3,4,0.5,True,False,1
2026-10-01T15:18:48+02:00,s0_frac__upper,s0_frac,upper,0.04,15,Multimodal,30,0,300000,300000,1518.8170867203753,1500.0,18.8170867203753,8.864127857999847,V4,30,300000,8,0.04,0.005,0.05,1e-06,0.2,1.05,0.7,60,20,8,10,0.35,0.25,80.0,1e-12,False,3,4,0.5,True,False,1
2026-10-01T15:18:57+02:00,s0_frac__upper,s0_frac,upper,0.04,15,Multimodal,30,1,300000,300000,1511.7167156666935,1500.0,11.716715666693517,8.967338414000551,V4,30,300000,8,0.04,0.005,0.05,1e-06,0.2,1.05,0.7,60,20,8,10,0.35,0.25,80.0,1e-12,False,3,4,0.5,True,False,1
2026-10-01T15:19:06+02:00,s0_frac__upper,s0_frac,upper,0.04,15,Multimodal,30,2,300000,300000,1514.8983085594457,1500.0,14.898308559445695,9.018479784001102,V4,30,300000,8,0.04,0.005,0.05,1e-06,0.2,1.05,0.7,60,20,8,10,0.35,0.25,80.0,1e-12,False,3,4,0.5,True,False,1
2026-10-01T15:19:16+02:00,s0_frac__upper,s0_frac,upper,0.04,15,Multimodal,30,3,300000,300000,1514.6700576526327,1500.0,14.67005765263275,9.265429994000442,V4,30,300000,8,0.04,0.005,0.05,1e-06,0.2,1.05,0.7,60,20,8,10,0.35,0.25,80.0,1e-12,False,3,4,0.5,True,False,1
2026-10-01T15:19:24+02:00,s0_frac__upper,s0_frac,upper,0.04,15,Multimodal,30,4,300000,300000,1511.6596872769267,1500.0,11.659687276926661,8.805540477002069,V4,30,300000,8,0.04,0.005,0.05,1e-06,0.2,1.05,0.7,60,20,8,10,0.35,0.25,80.0,1e-12,False,3,4,0.5,True,False,1
2026-10-01T15:20:12+02:00,s0_frac__upper,s0_frac,upper,0.04,16,Multimodal,30,0,300000,300000,1613.1995901882558,1600.0,13.199590188255797,47.259943105000275,V4,30,300000,8,0.04,0.005,0.05,1e-06,0.2,1.05,0.7,60,20,8,10,0.35,0.25,80.0,1e-12,False,3,4,0.5,True,False,1
2026-10-01T15:21:00+02:00,s0_frac__upper,s0_frac,upper,0.04,16,Multimodal,30,1,300000,300000,1613.5988353092318,1600.0,13.598835309231845,48.150527117999445,V4,30,300000,8,0.04,0.005,0.05,1e-06,0.2,1.05,0.7,60,20,8,10,0.35,0.25,80.0,1e-12,False,3,4,0.5,True,False,1
2026-10-01T15:21:49+02:00,s0_frac__upper,s0_frac,upper,0.04,16,Multimodal,30,2,300000,300000,1613.7130389571084,1600.0,13.713038957108438,48.60678963799728,V4,30,300000,8,0.04,0.005,0.05,1e-06,0.2,1.05,0.7,60,20,8,10,0.35,0.25,80.0,1e-12,False,3,4,0.5,True,False,1
2026-10-01T15:22:36+02:00,s0_frac__upper,s0_frac,upper,0.04,16,Multimodal,30,3,300000,300000,1613.7598896502604,1600.0,13.759889650260448,47.69061520299874,V4,30,300000,8,0.04,0.005,0.05,1e-06,0.2,1.05,0.7,60,20,8,10,0.35,0.25,80.0,1e-12,False,3,4,0.5,True,False,1
2026-10-01T15:23:25+02:00,s0_frac__upper,s0_frac,upper,0.04,16,Multimodal,30,4,300000,300000,1613.3696225603312,1600.0,13.369622560331209,48.902489402000356,V4,30,300000,8,0.04,0.005,0.05,1e-06,0.2,1.05,0.7,60,20,8,10,0.35,0.25,80.0,1e-12,False,3,4,0.5,True,False,1
2026-10-01T15:23:41+02:00,s0_frac__upper,s0_frac,upper,0.04,17,Hybrid,30,0,300000,300000,104570.18946332455,1700.0,102870.18946332455,15.806188874001236,V4,30,300000,8,0.04,0.005,0.05,1e-06,0.2,1.05,0.7,60,20,8,10,0.35,0.25,80.0,1e-12,False,3,4,0.5,True,False,1
2026-10-01T15:23:58+02:00,s0_frac__upper,s0_frac,upper,0.04,17,Hybrid,30,1,300000,300000,259283.23546486485,1700.0,257583.23546486485,16.77439186799893,V4,30,300000,8,0.04,0.005,0.05,1e-06,0.2,1.05,0.7,60,20,8,10,0.35,0.25,80.0,1e-12,False,3,4,0.5,True,False,1
2026-10-01T15:24:14+02:00,s0_frac__upper,s0_frac,upper,0.04,17,Hybrid,30,2,300000,300000,288012.9984320977,1700.0,286312.9984320977,16.323008643998037,V4,30,300000,8,0.04,0.005,0.05,1e-06,0.2,1.05,0.7,60,20,8,10,0.35,0.25,80.0,1e-12,False,3,4,0.5,True,False,1
2026-10-01T15:24:32+02:00,s0_frac__upper,s0_frac,upper,0.04,17,Hybrid,30,3,300000,300000,161692.01499590994,1700.0,159992.01499590994,17.24727224399976,V4,30,300000,8,0.04,0.005,0.05,1e-06,0.2,1.05,0.7,60,20,8,10,0.35,0.25,80.0,1e-12,False,3,4,0.5,True,False,1
2026-10-01T15:24:50+02:00,s0_frac__upper,s0_frac,upper,0.04,17,Hybrid,30,4,300000,300000,56374.51498650541,1700.0,54674.51498650541,18.78650681200088,V4,30,300000,8,0.04,0.005,0.05,1e-06,0.2,1.05,0.7,60,20,8,10,0.35,0.25,80.0,1e-12,False,3,4,0.5,True,False,1
2026-10-01T15:25:01+02:00,s0_frac__upper,s0_frac,upper,0.04,18,Hybrid,30,0,300000,300000,87153.64639344305,1800.0,85353.64639344305,10.159193314000731,V4,30,300000,8,0.04,0.005,0.05,1e-06,0.2,1.05,0.7,60,20,8,10,0.35,0.25,80.0,1e-12,False,3,4,0.5,True,False,1
2026-10-01T15:25:11+02:00,s0_frac__upper,s0_frac,upper,0.04,18,Hybrid,30,1,300000,300000,51668.75372975343,1800.0,49868.75372975343,10.22053308500108,V4,30,300000,8,0.04,0.005,0.05,1e-06,0.2,1.05,0.7,60,20,8,10,0.35,0.25,80.0,1e-12,False,3,4,0.5,True,False,1
2026-10-01T15:25:21+02:00,s0_frac__upper,s0_frac,upper,0.04,18,Hybrid,30,2,300000,300000,92941.83674572648,1800.0,91141.83674572648,10.070354523999413,V4,30,300000,8,0.04,0.005,0.05,1e-06,0.2,1.05,0.7,60,20,8,10,0.35,0.25,80.0,1e-12,False,3,4,0.5,True,False,1
2026-10-01T15:25:31+02:00,s0_frac__upper,s0_frac,upper,0.04,18,Hybrid,30,3,300000,300000,111714.21335121435,1800.0,109914.21335121435,10.101956906997657,V4,30,300000,8,0.04,0.005,0.05,1e-06,0.2,1.05,0.7,60,20,8,10,0.35,0.25,80.0,1e-12,False,3,4,0.5,True,False,1
2026-10-01T15:25:42+02:00,s0_frac__upper,s0_frac,upper,0.04,18,Hybrid,30,4,300000,300000,104481.3737830476,1800.0,102681.3737830476,10.435434400998929,V4,30,300000,8,0.04,0.005,0.05,1e-06,0.2,1.05,0.7,60,20,8,10,0.35,0.25,80.0,1e-12,False,3,4,0.5,True,False,1
2026-10-01T15:26:16+02:00,s0_frac__upper,s0_frac,upper,0.04,19,Hybrid,30,0,300000,300000,1954.51016174464,1900.0,54.51016174464007,33.99512008199963,V4,30,300000,8,0.04,0.005,0.05,1e-06,0.2,1.05,0.7,60,20,8,10,0.35,0.25,80.0,1e-12,False,3,4,0.5,True,False,1
2026-10-01T15:26:50+02:00,s0_frac__upper,s0_frac,upper,0.04,19,Hybrid,30,1,300000,300000,1932.8947849556566,1900.0,32.89478495565663,34.426041401002294,V4,30,300000,8,0.04,0.005,0.05,1e-06,0.2,1.05,0.7,60,20,8,10,0.35,0.25,80.0,1e-12,False,3,4,0.5,True,False,1
2026-10-01T15:27:25+02:00,s0_frac__upper,s0_frac,upper,0.04,19,Hybrid,30,2,300000,300000,1935.0441891477617,1900.0,35.0441891477617,35.15338281399818,V4,30,300000,8,0.04,0.005,0.05,1e-06,0.2,1.05,0.7,60,20,8,10,0.35,0.25,80.0,1e-12,False,3,4,0.5,True,False,1
2026-10-01T15:28:01+02:00,s0_frac__upper,s0_frac,upper,0.04,19,Hybrid,30,3,300000,300000,1932.700912431583,1900.0,32.70091243158299,36.10093419000259,V4,30,300000,8,0.04,0.005,0.05,1e-06,0.2,1.05,0.7,60,20,8,10,0.35,0.25,80.0,1e-12,False,3,4,0.5,True,False,1
2026-10-01T15:28:37+02:00,s0_frac__upper,s0_frac,upper,0.04,19,Hybrid,30,4,300000,300000,1939.069029109062,1900.0,39.06902910906206,35.70504082700063,V4,30,300000,8,0.04,0.005,0.05,1e-06,0.2,1.05,0.7,60,20,8,10,0.35,0.25,80.0,1e-12,False,3,4,0.5,True,False,1
2026-10-01T15:28:51+02:00,s0_frac__upper,s0_frac,upper,0.04,20,Hybrid,30,0,300000,300000,22450.486835638258,2000.0,20450.486835638258,13.593768422000721,V4,30,300000,8,0.04,0.005,0.05,1e-06,0.2,1.05,0.7,60,20,8,10,0.35,0.25,80.0,1e-12,False,3,4,0.5,True,False,1
2026-10-01T15:29:04+02:00,s0_frac__upper,s0_frac,upper,0.04,20,Hybrid,30,1,300000,300000,40472.18801602388,2000.0,38472.18801602388,13.431579997999506,V4,30,300000,8,0.04,0.005,0.05,1e-06,0.2,1.05,0.7,60,20,8,10,0.35,0.25,80.0,1e-12,False,3,4,0.5,True,False,1
2026-10-01T15:29:18+02:00,s0_frac__upper,s0_frac,upper,0.04,20,Hybrid,30,2,300000,300000,33597.7806332988,2000.0,31597.780633298797,13.112122968999756,V4,30,300000,8,0.04,0.005,0.05,1e-06,0.2,1.05,0.7,60,20,8,10,0.35,0.25,80.0,1e-12,False,3,4,0.5,True,False,1
2026-10-01T15:29:31+02:00,s0_frac__upper,s0_frac,upper,0.04,20,Hybrid,30,3,300000,300000,34995.30261976827,2000.0,32995.30261976827,13.582393119999324,V4,30,300000,8,0.04,0.005,0.05,1e-06,0.2,1.05,0.7,60,20,8,10,0.35,0.25,80.0,1e-12,False,3,4,0.5,True,False,1
2026-10-01T15:29:44+02:00,s0_frac__upper,s0_frac,upper,0.04,20,Hybrid,30,4,300000,300000,44654.11626900337,2000.0,42654.11626900337,13.28792898499887,V4,30,300000,8,0.04,0.005,0.05,1e-06,0.2,1.05,0.7,60,20,8,10,0.35,0.25,80.0,1e-12,False,3,4,0.5,True,False,1
2026-10-01T15:30:10+02:00,s0_frac__upper,s0_frac,upper,0.04,21,Hybrid,30,0,300000,300000,34221.32204105099,2100.0,32121.32204105099,25.948767210997175,V4,30,300000,8,0.04,0.005,0.05,1e-06,0.2,1.05,0.7,60,20,8,10,0.35,0.25,80.0,1e-12,False,3,4,0.5,True,False,1
2026-10-01T15:30:36+02:00,s0_frac__upper,s0_frac,upper,0.04,21,Hybrid,30,1,300000,300000,44626.81978657797,2100.0,42526.81978657797,25.11835163300202,V4,30,300000,8,0.04,0.005,0.05,1e-06,0.2,1.05,0.7,60,20,8,10,0.35,0.25,80.0,1e-12,False,3,4,0.5,True,False,1
2026-10-01T15:31:00+02:00,s0_frac__upper,s0_frac,upper,0.04,21,Hybrid,30,2,300000,300000,44906.500280317494,2100.0,42806.500280317494,24.501511159000074,V4,30,300000,8,0.04,0.005,0.05,1e-06,0.2,1.05,0.7,60,20,8,10,0.35,0.25,80.0,1e-12,False,3,4,0.5,True,False,1
2026-10-01T15:31:25+02:00,s0_frac__upper,s0_frac,upper,0.04,21,Hybrid,30,3,300000,300000,35749.57485136946,2100.0,33649.57485136946,24.838539905998914,V4,30,300000,8,0.04,0.005,0.05,1e-06,0.2,1.05,0.7,60,20,8,10,0.35,0.25,80.0,1e-12,False,3,4,0.5,True,False,1
2026-10-01T15:31:51+02:00,s0_frac__upper,s0_frac,upper,0.04,21,Hybrid,30,4,300000,300000,36462.491312657476,2100.0,34362.491312657476,25.31938311400154,V4,30,300000,8,0.04,0.005,0.05,1e-06,0.2,1.05,0.7,60,20,8,10,0.35,0.25,80.0,1e-12,False,3,4,0.5,True,False,1
2026-10-01T15:33:11+02:00,s0_frac__upper,s0_frac,upper,0.04,22,Hybrid,30,0,300000,300000,2781.984633929717,2200.0,581.9846339297169,80.33703468100066,V4,30,300000,8,0.04,0.005,0.05,1e-06,0.2,1.05,0.7,60,20,8,10,0.35,0.25,80.0,1e-12,False,3,4,0.5,True,False,1
2026-10-01T15:34:29+02:00,s0_frac__upper,s0_frac,upper,0.04,22,Hybrid,30,1,300000,300000,2604.941853900071,2200.0,404.9418539000708,78.25216241800081,V4,30,300000,8,0.04,0.005,0.05,1e-06,0.2,1.05,0.7,60,20,8,10,0.35,0.25,80.0,1e-12,False,3,4,0.5,True,False,1
2026-10-01T15:35:48+02:00,s0_frac__upper,s0_frac,upper,0.04,22,Hybrid,30,2,300000,300000,2374.1627394735256,2200.0,174.16273947352556,78.31136170299942,V4,30,300000,8,0.04,0.005,0.05,1e-06,0.2,1.05,0.7,60,20,8,10,0.35,0.25,80.0,1e-12,False,3,4,0.5,True,False,1
2026-10-01T15:37:05+02:00,s0_frac__upper,s0_frac,upper,0.04,22,Hybrid,30,3,300000,300000,2528.599604168662,2200.0,328.59960416866215,77.16610013600075,V4,30,300000,8,0.04,0.005,0.05,1e-06,0.2,1.05,0.7,60,20,8,10,0.35,0.25,80.0,1e-12,False,3,4,0.5,True,False,1
2026-10-01T15:38:22+02:00,s0_frac__upper,s0_frac,upper,0.04,22,Hybrid,30,4,300000,300000,2474.8504550691605,2200.0,274.8504550691605,76.88075745899914,V4,30,300000,8,0.04,0.005,0.05,1e-06,0.2,1.05,0.7,60,20,8,10,0.35,0.25,80.0,1e-12,False,3,4,0.5,True,False,1
2026-10-01T15:38:42+02:00,s0_frac__upper,s0_frac,upper,0.04,23,Composition,30,0,300000,300000,2522.8676618071645,2300.0,222.8676618071645,20.36299691000022,V4,30,300000,8,0.04,0.005,0.05,1e-06,0.2,1.05,0.7,60,20,8,10,0.35,0.25,80.0,1e-12,False,3,4,0.5,True,False,1
2026-10-01T15:39:02+02:00,s0_frac__upper,s0_frac,upper,0.04,23,Composition,30,1,300000,300000,2522.863878866706,2300.0,222.86387886670582,19.879629137001757,V4,30,300000,8,0.04,0.005,0.05,1e-06,0.2,1.05,0.7,60,20,8,10,0.35,0.25,80.0,1e-12,False,3,4,0.5,True,False,1
2026-10-01T15:39:22+02:00,s0_frac__upper,s0_frac,upper,0.04,23,Composition,30,2,300000,300000,2522.85759842695,2300.0,222.85759842695006,19.68481219000023,V4,30,300000,8,0.04,0.005,0.05,1e-06,0.2,1.05,0.7,60,20,8,10,0.35,0.25,80.0,1e-12,False,3,4,0.5,True,False,1
2026-10-01T15:39:42+02:00,s0_frac__upper,s0_frac,upper,0.04,23,Composition,30,3,300000,300000,2522.869423731914,2300.0,222.86942373191414,20.04189341899837,V4,30,300000,8,0.04,0.005,0.05,1e-06,0.2,1.05,0.7,60,20,8,10,0.35,0.25,80.0,1e-12,False,3,4,0.5,True,False,1
2026-10-01T15:40:03+02:00,s0_frac__upper,s0_frac,upper,0.04,23,Composition,30,4,300000,300000,2522.8585120469183,2300.0,222.85851204691835,20.547808355000598,V4,30,300000,8,0.04,0.005,0.05,1e-06,0.2,1.05,0.7,60,20,8,10,0.35,0.25,80.0,1e-12,False,3,4,0.5,True,False,1
2026-10-01T15:40:27+02:00,s0_frac__upper,s0_frac,upper,0.04,24,Composition,30,0,300000,300000,2628.356717686087,2400.0,228.356717686087,24.614804901000753,V4,30,300000,8,0.04,0.005,0.05,1e-06,0.2,1.05,0.7,60,20,8,10,0.35,0.25,80.0,1e-12,False,3,4,0.5,True,False,1
2026-10-01T15:40:50+02:00,s0_frac__upper,s0_frac,upper,0.04,24,Composition,30,1,300000,300000,2622.075773036031,2400.0,222.07577303603102,23.206996640001307,V4,30,300000,8,0.04,0.005,0.05,1e-06,0.2,1.05,0.7,60,20,8,10,0.35,0.25,80.0,1e-12,False,3,4,0.5,True,False,1
2026-10-01T15:41:13+02:00,s0_frac__upper,s0_frac,upper,0.04,24,Composition,30,2,300000,300000,2630.80687859924,2400.0,230.80687859924,22.789301622000494,V4,30,300000,8,0.04,0.005,0.05,1e-06,0.2,1.05,0.7,60,20,8,10,0.35,0.25,80.0,1e-12,False,3,4,0.5,True,False,1
2026-10-01T15:41:36+02:00,s0_frac__upper,s0_frac,upper,0.04,24,Composition,30,3,300000,300000,2626.681110840262,2400.0,226.68111084026214,22.816838449001807,V4,30,300000,8,0.04,0.005,0.05,1e-06,0.2,1.05,0.7,60,20,8,10,0.35,0.25,80.0,1e-12,False,3,4,0.5,True,False,1
2026-10-01T15:42:01+02:00,s0_frac__upper,s0_frac,upper,0.04,24,Composition,30,4,300000,300000,2626.0173723600774,2400.0,226.0173723600774,24.37397805100045,V4,30,300000,8,0.04,0.005,0.05,1e-06,0.2,1.05,0.7,60,20,8,10,0.35,0.25,80.0,1e-12,False,3,4,0.5,True,False,1
2026-10-01T15:42:24+02:00,s0_frac__upper,s0_frac,upper,0.04,25,Composition,30,0,300000,300000,2712.0767926104186,2500.0,212.07679261041858,23.146108936998644,V4,30,300000,8,0.04,0.005,0.05,1e-06,0.2,1.05,0.7,60,20,8,10,0.35,0.25,80.0,1e-12,False,3,4,0.5,True,False,1
2026-10-01T15:42:47+02:00,s0_frac__upper,s0_frac,upper,0.04,25,Composition,30,1,300000,300000,2714.563998774704,2500.0,214.56399877470403,23.24441054199997,V4,30,300000,8,0.04,0.005,0.05,1e-06,0.2,1.05,0.7,60,20,8,10,0.35,0.25,80.0,1e-12,False,3,4,0.5,True,False,1
2026-10-01T15:43:10+02:00,s0_frac__upper,s0_frac,upper,0.04,25,Composition,30,2,300000,300000,2718.912974964171,2500.0,218.9129749641711,22.5594815680015,V4,30,300000,8,0.04,0.005,0.05,1e-06,0.2,1.05,0.7,60,20,8,10,0.35,0.25,80.0,1e-12,False,3,4,0.5,True,False,1
2026-10-01T15:43:33+02:00,s0_frac__upper,s0_frac,upper,0.04,25,Composition,30,3,300000,300000,2718.0013895165703,2500.0,218.00138951657027,23.574219292000635,V4,30,300000,8,0.04,0.005,0.05,1e-06,0.2,1.05,0.7,60,20,8,10,0.35,0.25,80.0,1e-12,False,3,4,0.5,True,False,1
2026-10-01T15:43:57+02:00,s0_frac__upper,s0_frac,upper,0.04,25,Composition,30,4,300000,300000,2715.035394037164,2500.0,215.03539403716422,23.047103578999668,V4,30,300000,8,0.04,0.005,0.05,1e-06,0.2,1.05,0.7,60,20,8,10,0.35,0.25,80.0,1e-12,False,3,4,0.5,True,False,1
2026-10-01T15:45:56+02:00,s0_frac__upper,s0_frac,upper,0.04,26,Composition,30,0,300000,300000,2800.1974158273038,2600.0,200.19741582730376,118.81827704500029,V4,30,300000,8,0.04,0.005,0.05,1e-06,0.2,1.05,0.7,60,20,8,10,0.35,0.25,80.0,1e-12,False,3,4,0.5,True,False,1
2026-10-01T15:47:53+02:00,s0_frac__upper,s0_frac,upper,0.04,26,Composition,30,1,300000,300000,2700.482883572911,2600.0,100.48288357291085,117.70269463800287,V4,30,300000,8,0.04,0.005,0.05,1e-06,0.2,1.05,0.7,60,20,8,10,0.35,0.25,80.0,1e-12,False,3,4,0.5,True,False,1
2026-10-01T15:49:47+02:00,s0_frac__upper,s0_frac,upper,0.04,26,Composition,30,2,300000,300000,2700.346536793118,2600.0,100.34653679311805,113.70078246100093,V4,30,300000,8,0.04,0.005,0.05,1e-06,0.2,1.05,0.7,60,20,8,10,0.35,0.25,80.0,1e-12,False,3,4,0.5,True,False,1
2026-10-01T15:51:40+02:00,s0_frac__upper,s0_frac,upper,0.04,26,Composition,30,3,300000,300000,2800.344463772154,2600.0,200.34446377215409,113.19094191899785,V4,30,300000,8,0.04,0.005,0.05,1e-06,0.2,1.05,0.7,60,20,8,10,0.35,0.25,80.0,1e-12,False,3,4,0.5,True,False,1
2026-10-01T15:53:35+02:00,s0_frac__upper,s0_frac,upper,0.04,26,Composition,30,4,300000,300000,2800.094230282871,2600.0,200.0942302828712,114.36501352499909,V4,30,300000,8,0.04,0.005,0.05,1e-06,0.2,1.05,0.7,60,20,8,10,0.35,0.25,80.0,1e-12,False,3,4,0.5,True,False,1
2026-10-01T15:55:29+02:00,s0_frac__upper,s0_frac,upper,0.04,27,Composition,30,0,300000,300000,3103.7243353705194,2700.0,403.7243353705194,114.44220664800014,V4,30,300000,8,0.04,0.005,0.05,1e-06,0.2,1.05,0.7,60,20,8,10,0.35,0.25,80.0,1e-12,False,3,4,0.5,True,False,1
2026-10-01T15:57:24+02:00,s0_frac__upper,s0_frac,upper,0.04,27,Composition,30,1,300000,300000,3107.5623000997775,2700.0,407.56230009977753,114.15898008300064,V4,30,300000,8,0.04,0.005,0.05,1e-06,0.2,1.05,0.7,60,20,8,10,0.35,0.25,80.0,1e-12,False,3,4,0.5,True,False,1
2026-10-01T15:59:17+02:00,s0_frac__upper,s0_frac,upper,0.04,27,Composition,30,2,300000,300000,3104.4975462169814,2700.0,404.4975462169814,113.34468539899899,V4,30,300000,8,0.04,0.005,0.05,1e-06,0.2,1.05,0.7,60,20,8,10,0.35,0.25,80.0,1e-12,False,3,4,0.5,True,False,1
2026-10-01T16:01:10+02:00,s0_frac__upper,s0_frac,upper,0.04,27,Composition,30,3,300000,300000,3103.1697856962346,2700.0,403.1697856962346,113.27431269799854,V4,30,300000,8,0.04,0.005,0.05,1e-06,0.2,1.05,0.7,60,20,8,10,0.35,0.25,80.0,1e-12,False,3,4,0.5,True,False,1
2026-10-01T16:03:06+02:00,s0_frac__upper,s0_frac,upper,0.04,27,Composition,30,4,300000,300000,3105.08156702117,2700.0,405.08156702117003,115.57916180000029,V4,30,300000,8,0.04,0.005,0.05,1e-06,0.2,1.05,0.7,60,20,8,10,0.35,0.25,80.0,1e-12,False,3,4,0.5,True,False,1
2026-10-01T16:04:17+02:00,s0_frac__upper,s0_frac,upper,0.04,28,Composition,30,0,300000,300000,6898.76979922184,2800.0,4098.76979922184,70.7604174420012,V4,30,300000,8,0.04,0.005,0.05,1e-06,0.2,1.05,0.7,60,20,8,10,0.35,0.25,80.0,1e-12,False,3,4,0.5,True,False,1
2026-10-01T16:05:27+02:00,s0_frac__upper,s0_frac,upper,0.04,28,Composition,30,1,300000,300000,6746.43747815329,2800.0,3946.4374781532897,70.1442401869972,V4,30,300000,8,0.04,0.005,0.05,1e-06,0.2,1.05,0.7,60,20,8,10,0.35,0.25,80.0,1e-12,False,3,4,0.5,True,False,1
2026-10-01T16:06:37+02:00,s0_frac__upper,s0_frac,upper,0.04,28,Composition,30,2,300000,300000,7573.556680476373,2800.0,4773.556680476373,69.76050250799744,V4,30,300000,8,0.04,0.005,0.05,1e-06,0.2,1.05,0.7,60,20,8,10,0.35,0.25,80.0,1e-12,False,3,4,0.5,True,False,1
2026-10-01T16:07:47+02:00,s0_frac__upper,s0_frac,upper,0.04,28,Composition,30,3,300000,300000,6013.168061050255,2800.0,3213.1680610502553,70.20210473900079,V4,30,300000,8,0.04,0.005,0.05,1e-06,0.2,1.05,0.7,60,20,8,10,0.35,0.25,80.0,1e-12,False,3,4,0.5,True,False,1
2026-10-01T16:09:00+02:00,s0_frac__upper,s0_frac,upper,0.04,28,Composition,30,4,300000,300000,7006.379752070413,2800.0,4206.379752070413,72.31866413900207,V4,30,300000,8,0.04,0.005,0.05,1e-06,0.2,1.05,0.7,60,20,8,10,0.35,0.25,80.0,1e-12,False,3,4,0.5,True,False,1
2026-10-01T16:09:56+02:00,s0_frac__upper,s0_frac,upper,0.04,29,Composition,30,0,300000,300000,19574.38831862162,2900.0,16674.38831862162,56.106633052997495,V4,30,300000,8,0.04,0.005,0.05,1e-06,0.2,1.05,0.7,60,20,8,10,0.35,0.25,80.0,1e-12,False,3,4,0.5,True,False,1
2026-10-01T16:10:50+02:00,s0_frac__upper,s0_frac,upper,0.04,29,Composition,30,1,300000,300000,14685.700272067717,2900.0,11785.700272067717,54.38935778599989,V4,30,300000,8,0.04,0.005,0.05,1e-06,0.2,1.05,0.7,60,20,8,10,0.35,0.25,80.0,1e-12,False,3,4,0.5,True,False,1
2026-10-01T16:11:45+02:00,s0_frac__upper,s0_frac,upper,0.04,29,Composition,30,2,300000,300000,7345.637198133607,2900.0,4445.637198133607,54.60661284000162,V4,30,300000,8,0.04,0.005,0.05,1e-06,0.2,1.05,0.7,60,20,8,10,0.35,0.25,80.0,1e-12,False,3,4,0.5,True,False,1
2026-10-01T16:12:41+02:00,s0_frac__upper,s0_frac,upper,0.04,29,Composition,30,3,300000,300000,23138.565068899454,2900.0,20238.565068899454,55.56266772000163,V4,30,300000,8,0.04,0.005,0.05,1e-06,0.2,1.05,0.7,60,20,8,10,0.35,0.25,80.0,1e-12,False,3,4,0.5,True,False,1
2026-10-01T16:13:36+02:00,s0_frac__upper,s0_frac,upper,0.04,29,Composition,30,4,300000,300000,17199.167827160272,2900.0,14299.167827160272,54.84402229400075,V4,30,300000,8,0.04,0.005,0.05,1e-06,0.2,1.05,0.7,60,20,8,10,0.35,0.25,80.0,1e-12,False,3,4,0.5,True,False,1
2026-10-01T16:15:25+02:00,s0_frac__upper,s0_frac,upper,0.04,30,Composition,30,0,300000,300000,36732.51427805812,3000.0,33732.51427805812,109.27963835499759,V4,30,300000,8,0.04,0.005,0.05,1e-06,0.2,1.05,0.7,60,20,8,10,0.35,0.25,80.0,1e-12,False,3,4,0.5,True,False,1
2026-10-01T16:17:15+02:00,s0_frac__upper,s0_frac,upper,0.04,30,Composition,30,1,300000,300000,38814.17416851937,3000.0,35814.17416851937,109.51867692000087,V4,30,300000,8,0.04,0.005,0.05,1e-06,0.2,1.05,0.7,60,20,8,10,0.35,0.25,80.0,1e-12,False,3,4,0.5,True,False,1
2026-10-01T16:19:04+02:00,s0_frac__upper,s0_frac,upper,0.04,30,Composition,30,2,300000,300000,31343.964848817617,3000.0,28343.964848817617,109.03793621700243,V4,30,300000,8,0.04,0.005,0.05,1e-06,0.2,1.05,0.7,60,20,8,10,0.35,0.25,80.0,1e-12,False,3,4,0.5,True,False,1
2026-10-01T16:20:55+02:00,s0_frac__upper,s0_frac,upper,0.04,30,Composition,30,3,300000,300000,31287.868842641605,3000.0,28287.868842641605,111.62692745599998,V4,30,300000,8,0.04,0.005,0.05,1e-06,0.2,1.05,0.7,60,20,8,10,0.35,0.25,80.0,1e-12,False,3,4,0.5,True,False,1
2026-10-01T16:22:42+02:00,s0_frac__upper,s0_frac,upper,0.04,30,Composition,30,4,300000,300000,31343.72733534201,3000.0,28343.72733534201,106.80261661600161,V4,30,300000,8,0.04,0.005,0.05,1e-06,0.2,1.05,0.7,60,20,8,10,0.35,0.25,80.0,1e-12,False,3,4,0.5,True,False,1
2026-10-01T16:22:50+02:00,delta0_frac__lower,delta0_frac,lower,0.0025,1,Unimodal,30,0,300000,300000,1777051.0060217238,100.0,1776951.0060217238,7.992553697000403,V4,30,300000,8,0.02,0.0025,0.05,1e-06,0.2,1.05,0.7,60,20,8,10,0.35,0.25,80.0,1e-12,False,3,4,0.5,True,False,1
2026-10-01T16:22:59+02:00,delta0_frac__lower,delta0_frac,lower,0.0025,1,Unimodal,30,1,300000,300000,3164868.4627760337,100.0,3164768.4627760337,8.880960634996882,V4,30,300000,8,0.02,0.0025,0.05,1e-06,0.2,1.05,0.7,60,20,8,10,0.35,0.25,80.0,1e-12,False,3,4,0.5,True,False,1
2026-10-01T16:23:07+02:00,delta0_frac__lower,delta0_frac,lower,0.0025,1,Unimodal,30,2,300000,300000,5668131.225834525,100.0,5668031.225834525,7.964132930999767,V4,30,300000,8,0.02,0.0025,0.05,1e-06,0.2,1.05,0.7,60,20,8,10,0.35,0.25,80.0,1e-12,False,3,4,0.5,True,False,1
2026-10-01T16:23:15+02:00,delta0_frac__lower,delta0_frac,lower,0.0025,1,Unimodal,30,3,300000,300000,884154.2662700564,100.0,884054.2662700564,8.081280092999805,V4,30,300000,8,0.02,0.0025,0.05,1e-06,0.2,1.05,0.7,60,20,8,10,0.35,0.25,80.0,1e-12,False,3,4,0.5,True,False,1
2026-10-01T16:23:24+02:00,delta0_frac__lower,delta0_frac,lower,0.0025,1,Unimodal,30,4,300000,300000,3614879.709573259,100.0,3614779.709573259,8.265897786001005,V4,30,300000,8,0.02,0.0025,0.05,1e-06,0.2,1.05,0.7,60,20,8,10,0.35,0.25,80.0,1e-12,False,3,4,0.5,True,False,1
2026-10-01T16:23:31+02:00,delta0_frac__lower,delta0_frac,lower,0.0025,2,Unimodal,30,0,300000,300000,116418.51711044437,200.0,116218.51711044437,7.308942240997567,V4,30,300000,8,0.02,0.0025,0.05,1e-06,0.2,1.05,0.7,60,20,8,10,0.35,0.25,80.0,1e-12,False,3,4,0.5,True,False,1
2026-10-01T16:23:38+02:00,delta0_frac__lower,delta0_frac,lower,0.0025,2,Unimodal,30,1,300000,300000,53319.7696198763,200.0,53119.7696198763,6.872476558000926,V4,30,300000,8,0.02,0.0025,0.05,1e-06,0.2,1.05,0.7,60,20,8,10,0.35,0.25,80.0,1e-12,False,3,4,0.5,True,False,1
2026-10-01T16:23:45+02:00,delta0_frac__lower,delta0_frac,lower,0.0025,2,Unimodal,30,2,300000,300000,374253.78496747627,200.0,374053.78496747627,6.964800671001285,V4,30,300000,8,0.02,0.0025,0.05,1e-06,0.2,1.05,0.7,60,20,8,10,0.35,0.25,80.0,1e-12,False,3,4,0.5,True,False,1
2026-10-01T16:23:52+02:00,delta0_frac__lower,delta0_frac,lower,0.0025,2,Unimodal,30,3,300000,300000,164442.01888057598,200.0,164242.01888057598,7.193872210002155,V4,30,300000,8,0.02,0.0025,0.05,1e-06,0.2,1.05,0.7,60,20,8,10,0.35,0.25,80.0,1e-12,False,3,4,0.5,True,False,1
2026-10-01T16:23:59+02:00,delta0_frac__lower,delta0_frac,lower,0.0025,2,Unimodal,30,4,300000,300000,162030.86506943655,200.0,161830.86506943655,6.710225181999704,V4,30,300000,8,0.02,0.0025,0.05,1e-06,0.2,1.05,0.7,60,20,8,10,0.35,0.25,80.0,1e-12,False,3,4,0.5,True,False,1
2026-10-01T16:24:06+02:00,delta0_frac__lower,delta0_frac,lower,0.0025,3,Unimodal,30,0,300000,300000,30020.029806745115,300.0,29720.029806745115,7.30596363800214,V4,30,300000,8,0.02,0.0025,0.05,1e-06,0.2,1.05,0.7,60,20,8,10,0.35,0.25,80.0,1e-12,False,3,4,0.5,True,False,1
2026-10-01T16:24:13+02:00,delta0_frac__lower,delta0_frac,lower,0.0025,3,Unimodal,30,1,300000,300000,1485.4662719875012,300.0,1185.4662719875012,7.0795267350004,V4,30,300000,8,0.02,0.0025,0.05,1e-06,0.2,1.05,0.7,60,20,8,10,0.35,0.25,80.0,1e-12,False,3,4,0.5,True,False,1
2026-10-01T16:24:20+02:00,delta0_frac__lower,delta0_frac,lower,0.0025,3,Unimodal,30,2,300000,300000,9182.879281335088,300.0,8882.879281335088,6.8476797149996855,V4,30,300000,8,0.02,0.0025,0.05,1e-06,0.2,1.05,0.7,60,20,8,10,0.35,0.25,80.0,1e-12,False,3,4,0.5,True,False,1
2026-10-01T16:24:27+02:00,delta0_frac__lower,delta0_frac,lower,0.0025,3,Unimodal,30,3,300000,300000,36074.86640134062,300.0,35774.86640134062,7.150978131998272,V4,30,300000,8,0.02,0.0025,0.05,1e-06,0.2,1.05,0.7,60,20,8,10,0.35,0.25,80.0,1e-12,False,3,4,0.5,True,False,1
2026-10-01T16:24:35+02:00,delta0_frac__lower,delta0_frac,lower,0.0025,3,Unimodal,30,4,300000,300000,1088.9294865297134,300.0,788.9294865297134,7.563833231000899,V4,30,300000,8,0.02,0.0025,0.05,1e-06,0.2,1.05,0.7,60,20,8,10,0.35,0.25,80.0,1e-12,False,3,4,0.5,True,False,1
2026-10-01T16:24:45+02:00,delta0_frac__lower,delta0_frac,lower,0.0025,4,Multimodal,30,0,300000,300000,403.4375838956571,400.0,3.4375838956570988,9.806942301001982,V4,30,300000,8,0.02,0.0025,0.05,1e-06,0.2,1.05,0.7,60,20,8,10,0.35,0.25,80.0,1e-12,False,3,4,0.5,True,False,1
2026-10-01T16:24:54+02:00,delta0_frac__lower,delta0_frac,lower,0.0025,4,Multimodal,30,1,300000,300000,469.3920431110317,400.0,69.39204311103168,8.627046005000011,V4,30,300000,8,0.02,0.0025,0.05,1e-06,0.2,1.05,0.7,60,20,8,10,0.35,0.25,80.0,1e-12,False,3,4,0.5,True,False,1
2026-10-01T16:25:02+02:00,delta0_frac__lower,delta0_frac,lower,0.0025,4,Multimodal,30,2,300000,300000,403.8837706630371,400.0,3.883770663037126,8.777535508001165,V4,30,300000,8,0.02,0.0025,0.05,1e-06,0.2,1.05,0.7,60,20,8,10,0.35,0.25,80.0,1e-12,False,3,4,0.5,True,False,1
2026-10-01T16:25:11+02:00,delta0_frac__lower,delta0_frac,lower,0.0025,4,Multimodal,30,3,300000,300000,468.5479464359031,400.0,68.5479464359031,8.250496998000017,V4,30,300000,8,0.02,0.0025,0.05,1e-06,0.2,1.05,0.7,60,20,8,10,0.35,0.25,80.0,1e-12,False,3,4,0.5,True,False,1
2026-10-01T16:25:19+02:00,delta0_frac__lower,delta0_frac,lower,0.0025,4,Multimodal,30,4,300000,300000,470.92702760681027,400.0,70.92702760681027,8.782757368000603,V4,30,300000,8,0.02,0.0025,0.05,1e-06,0.2,1.05,0.7,60,20,8,10,0.35,0.25,80.0,1e-12,False,3,4,0.5,True,False,1
2026-10-01T16:25:27+02:00,delta0_frac__lower,delta0_frac,lower,0.0025,5,Multimodal,30,0,300000,300000,520.4701129338047,500.0,20.47011293380467,8.012936171999172,V4,30,300000,8,0.02,0.0025,0.05,1e-06,0.2,1.05,0.7,60,20,8,10,0.35,0.25,80.0,1e-12,False,3,4,0.5,True,False,1
2026-10-01T16:25:36+02:00,delta0_frac__lower,delta0_frac,lower,0.0025,5,Multimodal,30,1,300000,300000,520.6603673048281,500.0,20.660367304828128,8.055607239999517,V4,30,300000,8,0.02,0.0025,0.05,1e-06,0.2,1.05,0.7,60,20,8,10,0.35,0.25,80.0,1e-12,False,3,4,0.5,True,False,1
2026-10-01T16:25:44+02:00,delta0_frac__lower,delta0_frac,lower,0.0025,5,Multimodal,30,2,300000,300000,520.8007078508165,500.0,20.80070785081648,8.186490083000535,V4,30,300000,8,0.02,0.0025,0.05,1e-06,0.2,1.05,0.7,60,20,8,10,0.35,0.25,80.0,1e-12,False,3,4,0.5,True,False,1
2026-10-01T16:25:52+02:00,delta0_frac__lower,delta0_frac,lower,0.0025,5,Multimodal,30,3,300000,300000,520.5937578362744,500.0,20.59375783627445,8.248663776001194,V4,30,300000,8,0.02,0.0025,0.05,1e-06,0.2,1.05,0.7,60,20,8,10,0.35,0.25,80.0,1e-12,False,3,4,0.5,True,False,1
2026-10-01T16:26:00+02:00,delta0_frac__lower,delta0_frac,lower,0.0025,5,Multimodal,30,4,300000,300000,520.7208886531547,500.0,20.720888653154702,8.177480672999081,V4,30,300000,8,0.02,0.0025,0.05,1e-06,0.2,1.05,0.7,60,20,8,10,0.35,0.25,80.0,1e-12,False,3,4,0.5,True,False,1
2026-10-01T16:27:35+02:00,delta0_frac__lower,delta0_frac,lower,0.0025,6,Multimodal,30,0,300000,300000,637.5653935110329,600.0,37.56539351103288,94.67913767000209,V4,30,300000,8,0.02,0.0025,0.05,1e-06,0.2,1.05,0.7,60,20,8,10,0.35,0.25,80.0,1e-12,False,3,4,0.5,True,False,1
2026-10-01T16:29:09+02:00,delta0_frac__lower,delta0_frac,lower,0.0025,6,Multimodal,30,1,300000,300000,638.1021993303822,600.0,38.10219933038218,93.77168496499871,V4,30,300000,8,0.02,0.0025,0.05,1e-06,0.2,1.05,0.7,60,20,8,10,0.35,0.25,80.0,1e-12,False,3,4,0.5,True,False,1
2026-10-01T16:30:41+02:00,delta0_frac__lower,delta0_frac,lower,0.0025,6,Multimodal,30,2,300000,300000,631.0477229498714,600.0,31.0477229498714,92.35101422699881,V4,30,300000,8,0.02,0.0025,0.05,1e-06,0.2,1.05,0.7,60,20,8,10,0.35,0.25,80.0,1e-12,False,3,4,0.5,True,False,1
2026-10-01T16:32:14+02:00,delta0_frac__lower,delta0_frac,lower,0.0025,6,Multimodal,30,3,300000,300000,639.0884243218883,600.0,39.08842432188828,93.19675142300184,V4,30,300000,8,0.02,0.0025,0.05,1e-06,0.2,1.05,0.7,60,20,8,10,0.35,0.25,80.0,1e-12,False,3,4,0.5,True,False,1
2026-10-01T16:33:46+02:00,delta0_frac__lower,delta0_frac,lower,0.0025,6,Multimodal,30,4,300000,300000,634.2731680279034,600.0,34.27316802790335,91.12842223899861,V4,30,300000,8,0.02,0.0025,0.05,1e-06,0.2,1.05,0.7,60,20,8,10,0.35,0.25,80.0,1e-12,False,3,4,0.5,True,False,1
2026-10-01T16:33:54+02:00,delta0_frac__lower,delta0_frac,lower,0.0025,7,Multimodal,30,0,300000,300000,700.0783079440021,700.0,0.07830794400206287,8.554146168000443,V4,30,300000,8,0.02,0.0025,0.05,1e-06,0.2,1.05,0.7,60,20,8,10,0.35,0.25,80.0,1e-12,False,3,4,0.5,True,False,1
2026-10-01T16:34:02+02:00,delta0_frac__lower,delta0_frac,lower,0.0025,7,Multimodal,30,1,300000,300000,700.0861054199218,700.0,0.08610541992175058,7.86643191499752,V4,30,300000,8,0.02,0.0025,0.05,1e-06,0.2,1.05,0.7,60,20,8,10,0.35,0.25,80.0,1e-12,False,3,4,0.5,True,False,1
2026-10-01T16:34:10+02:00,delta0_frac__lower,delta0_frac,lower,0.0025,7,Multimodal,30,2,300000,300000,700.0627859812615,700.0,0.06278598126152701,7.9228823040029965,V4,30,300000,8,0.02,0.0025,0.05,1e-06,0.2,1.05,0.7,60,20,8,10,0.35,0.25,80.0,1e-12,False,3,4,0.5,True,False,1
2026-10-01T16:34:18+02:00,delta0_frac__lower,delta0_frac,lower,0.0025,7,Multimodal,30,3,300000,300000,700.0624723616769,700.0,0.06247236167689607,7.923037791999377,V4,30,300000,8,0.02,0.0025,0.05,1e-06,0.2,1.05,0.7,60,20,8,10,0.35,0.25,80.0,1e-12,False,3,4,0.5,True,False,1
2026-10-01T16:34:26+02:00,delta0_frac__lower,delta0_frac,lower,0.0025,7,Multimodal,30,4,300000,300000,700.0506804608505,700.0,0.050680460850458076,7.988696329997765,V4,30,300000,8,0.02,0.0025,0.05,1e-06,0.2,1.05,0.7,60,20,8,10,0.35,0.25,80.0,1e-12,False,3,4,0.5,True,False,1
2026-10-01T16:34:34+02:00,delta0_frac__lower,delta0_frac,lower,0.0025,8,Multimodal,30,0,300000,300000,1065.0494241391143,800.0,265.0494241391143,7.560111466002127,V4,30,300000,8,0.02,0.0025,0.05,1e-06,0.2,1.05,0.7,60,20,8,10,0.35,0.25,80.0,1e-12,False,3,4,0.5,True,False,1
2026-10-01T16:34:41+02:00,delta0_frac__lower,delta0_frac,lower,0.0025,8,Multimodal,30,1,300000,300000,1113.5396686588288,800.0,313.53966865882876,7.578283162001753,V4,30,300000,8,0.02,0.0025,0.05,1e-06,0.2,1.05,0.7,60,20,8,10,0.35,0.25,80.0,1e-12,False,3,4,0.5,True,False,1
2026-10-01T16:34:49+02:00,delta0_frac__lower,delta0_frac,lower,0.0025,8,Multimodal,30,2,300000,300000,1104.4924377312518,800.0,304.4924377312518,7.573661585996888,V4,30,300000,8,0.02,0.0025,0.05,1e-06,0.2,1.05,0.7,60,20,8,10,0.35,0.25,80.0,1e-12,False,3,4,0.5,True,False,1
2026-10-01T16:34:56+02:00,delta0_frac__lower,delta0_frac,lower,0.0025,8,Multimodal,30,3,300000,300000,1120.5454885557033,800.0,320.5454885557033,7.582380071002262,V4,30,300000,8,0.02,0.0025,0.05,1e-06,0.2,1.05,0.7,60,20,8,10,0.35,0.25,80.0,1e-12,False,3,4,0.5,True,False,1
2026-10-01T16:35:05+02:00,delta0_frac__lower,delta0_frac,lower,0.0025,8,Multimodal,30,4,300000,300000,1056.1630955599487,800.0,256.1630955599487,8.131439972999942,V4,30,300000,8,0.02,0.0025,0.05,1e-06,0.2,1.05,0.7,60,20,8,10,0.35,0.25,80.0,1e-12,False,3,4,0.5,True,False,1
2026-10-01T16:35:13+02:00,delta0_frac__lower,delta0_frac,lower,0.0025,9,Multimodal,30,0,300000,300000,1366.7328784846081,900.0,466.73287848460814,8.344063460001053,V4,30,300000,8,0.02,0.0025,0.05,1e-06,0.2,1.05,0.7,60,20,8,10,0.35,0.25,80.0,1e-12,False,3,4,0.5,True,False,1
2026-10-01T16:35:21+02:00,delta0_frac__lower,delta0_frac,lower,0.0025,9,Multimodal,30,1,300000,300000,1233.5263530493112,900.0,333.5263530493112,7.746447780999006,V4,30,300000,8,0.02,0.0025,0.05,1e-06,0.2,1.05,0.7,60,20,8,10,0.35,0.25,80.0,1e-12,False,3,4,0.5,True,False,1
2026-10-01T16:35:29+02:00,delta0_frac__lower,delta0_frac,lower,0.0025,9,Multimodal,30,2,300000,300000,1344.9656169509421,900.0,444.96561695094215,7.8652548489990295,V4,30,300000,8,0.02,0.0025,0.05,1e-06,0.2,1.05,0.7,60,20,8,10,0.35,0.25,80.0,1e-12,False,3,4,0.5,True,False,1
2026-10-01T16:35:39+02:00,delta0_frac__lower,delta0_frac,lower,0.0025,9,Multimodal,30,3,300000,300000,1317.0038333745658,900.0,417.00383337456583,10.188967002999561,V4,30,300000,8,0.02,0.0025,0.05,1e-06,0.2,1.05,0.7,60,20,8,10,0.35,0.25,80.0,1e-12,False,3,4,0.5,True,False,1
2026-10-01T16:35:49+02:00,delta0_frac__lower,delta0_frac,lower,0.0025,9,Multimodal,30,4,300000,300000,1253.43406182268,900.0,353.43406182267995,9.673865117001696,V4,30,300000,8,0.02,0.0025,0.05,1e-06,0.2,1.05,0.7,60,20,8,10,0.35,0.25,80.0,1e-12,False,3,4,0.5,True,False,1
2026-10-01T16:36:02+02:00,delta0_frac__lower,delta0_frac,lower,0.0025,10,Multimodal,30,0,300000,300000,3582.084927178763,1000.0,2582.084927178763,13.214196557000832,V4,30,300000,8,0.02,0.0025,0.05,1e-06,0.2,1.05,0.7,60,20,8,10,0.35,0.25,80.0,1e-12,False,3,4,0.5,True,False,1
2026-10-01T16:36:15+02:00,delta0_frac__lower,delta0_frac,lower,0.0025,10,Multimodal,30,1,300000,300000,4016.4563152640694,1000.0,3016.4563152640694,13.010088138002175,V4,30,300000,8,0.02,0.0025,0.05,1e-06,0.2,1.05,0.7,60,20,8,10,0.35,0.25,80.0,1e-12,False,3,4,0.5,True,False,1
2026-10-01T16:36:28+02:00,delta0_frac__lower,delta0_frac,lower,0.0025,10,Multimodal,30,2,300000,300000,4260.736181499124,1000.0,3260.7361814991236,13.333886812000856,V4,30,300000,8,0.02,0.0025,0.05,1e-06,0.2,1.05,0.7,60,20,8,10,0.35,0.25,80.0,1e-12,False,3,4,0.5,True,False,1
2026-10-01T16:36:41+02:00,delta0_frac__lower,delta0_frac,lower,0.0025,10,Multimodal,30,3,300000,300000,4251.458173701552,1000.0,3251.4581737015524,13.160475101001794,V4,30,300000,8,0.02,0.0025,0.05,1e-06,0.2,1.05,0.7,60,20,8,10,0.35,0.25,80.0,1e-12,False,3,4,0.5,True,False,1
2026-10-01T16:36:55+02:00,delta0_frac__lower,delta0_frac,lower,0.0025,10,Multimodal,30,4,300000,300000,4222.252268330891,1000.0,3222.2522683308907,13.348500059997605,V4,30,300000,8,0.02,0.0025,0.05,1e-06,0.2,1.05,0.7,60,20,8,10,0.35,0.25,80.0,1e-12,False,3,4,0.5,True,False,1
2026-10-01T16:37:09+02:00,delta0_frac__lower,delta0_frac,lower,0.0025,11,Multimodal,30,0,300000,300000,4431.931343962258,1100.0,3331.9313439622583,14.497837032999087,V4,30,300000,8,0.02,0.0025,0.05,1e-06,0.2,1.05,0.7,60,20,8,10,0.35,0.25,80.0,1e-12,False,3,4,0.5,True,False,1
2026-10-01T16:37:23+02:00,delta0_frac__lower,delta0_frac,lower,0.0025,11,Multimodal,30,1,300000,300000,5431.064813023853,1100.0,4331.064813023853,13.492805961999693,V4,30,300000,8,0.02,0.0025,0.05,1e-06,0.2,1.05,0.7,60,20,8,10,0.35,0.25,80.0,1e-12,False,3,4,0.5,True,False,1
2026-10-01T16:37:37+02:00,delta0_frac__lower,delta0_frac,lower,0.0025,11,Multimodal,30,2,300000,300000,4433.691356928684,1100.0,3333.6913569286844,13.753872672001307,V4,30,300000,8,0.02,0.0025,0.05,1e-06,0.2,1.05,0.7,60,20,8,10,0.35,0.25,80.0,1e-12,False,3,4,0.5,True,False,1
2026-10-01T16:37:50+02:00,delta0_frac__lower,delta0_frac,lower,0.0025,11,Multimodal,30,3,300000,300000,4675.262193097595,1100.0,3575.2621930975947,13.287743754000985,V4,30,300000,8,0.02,0.0025,0.05,1e-06,0.2,1.05,0.7,60,20,8,10,0.35,0.25,80.0,1e-12,False,3,4,0.5,True,False,1
2026-10-01T16:38:04+02:00,delta0_frac__lower,delta0_frac,lower,0.0025,11,Multimodal,30,4,300000,300000,4852.908733956136,1100.0,3752.9087339561356,13.555230684996786,V4,30,300000,8,0.02,0.0025,0.05,1e-06,0.2,1.05,0.7,60,20,8,10,0.35,0.25,80.0,1e-12,False,3,4,0.5,True,False,1
2026-10-01T16:46:50+02:00,delta0_frac__lower,delta0_frac,lower,0.0025,12,Multimodal,30,0,300000,300000,1200.8883917857388,1200.0,0.8883917857388042,526.6150985340028,V4,30,300000,8,0.02,0.0025,0.05,1e-06,0.2,1.05,0.7,60,20,8,10,0.35,0.25,80.0,1e-12,False,3,4,0.5,True,False,1
2026-10-01T16:55:21+02:00,delta0_frac__lower,delta0_frac,lower,0.0025,12,Multimodal,30,1,300000,300000,1200.7572800622731,1200.0,0.7572800622731393,511.1089546550029,V4,30,300000,8,0.02,0.0025,0.05,1e-06,0.2,1.05,0.7,60,20,8,10,0.35,0.25,80.0,1e-12,False,3,4,0.5,True,False,1
2026-10-01T17:03:50+02:00,delta0_frac__lower,delta0_frac,lower,0.0025,12,Multimodal,30,2,300000,300000,1201.0239844796633,1200.0,1.0239844796633406,508.418460527002,V4,30,300000,8,0.02,0.0025,0.05,1e-06,0.2,1.05,0.7,60,20,8,10,0.35,0.25,80.0,1e-12,False,3,4,0.5,True,False,1
2026-10-01T17:12:14+02:00,delta0_frac__lower,delta0_frac,lower,0.0025,12,Multimodal,30,3,300000,300000,1201.013718409234,1200.0,1.0137184092338885,504.54620319899914,V4,30,300000,8,0.02,0.0025,0.05,1e-06,0.2,1.05,0.7,60,20,8,10,0.35,0.25,80.0,1e-12,False,3,4,0.5,True,False,1
2026-10-01T17:20:35+02:00,delta0_frac__lower,delta0_frac,lower,0.0025,12,Multimodal,30,4,300000,300000,1200.9783410711736,1200.0,0.9783410711736451,500.800480777998,V4,30,300000,8,0.02,0.0025,0.05,1e-06,0.2,1.05,0.7,60,20,8,10,0.35,0.25,80.0,1e-12,False,3,4,0.5,True,False,1
2026-10-01T17:20:43+02:00,delta0_frac__lower,delta0_frac,lower,0.0025,13,Multimodal,30,0,300000,300000,1300.2686351902607,1300.0,0.26863519026073845,7.386366945000191,V4,30,300000,8,0.02,0.0025,0.05,1e-06,0.2,1.05,0.7,60,20,8,10,0.35,0.25,80.0,1e-12,False,3,4,0.5,True,False,1
2026-10-01T17:20:50+02:00,delta0_frac__lower,delta0_frac,lower,0.0025,13,Multimodal,30,1,300000,300000,1300.2992148567785,1300.0,0.2992148567784625,7.242430467998929,V4,30,300000,8,0.02,0.0025,0.05,1e-06,0.2,1.05,0.7,60,20,8,10,0.35,0.25,80.0,1e-12,False,3,4,0.5,True,False,1
2026-10-01T17:20:57+02:00,delta0_frac__lower,delta0_frac,lower,0.0025,13,Multimodal,30,2,300000,300000,1300.263083121581,1300.0,0.26308312158107583,7.26535808799963,V4,30,300000,8,0.02,0.0025,0.05,1e-06,0.2,1.05,0.7,60,20,8,10,0.35,0.25,80.0,1e-12,False,3,4,0.5,True,False,1
2026-10-01T17:21:05+02:00,delta0_frac__lower,delta0_frac,lower,0.0025,13,Multimodal,30,3,300000,300000,1300.2849559276822,1300.0,0.2849559276821765,7.3183792130002985,V4,30,300000,8,0.02,0.0025,0.05,1e-06,0.2,1.05,0.7,60,20,8,10,0.35,0.25,80.0,1e-12,False,3,4,0.5,True,False,1
2026-10-01T17:21:12+02:00,delta0_frac__lower,delta0_frac,lower,0.0025,13,Multimodal,30,4,300000,300000,1300.3596272433974,1300.0,0.35962724339742635,7.386586904998694,V4,30,300000,8,0.02,0.0025,0.05,1e-06,0.2,1.05,0.7,60,20,8,10,0.35,0.25,80.0,1e-12,False,3,4,0.5,True,False,1
2026-10-01T17:21:20+02:00,delta0_frac__lower,delta0_frac,lower,0.0025,14,Multimodal,30,0,300000,300000,1400.2836952773278,1400.0,0.2836952773277517,7.488907598002697,V4,30,300000,8,0.02,0.0025,0.05,1e-06,0.2,1.05,0.7,60,20,8,10,0.35,0.25,80.0,1e-12,False,3,4,0.5,True,False,1
2026-10-01T17:21:27+02:00,delta0_frac__lower,delta0_frac,lower,0.0025,14,Multimodal,30,1,300000,300000,1400.3957018573508,1400.0,0.39570185735078667,7.457317476000753,V4,30,300000,8,0.02,0.0025,0.05,1e-06,0.2,1.05,0.7,60,20,8,10,0.35,0.25,80.0,1e-12,False,3,4,0.5,True,False,1
2026-10-01T17:21:34+02:00,delta0_frac__lower,delta0_frac,lower,0.0025,14,Multimodal,30,2,300000,300000,1400.4625966812705,1400.0,0.46259668127049736,7.273981289999938,V4,30,300000,8,0.02,0.0025,0.05,1e-06,0.2,1.05,0.7,60,20,8,10,0.35,0.25,80.0,1e-12,False,3,4,0.5,True,False,1
2026-10-01T17:21:42+02:00,delta0_frac__lower,delta0_frac,lower,0.0025,14,Multimodal,30,3,300000,300000,1400.4375081314904,1400.0,0.4375081314904037,7.232499082998402,V4,30,300000,8,0.02,0.0025,0.05,1e-06,0.2,1.05,0.7,60,20,8,10,0.35,0.25,80.0,1e-12,False,3,4,0.5,True,False,1
2026-10-01T17:21:49+02:00,delta0_frac__lower,delta0_frac,lower,0.0025,14,Multimodal,30,4,300000,300000,1400.3602270685074,1400.0,0.3602270685073563,7.588166113000625,V4,30,300000,8,0.02,0.0025,0.05,1e-06,0.2,1.05,0.7,60,20,8,10,0.35,0.25,80.0,1e-12,False,3,4,0.5,True,False,1
2026-10-01T17:21:57+02:00,delta0_frac__lower,delta0_frac,lower,0.0025,15,Multimodal,30,0,300000,300000,1509.2665453962638,1500.0,9.266545396263837,8.024425373998383,V4,30,300000,8,0.02,0.0025,0.05,1e-06,0.2,1.05,0.7,60,20,8,10,0.35,0.25,80.0,1e-12,False,3,4,0.5,True,False,1
2026-10-01T17:22:06+02:00,delta0_frac__lower,delta0_frac,lower,0.0025,15,Multimodal,30,1,300000,300000,1571.5343536339153,1500.0,71.53435363391532,8.262271552997845,V4,30,300000,8,0.02,0.0025,0.05,1e-06,0.2,1.05,0.7,60,20,8,10,0.35,0.25,80.0,1e-12,False,3,4,0.5,True,False,1
2026-10-01T17:22:14+02:00,delta0_frac__lower,delta0_frac,lower,0.0025,15,Multimodal,30,2,300000,300000,1507.71258595296,1500.0,7.712585952959898,8.356315983997774,V4,30,300000,8,0.02,0.0025,0.05,1e-06,0.2,1.05,0.7,60,20,8,10,0.35,0.25,80.0,1e-12,False,3,4,0.5,True,False,1
2026-10-01T17:22:22+02:00,delta0_frac__lower,delta0_frac,lower,0.0025,15,Multimodal,30,3,300000,300000,1507.8683724585155,1500.0,7.868372458515523,8.332547289002832,V4,30,300000,8,0.02,0.0025,0.05,1e-06,0.2,1.05,0.7,60,20,8,10,0.35,0.25,80.0,1e-12,False,3,4,0.5,True,False,1
2026-10-01T17:22:31+02:00,delta0_frac__lower,delta0_frac,lower,0.0025,15,Multimodal,30,4,300000,300000,1509.507651678613,1500.0,9.507651678613001,8.202682872000878,V4,30,300000,8,0.02,0.0025,0.05,1e-06,0.2,1.05,0.7,60,20,8,10,0.35,0.25,80.0,1e-12,False,3,4,0.5,True,False,1
2026-10-01T17:23:14+02:00,delta0_frac__lower,delta0_frac,lower,0.0025,16,Multimodal,30,0,300000,300000,1613.4371005968035,1600.0,13.437100596803475,43.365369704999466,V4,30,300000,8,0.02,0.0025,0.05,1e-06,0.2,1.05,0.7,60,20,8,10,0.35,0.25,80.0,1e-12,False,3,4,0.5,True,False,1
2026-10-01T17:23:58+02:00,delta0_frac__lower,delta0_frac,lower,0.0025,16,Multimodal,30,1,300000,300000,1613.4928580564829,1600.0,13.492858056482874,43.658106063998275,V4,30,300000,8,0.02,0.0025,0.05,1e-06,0.2,1.05,0.7,60,20,8,10,0.35,0.25,80.0,1e-12,False,3,4,0.5,True,False,1
2026-10-01T17:24:41+02:00,delta0_frac__lower,delta0_frac,lower,0.0025,16,Multimodal,30,2,300000,300000,1613.799022906967,1600.0,13.799022906966911,42.80245736999859,V4,30,300000,8,0.02,0.0025,0.05,1e-06,0.2,1.05,0.7,60,20,8,10,0.35,0.25,80.0,1e-12,False,3,4,0.5,True,False,1
2026-10-01T17:25:24+02:00,delta0_frac__lower,delta0_frac,lower,0.0025,16,Multimodal,30,3,300000,300000,1613.5995098210003,1600.0,13.59950982100031,43.49334046700096,V4,30,300000,8,0.02,0.0025,0.05,1e-06,0.2,1.05,0.7,60,20,8,10,0.35,0.25,80.0,1e-12,False,3,4,0.5,True,False,1
2026-10-01T17:26:08+02:00,delta0_frac__lower,delta0_frac,lower,0.0025,16,Multimodal,30,4,300000,300000,1613.295036065046,1600.0,13.295036065045906,43.62244386700331,V4,30,300000,8,0.02,0.0025,0.05,1e-06,0.2,1.05,0.7,60,20,8,10,0.35,0.25,80.0,1e-12,False,3,4,0.5,True,False,1
2026-10-01T17:26:22+02:00,delta0_frac__lower,delta0_frac,lower,0.0025,17,Hybrid,30,0,300000,300000,43745.86050371278,1700.0,42045.86050371278,14.464199369002017,V4,30,300000,8,0.02,0.0025,0.05,1e-06,0.2,1.05,0.7,60,20,8,10,0.35,0.25,80.0,1e-12,False,3,4,0.5,True,False,1
2026-10-01T17:26:38+02:00,delta0_frac__lower,delta0_frac,lower,0.0025,17,Hybrid,30,1,300000,300000,324929.55177621276,1700.0,323229.55177621276,15.22922950299835,V4,30,300000,8,0.02,0.0025,0.05,1e-06,0.2,1.05,0.7,60,20,8,10,0.35,0.25,80.0,1e-12,False,3,4,0.5,True,False,1
2026-10-01T17:26:53+02:00,delta0_frac__lower,delta0_frac,lower,0.0025,17,Hybrid,30,2,300000,300000,202337.25310346182,1700.0,200637.25310346182,15.310640491999948,V4,30,300000,8,0.02,0.0025,0.05,1e-06,0.2,1.05,0.7,60,20,8,10,0.35,0.25,80.0,1e-12,False,3,4,0.5,True,False,1
2026-10-01T17:27:08+02:00,delta0_frac__lower,delta0_frac,lower,0.0025,17,Hybrid,30,3,300000,300000,1018248.9397767485,1700.0,1016548.9397767485,15.29644242699942,V4,30,300000,8,0.02,0.0025,0.05,1e-06,0.2,1.05,0.7,60,20,8,10,0.35,0.25,80.0,1e-12,False,3,4,0.5,True,False,1
2026-10-01T17:27:23+02:00,delta0_frac__lower,delta0_frac,lower,0.0025,17,Hybrid,30,4,300000,300000,85818.48969165765,1700.0,84118.48969165765,15.113529759000812,V4,30,300000,8,0.02,0.0025,0.05,1e-06,0.2,1.05,0.7,60,20,8,10,0.35,0.25,80.0,1e-12,False,3,4,0.5,True,False,1
2026-10-01T17:27:33+02:00,delta0_frac__lower,delta0_frac,lower,0.0025,18,Hybrid,30,0,300000,300000,95403.35424273447,1800.0,93603.35424273447,9.495614871000726,V4,30,300000,8,0.02,0.0025,0.05,1e-06,0.2,1.05,0.7,60,20,8,10,0.35,0.25,80.0,1e-12,False,3,4,0.5,True,False,1
2026-10-01T17:27:43+02:00,delta0_frac__lower,delta0_frac,lower,0.0025,18,Hybrid,30,1,300000,300000,88956.5758929759,1800.0,87156.5758929759,9.505944860000454,V4,30,300000,8,0.02,0.0025,0.05,1e-06,0.2,1.05,0.7,60,20,8,10,0.35,0.25,80.0,1e-12,False,3,4,0.5,True,False,1
2026-10-01T17:27:52+02:00,delta0_frac__lower,delta0_frac,lower,0.0025,18,Hybrid,30,2,300000,300000,94340.59165572375,1800.0,92540.59165572375,9.138521993001632,V4,30,300000,8,0.02,0.0025,0.05,1e-06,0.2,1.05,0.7,60,20,8,10,0.35,0.25,80.0,1e-12,False,3,4,0.5,True,False,1
2026-10-01T17:28:01+02:00,delta0_frac__lower,delta0_frac,lower,0.0025,18,Hybrid,30,3,300000,300000,57841.22149662317,1800.0,56041.22149662317,9.178801959998964,V4,30,300000,8,0.02,0.0025,0.05,1e-06,0.2,1.05,0.7,60,20,8,10,0.35,0.25,80.0,1e-12,False,3,4,0.5,True,False,1
2026-10-01T17:28:11+02:00,delta0_frac__lower,delta0_frac,lower,0.0025,18,Hybrid,30,4,300000,300000,102857.43946671515,1800.0,101057.43946671515,9.425866342997324,V4,30,300000,8,0.02,0.0025,0.05,1e-06,0.2,1.05,0.7,60,20,8,10,0.35,0.25,80.0,1e-12,False,3,4,0.5,True,False,1
2026-10-01T17:28:42+02:00,delta0_frac__lower,delta0_frac,lower,0.0025,19,Hybrid,30,0,300000,300000,1930.7003471621415,1900.0,30.700347162141497,31.50268863200108,V4,30,300000,8,0.02,0.0025,0.05,1e-06,0.2,1.05,0.7,60,20,8,10,0.35,0.25,80.0,1e-12,False,3,4,0.5,True,False,1
2026-10-01T17:29:14+02:00,delta0_frac__lower,delta0_frac,lower,0.0025,19,Hybrid,30,1,300000,300000,1923.4791891502327,1900.0,23.47918915023274,32.04882516200087,V4,30,300000,8,0.02,0.0025,0.05,1e-06,0.2,1.05,0.7,60,20,8,10,0.35,0.25,80.0,1e-12,False,3,4,0.5,True,False,1
2026-10-01T17:29:46+02:00,delta0_frac__lower,delta0_frac,lower,0.0025,19,Hybrid,30,2,300000,300000,1935.7882640563325,1900.0,35.78826405633254,31.48180857099942,V4,30,300000,8,0.02,0.0025,0.05,1e-06,0.2,1.05,0.7,60,20,8,10,0.35,0.25,80.0,1e-12,False,3,4,0.5,True,False,1
2026-10-01T17:30:17+02:00,delta0_frac__lower,delta0_frac,lower,0.0025,19,Hybrid,30,3,300000,300000,1923.1505804197548,1900.0,23.15058041975476,31.5751502230014,V4,30,300000,8,0.02,0.0025,0.05,1e-06,0.2,1.05,0.7,60,20,8,10,0.35,0.25,80.0,1e-12,False,3,4,0.5,True,False,1
2026-10-01T17:30:49+02:00,delta0_frac__lower,delta0_frac,lower,0.0025,19,Hybrid,30,4,300000,300000,1934.7141412984222,1900.0,34.71414129842219,31.50474055199811,V4,30,300000,8,0.02,0.0025,0.05,1e-06,0.2,1.05,0.7,60,20,8,10,0.35,0.25,80.0,1e-12,False,3,4,0.5,True,False,1
2026-10-01T17:31:01+02:00,delta0_frac__lower,delta0_frac,lower,0.0025,20,Hybrid,30,0,300000,300000,21010.70821565318,2000.0,19010.70821565318,11.95889435099889,V4,30,300000,8,0.02,0.0025,0.05,1e-06,0.2,1.05,0.7,60,20,8,10,0.35,0.25,80.0,1e-12,False,3,4,0.5,True,False,1
2026-10-01T17:31:13+02:00,delta0_frac__lower,delta0_frac,lower,0.0025,20,Hybrid,30,1,300000,300000,36344.98346766168,2000.0,34344.98346766168,11.759752013997058,V4,30,300000,8,0.02,0.0025,0.05,1e-06,0.2,1.05,0.7,60,20,8,10,0.35,0.25,80.0,1e-12,False,3,4,0.5,True,False,1
2026-10-01T17:31:25+02:00,delta0_frac__lower,delta0_frac,lower,0.0025,20,Hybrid,30,2,300000,300000,26989.186066865444,2000.0,24989.186066865444,12.152355463000276,V4,30,300000,8,0.02,0.0025,0.05,1e-06,0.2,1.05,0.7,60,20,8,10,0.35,0.25,80.0,1e-12,False,3,4,0.5,True,False,1
2026-10-01T17:31:37+02:00,delta0_frac__lower,delta0_frac,lower,0.0025,20,Hybrid,30,3,300000,300000,19550.511047207234,2000.0,17550.511047207234,11.97786440800337,V4,30,300000,8,0.02,0.0025,0.05,1e-06,0.2,1.05,0.7,60,20,8,10,0.35,0.25,80.0,1e-12,False,3,4,0.5,True,False,1
2026-10-01T17:31:49+02:00,delta0_frac__lower,delta0_frac,lower,0.0025,20,Hybrid,30,4,300000,300000,38470.64154878443,2000.0,36470.64154878443,11.899394273001235,V4,30,300000,8,0.02,0.0025,0.05,1e-06,0.2,1.05,0.7,60,20,8,10,0.35,0.25,80.0,1e-12,False,3,4,0.5,True,False,1
2026-10-01T17:32:11+02:00,delta0_frac__lower,delta0_frac,lower,0.0025,21,Hybrid,30,0,300000,300000,40889.53317586333,2100.0,38789.53317586333,22.49490892099857,V4,30,300000,8,0.02,0.0025,0.05,1e-06,0.2,1.05,0.7,60,20,8,10,0.35,0.25,80.0,1e-12,False,3,4,0.5,True,False,1
2026-10-01T17:32:34+02:00,delta0_frac__lower,delta0_frac,lower,0.0025,21,Hybrid,30,1,300000,300000,36224.90445251251,2100.0,34124.90445251251,22.716137911997066,V4,30,300000,8,0.02,0.0025,0.05,1e-06,0.2,1.05,0.7,60,20,8,10,0.35,0.25,80.0,1e-12,False,3,4,0.5,True,False,1
2026-10-01T17:32:56+02:00,delta0_frac__lower,delta0_frac,lower,0.0025,21,Hybrid,30,2,300000,300000,49976.60441567246,2100.0,47876.60441567246,22.147712539001077,V4,30,300000,8,0.02,0.0025,0.05,1e-06,0.2,1.05,0.7,60,20,8,10,0.35,0.25,80.0,1e-12,False,3,4,0.5,True,False,1
2026-10-01T17:33:19+02:00,delta0_frac__lower,delta0_frac,lower,0.0025,21,Hybrid,30,3,300000,300000,63007.5321199545,2100.0,60907.5321199545,22.219527616998676,V4,30,300000,8,0.02,0.0025,0.05,1e-06,0.2,1.05,0.7,60,20,8,10,0.35,0.25,80.0,1e-12,False,3,4,0.5,True,False,1
2026-10-01T17:33:41+02:00,delta0_frac__lower,delta0_frac,lower,0.0025,21,Hybrid,30,4,300000,300000,28245.559710446792,2100.0,26145.559710446792,22.340018930997758,V4,30,300000,8,0.02,0.0025,0.05,1e-06,0.2,1.05,0.7,60,20,8,10,0.35,0.25,80.0,1e-12,False,3,4,0.5,True,False,1
2026-10-01T17:34:51+02:00,delta0_frac__lower,delta0_frac,lower,0.0025,22,Hybrid,30,0,300000,300000,2926.6370367108498,2200.0,726.6370367108498,69.66136856700177,V4,30,300000,8,0.02,0.0025,0.05,1e-06,0.2,1.05,0.7,60,20,8,10,0.35,0.25,80.0,1e-12,False,3,4,0.5,True,False,1
2026-10-01T17:36:00+02:00,delta0_frac__lower,delta0_frac,lower,0.0025,22,Hybrid,30,1,300000,300000,2788.4547104855374,2200.0,588.4547104855374,69.08974336299798,V4,30,300000,8,0.02,0.0025,0.05,1e-06,0.2,1.05,0.7,60,20,8,10,0.35,0.25,80.0,1e-12,False,3,4,0.5,True,False,1
2026-10-01T17:37:09+02:00,delta0_frac__lower,delta0_frac,lower,0.0025,22,Hybrid,30,2,300000,300000,2831.6259481880993,2200.0,631.6259481880993,69.15701255900058,V4,30,300000,8,0.02,0.0025,0.05,1e-06,0.2,1.05,0.7,60,20,8,10,0.35,0.25,80.0,1e-12,False,3,4,0.5,True,False,1
2026-10-01T17:38:19+02:00,delta0_frac__lower,delta0_frac,lower,0.0025,22,Hybrid,30,3,300000,300000,2561.0391461219206,2200.0,361.03914612192057,69.25895323700024,V4,30,300000,8,0.02,0.0025,0.05,1e-06,0.2,1.05,0.7,60,20,8,10,0.35,0.25,80.0,1e-12,False,3,4,0.5,True,False,1
2026-10-01T17:39:28+02:00,delta0_frac__lower,delta0_frac,lower,0.0025,22,Hybrid,30,4,300000,300000,2697.8539643055883,2200.0,497.8539643055883,69.02794585400261,V4,30,300000,8,0.02,0.0025,0.05,1e-06,0.2,1.05,0.7,60,20,8,10,0.35,0.25,80.0,1e-12,False,3,4,0.5,True,False,1
2026-10-01T17:39:46+02:00,delta0_frac__lower,delta0_frac,lower,0.0025,23,Composition,30,0,300000,300000,2522.850461131343,2300.0,222.85046113134285,18.05790154299757,V4,30,300000,8,0.02,0.0025,0.05,1e-06,0.2,1.05,0.7,60,20,8,10,0.35,0.25,80.0,1e-12,False,3,4,0.5,True,False,1
2026-10-01T17:40:04+02:00,delta0_frac__lower,delta0_frac,lower,0.0025,23,Composition,30,1,300000,300000,2522.853950372638,2300.0,222.85395037263788,18.03092602199831,V4,30,300000,8,0.02,0.0025,0.05,1e-06,0.2,1.05,0.7,60,20,8,10,0.35,0.25,80.0,1e-12,False,3,4,0.5,True,False,1
2026-10-01T17:40:22+02:00,delta0_frac__lower,delta0_frac,lower,0.0025,23,Composition,30,2,300000,300000,2522.8483846256895,2300.0,222.8483846256895,18.266179518999706,V4,30,300000,8,0.02,0.0025,0.05,1e-06,0.2,1.05,0.7,60,20,8,10,0.35,0.25,80.0,1e-12,False,3,4,0.5,True,False,1
2026-10-01T17:40:40+02:00,delta0_frac__lower,delta0_frac,lower,0.0025,23,Composition,30,3,300000,300000,2522.8538709056074,2300.0,222.85387090560744,18.123366288000398,V4,30,300000,8,0.02,0.0025,0.05,1e-06,0.2,1.05,0.7,60,20,8,10,0.35,0.25,80.0,1e-12,False,3,4,0.5,True,False,1
2026-10-01T17:40:58+02:00,delta0_frac__lower,delta0_frac,lower,0.0025,23,Composition,30,4,300000,300000,2522.8544870399783,2300.0,222.85448703997827,17.92409011899872,V4,30,300000,8,0.02,0.0025,0.05,1e-06,0.2,1.05,0.7,60,20,8,10,0.35,0.25,80.0,1e-12,False,3,4,0.5,True,False,1
2026-10-01T17:41:19+02:00,delta0_frac__lower,delta0_frac,lower,0.0025,24,Composition,30,0,300000,300000,2628.361506358877,2400.0,228.3615063588768,20.5189004620006,V4,30,300000,8,0.02,0.0025,0.05,1e-06,0.2,1.05,0.7,60,20,8,10,0.35,0.25,80.0,1e-12,False,3,4,0.5,True,False,1
2026-10-01T17:41:39+02:00,delta0_frac__lower,delta0_frac,lower,0.0025,24,Composition,30,1,300000,300000,2626.678197311349,2400.0,226.67819731134887,20.22520495000208,V4,30,300000,8,0.02,0.0025,0.05,1e-06,0.2,1.05,0.7,60,20,8,10,0.35,0.25,80.0,1e-12,False,3,4,0.5,True,False,1
2026-10-01T17:42:00+02:00,delta0_frac__lower,delta0_frac,lower,0.0025,24,Composition,30,2,300000,300000,2626.3745000574318,2400.0,226.37450005743176,20.21024210700125,V4,30,300000,8,0.02,0.0025,0.05,1e-06,0.2,1.05,0.7,60,20,8,10,0.35,0.25,80.0,1e-12,False,3,4,0.5,True,False,1
2026-10-01T17:42:20+02:00,delta0_frac__lower,delta0_frac,lower,0.0025,24,Composition,30,3,300000,300000,2627.3591866619336,2400.0,227.35918666193356,20.61370358899876,V4,30,300000,8,0.02,0.0025,0.05,1e-06,0.2,1.05,0.7,60,20,8,10,0.35,0.25,80.0,1e-12,False,3,4,0.5,True,False,1
2026-10-01T17:42:41+02:00,delta0_frac__lower,delta0_frac,lower,0.0025,24,Composition,30,4,300000,300000,2628.9841047581904,2400.0,228.98410475819037,20.263912702001107,V4,30,300000,8,0.02,0.0025,0.05,1e-06,0.2,1.05,0.7,60,20,8,10,0.35,0.25,80.0,1e-12,False,3,4,0.5,True,False,1
2026-10-01T17:43:01+02:00,delta0_frac__lower,delta0_frac,lower,0.0025,25,Composition,30,0,300000,300000,2713.1378101219434,2500.0,213.1378101219434,20.7042446939995,V4,30,300000,8,0.02,0.0025,0.05,1e-06,0.2,1.05,0.7,60,20,8,10,0.35,0.25,80.0,1e-12,False,3,4,0.5,True,False,1
2026-10-01T17:43:22+02:00,delta0_frac__lower,delta0_frac,lower,0.0025,25,Composition,30,1,300000,300000,2712.897751860997,2500.0,212.89775186099678,20.39008378300059,V4,30,300000,8,0.02,0.0025,0.05,1e-06,0.2,1.05,0.7,60,20,8,10,0.35,0.25,80.0,1e-12,False,3,4,0.5,True,False,1
2026-10-01T17:43:43+02:00,delta0_frac__lower,delta0_frac,lower,0.0025,25,Composition,30,2,300000,300000,2709.807442054928,2500.0,209.80744205492783,21.08509317000062,V4,30,300000,8,0.02,0.0025,0.05,1e-06,0.2,1.05,0.7,60,20,8,10,0.35,0.25,80.0,1e-12,False,3,4,0.5,True,False,1
2026-10-01T17:44:03+02:00,delta0_frac__lower,delta0_frac,lower,0.0025,25,Composition,30,3,300000,300000,2711.527774990948,2500.0,211.52777499094782,20.394297958999232,V4,30,300000,8,0.02,0.0025,0.05,1e-06,0.2,1.05,0.7,60,20,8,10,0.35,0.25,80.0,1e-12,False,3,4,0.5,True,False,1
2026-10-01T17:44:24+02:00,delta0_frac__lower,delta0_frac,lower,0.0025,25,Composition,30,4,300000,300000,2725.9861497083702,2500.0,225.98614970837025,20.618720671998744,V4,30,300000,8,0.02,0.0025,0.05,1e-06,0.2,1.05,0.7,60,20,8,10,0.35,0.25,80.0,1e-12,False,3,4,0.5,True,False,1
2026-10-01T17:46:09+02:00,delta0_frac__lower,delta0_frac,lower,0.0025,26,Composition,30,0,300000,300000,2800.1204983560474,2600.0,200.1204983560474,104.61245878299815,V4,30,300000,8,0.02,0.0025,0.05,1e-06,0.2,1.05,0.7,60,20,8,10,0.35,0.25,80.0,1e-12,False,3,4,0.5,True,False,1
2026-10-01T17:47:54+02:00,delta0_frac__lower,delta0_frac,lower,0.0025,26,Composition,30,1,300000,300000,2700.584059487836,2600.0,100.58405948783593,104.66252678300225,V4,30,300000,8,0.02,0.0025,0.05,1e-06,0.2,1.05,0.7,60,20,8,10,0.35,0.25,80.0,1e-12,False,3,4,0.5,True,False,1
2026-10-01T17:49:39+02:00,delta0_frac__lower,delta0_frac,lower,0.0025,26,Composition,30,2,300000,300000,2800.1132368467684,2600.0,200.11323684676836,105.52524853100113,V4,30,300000,8,0.02,0.0025,0.05,1e-06,0.2,1.05,0.7,60,20,8,10,0.35,0.25,80.0,1e-12,False,3,4,0.5,True,False,1
2026-10-01T17:51:24+02:00,delta0_frac__lower,delta0_frac,lower,0.0025,26,Composition,30,3,300000,300000,2800.1940894734007,2600.0,200.1940894734007,104.82526878799763,V4,30,300000,8,0.02,0.0025,0.05,1e-06,0.2,1.05,0.7,60,20,8,10,0.35,0.25,80.0,1e-12,False,3,4,0.5,True,False,1
2026-10-01T17:53:10+02:00,delta0_frac__lower,delta0_frac,lower,0.0025,26,Composition,30,4,300000,300000,2800.1108123493423,2600.0,200.11081234934227,105.95185364500139,V4,30,300000,8,0.02,0.0025,0.05,1e-06,0.2,1.05,0.7,60,20,8,10,0.35,0.25,80.0,1e-12,False,3,4,0.5,True,False,1
2026-10-01T17:54:57+02:00,delta0_frac__lower,delta0_frac,lower,0.0025,27,Composition,30,0,300000,300000,3103.303438129752,2700.0,403.30343812975207,106.63590465300149,V4,30,300000,8,0.02,0.0025,0.05,1e-06,0.2,1.05,0.7,60,20,8,10,0.35,0.25,80.0,1e-12,False,3,4,0.5,True,False,1
2026-10-01T17:56:43+02:00,delta0_frac__lower,delta0_frac,lower,0.0025,27,Composition,30,1,300000,300000,3104.03611642755,2700.0,404.03611642755004,106.16203057899838,V4,30,300000,8,0.02,0.0025,0.05,1e-06,0.2,1.05,0.7,60,20,8,10,0.35,0.25,80.0,1e-12,False,3,4,0.5,True,False,1
2026-10-01T17:58:29+02:00,delta0_frac__lower,delta0_frac,lower,0.0025,27,Composition,30,2,300000,300000,3103.3241440337183,2700.0,403.3241440337183,105.34416302000318,V4,30,300000,8,0.02,0.0025,0.05,1e-06,0.2,1.05,0.7,60,20,8,10,0.35,0.25,80.0,1e-12,False,3,4,0.5,True,False,1
2026-10-01T18:00:14+02:00,delta0_frac__lower,delta0_frac,lower,0.0025,27,Composition,30,3,300000,300000,3102.962710363677,2700.0,402.96271036367716,105.38340048700047,V4,30,300000,8,0.02,0.0025,0.05,1e-06,0.2,1.05,0.7,60,20,8,10,0.35,0.25,80.0,1e-12,False,3,4,0.5,True,False,1
2026-10-01T18:02:00+02:00,delta0_frac__lower,delta0_frac,lower,0.0025,27,Composition,30,4,300000,300000,3103.2415924679544,2700.0,403.24159246795443,105.8656959689979,V4,30,300000,8,0.02,0.0025,0.05,1e-06,0.2,1.05,0.7,60,20,8,10,0.35,0.25,80.0,1e-12,False,3,4,0.5,True,False,1
2026-10-01T18:03:07+02:00,delta0_frac__lower,delta0_frac,lower,0.0025,28,Composition,30,0,300000,300000,7344.674200072792,2800.0,4544.674200072792,66.44170905699866,V4,30,300000,8,0.02,0.0025,0.05,1e-06,0.2,1.05,0.7,60,20,8,10,0.35,0.25,80.0,1e-12,False,3,4,0.5,True,False,1
2026-10-01T18:04:12+02:00,delta0_frac__lower,delta0_frac,lower,0.0025,28,Composition,30,1,300000,300000,7219.762469626443,2800.0,4419.762469626443,65.22734703000242,V4,30,300000,8,0.02,0.0025,0.05,1e-06,0.2,1.05,0.7,60,20,8,10,0.35,0.25,80.0,1e-12,False,3,4,0.5,True,False,1
2026-10-01T18:05:18+02:00,delta0_frac__lower,delta0_frac,lower,0.0025,28,Composition,30,2,300000,300000,7041.122331098936,2800.0,4241.122331098936,65.6912060249997,V4,30,300000,8,0.02,0.0025,0.05,1e-06,0.2,1.05,0.7,60,20,8,10,0.35,0.25,80.0,1e-12,False,3,4,0.5,True,False,1
2026-10-01T18:06:24+02:00,delta0_frac__lower,delta0_frac,lower,0.0025,28,Composition,30,3,300000,300000,5962.317786374626,2800.0,3162.317786374626,65.7841640680017,V4,30,300000,8,0.02,0.0025,0.05,1e-06,0.2,1.05,0.7,60,20,8,10,0.35,0.25,80.0,1e-12,False,3,4,0.5,True,False,1
2026-10-01T18:07:29+02:00,delta0_frac__lower,delta0_frac,lower,0.0025,28,Composition,30,4,300000,300000,7585.269493530189,2800.0,4785.269493530189,64.8760167319997,V4,30,300000,8,0.02,0.0025,0.05,1e-06,0.2,1.05,0.7,60,20,8,10,0.35,0.25,80.0,1e-12,False,3,4,0.5,True,False,1
2026-10-01T18:08:20+02:00,delta0_frac__lower,delta0_frac,lower,0.0025,29,Composition,30,0,300000,300000,6893.750321953219,2900.0,3993.750321953219,51.814196019997325,V4,30,300000,8,0.02,0.0025,0.05,1e-06,0.2,1.05,0.7,60,20,8,10,0.35,0.25,80.0,1e-12,False,3,4,0.5,True,False,1
2026-10-01T18:09:13+02:00,delta0_frac__lower,delta0_frac,lower,0.0025,29,Composition,30,1,300000,300000,16081.680605506794,2900.0,13181.680605506794,52.26516849899781,V4,30,300000,8,0.02,0.0025,0.05,1e-06,0.2,1.05,0.7,60,20,8,10,0.35,0.25,80.0,1e-12,False,3,4,0.5,True,False,1
2026-10-01T18:10:05+02:00,delta0_frac__lower,delta0_frac,lower,0.0025,29,Composition,30,2,300000,300000,9326.72768697299,2900.0,6426.72768697299,51.60194502599916,V4,30,300000,8,0.02,0.0025,0.05,1e-06,0.2,1.05,0.7,60,20,8,10,0.35,0.25,80.0,1e-12,False,3,4,0.5,True,False,1
2026-10-01T18:10:56+02:00,delta0_frac__lower,delta0_frac,lower,0.0025,29,Composition,30,3,300000,300000,8759.555024483221,2900.0,5859.555024483221,51.382176510000136,V4,30,300000,8,0.02,0.0025,0.05,1e-06,0.2,1.05,0.7,60,20,8,10,0.35,0.25,80.0,1e-12,False,3,4,0.5,True,False,1
2026-10-01T18:11:47+02:00,delta0_frac__lower,delta0_frac,lower,0.0025,29,Composition,30,4,300000,300000,10931.03074605763,2900.0,8031.03074605763,50.407316240998625,V4,30,300000,8,0.02,0.0025,0.05,1e-06,0.2,1.05,0.7,60,20,8,10,0.35,0.25,80.0,1e-12,False,3,4,0.5,True,False,1
2026-10-01T18:13:26+02:00,delta0_frac__lower,delta0_frac,lower,0.0025,30,Composition,30,0,300000,300000,19741.073653168314,3000.0,16741.073653168314,98.84712050200324,V4,30,300000,8,0.02,0.0025,0.05,1e-06,0.2,1.05,0.7,60,20,8,10,0.35,0.25,80.0,1e-12,False,3,4,0.5,True,False,1
2026-10-01T18:15:04+02:00,delta0_frac__lower,delta0_frac,lower,0.0025,30,Composition,30,1,300000,300000,20099.131593595474,3000.0,17099.131593595474,98.72229666600106,V4,30,300000,8,0.02,0.0025,0.05,1e-06,0.2,1.05,0.7,60,20,8,10,0.35,0.25,80.0,1e-12,False,3,4,0.5,True,False,1
2026-10-01T18:16:44+02:00,delta0_frac__lower,delta0_frac,lower,0.0025,30,Composition,30,2,300000,300000,27937.87231944568,3000.0,24937.87231944568,99.41165512299995,V4,30,300000,8,0.02,0.0025,0.05,1e-06,0.2,1.05,0.7,60,20,8,10,0.35,0.25,80.0,1e-12,False,3,4,0.5,True,False,1
2026-10-01T18:18:23+02:00,delta0_frac__lower,delta0_frac,lower,0.0025,30,Composition,30,3,300000,300000,25488.538392340164,3000.0,22488.538392340164,98.8337232949998,V4,30,300000,8,0.02,0.0025,0.05,1e-06,0.2,1.05,0.7,60,20,8,10,0.35,0.25,80.0,1e-12,False,3,4,0.5,True,False,1
2026-10-01T18:20:01+02:00,delta0_frac__lower,delta0_frac,lower,0.0025,30,Composition,30,4,300000,300000,29377.975317510944,3000.0,26377.975317510944,98.08549616799792,V4,30,300000,8,0.02,0.0025,0.05,1e-06,0.2,1.05,0.7,60,20,8,10,0.35,0.25,80.0,1e-12,False,3,4,0.5,True,False,1
2026-10-01T18:20:08+02:00,delta0_frac__upper,delta0_frac,upper,0.01,1,Unimodal,30,0,300000,300000,7671733.019169581,100.0,7671633.019169581,7.1084049090022745,V4,30,300000,8,0.02,0.01,0.05,1e-06,0.2,1.05,0.7,60,20,8,10,0.35,0.25,80.0,1e-12,False,3,4,0.5,True,False,1
2026-10-01T18:20:15+02:00,delta0_frac__upper,delta0_frac,upper,0.01,1,Unimodal,30,1,300000,300000,17729108.00902335,100.0,17729008.00902335,7.230730692001089,V4,30,300000,8,0.02,0.01,0.05,1e-06,0.2,1.05,0.7,60,20,8,10,0.35,0.25,80.0,1e-12,False,3,4,0.5,True,False,1
2026-10-01T18:20:23+02:00,delta0_frac__upper,delta0_frac,upper,0.01,1,Unimodal,30,2,300000,300000,32058822.63580741,100.0,32058722.63580741,7.236268005999591,V4,30,300000,8,0.02,0.01,0.05,1e-06,0.2,1.05,0.7,60,20,8,10,0.35,0.25,80.0,1e-12,False,3,4,0.5,True,False,1
2026-10-01T18:20:30+02:00,delta0_frac__upper,delta0_frac,upper,0.01,1,Unimodal,30,3,300000,300000,2565352.033274172,100.0,2565252.033274172,7.057273422000435,V4,30,300000,8,0.02,0.01,0.05,1e-06,0.2,1.05,0.7,60,20,8,10,0.35,0.25,80.0,1e-12,False,3,4,0.5,True,False,1
2026-10-01T18:20:37+02:00,delta0_frac__upper,delta0_frac,upper,0.01,1,Unimodal,30,4,300000,300000,9493234.505272243,100.0,9493134.505272243,7.1406562740012305,V4,30,300000,8,0.02,0.01,0.05,1e-06,0.2,1.05,0.7,60,20,8,10,0.35,0.25,80.0,1e-12,False,3,4,0.5,True,False,1
2026-10-01T18:20:43+02:00,delta0_frac__upper,delta0_frac,upper,0.01,2,Unimodal,30,0,300000,300000,2598117.573646908,200.0,2597917.573646908,6.359313477001706,V4,30,300000,8,0.02,0.01,0.05,1e-06,0.2,1.05,0.7,60,20,8,10,0.35,0.25,80.0,1e-12,False,3,4,0.5,True,False,1
2026-10-01T18:20:50+02:00,delta0_frac__upper,delta0_frac,upper,0.01,2,Unimodal,30,1,300000,300000,3369289.51833174,200.0,3369089.51833174,6.313006815002154,V4,30,300000,8,0.02,0.01,0.05,1e-06,0.2,1.05,0.7,60,20,8,10,0.35,0.25,80.0,1e-12,False,3,4,0.5,True,False,1
2026-10-01T18:20:56+02:00,delta0_frac__upper,delta0_frac,upper,0.01,2,Unimodal,30,2,300000,300000,2505400.2015160867,200.0,2505200.2015160867,6.3113097329987795,V4,30,300000,8,0.02,0.01,0.05,1e-06,0.2,1.05,0.7,60,20,8,10,0.35,0.25,80.0,1e-12,False,3,4,0.5,True,False,1
2026-10-01T18:21:02+02:00,delta0_frac__upper,delta0_frac,upper,0.01,2,Unimodal,30,3,300000,300000,3589339.8489646125,200.0,3589139.8489646125,6.281467327000428,V4,30,300000,8,0.02,0.01,0.05,1e-06,0.2,1.05,0.7,60,20,8,10,0.35,0.25,80.0,1e-12,False,3,4,0.5,True,False,1
2026-10-01T18:21:08+02:00,delta0_frac__upper,delta0_frac,upper,0.01,2,Unimodal,30,4,300000,300000,2040116.038653738,200.0,2039916.038653738,6.135615979997965,V4,30,300000,8,0.02,0.01,0.05,1e-06,0.2,1.05,0.7,60,20,8,10,0.35,0.25,80.0,1e-12,False,3,4,0.5,True,False,1
2026-10-01T18:21:15+02:00,delta0_frac__upper,delta0_frac,upper,0.01,3,Unimodal,30,0,300000,300000,34455.69434510981,300.0,34155.69434510981,6.186080265000783,V4,30,300000,8,0.02,0.01,0.05,1e-06,0.2,1.05,0.7,60,20,8,10,0.35,0.25,80.0,1e-12,False,3,4,0.5,True,False,1
2026-10-01T18:21:21+02:00,delta0_frac__upper,delta0_frac,upper,0.01,3,Unimodal,30,1,300000,300000,1130.151548034155,300.0,830.151548034155,6.225593088998721,V4,30,300000,8,0.02,0.01,0.05,1e-06,0.2,1.05,0.7,60,20,8,10,0.35,0.25,80.0,1e-12,False,3,4,0.5,True,False,1
2026-10-01T18:21:27+02:00,delta0_frac__upper,delta0_frac,upper,0.01,3,Unimodal,30,2,300000,300000,14361.949603128935,300.0,14061.949603128935,6.290159616000892,V4,30,300000,8,0.02,0.01,0.05,1e-06,0.2,1.05,0.7,60,20,8,10,0.35,0.25,80.0,1e-12,False,3,4,0.5,True,False,1
2026-10-01T18:21:34+02:00,delta0_frac__upper,delta0_frac,upper,0.01,3,Unimodal,30,3,300000,300000,34620.051955948904,300.0,34320.051955948904,6.236402210000961,V4,30,300000,8,0.02,0.01,0.05,1e-06,0.2,1.05,0.7,60,20,8,10,0.35,0.25,80.0,1e-12,False,3,4,0.5,True,False,1
2026-10-01T18:21:40+02:00,delta0_frac__upper,delta0_frac,upper,0.01,3,Unimodal,30,4,300000,300000,616.4316011064079,300.0,316.4316011064079,6.312723766997806,V4,30,300000,8,0.02,0.01,0.05,1e-06,0.2,1.05,0.7,60,20,8,10,0.35,0.25,80.0,1e-12,False,3,4,0.5,True,False,1
2026-10-01T18:21:47+02:00,delta0_frac__upper,delta0_frac,upper,0.01,4,Multimodal,30,0,300000,300000,471.06502280936473,400.0,71.06502280936473,7.492972160001955,V4,30,300000,8,0.02,0.01,0.05,1e-06,0.2,1.05,0.7,60,20,8,10,0.35,0.25,80.0,1e-12,False,3,4,0.5,True,False,1
2026-10-01T18:21:55+02:00,delta0_frac__upper,delta0_frac,upper,0.01,4,Multimodal,30,1,300000,300000,475.1132771934999,400.0,75.11327719349993,7.4492471019984805,V4,30,300000,8,0.02,0.01,0.05,1e-06,0.2,1.05,0.7,60,20,8,10,0.35,0.25,80.0,1e-12,False,3,4,0.5,True,False,1
2026-10-01T18:22:03+02:00,delta0_frac__upper,delta0_frac,upper,0.01,4,Multimodal,30,2,300000,300000,473.06218339903967,400.0,73.06218339903967,7.567340356999921,V4,30,300000,8,0.02,0.01,0.05,1e-06,0.2,1.05,0.7,60,20,8,10,0.35,0.25,80.0,1e-12,False,3,4,0.5,True,False,1
2026-10-01T18:22:10+02:00,delta0_frac__upper,delta0_frac,upper,0.01,4,Multimodal,30,3,300000,300000,480.36097564233387,400.0,80.36097564233387,7.407293815002049,V4,30,300000,8,0.02,0.01,0.05,1e-06,0.2,1.05,0.7,60,20,8,10,0.35,0.25,80.0,1e-12,False,3,4,0.5,True,False,1
2026-10-01T18:22:17+02:00,delta0_frac__upper,delta0_frac,upper,0.01,4,Multimodal,30,4,300000,300000,478.7438235511663,400.0,78.74382355116632,7.437425071999314,V4,30,300000,8,0.02,0.01,0.05,1e-06,0.2,1.05,0.7,60,20,8,10,0.35,0.25,80.0,1e-12,False,3,4,0.5,True,False,1
2026-10-01T18:22:25+02:00,delta0_frac__upper,delta0_frac,upper,0.01,5,Multimodal,30,0,300000,300000,521.0205538186491,500.0,21.02055381864909,7.261452726001153,V4,30,300000,8,0.02,0.01,0.05,1e-06,0.2,1.05,0.7,60,20,8,10,0.35,0.25,80.0,1e-12,False,3,4,0.5,True,False,1
2026-10-01T18:22:32+02:00,delta0_frac__upper,delta0_frac,upper,0.01,5,Multimodal,30,1,300000,300000,520.9804968130907,500.0,20.980496813090667,7.296411081999395,V4,30,300000,8,0.02,0.01,0.05,1e-06,0.2,1.05,0.7,60,20,8,10,0.35,0.25,80.0,1e-12,False,3,4,0.5,True,False,1
2026-10-01T18:22:39+02:00,delta0_frac__upper,delta0_frac,upper,0.01,5,Multimodal,30,2,300000,300000,521.20590983832,500.0,21.205909838320053,7.298671193999326,V4,30,300000,8,0.02,0.01,0.05,1e-06,0.2,1.05,0.7,60,20,8,10,0.35,0.25,80.0,1e-12,False,3,4,0.5,True,False,1
2026-10-01T18:22:47+02:00,delta0_frac__upper,delta0_frac,upper,0.01,5,Multimodal,30,3,300000,300000,521.2577091406499,500.0,21.257709140649922,7.255367665002268,V4,30,300000,8,0.02,0.01,0.05,1e-06,0.2,1.05,0.7,60,20,8,10,0.35,0.25,80.0,1e-12,False,3,4,0.5,True,False,1
2026-10-01T18:22:54+02:00,delta0_frac__upper,delta0_frac,upper,0.01,5,Multimodal,30,4,300000,300000,521.315576774515,500.0,21.315576774514966,7.397291609999229,V4,30,300000,8,0.02,0.01,0.05,1e-06,0.2,1.05,0.7,60,20,8,10,0.35,0.25,80.0,1e-12,False,3,4,0.5,True,False,1
2026-10-01T18:24:20+02:00,delta0_frac__upper,delta0_frac,upper,0.01,6,Multimodal,30,0,300000,300000,635.383169060022,600.0,35.383169060022055,85.47857978500178,V4,30,300000,8,0.02,0.01,0.05,1e-06,0.2,1.05,0.7,60,20,8,10,0.35,0.25,80.0,1e-12,False,3,4,0.5,True,False,1
2026-10-01T18:25:44+02:00,delta0_frac__upper,delta0_frac,upper,0.01,6,Multimodal,30,1,300000,300000,638.035642282081,600.0,38.03564228208097,84.54205020400332,V4,30,300000,8,0.02,0.01,0.05,1e-06,0.2,1.05,0.7,60,20,8,10,0.35,0.25,80.0,1e-12,False,3,4,0.5,True,False,1
2026-10-01T18:27:10+02:00,delta0_frac__upper,delta0_frac,upper,0.01,6,Multimodal,30,2,300000,300000,634.8583452899403,600.0,34.8583452899403,85.76748587700058,V4,30,300000,8,0.02,0.01,0.05,1e-06,0.2,1.05,0.7,60,20,8,10,0.35,0.25,80.0,1e-12,False,3,4,0.5,True,False,1
2026-10-01T18:28:35+02:00,delta0_frac__upper,delta0_frac,upper,0.01,6,Multimodal,30,3,300000,300000,637.5758345944397,600.0,37.5758345944397,84.8311540950017,V4,30,300000,8,0.02,0.01,0.05,1e-06,0.2,1.05,0.7,60,20,8,10,0.35,0.25,80.0,1e-12,False,3,4,0.5,True,False,1
2026-10-01T18:30:01+02:00,delta0_frac__upper,delta0_frac,upper,0.01,6,Multimodal,30,4,300000,300000,639.4833025666253,600.0,39.4833025666253,85.54318579499886,V4,30,300000,8,0.02,0.01,0.05,1e-06,0.2,1.05,0.7,60,20,8,10,0.35,0.25,80.0,1e-12,False,3,4,0.5,True,False,1
2026-10-01T18:30:08+02:00,delta0_frac__upper,delta0_frac,upper,0.01,7,Multimodal,30,0,300000,300000,700.7864903390727,700.0,0.7864903390726568,7.47995178400015,V4,30,300000,8,0.02,0.01,0.05,1e-06,0.2,1.05,0.7,60,20,8,10,0.35,0.25,80.0,1e-12,False,3,4,0.5,True,False,1
2026-10-01T18:30:16+02:00,delta0_frac__upper,delta0_frac,upper,0.01,7,Multimodal,30,1,300000,300000,700.6321139795169,700.0,0.6321139795169302,7.407245020993287,V4,30,300000,8,0.02,0.01,0.05,1e-06,0.2,1.05,0.7,60,20,8,10,0.35,0.25,80.0,1e-12,False,3,4,0.5,True,False,1
2026-10-01T18:30:23+02:00,delta0_frac__upper,delta0_frac,upper,0.01,7,Multimodal,30,2,300000,300000,700.6818333471903,700.0,0.6818333471902633,7.321002374999807,V4,30,300000,8,0.02,0.01,0.05,1e-06,0.2,1.05,0.7,60,20,8,10,0.35,0.25,80.0,1e-12,False,3,4,0.5,True,False,1
2026-10-01T18:30:31+02:00,delta0_frac__upper,delta0_frac,upper,0.01,7,Multimodal,30,3,300000,300000,700.654996351874,700.0,0.6549963518740469,7.582043445996533,V4,30,300000,8,0.02,0.01,0.05,1e-06,0.2,1.05,0.7,60,20,8,10,0.35,0.25,80.0,1e-12,False,3,4,0.5,True,False,1
2026-10-01T18:30:38+02:00,delta0_frac__upper,delta0_frac,upper,0.01,7,Multimodal,30,4,300000,300000,700.7820570821304,700.0,0.78205708213045,7.414533635004773,V4,30,300000,8,0.02,0.01,0.05,1e-06,0.2,1.05,0.7,60,20,8,10,0.35,0.25,80.0,1e-12,False,3,4,0.5,True,False,1
2026-10-01T18:30:45+02:00,delta0_frac__upper,delta0_frac,upper,0.01,8,Multimodal,30,0,300000,300000,1093.2707883383082,800.0,293.2707883383082,7.013782003996312,V4,30,300000,8,0.02,0.01,0.05,1e-06,0.2,1.05,0.7,60,20,8,10,0.35,0.25,80.0,1e-12,False,3,4,0.5,True,False,1
2026-10-01T18:30:52+02:00,delta0_frac__upper,delta0_frac,upper,0.01,8,Multimodal,30,1,300000,300000,1121.157750945949,800.0,321.1577509459489,7.000841428998683,V4,30,300000,8,0.02,0.01,0.05,1e-06,0.2,1.05,0.7,60,20,8,10,0.35,0.25,80.0,1e-12,False,3,4,0.5,True,False,1
2026-10-01T18:30:59+02:00,delta0_frac__upper,delta0_frac,upper,0.01,8,Multimodal,30,2,300000,300000,1087.0370145389602,800.0,287.0370145389602,7.016466203000164,V4,30,300000,8,0.02,0.01,0.05,1e-06,0.2,1.05,0.7,60,20,8,10,0.35,0.25,80.0,1e-12,False,3,4,0.5,True,False,1
2026-10-01T18:31:06+02:00,delta0_frac__upper,delta0_frac,upper,0.01,8,Multimodal,30,3,300000,300000,1152.6076837734415,800.0,352.6076837734415,7.054202489001909,V4,30,300000,8,0.02,0.01,0.05,1e-06,0.2,1.05,0.7,60,20,8,10,0.35,0.25,80.0,1e-12,False,3,4,0.5,True,False,1
2026-10-01T18:31:13+02:00,delta0_frac__upper,delta0_frac,upper,0.01,8,Multimodal,30,4,300000,300000,1076.1897976543255,800.0,276.1897976543255,7.188872796003125,V4,30,300000,8,0.02,0.01,0.05,1e-06,0.2,1.05,0.7,60,20,8,10,0.35,0.25,80.0,1e-12,False,3,4,0.5,True,False,1
2026-10-01T18:31:21+02:00,delta0_frac__upper,delta0_frac,upper,0.01,9,Multimodal,30,0,300000,300000,1379.4508939150073,900.0,479.4508939150073,7.361255716001324,V4,30,300000,8,0.02,0.01,0.05,1e-06,0.2,1.05,0.7,60,20,8,10,0.35,0.25,80.0,1e-12,False,3,4,0.5,True,False,1
2026-10-01T18:31:28+02:00,delta0_frac__upper,delta0_frac,upper,0.01,9,Multimodal,30,1,300000,300000,1262.1131584600498,900.0,362.1131584600498,7.180549823999172,V4,30,300000,8,0.02,0.01,0.05,1e-06,0.2,1.05,0.7,60,20,8,10,0.35,0.25,80.0,1e-12,False,3,4,0.5,True,False,1
2026-10-01T18:31:36+02:00,delta0_frac__upper,delta0_frac,upper,0.01,9,Multimodal,30,2,300000,300000,1354.229863006803,900.0,454.22986300680304,7.409310082002776,V4,30,300000,8,0.02,0.01,0.05,1e-06,0.2,1.05,0.7,60,20,8,10,0.35,0.25,80.0,1e-12,False,3,4,0.5,True,False,1
2026-10-01T18:31:43+02:00,delta0_frac__upper,delta0_frac,upper,0.01,9,Multimodal,30,3,300000,300000,1328.415377841651,900.0,428.415377841651,7.338940272995387,V4,30,300000,8,0.02,0.01,0.05,1e-06,0.2,1.05,0.7,60,20,8,10,0.35,0.25,80.0,1e-12,False,3,4,0.5,True,False,1
2026-10-01T18:31:50+02:00,delta0_frac__upper,delta0_frac,upper,0.01,9,Multimodal,30,4,300000,300000,1212.6375783138453,900.0,312.6375783138453,7.289070152000932,V4,30,300000,8,0.02,0.01,0.05,1e-06,0.2,1.05,0.7,60,20,8,10,0.35,0.25,80.0,1e-12,False,3,4,0.5,True,False,1
2026-10-01T18:32:03+02:00,delta0_frac__upper,delta0_frac,upper,0.01,10,Multimodal,30,0,300000,300000,4182.109380654458,1000.0,3182.1093806544577,12.256968624002184,V4,30,300000,8,0.02,0.01,0.05,1e-06,0.2,1.05,0.7,60,20,8,10,0.35,0.25,80.0,1e-12,False,3,4,0.5,True,False,1
2026-10-01T18:32:15+02:00,delta0_frac__upper,delta0_frac,upper,0.01,10,Multimodal,30,1,300000,300000,4749.04562210736,1000.0,3749.04562210736,12.563761662997422,V4,30,300000,8,0.02,0.01,0.05,1e-06,0.2,1.05,0.7,60,20,8,10,0.35,0.25,80.0,1e-12,False,3,4,0.5,True,False,1
2026-10-01T18:32:28+02:00,delta0_frac__upper,delta0_frac,upper,0.01,10,Multimodal,30,2,300000,300000,4464.578431121512,1000.0,3464.578431121512,12.428449846003787,V4,30,300000,8,0.02,0.01,0.05,1e-06,0.2,1.05,0.7,60,20,8,10,0.35,0.25,80.0,1e-12,False,3,4,0.5,True,False,1
2026-10-01T18:32:40+02:00,delta0_frac__upper,delta0_frac,upper,0.01,10,Multimodal,30,3,300000,300000,4386.475994065962,1000.0,3386.4759940659624,12.385956719001115,V4,30,300000,8,0.02,0.01,0.05,1e-06,0.2,1.05,0.7,60,20,8,10,0.35,0.25,80.0,1e-12,False,3,4,0.5,True,False,1
2026-10-01T18:32:53+02:00,delta0_frac__upper,delta0_frac,upper,0.01,10,Multimodal,30,4,300000,300000,3868.677436419115,1000.0,2868.677436419115,12.442059874003462,V4,30,300000,8,0.02,0.01,0.05,1e-06,0.2,1.05,0.7,60,20,8,10,0.35,0.25,80.0,1e-12,False,3,4,0.5,True,False,1
2026-10-01T18:33:05+02:00,delta0_frac__upper,delta0_frac,upper,0.01,11,Multimodal,30,0,300000,300000,4814.915978727206,1100.0,3714.9159787272056,12.56232610999723,V4,30,300000,8,0.02,0.01,0.05,1e-06,0.2,1.05,0.7,60,20,8,10,0.35,0.25,80.0,1e-12,False,3,4,0.5,True,False,1
2026-10-01T18:33:18+02:00,delta0_frac__upper,delta0_frac,upper,0.01,11,Multimodal,30,1,300000,300000,5298.925428042761,1100.0,4198.925428042761,12.33797558399965,V4,30,300000,8,0.02,0.01,0.05,1e-06,0.2,1.05,0.7,60,20,8,10,0.35,0.25,80.0,1e-12,False,3,4,0.5,True,False,1
2026-10-01T18:33:30+02:00,delta0_frac__upper,delta0_frac,upper,0.01,11,Multimodal,30,2,300000,300000,5028.371268549399,1100.0,3928.3712685493992,12.373518762004096,V4,30,300000,8,0.02,0.01,0.05,1e-06,0.2,1.05,0.7,60,20,8,10,0.35,0.25,80.0,1e-12,False,3,4,0.5,True,False,1
2026-10-01T18:33:43+02:00,delta0_frac__upper,delta0_frac,upper,0.01,11,Multimodal,30,3,300000,300000,4765.8449151514,1100.0,3665.8449151513996,12.589406578001217,V4,30,300000,8,0.02,0.01,0.05,1e-06,0.2,1.05,0.7,60,20,8,10,0.35,0.25,80.0,1e-12,False,3,4,0.5,True,False,1
2026-10-01T18:33:55+02:00,delta0_frac__upper,delta0_frac,upper,0.01,11,Multimodal,30,4,300000,300000,5094.127024964897,1100.0,3994.127024964897,12.365157150001323,V4,30,300000,8,0.02,0.01,0.05,1e-06,0.2,1.05,0.7,60,20,8,10,0.35,0.25,80.0,1e-12,False,3,4,0.5,True,False,1
2026-10-01T18:42:15+02:00,delta0_frac__upper,delta0_frac,upper,0.01,12,Multimodal,30,0,300000,300000,1201.0524277205382,1200.0,1.0524277205381622,499.51039217099606,V4,30,300000,8,0.02,0.01,0.05,1e-06,0.2,1.05,0.7,60,20,8,10,0.35,0.25,80.0,1e-12,False,3,4,0.5,True,False,1
2026-10-01T18:50:29+02:00,delta0_frac__upper,delta0_frac,upper,0.01,12,Multimodal,30,1,300000,300000,1200.5901591169634,1200.0,0.5901591169633775,494.3429498629994,V4,30,300000,8,0.02,0.01,0.05,1e-06,0.2,1.05,0.7,60,20,8,10,0.35,0.25,80.0,1e-12,False,3,4,0.5,True,False,1
2026-10-01T18:58:45+02:00,delta0_frac__upper,delta0_frac,upper,0.01,12,Multimodal,30,2,300000,300000,1201.038545575477,1200.0,1.0385455754769737,495.7645945090044,V4,30,300000,8,0.02,0.01,0.05,1e-06,0.2,1.05,0.7,60,20,8,10,0.35,0.25,80.0,1e-12,False,3,4,0.5,True,False,1
2026-10-01T19:06:57+02:00,delta0_frac__upper,delta0_frac,upper,0.01,12,Multimodal,30,3,300000,300000,1200.8533830374513,1200.0,0.8533830374512945,492.19077472800564,V4,30,300000,8,0.02,0.01,0.05,1e-06,0.2,1.05,0.7,60,20,8,10,0.35,0.25,80.0,1e-12,False,3,4,0.5,True,False,1
2026-10-01T19:15:11+02:00,delta0_frac__upper,delta0_frac,upper,0.01,12,Multimodal,30,4,300000,300000,1201.0586735436905,1200.0,1.0586735436904746,493.56930947399815,V4,30,300000,8,0.02,0.01,0.05,1e-06,0.2,1.05,0.7,60,20,8,10,0.35,0.25,80.0,1e-12,False,3,4,0.5,True,False,1
2026-10-01T19:15:18+02:00,delta0_frac__upper,delta0_frac,upper,0.01,13,Multimodal,30,0,300000,300000,1300.2662594288838,1300.0,0.2662594288838136,7.371156709006755,V4,30,300000,8,0.02,0.01,0.05,1e-06,0.2,1.05,0.7,60,20,8,10,0.35,0.25,80.0,1e-12,False,3,4,0.5,True,False,1
2026-10-01T19:15:25+02:00,delta0_frac__upper,delta0_frac,upper,0.01,13,Multimodal,30,1,300000,300000,1300.3145235552422,1300.0,0.31452355524220366,7.323915947003115,V4,30,300000,8,0.02,0.01,0.05,1e-06,0.2,1.05,0.7,60,20,8,10,0.35,0.25,80.0,1e-12,False,3,4,0.5,True,False,1
2026-10-01T19:15:33+02:00,delta0_frac__upper,delta0_frac,upper,0.01,13,Multimodal,30,2,300000,300000,1300.428628218244,1300.0,0.4286282182440573,7.374646292002581,V4,30,300000,8,0.02,0.01,0.05,1e-06,0.2,1.05,0.7,60,20,8,10,0.35,0.25,80.0,1e-12,False,3,4,0.5,True,False,1
2026-10-01T19:15:40+02:00,delta0_frac__upper,delta0_frac,upper,0.01,13,Multimodal,30,3,300000,300000,1300.3552099738927,1300.0,0.35520997389266995,7.349242896998476,V4,30,300000,8,0.02,0.01,0.05,1e-06,0.2,1.05,0.7,60,20,8,10,0.35,0.25,80.0,1e-12,False,3,4,0.5,True,False,1
2026-10-01T19:15:48+02:00,delta0_frac__upper,delta0_frac,upper,0.01,13,Multimodal,30,4,300000,300000,1300.3167051559217,1300.0,0.3167051559216816,7.3269851059958455,V4,30,300000,8,0.02,0.01,0.05,1e-06,0.2,1.05,0.7,60,20,8,10,0.35,0.25,80.0,1e-12,False,3,4,0.5,True,False,1
2026-10-01T19:15:55+02:00,delta0_frac__upper,delta0_frac,upper,0.01,14,Multimodal,30,0,300000,300000,1400.567283416521,1400.0,0.5672834165209224,7.257605909995618,V4,30,300000,8,0.02,0.01,0.05,1e-06,0.2,1.05,0.7,60,20,8,10,0.35,0.25,80.0,1e-12,False,3,4,0.5,True,False,1
2026-10-01T19:16:02+02:00,delta0_frac__upper,delta0_frac,upper,0.01,14,Multimodal,30,1,300000,300000,1400.368808680838,1400.0,0.3688086808379012,7.330125524000323,V4,30,300000,8,0.02,0.01,0.05,1e-06,0.2,1.05,0.7,60,20,8,10,0.35,0.25,80.0,1e-12,False,3,4,0.5,True,False,1
2026-10-01T19:16:10+02:00,delta0_frac__upper,delta0_frac,upper,0.01,14,Multimodal,30,2,300000,300000,1400.6503686912106,1400.0,0.6503686912105877,7.330327522002335,V4,30,300000,8,0.02,0.01,0.05,1e-06,0.2,1.05,0.7,60,20,8,10,0.35,0.25,80.0,1e-12,False,3,4,0.5,True,False,1
2026-10-01T19:16:17+02:00,delta0_frac__upper,delta0_frac,upper,0.01,14,Multimodal,30,3,300000,300000,1400.2772985264842,1400.0,0.27729852648417364,7.368200084994896,V4,30,300000,8,0.02,0.01,0.05,1e-06,0.2,1.05,0.7,60,20,8,10,0.35,0.25,80.0,1e-12,False,3,4,0.5,True,False,1
2026-10-01T19:16:24+02:00,delta0_frac__upper,delta0_frac,upper,0.01,14,Multimodal,30,4,300000,300000,1400.3693230878237,1400.0,0.3693230878236591,7.339676692994544,V4,30,300000,8,0.02,0.01,0.05,1e-06,0.2,1.05,0.7,60,20,8,10,0.35,0.25,80.0,1e-12,False,3,4,0.5,True,False,1
2026-10-01T19:16:33+02:00,delta0_frac__upper,delta0_frac,upper,0.01,15,Multimodal,30,0,300000,300000,1518.8825762209271,1500.0,18.88257622092715,8.33852847500384,V4,30,300000,8,0.02,0.01,0.05,1e-06,0.2,1.05,0.7,60,20,8,10,0.35,0.25,80.0,1e-12,False,3,4,0.5,True,False,1
2026-10-01T19:16:41+02:00,delta0_frac__upper,delta0_frac,upper,0.01,15,Multimodal,30,1,300000,300000,1520.1835175708545,1500.0,20.18351757085452,8.322426737002388,V4,30,300000,8,0.02,0.01,0.05,1e-06,0.2,1.05,0.7,60,20,8,10,0.35,0.25,80.0,1e-12,False,3,4,0.5,True,False,1
2026-10-01T19:16:50+02:00,delta0_frac__upper,delta0_frac,upper,0.01,15,Multimodal,30,2,300000,300000,1512.8364271334883,1500.0,12.836427133488314,8.325534593997872,V4,30,300000,8,0.02,0.01,0.05,1e-06,0.2,1.05,0.7,60,20,8,10,0.35,0.25,80.0,1e-12,False,3,4,0.5,True,False,1
2026-10-01T19:16:58+02:00,delta0_frac__upper,delta0_frac,upper,0.01,15,Multimodal,30,3,300000,300000,1514.8812244157089,1500.0,14.881224415708857,8.322921162005514,V4,30,300000,8,0.02,0.01,0.05,1e-06,0.2,1.05,0.7,60,20,8,10,0.35,0.25,80.0,1e-12,False,3,4,0.5,True,False,1
2026-10-01T19:17:06+02:00,delta0_frac__upper,delta0_frac,upper,0.01,15,Multimodal,30,4,300000,300000,1519.1788396870188,1500.0,19.178839687018808,8.27724308300094,V4,30,300000,8,0.02,0.01,0.05,1e-06,0.2,1.05,0.7,60,20,8,10,0.35,0.25,80.0,1e-12,False,3,4,0.5,True,False,1
2026-10-01T19:17:50+02:00,delta0_frac__upper,delta0_frac,upper,0.01,16,Multimodal,30,0,300000,300000,1613.4090188918206,1600.0,13.409018891820551,44.081515888996364,V4,30,300000,8,0.02,0.01,0.05,1e-06,0.2,1.05,0.7,60,20,8,10,0.35,0.25,80.0,1e-12,False,3,4,0.5,True,False,1
2026-10-01T19:18:34+02:00,delta0_frac__upper,delta0_frac,upper,0.01,16,Multimodal,30,1,300000,300000,1613.6676662695552,1600.0,13.667666269555184,43.41356989600172,V4,30,300000,8,0.02,0.01,0.05,1e-06,0.2,1.05,0.7,60,20,8,10,0.35,0.25,80.0,1e-12,False,3,4,0.5,True,False,1
2026-10-01T19:19:18+02:00,delta0_frac__upper,delta0_frac,upper,0.01,16,Multimodal,30,2,300000,300000,1613.939213789786,1600.0,13.939213789785981,43.754432707995875,V4,30,300000,8,0.02,0.01,0.05,1e-06,0.2,1.05,0.7,60,20,8,10,0.35,0.25,80.0,1e-12,False,3,4,0.5,True,False,1
2026-10-01T19:20:01+02:00,delta0_frac__upper,delta0_frac,upper,0.01,16,Multimodal,30,3,300000,300000,1614.023654248444,1600.0,14.023654248444018,43.32843130100082,V4,30,300000,8,0.02,0.01,0.05,1e-06,0.2,1.05,0.7,60,20,8,10,0.35,0.25,80.0,1e-12,False,3,4,0.5,True,False,1
2026-10-01T19:20:45+02:00,delta0_frac__upper,delta0_frac,upper,0.01,16,Multimodal,30,4,300000,300000,1613.944276681269,1600.0,13.944276681269002,44.1136046190004,V4,30,300000,8,0.02,0.01,0.05,1e-06,0.2,1.05,0.7,60,20,8,10,0.35,0.25,80.0,1e-12,False,3,4,0.5,True,False,1
2026-10-01T19:21:00+02:00,delta0_frac__upper,delta0_frac,upper,0.01,17,Hybrid,30,0,300000,300000,78708.54702445929,1700.0,77008.54702445929,14.513849663002475,V4,30,300000,8,0.02,0.01,0.05,1e-06,0.2,1.05,0.7,60,20,8,10,0.35,0.25,80.0,1e-12,False,3,4,0.5,True,False,1
2026-10-01T19:21:15+02:00,delta0_frac__upper,delta0_frac,upper,0.01,17,Hybrid,30,1,300000,300000,207522.44433057102,1700.0,205822.44433057102,15.041883049001626,V4,30,300000,8,0.02,0.01,0.05,1e-06,0.2,1.05,0.7,60,20,8,10,0.35,0.25,80.0,1e-12,False,3,4,0.5,True,False,1
2026-10-01T19:21:30+02:00,delta0_frac__upper,delta0_frac,upper,0.01,17,Hybrid,30,2,300000,300000,202012.3123648767,1700.0,200312.3123648767,14.923791353001434,V4,30,300000,8,0.02,0.01,0.05,1e-06,0.2,1.05,0.7,60,20,8,10,0.35,0.25,80.0,1e-12,False,3,4,0.5,True,False,1
2026-10-01T19:21:45+02:00,delta0_frac__upper,delta0_frac,upper,0.01,17,Hybrid,30,3,300000,300000,207259.73228487777,1700.0,205559.73228487777,14.969679606001591,V4,30,300000,8,0.02,0.01,0.05,1e-06,0.2,1.05,0.7,60,20,8,10,0.35,0.25,80.0,1e-12,False,3,4,0.5,True,False,1
2026-10-01T19:22:00+02:00,delta0_frac__upper,delta0_frac,upper,0.01,17,Hybrid,30,4,300000,300000,140909.92579535674,1700.0,139209.92579535674,14.907676832001016,V4,30,300000,8,0.02,0.01,0.05,1e-06,0.2,1.05,0.7,60,20,8,10,0.35,0.25,80.0,1e-12,False,3,4,0.5,True,False,1
2026-10-01T19:22:09+02:00,delta0_frac__upper,delta0_frac,upper,0.01,18,Hybrid,30,0,300000,300000,74232.18006381136,1800.0,72432.18006381136,9.268755443998089,V4,30,300000,8,0.02,0.01,0.05,1e-06,0.2,1.05,0.7,60,20,8,10,0.35,0.25,80.0,1e-12,False,3,4,0.5,True,False,1
2026-10-01T19:22:18+02:00,delta0_frac__upper,delta0_frac,upper,0.01,18,Hybrid,30,1,300000,300000,69587.63303082137,1800.0,67787.63303082137,9.281190515001072,V4,30,300000,8,0.02,0.01,0.05,1e-06,0.2,1.05,0.7,60,20,8,10,0.35,0.25,80.0,1e-12,False,3,4,0.5,True,False,1
2026-10-01T19:22:28+02:00,delta0_frac__upper,delta0_frac,upper,0.01,18,Hybrid,30,2,300000,300000,134407.11907568105,1800.0,132607.11907568105,9.403819553001085,V4,30,300000,8,0.02,0.01,0.05,1e-06,0.2,1.05,0.7,60,20,8,10,0.35,0.25,80.0,1e-12,False,3,4,0.5,True,False,1
2026-10-01T19:22:37+02:00,delta0_frac__upper,delta0_frac,upper,0.01,18,Hybrid,30,3,300000,300000,129368.50213614429,1800.0,127568.50213614429,9.268998738996743,V4,30,300000,8,0.02,0.01,0.05,1e-06,0.2,1.05,0.7,60,20,8,10,0.35,0.25,80.0,1e-12,False,3,4,0.5,True,False,1
2026-10-01T19:22:47+02:00,delta0_frac__upper,delta0_frac,upper,0.01,18,Hybrid,30,4,300000,300000,176359.90770992162,1800.0,174559.90770992162,9.3109176700018,V4,30,300000,8,0.02,0.01,0.05,1e-06,0.2,1.05,0.7,60,20,8,10,0.35,0.25,80.0,1e-12,False,3,4,0.5,True,False,1
2026-10-01T19:23:18+02:00,delta0_frac__upper,delta0_frac,upper,0.01,19,Hybrid,30,0,300000,300000,1953.7890339080732,1900.0,53.78903390807318,31.339752244006377,V4,30,300000,8,0.02,0.01,0.05,1e-06,0.2,1.05,0.7,60,20,8,10,0.35,0.25,80.0,1e-12,False,3,4,0.5,True,False,1
2026-10-01T19:23:50+02:00,delta0_frac__upper,delta0_frac,upper,0.01,19,Hybrid,30,1,300000,300000,1945.062588550792,1900.0,45.06258855079204,31.568140499002766,V4,30,300000,8,0.02,0.01,0.05,1e-06,0.2,1.05,0.7,60,20,8,10,0.35,0.25,80.0,1e-12,False,3,4,0.5,True,False,1
2026-10-01T19:24:21+02:00,delta0_frac__upper,delta0_frac,upper,0.01,19,Hybrid,30,2,300000,300000,1940.7913201884276,1900.0,40.79132018842756,31.223061427001085,V4,30,300000,8,0.02,0.01,0.05,1e-06,0.2,1.05,0.7,60,20,8,10,0.35,0.25,80.0,1e-12,False,3,4,0.5,True,False,1
2026-10-01T19:24:53+02:00,delta0_frac__upper,delta0_frac,upper,0.01,19,Hybrid,30,3,300000,300000,1931.479124688967,1900.0,31.479124688966976,31.85151496400067,V4,30,300000,8,0.02,0.01,0.05,1e-06,0.2,1.05,0.7,60,20,8,10,0.35,0.25,80.0,1e-12,False,3,4,0.5,True,False,1
2026-10-01T19:25:24+02:00,delta0_frac__upper,delta0_frac,upper,0.01,19,Hybrid,30,4,300000,300000,1948.0880842983315,1900.0,48.08808429833152,31.34177352199913,V4,30,300000,8,0.02,0.01,0.05,1e-06,0.2,1.05,0.7,60,20,8,10,0.35,0.25,80.0,1e-12,False,3,4,0.5,True,False,1
2026-10-01T19:25:36+02:00,delta0_frac__upper,delta0_frac,upper,0.01,20,Hybrid,30,0,300000,300000,80951.86029357684,2000.0,78951.86029357684,11.617729566998605,V4,30,300000,8,0.02,0.01,0.05,1e-06,0.2,1.05,0.7,60,20,8,10,0.35,0.25,80.0,1e-12,False,3,4,0.5,True,False,1
2026-10-01T19:25:48+02:00,delta0_frac__upper,delta0_frac,upper,0.01,20,Hybrid,30,1,300000,300000,41320.31672718857,2000.0,39320.31672718857,11.7989137869954,V4,30,300000,8,0.02,0.01,0.05,1e-06,0.2,1.05,0.7,60,20,8,10,0.35,0.25,80.0,1e-12,False,3,4,0.5,True,False,1
2026-10-01T19:25:59+02:00,delta0_frac__upper,delta0_frac,upper,0.01,20,Hybrid,30,2,300000,300000,46004.74279268923,2000.0,44004.74279268923,11.658201300000655,V4,30,300000,8,0.02,0.01,0.05,1e-06,0.2,1.05,0.7,60,20,8,10,0.35,0.25,80.0,1e-12,False,3,4,0.5,True,False,1
2026-10-01T19:26:11+02:00,delta0_frac__upper,delta0_frac,upper,0.01,20,Hybrid,30,3,300000,300000,42687.82179603808,2000.0,40687.82179603808,11.707814189998317,V4,30,300000,8,0.02,0.01,0.05,1e-06,0.2,1.05,0.7,60,20,8,10,0.35,0.25,80.0,1e-12,False,3,4,0.5,True,False,1
2026-10-01T19:26:23+02:00,delta0_frac__upper,delta0_frac,upper,0.01,20,Hybrid,30,4,300000,300000,43840.519354838005,2000.0,41840.519354838005,11.848390579005354,V4,30,300000,8,0.02,0.01,0.05,1e-06,0.2,1.05,0.7,60,20,8,10,0.35,0.25,80.0,1e-12,False,3,4,0.5,True,False,1
2026-10-01T19:26:45+02:00,delta0_frac__upper,delta0_frac,upper,0.01,21,Hybrid,30,0,300000,300000,62291.54018255285,2100.0,60191.54018255285,21.979003676999127,V4,30,300000,8,0.02,0.01,0.05,1e-06,0.2,1.05,0.7,60,20,8,10,0.35,0.25,80.0,1e-12,False,3,4,0.5,True,False,1
2026-10-01T19:27:07+02:00,delta0_frac__upper,delta0_frac,upper,0.01,21,Hybrid,30,1,300000,300000,99488.11824430637,2100.0,97388.11824430637,22.104852816002676,V4,30,300000,8,0.02,0.01,0.05,1e-06,0.2,1.05,0.7,60,20,8,10,0.35,0.25,80.0,1e-12,False,3,4,0.5,True,False,1
2026-10-01T19:27:29+02:00,delta0_frac__upper,delta0_frac,upper,0.01,21,Hybrid,30,2,300000,300000,54825.641816248215,2100.0,52725.641816248215,21.846465786002227,V4,30,300000,8,0.02,0.01,0.05,1e-06,0.2,1.05,0.7,60,20,8,10,0.35,0.25,80.0,1e-12,False,3,4,0.5,True,False,1
2026-10-01T19:27:51+02:00,delta0_frac__upper,delta0_frac,upper,0.01,21,Hybrid,30,3,300000,300000,38779.03941902518,2100.0,36679.03941902518,21.969930039005703,V4,30,300000,8,0.02,0.01,0.05,1e-06,0.2,1.05,0.7,60,20,8,10,0.35,0.25,80.0,1e-12,False,3,4,0.5,True,False,1
2026-10-01T19:28:13+02:00,delta0_frac__upper,delta0_frac,upper,0.01,21,Hybrid,30,4,300000,300000,63939.73414562631,2100.0,61839.73414562631,22.044980562001,V4,30,300000,8,0.02,0.01,0.05,1e-06,0.2,1.05,0.7,60,20,8,10,0.35,0.25,80.0,1e-12,False,3,4,0.5,True,False,1
2026-10-01T19:29:22+02:00,delta0_frac__upper,delta0_frac,upper,0.01,22,Hybrid,30,0,300000,300000,2820.8781543699647,2200.0,620.8781543699647,68.49793843599764,V4,30,300000,8,0.02,0.01,0.05,1e-06,0.2,1.05,0.7,60,20,8,10,0.35,0.25,80.0,1e-12,False,3,4,0.5,True,False,1
2026-10-01T19:30:30+02:00,delta0_frac__upper,delta0_frac,upper,0.01,22,Hybrid,30,1,300000,300000,2789.8303771033684,2200.0,589.8303771033684,68.24784995899972,V4,30,300000,8,0.02,0.01,0.05,1e-06,0.2,1.05,0.7,60,20,8,10,0.35,0.25,80.0,1e-12,False,3,4,0.5,True,False,1
2026-10-01T19:31:39+02:00,delta0_frac__upper,delta0_frac,upper,0.01,22,Hybrid,30,2,300000,300000,2778.940969644751,2200.0,578.940969644751,68.8137787279993,V4,30,300000,8,0.02,0.01,0.05,1e-06,0.2,1.05,0.7,60,20,8,10,0.35,0.25,80.0,1e-12,False,3,4,0.5,True,False,1
2026-10-01T19:32:48+02:00,delta0_frac__upper,delta0_frac,upper,0.01,22,Hybrid,30,3,300000,300000,2823.718436598114,2200.0,623.7184365981138,69.11464166799851,V4,30,300000,8,0.02,0.01,0.05,1e-06,0.2,1.05,0.7,60,20,8,10,0.35,0.25,80.0,1e-12,False,3,4,0.5,True,False,1
2026-10-01T19:33:56+02:00,delta0_frac__upper,delta0_frac,upper,0.01,22,Hybrid,30,4,300000,300000,2831.503894423565,2200.0,631.5038944235648,68.2606130330023,V4,30,300000,8,0.02,0.01,0.05,1e-06,0.2,1.05,0.7,60,20,8,10,0.35,0.25,80.0,1e-12,False,3,4,0.5,True,False,1
2026-10-01T19:34:14+02:00,delta0_frac__upper,delta0_frac,upper,0.01,23,Composition,30,0,300000,300000,2522.8832977316697,2300.0,222.8832977316697,17.85021155999857,V4,30,300000,8,0.02,0.01,0.05,1e-06,0.2,1.05,0.7,60,20,8,10,0.35,0.25,80.0,1e-12,False,3,4,0.5,True,False,1
2026-10-01T19:34:32+02:00,delta0_frac__upper,delta0_frac,upper,0.01,23,Composition,30,1,300000,300000,2522.9036283565906,2300.0,222.90362835659062,17.7785864519974,V4,30,300000,8,0.02,0.01,0.05,1e-06,0.2,1.05,0.7,60,20,8,10,0.35,0.25,80.0,1e-12,False,3,4,0.5,True,False,1
2026-10-01T19:34:50+02:00,delta0_frac__upper,delta0_frac,upper,0.01,23,Composition,30,2,300000,300000,2522.9247119411725,2300.0,222.92471194117252,17.758691936003743,V4,30,300000,8,0.02,0.01,0.05,1e-06,0.2,1.05,0.7,60,20,8,10,0.35,0.25,80.0,1e-12,False,3,4,0.5,True,False,1
2026-10-01T19:35:08+02:00,delta0_frac__upper,delta0_frac,upper,0.01,23,Composition,30,3,300000,300000,2523.0797933923423,2300.0,223.07979339234225,17.976011553997523,V4,30,300000,8,0.02,0.01,0.05,1e-06,0.2,1.05,0.7,60,20,8,10,0.35,0.25,80.0,1e-12,False,3,4,0.5,True,False,1
2026-10-01T19:35:26+02:00,delta0_frac__upper,delta0_frac,upper,0.01,23,Composition,30,4,300000,300000,2522.949827846567,2300.0,222.94982784656713,17.89273033000063,V4,30,300000,8,0.02,0.01,0.05,1e-06,0.2,1.05,0.7,60,20,8,10,0.35,0.25,80.0,1e-12,False,3,4,0.5,True,False,1
2026-10-01T19:35:46+02:00,delta0_frac__upper,delta0_frac,upper,0.01,24,Composition,30,0,300000,300000,2623.7221734090194,2400.0,223.72217340901943,20.278867511995486,V4,30,300000,8,0.02,0.01,0.05,1e-06,0.2,1.05,0.7,60,20,8,10,0.35,0.25,80.0,1e-12,False,3,4,0.5,True,False,1
2026-10-01T19:36:07+02:00,delta0_frac__upper,delta0_frac,upper,0.01,24,Composition,30,1,300000,300000,2631.7508415618727,2400.0,231.75084156187268,20.197618541998963,V4,30,300000,8,0.02,0.01,0.05,1e-06,0.2,1.05,0.7,60,20,8,10,0.35,0.25,80.0,1e-12,False,3,4,0.5,True,False,1
2026-10-01T19:36:27+02:00,delta0_frac__upper,delta0_frac,upper,0.01,24,Composition,30,2,300000,300000,2630.085279033826,2400.0,230.08527903382583,20.184275000006892,V4,30,300000,8,0.02,0.01,0.05,1e-06,0.2,1.05,0.7,60,20,8,10,0.35,0.25,80.0,1e-12,False,3,4,0.5,True,False,1
2026-10-01T19:36:47+02:00,delta0_frac__upper,delta0_frac,upper,0.01,24,Composition,30,3,300000,300000,2625.922138996087,2400.0,225.92213899608714,20.217203367996262,V4,30,300000,8,0.02,0.01,0.05,1e-06,0.2,1.05,0.7,60,20,8,10,0.35,0.25,80.0,1e-12,False,3,4,0.5,True,False,1
2026-10-01T19:37:07+02:00,delta0_frac__upper,delta0_frac,upper,0.01,24,Composition,30,4,300000,300000,2625.3974108030247,2400.0,225.39741080302474,20.336293319000106,V4,30,300000,8,0.02,0.01,0.05,1e-06,0.2,1.05,0.7,60,20,8,10,0.35,0.25,80.0,1e-12,False,3,4,0.5,True,False,1
2026-10-01T19:37:28+02:00,delta0_frac__upper,delta0_frac,upper,0.01,25,Composition,30,0,300000,300000,2713.656027729839,2500.0,213.65602772983902,20.587842868000735,V4,30,300000,8,0.02,0.01,0.05,1e-06,0.2,1.05,0.7,60,20,8,10,0.35,0.25,80.0,1e-12,False,3,4,0.5,True,False,1
2026-10-01T19:37:49+02:00,delta0_frac__upper,delta0_frac,upper,0.01,25,Composition,30,1,300000,300000,2714.1240379619744,2500.0,214.1240379619744,20.460680158001196,V4,30,300000,8,0.02,0.01,0.05,1e-06,0.2,1.05,0.7,60,20,8,10,0.35,0.25,80.0,1e-12,False,3,4,0.5,True,False,1
2026-10-01T19:38:09+02:00,delta0_frac__upper,delta0_frac,upper,0.01,25,Composition,30,2,300000,300000,2725.0835436962107,2500.0,225.08354369621065,20.549472591999802,V4,30,300000,8,0.02,0.01,0.05,1e-06,0.2,1.05,0.7,60,20,8,10,0.35,0.25,80.0,1e-12,False,3,4,0.5,True,False,1
2026-10-01T19:38:30+02:00,delta0_frac__upper,delta0_frac,upper,0.01,25,Composition,30,3,300000,300000,2726.6211478646146,2500.0,226.6211478646146,20.470086045002972,V4,30,300000,8,0.02,0.01,0.05,1e-06,0.2,1.05,0.7,60,20,8,10,0.35,0.25,80.0,1e-12,False,3,4,0.5,True,False,1
2026-10-01T19:38:50+02:00,delta0_frac__upper,delta0_frac,upper,0.01,25,Composition,30,4,300000,300000,2723.7171320527373,2500.0,223.71713205273727,20.408883265998156,V4,30,300000,8,0.02,0.01,0.05,1e-06,0.2,1.05,0.7,60,20,8,10,0.35,0.25,80.0,1e-12,False,3,4,0.5,True,False,1
2026-10-01T19:40:35+02:00,delta0_frac__upper,delta0_frac,upper,0.01,26,Composition,30,0,300000,300000,2800.278011262318,2600.0,200.27801126231816,104.75436836099834,V4,30,300000,8,0.02,0.01,0.05,1e-06,0.2,1.05,0.7,60,20,8,10,0.35,0.25,80.0,1e-12,False,3,4,0.5,True,False,1
2026-10-01T19:42:20+02:00,delta0_frac__upper,delta0_frac,upper,0.01,26,Composition,30,1,300000,300000,2700.36826776926,2600.0,100.36826776926,104.83630296200135,V4,30,300000,8,0.02,0.01,0.05,1e-06,0.2,1.05,0.7,60,20,8,10,0.35,0.25,80.0,1e-12,False,3,4,0.5,True,False,1
2026-10-01T19:44:06+02:00,delta0_frac__upper,delta0_frac,upper,0.01,26,Composition,30,2,300000,300000,2700.602274514517,2600.0,100.60227451451692,105.43315333999635,V4,30,300000,8,0.02,0.01,0.05,1e-06,0.2,1.05,0.7,60,20,8,10,0.35,0.25,80.0,1e-12,False,3,4,0.5,True,False,1
2026-10-01T19:45:50+02:00,delta0_frac__upper,delta0_frac,upper,0.01,26,Composition,30,3,300000,300000,2800.3268925999582,2600.0,200.32689259995823,104.13521837900043,V4,30,300000,8,0.02,0.01,0.05,1e-06,0.2,1.05,0.7,60,20,8,10,0.35,0.25,80.0,1e-12,False,3,4,0.5,True,False,1
2026-10-01T19:47:35+02:00,delta0_frac__upper,delta0_frac,upper,0.01,26,Composition,30,4,300000,300000,2800.153831409199,2600.0,200.15383140919903,104.85634752100304,V4,30,300000,8,0.02,0.01,0.05,1e-06,0.2,1.05,0.7,60,20,8,10,0.35,0.25,80.0,1e-12,False,3,4,0.5,True,False,1
2026-10-01T19:49:19+02:00,delta0_frac__upper,delta0_frac,upper,0.01,27,Composition,30,0,300000,300000,3106.0345602335183,2700.0,406.0345602335183,104.25848415899964,V4,30,300000,8,0.02,0.01,0.05,1e-06,0.2,1.05,0.7,60,20,8,10,0.35,0.25,80.0,1e-12,False,3,4,0.5,True,False,1
2026-10-01T19:51:04+02:00,delta0_frac__upper,delta0_frac,upper,0.01,27,Composition,30,1,300000,300000,3111.216220357615,2700.0,411.21622035761493,104.48680974500166,V4,30,300000,8,0.02,0.01,0.05,1e-06,0.2,1.05,0.7,60,20,8,10,0.35,0.25,80.0,1e-12,False,3,4,0.5,True,False,1
2026-10-01T19:52:50+02:00,delta0_frac__upper,delta0_frac,upper,0.01,27,Composition,30,2,300000,300000,3109.2535040256416,2700.0,409.25350402564163,106.09520458200132,V4,30,300000,8,0.02,0.01,0.05,1e-06,0.2,1.05,0.7,60,20,8,10,0.35,0.25,80.0,1e-12,False,3,4,0.5,True,False,1
2026-10-01T19:54:35+02:00,delta0_frac__upper,delta0_frac,upper,0.01,27,Composition,30,3,300000,300000,3105.249156728336,2700.0,405.24915672833595,104.71757507700386,V4,30,300000,8,0.02,0.01,0.05,1e-06,0.2,1.05,0.7,60,20,8,10,0.35,0.25,80.0,1e-12,False,3,4,0.5,True,False,1
2026-10-01T19:56:19+02:00,delta0_frac__upper,delta0_frac,upper,0.01,27,Composition,30,4,300000,300000,3109.75498766684,2700.0,409.75498766683995,103.88052143600362,V4,30,300000,8,0.02,0.01,0.05,1e-06,0.2,1.05,0.7,60,20,8,10,0.35,0.25,80.0,1e-12,False,3,4,0.5,True,False,1
2026-10-01T19:57:23+02:00,delta0_frac__upper,delta0_frac,upper,0.01,28,Composition,30,0,300000,300000,7206.604749992401,2800.0,4406.604749992401,63.89912901500065,V4,30,300000,8,0.02,0.01,0.05,1e-06,0.2,1.05,0.7,60,20,8,10,0.35,0.25,80.0,1e-12,False,3,4,0.5,True,False,1
2026-10-01T19:58:27+02:00,delta0_frac__upper,delta0_frac,upper,0.01,28,Composition,30,1,300000,300000,7679.689330794415,2800.0,4879.689330794415,63.67323631700128,V4,30,300000,8,0.02,0.01,0.05,1e-06,0.2,1.05,0.7,60,20,8,10,0.35,0.25,80.0,1e-12,False,3,4,0.5,True,False,1
2026-10-01T19:59:31+02:00,delta0_frac__upper,delta0_frac,upper,0.01,28,Composition,30,2,300000,300000,8012.7493500758155,2800.0,5212.7493500758155,64.20823187399947,V4,30,300000,8,0.02,0.01,0.05,1e-06,0.2,1.05,0.7,60,20,8,10,0.35,0.25,80.0,1e-12,False,3,4,0.5,True,False,1
2026-10-01T20:00:36+02:00,delta0_frac__upper,delta0_frac,upper,0.01,28,Composition,30,3,300000,300000,6113.6449300188515,2800.0,3313.6449300188515,64.54093792299682,V4,30,300000,8,0.02,0.01,0.05,1e-06,0.2,1.05,0.7,60,20,8,10,0.35,0.25,80.0,1e-12,False,3,4,0.5,True,False,1
2026-10-01T20:01:40+02:00,delta0_frac__upper,delta0_frac,upper,0.01,28,Composition,30,4,300000,300000,7510.668514557194,2800.0,4710.668514557194,64.10220151200338,V4,30,300000,8,0.02,0.01,0.05,1e-06,0.2,1.05,0.7,60,20,8,10,0.35,0.25,80.0,1e-12,False,3,4,0.5,True,False,1
2026-10-01T20:02:29+02:00,delta0_frac__upper,delta0_frac,upper,0.01,29,Composition,30,0,300000,300000,35664.44224246774,2900.0,32764.44224246774,49.58416181299981,V4,30,300000,8,0.02,0.01,0.05,1e-06,0.2,1.05,0.7,60,20,8,10,0.35,0.25,80.0,1e-12,False,3,4,0.5,True,False,1
2026-10-01T20:03:19+02:00,delta0_frac__upper,delta0_frac,upper,0.01,29,Composition,30,1,300000,300000,46751.00108447736,2900.0,43851.00108447736,49.71674323199841,V4,30,300000,8,0.02,0.01,0.05,1e-06,0.2,1.05,0.7,60,20,8,10,0.35,0.25,80.0,1e-12,False,3,4,0.5,True,False,1
2026-10-01T20:04:09+02:00,delta0_frac__upper,delta0_frac,upper,0.01,29,Composition,30,2,300000,300000,64993.53650555934,2900.0,62093.53650555934,49.823058417998254,V4,30,300000,8,0.02,0.01,0.05,1e-06,0.2,1.05,0.7,60,20,8,10,0.35,0.25,80.0,1e-12,False,3,4,0.5,True,False,1
2026-10-01T20:04:59+02:00,delta0_frac__upper,delta0_frac,upper,0.01,29,Composition,30,3,300000,300000,33490.77359954538,2900.0,30590.773599545377,50.08110773500084,V4,30,300000,8,0.02,0.01,0.05,1e-06,0.2,1.05,0.7,60,20,8,10,0.35,0.25,80.0,1e-12,False,3,4,0.5,True,False,1
2026-10-01T20:05:49+02:00,delta0_frac__upper,delta0_frac,upper,0.01,29,Composition,30,4,300000,300000,64878.09158353431,2900.0,61978.09158353431,49.58690825100348,V4,30,300000,8,0.02,0.01,0.05,1e-06,0.2,1.05,0.7,60,20,8,10,0.35,0.25,80.0,1e-12,False,3,4,0.5,True,False,1
2026-10-01T20:07:27+02:00,delta0_frac__upper,delta0_frac,upper,0.01,30,Composition,30,0,300000,300000,66255.09054834222,3000.0,63255.090548342225,97.55959681999957,V4,30,300000,8,0.02,0.01,0.05,1e-06,0.2,1.05,0.7,60,20,8,10,0.35,0.25,80.0,1e-12,False,3,4,0.5,True,False,1
2026-10-01T20:09:04+02:00,delta0_frac__upper,delta0_frac,upper,0.01,30,Composition,30,1,300000,300000,35652.8669760768,3000.0,32652.866976076803,97.13091358599922,V4,30,300000,8,0.02,0.01,0.05,1e-06,0.2,1.05,0.7,60,20,8,10,0.35,0.25,80.0,1e-12,False,3,4,0.5,True,False,1
2026-10-01T20:10:41+02:00,delta0_frac__upper,delta0_frac,upper,0.01,30,Composition,30,2,300000,300000,69489.42797121912,3000.0,66489.42797121912,96.60760607199336,V4,30,300000,8,0.02,0.01,0.05,1e-06,0.2,1.05,0.7,60,20,8,10,0.35,0.25,80.0,1e-12,False,3,4,0.5,True,False,1
2026-10-01T20:12:17+02:00,delta0_frac__upper,delta0_frac,upper,0.01,30,Composition,30,3,300000,300000,52191.68886627124,3000.0,49191.68886627124,96.64748859500105,V4,30,300000,8,0.02,0.01,0.05,1e-06,0.2,1.05,0.7,60,20,8,10,0.35,0.25,80.0,1e-12,False,3,4,0.5,True,False,1
2026-10-01T20:14:09+02:00,delta0_frac__upper,delta0_frac,upper,0.01,30,Composition,30,4,300000,300000,62446.52430778922,3000.0,59446.52430778922,111.76691069400113,V4,30,300000,8,0.02,0.01,0.05,1e-06,0.2,1.05,0.7,60,20,8,10,0.35,0.25,80.0,1e-12,False,3,4,0.5,True,False,1
2026-10-01T20:14:17+02:00,Delta0_frac__lower,Delta0_frac,lower,0.025,1,Unimodal,30,0,300000,300000,5686936.620680642,100.0,5686836.620680642,7.927192789997207,V4,30,300000,8,0.02,0.005,0.025,1e-06,0.2,1.05,0.7,60,20,8,10,0.35,0.25,80.0,1e-12,False,3,4,0.5,True,False,1
2026-10-01T20:14:25+02:00,Delta0_frac__lower,Delta0_frac,lower,0.025,1,Unimodal,30,1,300000,300000,7599240.523824685,100.0,7599140.523824685,8.005566198000452,V4,30,300000,8,0.02,0.005,0.025,1e-06,0.2,1.05,0.7,60,20,8,10,0.35,0.25,80.0,1e-12,False,3,4,0.5,True,False,1
2026-10-01T20:14:33+02:00,Delta0_frac__lower,Delta0_frac,lower,0.025,1,Unimodal,30,2,300000,300000,3123056.7474492094,100.0,3122956.7474492094,7.801620133999677,V4,30,300000,8,0.02,0.005,0.025,1e-06,0.2,1.05,0.7,60,20,8,10,0.35,0.25,80.0,1e-12,False,3,4,0.5,True,False,1
2026-10-01T20:14:41+02:00,Delta0_frac__lower,Delta0_frac,lower,0.025,1,Unimodal,30,3,300000,300000,7385368.015690281,100.0,7385268.015690281,7.748699122996186,V4,30,300000,8,0.02,0.005,0.025,1e-06,0.2,1.05,0.7,60,20,8,10,0.35,0.25,80.0,1e-12,False,3,4,0.5,True,False,1
2026-10-01T20:14:49+02:00,Delta0_frac__lower,Delta0_frac,lower,0.025,1,Unimodal,30,4,300000,300000,3820097.1243248847,100.0,3819997.1243248847,8.226164862004225,V4,30,300000,8,0.02,0.005,0.025,1e-06,0.2,1.05,0.7,60,20,8,10,0.35,0.25,80.0,1e-12,False,3,4,0.5,True,False,1
2026-10-01T20:14:56+02:00,Delta0_frac__lower,Delta0_frac,lower,0.025,2,Unimodal,30,0,300000,300000,1076069.5200335307,200.0,1075869.5200335307,6.527499610005179,V4,30,300000,8,0.02,0.005,0.025,1e-06,0.2,1.05,0.7,60,20,8,10,0.35,0.25,80.0,1e-12,False,3,4,0.5,True,False,1
2026-10-01T20:15:02+02:00,Delta0_frac__lower,Delta0_frac,lower,0.025,2,Unimodal,30,1,300000,300000,641161.3693388479,200.0,640961.3693388479,6.420490671000152,V4,30,300000,8,0.02,0.005,0.025,1e-06,0.2,1.05,0.7,60,20,8,10,0.35,0.25,80.0,1e-12,False,3,4,0.5,True,False,1
2026-10-01T20:15:08+02:00,Delta0_frac__lower,Delta0_frac,lower,0.025,2,Unimodal,30,2,300000,300000,1522974.388511707,200.0,1522774.388511707,6.37766526699852,V4,30,300000,8,0.02,0.005,0.025,1e-06,0.2,1.05,0.7,60,20,8,10,0.35,0.25,80.0,1e-12,False,3,4,0.5,True,False,1
2026-10-01T20:15:15+02:00,Delta0_frac__lower,Delta0_frac,lower,0.025,2,Unimodal,30,3,300000,300000,620230.5880236329,200.0,620030.5880236329,6.425044018003973,V4,30,300000,8,0.02,0.005,0.025,1e-06,0.2,1.05,0.7,60,20,8,10,0.35,0.25,80.0,1e-12,False,3,4,0.5,True,False,1
2026-10-01T20:15:21+02:00,Delta0_frac__lower,Delta0_frac,lower,0.025,2,Unimodal,30,4,300000,300000,551178.4953047435,200.0,550978.4953047435,6.418411641003331,V4,30,300000,8,0.02,0.005,0.025,1e-06,0.2,1.05,0.7,60,20,8,10,0.35,0.25,80.0,1e-12,False,3,4,0.5,True,False,1
2026-10-01T20:15:28+02:00,Delta0_frac__lower,Delta0_frac,lower,0.025,3,Unimodal,30,0,300000,300000,25972.91652738603,300.0,25672.91652738603,6.337992772998405,V4,30,300000,8,0.02,0.005,0.025,1e-06,0.2,1.05,0.7,60,20,8,10,0.35,0.25,80.0,1e-12,False,3,4,0.5,True,False,1
2026-10-01T20:15:34+02:00,Delta0_frac__lower,Delta0_frac,lower,0.025,3,Unimodal,30,1,300000,300000,770.4922324464198,300.0,470.49223244641985,6.563181935998728,V4,30,300000,8,0.02,0.005,0.025,1e-06,0.2,1.05,0.7,60,20,8,10,0.35,0.25,80.0,1e-12,False,3,4,0.5,True,False,1
2026-10-01T20:15:41+02:00,Delta0_frac__lower,Delta0_frac,lower,0.025,3,Unimodal,30,2,300000,300000,11755.928238803668,300.0,11455.928238803668,6.335106348000409,V4,30,300000,8,0.02,0.005,0.025,1e-06,0.2,1.05,0.7,60,20,8,10,0.35,0.25,80.0,1e-12,False,3,4,0.5,True,False,1
2026-10-01T20:15:47+02:00,Delta0_frac__lower,Delta0_frac,lower,0.025,3,Unimodal,30,3,300000,300000,399734.73162467,300.0,399434.73162467,6.393278591996932,V4,30,300000,8,0.02,0.005,0.025,1e-06,0.2,1.05,0.7,60,20,8,10,0.35,0.25,80.0,1e-12,False,3,4,0.5,True,False,1
2026-10-01T20:15:53+02:00,Delta0_frac__lower,Delta0_frac,lower,0.025,3,Unimodal,30,4,300000,300000,828.738092583021,300.0,528.738092583021,6.310913899993466,V4,30,300000,8,0.02,0.005,0.025,1e-06,0.2,1.05,0.7,60,20,8,10,0.35,0.25,80.0,1e-12,False,3,4,0.5,True,False,1
2026-10-01T20:16:01+02:00,Delta0_frac__lower,Delta0_frac,lower,0.025,4,Multimodal,30,0,300000,300000,478.3278353080037,400.0,78.32783530800373,7.7290800159971695,V4,30,300000,8,0.02,0.005,0.025,1e-06,0.2,1.05,0.7,60,20,8,10,0.35,0.25,80.0,1e-12,False,3,4,0.5,True,False,1
2026-10-01T20:16:09+02:00,Delta0_frac__lower,Delta0_frac,lower,0.025,4,Multimodal,30,1,300000,300000,479.68344162873217,400.0,79.68344162873217,7.846068701001059,V4,30,300000,8,0.02,0.005,0.025,1e-06,0.2,1.05,0.7,60,20,8,10,0.35,0.25,80.0,1e-12,False,3,4,0.5,True,False,1
2026-10-01T20:16:17+02:00,Delta0_frac__lower,Delta0_frac,lower,0.025,4,Multimodal,30,2,300000,300000,401.5719469844825,400.0,1.5719469844825085,7.6735570399978315,V4,30,300000,8,0.02,0.005,0.025,1e-06,0.2,1.05,0.7,60,20,8,10,0.35,0.25,80.0,1e-12,False,3,4,0.5,True,False,1
2026-10-01T20:16:24+02:00,Delta0_frac__lower,Delta0_frac,lower,0.025,4,Multimodal,30,3,300000,300000,473.5594012327151,400.0,73.55940123271512,7.591627268004231,V4,30,300000,8,0.02,0.005,0.025,1e-06,0.2,1.05,0.7,60,20,8,10,0.35,0.25,80.0,1e-12,False,3,4,0.5,True,False,1
2026-10-01T20:16:32+02:00,Delta0_frac__lower,Delta0_frac,lower,0.025,4,Multimodal,30,4,300000,300000,472.429916918079,400.0,72.42991691807902,7.700994732003892,V4,30,300000,8,0.02,0.005,0.025,1e-06,0.2,1.05,0.7,60,20,8,10,0.35,0.25,80.0,1e-12,False,3,4,0.5,True,False,1
2026-10-01T20:16:40+02:00,Delta0_frac__lower,Delta0_frac,lower,0.025,5,Multimodal,30,0,300000,300000,521.353977248452,500.0,21.353977248451997,7.3923529329986195,V4,30,300000,8,0.02,0.005,0.025,1e-06,0.2,1.05,0.7,60,20,8,10,0.35,0.25,80.0,1e-12,False,3,4,0.5,True,False,1
2026-10-01T20:16:47+02:00,Delta0_frac__lower,Delta0_frac,lower,0.025,5,Multimodal,30,1,300000,300000,521.2228172866786,500.0,21.222817286678605,7.24664698500419,V4,30,300000,8,0.02,0.005,0.025,1e-06,0.2,1.05,0.7,60,20,8,10,0.35,0.25,80.0,1e-12,False,3,4,0.5,True,False,1
2026-10-01T20:16:54+02:00,Delta0_frac__lower,Delta0_frac,lower,0.025,5,Multimodal,30,2,300000,300000,521.151333688937,500.0,21.15133368893703,7.436571185004141,V4,30,300000,8,0.02,0.005,0.025,1e-06,0.2,1.05,0.7,60,20,8,10,0.35,0.25,80.0,1e-12,False,3,4,0.5,True,False,1
2026-10-01T20:17:02+02:00,Delta0_frac__lower,Delta0_frac,lower,0.025,5,Multimodal,30,3,300000,300000,521.248262369458,500.0,21.24826236945796,7.495569449994946,V4,30,300000,8,0.02,0.005,0.025,1e-06,0.2,1.05,0.7,60,20,8,10,0.35,0.25,80.0,1e-12,False,3,4,0.5,True,False,1
2026-10-01T20:17:10+02:00,Delta0_frac__lower,Delta0_frac,lower,0.025,5,Multimodal,30,4,300000,300000,521.2205579555684,500.0,21.220557955568438,7.488012614005129,V4,30,300000,8,0.02,0.005,0.025,1e-06,0.2,1.05,0.7,60,20,8,10,0.35,0.25,80.0,1e-12,False,3,4,0.5,True,False,1
2026-10-01T20:18:37+02:00,Delta0_frac__lower,Delta0_frac,lower,0.025,6,Multimodal,30,0,300000,300000,638.9372986821663,600.0,38.93729868216633,87.21644733299763,V4,30,300000,8,0.02,0.005,0.025,1e-06,0.2,1.05,0.7,60,20,8,10,0.35,0.25,80.0,1e-12,False,3,4,0.5,True,False,1
2026-10-01T20:20:02+02:00,Delta0_frac__lower,Delta0_frac,lower,0.025,6,Multimodal,30,1,300000,300000,638.1764151490804,600.0,38.17641514908041,85.45570633099851,V4,30,300000,8,0.02,0.005,0.025,1e-06,0.2,1.05,0.7,60,20,8,10,0.35,0.25,80.0,1e-12,False,3,4,0.5,True,False,1
2026-10-01T20:21:28+02:00,Delta0_frac__lower,Delta0_frac,lower,0.025,6,Multimodal,30,2,300000,300000,632.7893923104983,600.0,32.78939231049833,86.12481164700148,V4,30,300000,8,0.02,0.005,0.025,1e-06,0.2,1.05,0.7,60,20,8,10,0.35,0.25,80.0,1e-12,False,3,4,0.5,True,False,1
2026-10-01T20:22:55+02:00,Delta0_frac__lower,Delta0_frac,lower,0.025,6,Multimodal,30,3,300000,300000,640.3981643848251,600.0,40.39816438482512,86.09559594400343,V4,30,300000,8,0.02,0.005,0.025,1e-06,0.2,1.05,0.7,60,20,8,10,0.35,0.25,80.0,1e-12,False,3,4,0.5,True,False,1
2026-10-01T20:24:22+02:00,Delta0_frac__lower,Delta0_frac,lower,0.025,6,Multimodal,30,4,300000,300000,639.3251799643543,600.0,39.325179964354334,87.02741718199832,V4,30,300000,8,0.02,0.005,0.025,1e-06,0.2,1.05,0.7,60,20,8,10,0.35,0.25,80.0,1e-12,False,3,4,0.5,True,False,1
2026-10-01T20:24:29+02:00,Delta0_frac__lower,Delta0_frac,lower,0.025,7,Multimodal,30,0,300000,300000,700.4195149781917,700.0,0.419514978191728,7.709763220998866,V4,30,300000,8,0.02,0.005,0.025,1e-06,0.2,1.05,0.7,60,20,8,10,0.35,0.25,80.0,1e-12,False,3,4,0.5,True,False,1
2026-10-01T20:24:37+02:00,Delta0_frac__lower,Delta0_frac,lower,0.025,7,Multimodal,30,1,300000,300000,700.7048673718898,700.0,0.7048673718898044,7.616735007999523,V4,30,300000,8,0.02,0.005,0.025,1e-06,0.2,1.05,0.7,60,20,8,10,0.35,0.25,80.0,1e-12,False,3,4,0.5,True,False,1
2026-10-01T20:24:44+02:00,Delta0_frac__lower,Delta0_frac,lower,0.025,7,Multimodal,30,2,300000,300000,700.7561187900266,700.0,0.7561187900265622,7.320285165995301,V4,30,300000,8,0.02,0.005,0.025,1e-06,0.2,1.05,0.7,60,20,8,10,0.35,0.25,80.0,1e-12,False,3,4,0.5,True,False,1
2026-10-01T20:24:52+02:00,Delta0_frac__lower,Delta0_frac,lower,0.025,7,Multimodal,30,3,300000,300000,700.7220212646668,700.0,0.7220212646667505,7.420822413994756,V4,30,300000,8,0.02,0.005,0.025,1e-06,0.2,1.05,0.7,60,20,8,10,0.35,0.25,80.0,1e-12,False,3,4,0.5,True,False,1
2026-10-01T20:24:59+02:00,Delta0_frac__lower,Delta0_frac,lower,0.025,7,Multimodal,30,4,300000,300000,700.1938738295844,700.0,0.19387382958439048,7.4122586410012445,V4,30,300000,8,0.02,0.005,0.025,1e-06,0.2,1.05,0.7,60,20,8,10,0.35,0.25,80.0,1e-12,False,3,4,0.5,True,False,1
2026-10-01T20:25:06+02:00,Delta0_frac__lower,Delta0_frac,lower,0.025,8,Multimodal,30,0,300000,300000,1085.087895619741,800.0,285.08789561974095,7.10502530499798,V4,30,300000,8,0.02,0.005,0.025,1e-06,0.2,1.05,0.7,60,20,8,10,0.35,0.25,80.0,1e-12,False,3,4,0.5,True,False,1
2026-10-01T20:25:13+02:00,Delta0_frac__lower,Delta0_frac,lower,0.025,8,Multimodal,30,1,300000,300000,1114.0751174591437,800.0,314.0751174591437,7.029604571995151,V4,30,300000,8,0.02,0.005,0.025,1e-06,0.2,1.05,0.7,60,20,8,10,0.35,0.25,80.0,1e-12,False,3,4,0.5,True,False,1
2026-10-01T20:25:21+02:00,Delta0_frac__lower,Delta0_frac,lower,0.025,8,Multimodal,30,2,300000,300000,1099.543999022656,800.0,299.54399902265595,7.147812985000201,V4,30,300000,8,0.02,0.005,0.025,1e-06,0.2,1.05,0.7,60,20,8,10,0.35,0.25,80.0,1e-12,False,3,4,0.5,True,False,1
2026-10-01T20:25:28+02:00,Delta0_frac__lower,Delta0_frac,lower,0.025,8,Multimodal,30,3,300000,300000,1119.7894745388828,800.0,319.7894745388828,7.043933034001384,V4,30,300000,8,0.02,0.005,0.025,1e-06,0.2,1.05,0.7,60,20,8,10,0.35,0.25,80.0,1e-12,False,3,4,0.5,True,False,1
2026-10-01T20:25:35+02:00,Delta0_frac__lower,Delta0_frac,lower,0.025,8,Multimodal,30,4,300000,300000,1097.2247066271354,800.0,297.22470662713545,7.200496217999898,V4,30,300000,8,0.02,0.005,0.025,1e-06,0.2,1.05,0.7,60,20,8,10,0.35,0.25,80.0,1e-12,False,3,4,0.5,True,False,1
2026-10-01T20:25:42+02:00,Delta0_frac__lower,Delta0_frac,lower,0.025,9,Multimodal,30,0,300000,300000,1354.260405478617,900.0,454.26040547861703,7.355652127000212,V4,30,300000,8,0.02,0.005,0.025,1e-06,0.2,1.05,0.7,60,20,8,10,0.35,0.25,80.0,1e-12,False,3,4,0.5,True,False,1
2026-10-01T20:25:50+02:00,Delta0_frac__lower,Delta0_frac,lower,0.025,9,Multimodal,30,1,300000,300000,1321.6315439469254,900.0,421.6315439469254,7.2870967380004,V4,30,300000,8,0.02,0.005,0.025,1e-06,0.2,1.05,0.7,60,20,8,10,0.35,0.25,80.0,1e-12,False,3,4,0.5,True,False,1
2026-10-01T20:25:57+02:00,Delta0_frac__lower,Delta0_frac,lower,0.025,9,Multimodal,30,2,300000,300000,1338.0466965007156,900.0,438.0466965007156,7.362387866000063,V4,30,300000,8,0.02,0.005,0.025,1e-06,0.2,1.05,0.7,60,20,8,10,0.35,0.25,80.0,1e-12,False,3,4,0.5,True,False,1
2026-10-01T20:26:04+02:00,Delta0_frac__lower,Delta0_frac,lower,0.025,9,Multimodal,30,3,300000,300000,1325.70140022814,900.0,425.7014002281401,7.293805761997646,V4,30,300000,8,0.02,0.005,0.025,1e-06,0.2,1.05,0.7,60,20,8,10,0.35,0.25,80.0,1e-12,False,3,4,0.5,True,False,1
2026-10-01T20:26:12+02:00,Delta0_frac__lower,Delta0_frac,lower,0.025,9,Multimodal,30,4,300000,300000,1203.0714092371381,900.0,303.07140923713814,7.586128523995285,V4,30,300000,8,0.02,0.005,0.025,1e-06,0.2,1.05,0.7,60,20,8,10,0.35,0.25,80.0,1e-12,False,3,4,0.5,True,False,1
2026-10-01T20:26:25+02:00,Delta0_frac__lower,Delta0_frac,lower,0.025,10,Multimodal,30,0,300000,300000,4449.877633509002,1000.0,3449.8776335090024,12.618209964995913,V4,30,300000,8,0.02,0.005,0.025,1e-06,0.2,1.05,0.7,60,20,8,10,0.35,0.25,80.0,1e-12,False,3,4,0.5,True,False,1
2026-10-01T20:26:37+02:00,Delta0_frac__lower,Delta0_frac,lower,0.025,10,Multimodal,30,1,300000,300000,4975.293635279113,1000.0,3975.293635279113,12.31584214999748,V4,30,300000,8,0.02,0.005,0.025,1e-06,0.2,1.05,0.7,60,20,8,10,0.35,0.25,80.0,1e-12,False,3,4,0.5,True,False,1
2026-10-01T20:26:49+02:00,Delta0_frac__lower,Delta0_frac,lower,0.025,10,Multimodal,30,2,300000,300000,4715.055809391477,1000.0,3715.055809391477,12.274441600995488,V4,30,300000,8,0.02,0.005,0.025,1e-06,0.2,1.05,0.7,60,20,8,10,0.35,0.25,80.0,1e-12,False,3,4,0.5,True,False,1
2026-10-01T20:27:02+02:00,Delta0_frac__lower,Delta0_frac,lower,0.025,10,Multimodal,30,3,300000,300000,4983.1715080090635,1000.0,3983.1715080090635,12.563145477994112,V4,30,300000,8,0.02,0.005,0.025,1e-06,0.2,1.05,0.7,60,20,8,10,0.35,0.25,80.0,1e-12,False,3,4,0.5,True,False,1
2026-10-01T20:27:14+02:00,Delta0_frac__lower,Delta0_frac,lower,0.025,10,Multimodal,30,4,300000,300000,4087.193499228584,1000.0,3087.193499228584,12.421599763998529,V4,30,300000,8,0.02,0.005,0.025,1e-06,0.2,1.05,0.7,60,20,8,10,0.35,0.25,80.0,1e-12,False,3,4,0.5,True,False,1
2026-10-01T20:27:27+02:00,Delta0_frac__lower,Delta0_frac,lower,0.025,11,Multimodal,30,0,300000,300000,4867.18846549236,1100.0,3767.1884654923597,12.495787533000112,V4,30,300000,8,0.02,0.005,0.025,1e-06,0.2,1.05,0.7,60,20,8,10,0.35,0.25,80.0,1e-12,False,3,4,0.5,True,False,1
2026-10-01T20:27:39+02:00,Delta0_frac__lower,Delta0_frac,lower,0.025,11,Multimodal,30,1,300000,300000,5343.1797704675355,1100.0,4243.1797704675355,12.451361118000932,V4,30,300000,8,0.02,0.005,0.025,1e-06,0.2,1.05,0.7,60,20,8,10,0.35,0.25,80.0,1e-12,False,3,4,0.5,True,False,1
2026-10-01T20:27:52+02:00,Delta0_frac__lower,Delta0_frac,lower,0.025,11,Multimodal,30,2,300000,300000,4906.653986069405,1100.0,3806.6539860694047,12.579379988994333,V4,30,300000,8,0.02,0.005,0.025,1e-06,0.2,1.05,0.7,60,20,8,10,0.35,0.25,80.0,1e-12,False,3,4,0.5,True,False,1
2026-10-01T20:28:05+02:00,Delta0_frac__lower,Delta0_frac,lower,0.025,11,Multimodal,30,3,300000,300000,4779.471732482236,1100.0,3679.471732482236,12.516392368001107,V4,30,300000,8,0.02,0.005,0.025,1e-06,0.2,1.05,0.7,60,20,8,10,0.35,0.25,80.0,1e-12,False,3,4,0.5,True,False,1
2026-10-01T20:28:17+02:00,Delta0_frac__lower,Delta0_frac,lower,0.025,11,Multimodal,30,4,300000,300000,5467.076262130822,1100.0,4367.076262130822,12.776712976003182,V4,30,300000,8,0.02,0.005,0.025,1e-06,0.2,1.05,0.7,60,20,8,10,0.35,0.25,80.0,1e-12,False,3,4,0.5,True,False,1
2026-10-01T20:36:35+02:00,Delta0_frac__lower,Delta0_frac,lower,0.025,12,Multimodal,30,0,300000,300000,1200.376888323191,1200.0,0.37688832319099674,497.75704702400253,V4,30,300000,8,0.02,0.005,0.025,1e-06,0.2,1.05,0.7,60,20,8,10,0.35,0.25,80.0,1e-12,False,3,4,0.5,True,False,1
2026-10-01T20:44:52+02:00,Delta0_frac__lower,Delta0_frac,lower,0.025,12,Multimodal,30,1,300000,300000,1200.7556439408208,1200.0,0.7556439408208462,496.79104858900246,V4,30,300000,8,0.02,0.005,0.025,1e-06,0.2,1.05,0.7,60,20,8,10,0.35,0.25,80.0,1e-12,False,3,4,0.5,True,False,1
2026-10-01T20:53:13+02:00,Delta0_frac__lower,Delta0_frac,lower,0.025,12,Multimodal,30,2,300000,300000,1200.599019697752,1200.0,0.5990196977520554,501.3158880330011,V4,30,300000,8,0.02,0.005,0.025,1e-06,0.2,1.05,0.7,60,20,8,10,0.35,0.25,80.0,1e-12,False,3,4,0.5,True,False,1
2026-10-01T21:01:30+02:00,Delta0_frac__lower,Delta0_frac,lower,0.025,12,Multimodal,30,3,300000,300000,1200.4125780417269,1200.0,0.4125780417268743,496.1255148179989,V4,30,300000,8,0.02,0.005,0.025,1e-06,0.2,1.05,0.7,60,20,8,10,0.35,0.25,80.0,1e-12,False,3,4,0.5,True,False,1
2026-10-01T21:09:49+02:00,Delta0_frac__lower,Delta0_frac,lower,0.025,12,Multimodal,30,4,300000,300000,1200.4657237144904,1200.0,0.46572371449042294,499.0209475579977,V4,30,300000,8,0.02,0.005,0.025,1e-06,0.2,1.05,0.7,60,20,8,10,0.35,0.25,80.0,1e-12,False,3,4,0.5,True,False,1
2026-10-01T21:09:56+02:00,Delta0_frac__lower,Delta0_frac,lower,0.025,13,Multimodal,30,0,300000,300000,1300.2661984390375,1300.0,0.26619843903745277,7.49963170200499,V4,30,300000,8,0.02,0.005,0.025,1e-06,0.2,1.05,0.7,60,20,8,10,0.35,0.25,80.0,1e-12,False,3,4,0.5,True,False,1
2026-10-01T21:10:04+02:00,Delta0_frac__lower,Delta0_frac,lower,0.025,13,Multimodal,30,1,300000,300000,1300.3244320396602,1300.0,0.3244320396602234,7.415987421001773,V4,30,300000,8,0.02,0.005,0.025,1e-06,0.2,1.05,0.7,60,20,8,10,0.35,0.25,80.0,1e-12,False,3,4,0.5,True,False,1
2026-10-01T21:10:11+02:00,Delta0_frac__lower,Delta0_frac,lower,0.025,13,Multimodal,30,2,300000,300000,1300.3824315679187,1300.0,0.38243156791872934,7.486481222003931,V4,30,300000,8,0.02,0.005,0.025,1e-06,0.2,1.05,0.7,60,20,8,10,0.35,0.25,80.0,1e-12,False,3,4,0.5,True,False,1
2026-10-01T21:10:19+02:00,Delta0_frac__lower,Delta0_frac,lower,0.025,13,Multimodal,30,3,300000,300000,1300.4697894267015,1300.0,0.4697894267014817,7.689743139999337,V4,30,300000,8,0.02,0.005,0.025,1e-06,0.2,1.05,0.7,60,20,8,10,0.35,0.25,80.0,1e-12,False,3,4,0.5,True,False,1
2026-10-01T21:10:26+02:00,Delta0_frac__lower,Delta0_frac,lower,0.025,13,Multimodal,30,4,300000,300000,1300.2570167011072,1300.0,0.2570167011072044,7.357379123997816,V4,30,300000,8,0.02,0.005,0.025,1e-06,0.2,1.05,0.7,60,20,8,10,0.35,0.25,80.0,1e-12,False,3,4,0.5,True,False,1
2026-10-01T21:10:34+02:00,Delta0_frac__lower,Delta0_frac,lower,0.025,14,Multimodal,30,0,300000,300000,1400.340057441986,1400.0,0.3400574419858913,7.319600308997906,V4,30,300000,8,0.02,0.005,0.025,1e-06,0.2,1.05,0.7,60,20,8,10,0.35,0.25,80.0,1e-12,False,3,4,0.5,True,False,1
2026-10-01T21:10:41+02:00,Delta0_frac__lower,Delta0_frac,lower,0.025,14,Multimodal,30,1,300000,300000,1400.374725234608,1400.0,0.3747252346079222,7.5112086910012295,V4,30,300000,8,0.02,0.005,0.025,1e-06,0.2,1.05,0.7,60,20,8,10,0.35,0.25,80.0,1e-12,False,3,4,0.5,True,False,1
2026-10-01T21:10:49+02:00,Delta0_frac__lower,Delta0_frac,lower,0.025,14,Multimodal,30,2,300000,300000,1400.2787201004317,1400.0,0.27872010043165574,7.59234316599759,V4,30,300000,8,0.02,0.005,0.025,1e-06,0.2,1.05,0.7,60,20,8,10,0.35,0.25,80.0,1e-12,False,3,4,0.5,True,False,1
2026-10-01T21:10:56+02:00,Delta0_frac__lower,Delta0_frac,lower,0.025,14,Multimodal,30,3,300000,300000,1400.2971187205237,1400.0,0.2971187205237129,7.517757619993063,V4,30,300000,8,0.02,0.005,0.025,1e-06,0.2,1.05,0.7,60,20,8,10,0.35,0.25,80.0,1e-12,False,3,4,0.5,True,False,1
2026-10-01T21:11:04+02:00,Delta0_frac__lower,Delta0_frac,lower,0.025,14,Multimodal,30,4,300000,300000,1400.367639584657,1400.0,0.3676395846568994,7.390919325996947,V4,30,300000,8,0.02,0.005,0.025,1e-06,0.2,1.05,0.7,60,20,8,10,0.35,0.25,80.0,1e-12,False,3,4,0.5,True,False,1
2026-10-01T21:11:12+02:00,Delta0_frac__lower,Delta0_frac,lower,0.025,15,Multimodal,30,0,300000,300000,1513.8551722426694,1500.0,13.855172242669369,8.21733415700146,V4,30,300000,8,0.02,0.005,0.025,1e-06,0.2,1.05,0.7,60,20,8,10,0.35,0.25,80.0,1e-12,False,3,4,0.5,True,False,1
2026-10-01T21:11:21+02:00,Delta0_frac__lower,Delta0_frac,lower,0.025,15,Multimodal,30,1,300000,300000,1516.6140890435433,1500.0,16.614089043543345,8.527520390998689,V4,30,300000,8,0.02,0.005,0.025,1e-06,0.2,1.05,0.7,60,20,8,10,0.35,0.25,80.0,1e-12,False,3,4,0.5,True,False,1
2026-10-01T21:11:29+02:00,Delta0_frac__lower,Delta0_frac,lower,0.025,15,Multimodal,30,2,300000,300000,1519.642131613664,1500.0,19.642131613664105,8.605608075005875,V4,30,300000,8,0.02,0.005,0.025,1e-06,0.2,1.05,0.7,60,20,8,10,0.35,0.25,80.0,1e-12,False,3,4,0.5,True,False,1
2026-10-01T21:11:38+02:00,Delta0_frac__lower,Delta0_frac,lower,0.025,15,Multimodal,30,3,300000,300000,1526.3297471497197,1500.0,26.32974714971965,8.576516108994838,V4,30,300000,8,0.02,0.005,0.025,1e-06,0.2,1.05,0.7,60,20,8,10,0.35,0.25,80.0,1e-12,False,3,4,0.5,True,False,1
2026-10-01T21:11:47+02:00,Delta0_frac__lower,Delta0_frac,lower,0.025,15,Multimodal,30,4,300000,300000,1513.2684315929407,1500.0,13.268431592940715,8.864178321004147,V4,30,300000,8,0.02,0.005,0.025,1e-06,0.2,1.05,0.7,60,20,8,10,0.35,0.25,80.0,1e-12,False,3,4,0.5,True,False,1
2026-10-01T21:12:32+02:00,Delta0_frac__lower,Delta0_frac,lower,0.025,16,Multimodal,30,0,300000,300000,1613.0811536053584,1600.0,13.081153605358395,44.89165507200232,V4,30,300000,8,0.02,0.005,0.025,1e-06,0.2,1.05,0.7,60,20,8,10,0.35,0.25,80.0,1e-12,False,3,4,0.5,True,False,1
2026-10-01T21:13:16+02:00,Delta0_frac__lower,Delta0_frac,lower,0.025,16,Multimodal,30,1,300000,300000,1613.5461106106359,1600.0,13.546110610635878,44.542802787000255,V4,30,300000,8,0.02,0.005,0.025,1e-06,0.2,1.05,0.7,60,20,8,10,0.35,0.25,80.0,1e-12,False,3,4,0.5,True,False,1
2026-10-01T21:14:01+02:00,Delta0_frac__lower,Delta0_frac,lower,0.025,16,Multimodal,30,2,300000,300000,1613.742705753494,1600.0,13.742705753493965,44.69535211400216,V4,30,300000,8,0.02,0.005,0.025,1e-06,0.2,1.05,0.7,60,20,8,10,0.35,0.25,80.0,1e-12,False,3,4,0.5,True,False,1
2026-10-01T21:14:45+02:00,Delta0_frac__lower,Delta0_frac,lower,0.025,16,Multimodal,30,3,300000,300000,1613.7212520111086,1600.0,13.721252011108618,43.921200545999454,V4,30,300000,8,0.02,0.005,0.025,1e-06,0.2,1.05,0.7,60,20,8,10,0.35,0.25,80.0,1e-12,False,3,4,0.5,True,False,1
2026-10-01T21:15:30+02:00,Delta0_frac__lower,Delta0_frac,lower,0.025,16,Multimodal,30,4,300000,300000,1613.6768821261135,1600.0,13.676882126113469,44.88931139699707,V4,30,300000,8,0.02,0.005,0.025,1e-06,0.2,1.05,0.7,60,20,8,10,0.35,0.25,80.0,1e-12,False,3,4,0.5,True,False,1
2026-10-01T21:15:45+02:00,Delta0_frac__lower,Delta0_frac,lower,0.025,17,Hybrid,30,0,300000,300000,134468.96418625943,1700.0,132768.96418625943,15.010258845002681,V4,30,300000,8,0.02,0.005,0.025,1e-06,0.2,1.05,0.7,60,20,8,10,0.35,0.25,80.0,1e-12,False,3,4,0.5,True,False,1
2026-10-01T21:16:01+02:00,Delta0_frac__lower,Delta0_frac,lower,0.025,17,Hybrid,30,1,300000,300000,247570.7505726196,1700.0,245870.7505726196,15.817187335000199,V4,30,300000,8,0.02,0.005,0.025,1e-06,0.2,1.05,0.7,60,20,8,10,0.35,0.25,80.0,1e-12,False,3,4,0.5,True,False,1
2026-10-01T21:16:16+02:00,Delta0_frac__lower,Delta0_frac,lower,0.025,17,Hybrid,30,2,300000,300000,40668.39115364778,1700.0,38968.39115364778,15.552081752997765,V4,30,300000,8,0.02,0.005,0.025,1e-06,0.2,1.05,0.7,60,20,8,10,0.35,0.25,80.0,1e-12,False,3,4,0.5,True,False,1
2026-10-01T21:16:32+02:00,Delta0_frac__lower,Delta0_frac,lower,0.025,17,Hybrid,30,3,300000,300000,315685.2230307136,1700.0,313985.2230307136,15.271900558000198,V4,30,300000,8,0.02,0.005,0.025,1e-06,0.2,1.05,0.7,60,20,8,10,0.35,0.25,80.0,1e-12,False,3,4,0.5,True,False,1
2026-10-01T21:16:47+02:00,Delta0_frac__lower,Delta0_frac,lower,0.025,17,Hybrid,30,4,300000,300000,85984.06986465395,1700.0,84284.06986465395,15.276157727996178,V4,30,300000,8,0.02,0.005,0.025,1e-06,0.2,1.05,0.7,60,20,8,10,0.35,0.25,80.0,1e-12,False,3,4,0.5,True,False,1
2026-10-01T21:16:57+02:00,Delta0_frac__lower,Delta0_frac,lower,0.025,18,Hybrid,30,0,300000,300000,76864.90739643128,1800.0,75064.90739643128,9.539306057995418,V4,30,300000,8,0.02,0.005,0.025,1e-06,0.2,1.05,0.7,60,20,8,10,0.35,0.25,80.0,1e-12,False,3,4,0.5,True,False,1
2026-10-01T21:17:06+02:00,Delta0_frac__lower,Delta0_frac,lower,0.025,18,Hybrid,30,1,300000,300000,111595.31426619065,1800.0,109795.31426619065,9.520904188000713,V4,30,300000,8,0.02,0.005,0.025,1e-06,0.2,1.05,0.7,60,20,8,10,0.35,0.25,80.0,1e-12,False,3,4,0.5,True,False,1
2026-10-01T21:17:16+02:00,Delta0_frac__lower,Delta0_frac,lower,0.025,18,Hybrid,30,2,300000,300000,117691.9175396938,1800.0,115891.9175396938,9.457582491995709,V4,30,300000,8,0.02,0.005,0.025,1e-06,0.2,1.05,0.7,60,20,8,10,0.35,0.25,80.0,1e-12,False,3,4,0.5,True,False,1
2026-10-01T21:17:25+02:00,Delta0_frac__lower,Delta0_frac,lower,0.025,18,Hybrid,30,3,300000,300000,72028.75618094445,1800.0,70228.75618094445,9.542782422002347,V4,30,300000,8,0.02,0.005,0.025,1e-06,0.2,1.05,0.7,60,20,8,10,0.35,0.25,80.0,1e-12,False,3,4,0.5,True,False,1
2026-10-01T21:17:35+02:00,Delta0_frac__lower,Delta0_frac,lower,0.025,18,Hybrid,30,4,300000,300000,159157.27537290193,1800.0,157357.27537290193,9.462483240997244,V4,30,300000,8,0.02,0.005,0.025,1e-06,0.2,1.05,0.7,60,20,8,10,0.35,0.25,80.0,1e-12,False,3,4,0.5,True,False,1
2026-10-01T21:18:07+02:00,Delta0_frac__lower,Delta0_frac,lower,0.025,19,Hybrid,30,0,300000,300000,1943.052749718916,1900.0,43.05274971891595,32.19820235700172,V4,30,300000,8,0.02,0.005,0.025,1e-06,0.2,1.05,0.7,60,20,8,10,0.35,0.25,80.0,1e-12,False,3,4,0.5,True,False,1
2026-10-01T21:18:39+02:00,Delta0_frac__lower,Delta0_frac,lower,0.025,19,Hybrid,30,1,300000,300000,1934.3435748480572,1900.0,34.34357484805719,31.527056941995397,V4,30,300000,8,0.02,0.005,0.025,1e-06,0.2,1.05,0.7,60,20,8,10,0.35,0.25,80.0,1e-12,False,3,4,0.5,True,False,1
2026-10-01T21:19:11+02:00,Delta0_frac__lower,Delta0_frac,lower,0.025,19,Hybrid,30,2,300000,300000,1930.4686175718687,1900.0,30.468617571868663,31.86541169499833,V4,30,300000,8,0.02,0.005,0.025,1e-06,0.2,1.05,0.7,60,20,8,10,0.35,0.25,80.0,1e-12,False,3,4,0.5,True,False,1
2026-10-01T21:19:42+02:00,Delta0_frac__lower,Delta0_frac,lower,0.025,19,Hybrid,30,3,300000,300000,1930.2469956948394,1900.0,30.24699569483937,31.625512747006724,V4,30,300000,8,0.02,0.005,0.025,1e-06,0.2,1.05,0.7,60,20,8,10,0.35,0.25,80.0,1e-12,False,3,4,0.5,True,False,1
2026-10-01T21:20:15+02:00,Delta0_frac__lower,Delta0_frac,lower,0.025,19,Hybrid,30,4,300000,300000,1938.5075678149865,1900.0,38.50756781498649,32.75476575900393,V4,30,300000,8,0.02,0.005,0.025,1e-06,0.2,1.05,0.7,60,20,8,10,0.35,0.25,80.0,1e-12,False,3,4,0.5,True,False,1
2026-10-01T21:20:27+02:00,Delta0_frac__lower,Delta0_frac,lower,0.025,20,Hybrid,30,0,300000,300000,72578.89662697745,2000.0,70578.89662697745,11.987328479001008,V4,30,300000,8,0.02,0.005,0.025,1e-06,0.2,1.05,0.7,60,20,8,10,0.35,0.25,80.0,1e-12,False,3,4,0.5,True,False,1
2026-10-01T21:20:39+02:00,Delta0_frac__lower,Delta0_frac,lower,0.025,20,Hybrid,30,1,300000,300000,24444.03495473199,2000.0,22444.03495473199,12.141277665003145,V4,30,300000,8,0.02,0.005,0.025,1e-06,0.2,1.05,0.7,60,20,8,10,0.35,0.25,80.0,1e-12,False,3,4,0.5,True,False,1
2026-10-01T21:20:51+02:00,Delta0_frac__lower,Delta0_frac,lower,0.025,20,Hybrid,30,2,300000,300000,27121.45809395063,2000.0,25121.45809395063,11.925423631997546,V4,30,300000,8,0.02,0.005,0.025,1e-06,0.2,1.05,0.7,60,20,8,10,0.35,0.25,80.0,1e-12,False,3,4,0.5,True,False,1
2026-10-01T21:21:03+02:00,Delta0_frac__lower,Delta0_frac,lower,0.025,20,Hybrid,30,3,300000,300000,36299.26325853419,2000.0,34299.26325853419,12.05437577500561,V4,30,300000,8,0.02,0.005,0.025,1e-06,0.2,1.05,0.7,60,20,8,10,0.35,0.25,80.0,1e-12,False,3,4,0.5,True,False,1
2026-10-01T21:21:16+02:00,Delta0_frac__lower,Delta0_frac,lower,0.025,20,Hybrid,30,4,300000,300000,32476.45665287679,2000.0,30476.45665287679,12.16439293500298,V4,30,300000,8,0.02,0.005,0.025,1e-06,0.2,1.05,0.7,60,20,8,10,0.35,0.25,80.0,1e-12,False,3,4,0.5,True,False,1
2026-10-01T21:21:38+02:00,Delta0_frac__lower,Delta0_frac,lower,0.025,21,Hybrid,30,0,300000,300000,58448.11891899661,2100.0,56348.11891899661,22.396441897995828,V4,30,300000,8,0.02,0.005,0.025,1e-06,0.2,1.05,0.7,60,20,8,10,0.35,0.25,80.0,1e-12,False,3,4,0.5,True,False,1
2026-10-01T21:22:01+02:00,Delta0_frac__lower,Delta0_frac,lower,0.025,21,Hybrid,30,1,300000,300000,42026.699069736416,2100.0,39926.699069736416,22.489572680999117,V4,30,300000,8,0.02,0.005,0.025,1e-06,0.2,1.05,0.7,60,20,8,10,0.35,0.25,80.0,1e-12,False,3,4,0.5,True,False,1
2026-10-01T21:22:23+02:00,Delta0_frac__lower,Delta0_frac,lower,0.025,21,Hybrid,30,2,300000,300000,41744.18872571006,2100.0,39644.18872571006,22.490220698004123,V4,30,300000,8,0.02,0.005,0.025,1e-06,0.2,1.05,0.7,60,20,8,10,0.35,0.25,80.0,1e-12,False,3,4,0.5,True,False,1
2026-10-01T21:22:45+02:00,Delta0_frac__lower,Delta0_frac,lower,0.025,21,Hybrid,30,3,300000,300000,24431.344747452702,2100.0,22331.344747452702,22.121833486999094,V4,30,300000,8,0.02,0.005,0.025,1e-06,0.2,1.05,0.7,60,20,8,10,0.35,0.25,80.0,1e-12,False,3,4,0.5,True,False,1
2026-10-01T21:23:08+02:00,Delta0_frac__lower,Delta0_frac,lower,0.025,21,Hybrid,30,4,300000,300000,34204.797889906826,2100.0,32104.797889906826,22.695090646004246,V4,30,300000,8,0.02,0.005,0.025,1e-06,0.2,1.05,0.7,60,20,8,10,0.35,0.25,80.0,1e-12,False,3,4,0.5,True,False,1
2026-10-01T21:24:18+02:00,Delta0_frac__lower,Delta0_frac,lower,0.025,22,Hybrid,30,0,300000,300000,3083.9555972586904,2200.0,883.9555972586904,69.54967884300277,V4,30,300000,8,0.02,0.005,0.025,1e-06,0.2,1.05,0.7,60,20,8,10,0.35,0.25,80.0,1e-12,False,3,4,0.5,True,False,1
2026-10-01T21:25:27+02:00,Delta0_frac__lower,Delta0_frac,lower,0.025,22,Hybrid,30,1,300000,300000,2578.1061195183424,2200.0,378.10611951834244,69.14769961499405,V4,30,300000,8,0.02,0.005,0.025,1e-06,0.2,1.05,0.7,60,20,8,10,0.35,0.25,80.0,1e-12,False,3,4,0.5,True,False,1
2026-10-01T21:26:37+02:00,Delta0_frac__lower,Delta0_frac,lower,0.025,22,Hybrid,30,2,300000,300000,3139.9873070191306,2200.0,939.9873070191306,69.90020349800034,V4,30,300000,8,0.02,0.005,0.025,1e-06,0.2,1.05,0.7,60,20,8,10,0.35,0.25,80.0,1e-12,False,3,4,0.5,True,False,1
2026-10-01T21:27:48+02:00,Delta0_frac__lower,Delta0_frac,lower,0.025,22,Hybrid,30,3,300000,300000,2644.7811506970957,2200.0,444.78115069709565,71.04051667299791,V4,30,300000,8,0.02,0.005,0.025,1e-06,0.2,1.05,0.7,60,20,8,10,0.35,0.25,80.0,1e-12,False,3,4,0.5,True,False,1
2026-10-01T21:28:58+02:00,Delta0_frac__lower,Delta0_frac,lower,0.025,22,Hybrid,30,4,300000,300000,2490.389727685335,2200.0,290.38972768533495,70.05578832099854,V4,30,300000,8,0.02,0.005,0.025,1e-06,0.2,1.05,0.7,60,20,8,10,0.35,0.25,80.0,1e-12,False,3,4,0.5,True,False,1
2026-10-01T21:29:17+02:00,Delta0_frac__lower,Delta0_frac,lower,0.025,23,Composition,30,0,300000,300000,2522.86547827603,2300.0,222.86547827603,18.507921213000373,V4,30,300000,8,0.02,0.005,0.025,1e-06,0.2,1.05,0.7,60,20,8,10,0.35,0.25,80.0,1e-12,False,3,4,0.5,True,False,1
2026-10-01T21:29:35+02:00,Delta0_frac__lower,Delta0_frac,lower,0.025,23,Composition,30,1,300000,300000,2522.8601955388563,2300.0,222.86019553885626,18.4179387280019,V4,30,300000,8,0.02,0.005,0.025,1e-06,0.2,1.05,0.7,60,20,8,10,0.35,0.25,80.0,1e-12,False,3,4,0.5,True,False,1
2026-10-01T21:29:53+02:00,Delta0_frac__lower,Delta0_frac,lower,0.025,23,Composition,30,2,300000,300000,2522.8602143944127,2300.0,222.86021439441265,18.284099094998965,V4,30,300000,8,0.02,0.005,0.025,1e-06,0.2,1.05,0.7,60,20,8,10,0.35,0.25,80.0,1e-12,False,3,4,0.5,True,False,1
2026-10-01T21:30:12+02:00,Delta0_frac__lower,Delta0_frac,lower,0.025,23,Composition,30,3,300000,300000,2522.86176671652,2300.0,222.86176671651992,18.389478750999842,V4,30,300000,8,0.02,0.005,0.025,1e-06,0.2,1.05,0.7,60,20,8,10,0.35,0.25,80.0,1e-12,False,3,4,0.5,True,False,1
2026-10-01T21:30:30+02:00,Delta0_frac__lower,Delta0_frac,lower,0.025,23,Composition,30,4,300000,300000,2522.8584519074366,2300.0,222.85845190743657,18.149478687999363,V4,30,300000,8,0.02,0.005,0.025,1e-06,0.2,1.05,0.7,60,20,8,10,0.35,0.25,80.0,1e-12,False,3,4,0.5,True,False,1
2026-10-01T21:30:51+02:00,Delta0_frac__lower,Delta0_frac,lower,0.025,24,Composition,30,0,300000,300000,2643.569138855007,2400.0,243.56913885500717,20.46434192400193,V4,30,300000,8,0.02,0.005,0.025,1e-06,0.2,1.05,0.7,60,20,8,10,0.35,0.25,80.0,1e-12,False,3,4,0.5,True,False,1
2026-10-01T21:31:11+02:00,Delta0_frac__lower,Delta0_frac,lower,0.025,24,Composition,30,1,300000,300000,2638.752287849432,2400.0,238.75228784943192,20.186651267002162,V4,30,300000,8,0.02,0.005,0.025,1e-06,0.2,1.05,0.7,60,20,8,10,0.35,0.25,80.0,1e-12,False,3,4,0.5,True,False,1
2026-10-01T21:31:32+02:00,Delta0_frac__lower,Delta0_frac,lower,0.025,24,Composition,30,2,300000,300000,2640.264657655283,2400.0,240.26465765528292,20.823570185006247,V4,30,300000,8,0.02,0.005,0.025,1e-06,0.2,1.05,0.7,60,20,8,10,0.35,0.25,80.0,1e-12,False,3,4,0.5,True,False,1
2026-10-01T21:31:52+02:00,Delta0_frac__lower,Delta0_frac,lower,0.025,24,Composition,30,3,300000,300000,2640.939926211051,2400.0,240.939926211051,20.212885037995875,V4,30,300000,8,0.02,0.005,0.025,1e-06,0.2,1.05,0.7,60,20,8,10,0.35,0.25,80.0,1e-12,False,3,4,0.5,True,False,1
2026-10-01T21:32:13+02:00,Delta0_frac__lower,Delta0_frac,lower,0.025,24,Composition,30,4,300000,300000,2640.614219858269,2400.0,240.61421985826883,20.669634047000727,V4,30,300000,8,0.02,0.005,0.025,1e-06,0.2,1.05,0.7,60,20,8,10,0.35,0.25,80.0,1e-12,False,3,4,0.5,True,False,1
2026-10-01T21:32:33+02:00,Delta0_frac__lower,Delta0_frac,lower,0.025,25,Composition,30,0,300000,300000,2712.6843056882212,2500.0,212.68430568822123,20.500429576000897,V4,30,300000,8,0.02,0.005,0.025,1e-06,0.2,1.05,0.7,60,20,8,10,0.35,0.25,80.0,1e-12,False,3,4,0.5,True,False,1
2026-10-01T21:32:54+02:00,Delta0_frac__lower,Delta0_frac,lower,0.025,25,Composition,30,1,300000,300000,2715.198766971851,2500.0,215.198766971851,20.862376919998496,V4,30,300000,8,0.02,0.005,0.025,1e-06,0.2,1.05,0.7,60,20,8,10,0.35,0.25,80.0,1e-12,False,3,4,0.5,True,False,1
2026-10-01T21:33:15+02:00,Delta0_frac__lower,Delta0_frac,lower,0.025,25,Composition,30,2,300000,300000,2724.816937349199,2500.0,224.81693734919918,20.79230310400453,V4,30,300000,8,0.02,0.005,0.025,1e-06,0.2,1.05,0.7,60,20,8,10,0.35,0.25,80.0,1e-12,False,3,4,0.5,True,False,1
2026-10-01T21:33:36+02:00,Delta0_frac__lower,Delta0_frac,lower,0.025,25,Composition,30,3,300000,300000,2726.7689450855078,2500.0,226.76894508550777,20.688354465004522,V4,30,300000,8,0.02,0.005,0.025,1e-06,0.2,1.05,0.7,60,20,8,10,0.35,0.25,80.0,1e-12,False,3,4,0.5,True,False,1
2026-10-01T21:33:57+02:00,Delta0_frac__lower,Delta0_frac,lower,0.025,25,Composition,30,4,300000,300000,2722.845395262553,2500.0,222.8453952625532,20.89827786100068,V4,30,300000,8,0.02,0.005,0.025,1e-06,0.2,1.05,0.7,60,20,8,10,0.35,0.25,80.0,1e-12,False,3,4,0.5,True,False,1
2026-10-01T21:35:44+02:00,Delta0_frac__lower,Delta0_frac,lower,0.025,26,Composition,30,0,300000,300000,2800.1831660397042,2600.0,200.18316603970425,106.8533063750001,V4,30,300000,8,0.02,0.005,0.025,1e-06,0.2,1.05,0.7,60,20,8,10,0.35,0.25,80.0,1e-12,False,3,4,0.5,True,False,1
2026-10-01T21:37:31+02:00,Delta0_frac__lower,Delta0_frac,lower,0.025,26,Composition,30,1,300000,300000,2700.3451617779574,2600.0,100.3451617779574,106.65805951800576,V4,30,300000,8,0.02,0.005,0.025,1e-06,0.2,1.05,0.7,60,20,8,10,0.35,0.25,80.0,1e-12,False,3,4,0.5,True,False,1
2026-10-01T21:39:16+02:00,Delta0_frac__lower,Delta0_frac,lower,0.025,26,Composition,30,2,300000,300000,2700.314408467455,2600.0,100.314408467455,105.4830804259982,V4,30,300000,8,0.02,0.005,0.025,1e-06,0.2,1.05,0.7,60,20,8,10,0.35,0.25,80.0,1e-12,False,3,4,0.5,True,False,1
2026-10-01T21:41:02+02:00,Delta0_frac__lower,Delta0_frac,lower,0.025,26,Composition,30,3,300000,300000,2800.257116255762,2600.0,200.25711625576196,105.747208296998,V4,30,300000,8,0.02,0.005,0.025,1e-06,0.2,1.05,0.7,60,20,8,10,0.35,0.25,80.0,1e-12,False,3,4,0.5,True,False,1
2026-10-01T21:42:48+02:00,Delta0_frac__lower,Delta0_frac,lower,0.025,26,Composition,30,4,300000,300000,2800.1965957016064,2600.0,200.19659570160638,105.92959185799555,V4,30,300000,8,0.02,0.005,0.025,1e-06,0.2,1.05,0.7,60,20,8,10,0.35,0.25,80.0,1e-12,False,3,4,0.5,True,False,1
2026-10-01T21:44:34+02:00,Delta0_frac__lower,Delta0_frac,lower,0.025,27,Composition,30,0,300000,300000,3102.3940128572176,2700.0,402.3940128572176,106.0757480819957,V4,30,300000,8,0.02,0.005,0.025,1e-06,0.2,1.05,0.7,60,20,8,10,0.35,0.25,80.0,1e-12,False,3,4,0.5,True,False,1
2026-10-01T21:46:21+02:00,Delta0_frac__lower,Delta0_frac,lower,0.025,27,Composition,30,1,300000,300000,3106.5164525990317,2700.0,406.5164525990317,106.23043363800389,V4,30,300000,8,0.02,0.005,0.025,1e-06,0.2,1.05,0.7,60,20,8,10,0.35,0.25,80.0,1e-12,False,3,4,0.5,True,False,1
2026-10-01T21:48:06+02:00,Delta0_frac__lower,Delta0_frac,lower,0.025,27,Composition,30,2,300000,300000,3104.64884508125,2700.0,404.6488450812499,105.08897431300284,V4,30,300000,8,0.02,0.005,0.025,1e-06,0.2,1.05,0.7,60,20,8,10,0.35,0.25,80.0,1e-12,False,3,4,0.5,True,False,1
2026-10-01T21:49:54+02:00,Delta0_frac__lower,Delta0_frac,lower,0.025,27,Composition,30,3,300000,300000,3102.854590153373,2700.0,402.854590153373,107.61490963100368,V4,30,300000,8,0.02,0.005,0.025,1e-06,0.2,1.05,0.7,60,20,8,10,0.35,0.25,80.0,1e-12,False,3,4,0.5,True,False,1
2026-10-01T21:51:41+02:00,Delta0_frac__lower,Delta0_frac,lower,0.025,27,Composition,30,4,300000,300000,3105.188247584719,2700.0,405.1882475847192,107.41334997300146,V4,30,300000,8,0.02,0.005,0.025,1e-06,0.2,1.05,0.7,60,20,8,10,0.35,0.25,80.0,1e-12,False,3,4,0.5,True,False,1
2026-10-01T21:52:48+02:00,Delta0_frac__lower,Delta0_frac,lower,0.025,28,Composition,30,0,300000,300000,7397.220065469731,2800.0,4597.220065469731,66.7835553640034,V4,30,300000,8,0.02,0.005,0.025,1e-06,0.2,1.05,0.7,60,20,8,10,0.35,0.25,80.0,1e-12,False,3,4,0.5,True,False,1
2026-10-01T21:53:55+02:00,Delta0_frac__lower,Delta0_frac,lower,0.025,28,Composition,30,1,300000,300000,8015.548493868222,2800.0,5215.548493868222,66.61020468600327,V4,30,300000,8,0.02,0.005,0.025,1e-06,0.2,1.05,0.7,60,20,8,10,0.35,0.25,80.0,1e-12,False,3,4,0.5,True,False,1
2026-10-01T21:55:01+02:00,Delta0_frac__lower,Delta0_frac,lower,0.025,28,Composition,30,2,300000,300000,8618.44285579016,2800.0,5818.442855790159,66.57792506999976,V4,30,300000,8,0.02,0.005,0.025,1e-06,0.2,1.05,0.7,60,20,8,10,0.35,0.25,80.0,1e-12,False,3,4,0.5,True,False,1
2026-10-01T21:56:08+02:00,Delta0_frac__lower,Delta0_frac,lower,0.025,28,Composition,30,3,300000,300000,6652.065995779072,2800.0,3852.065995779072,67.1866890980018,V4,30,300000,8,0.02,0.005,0.025,1e-06,0.2,1.05,0.7,60,20,8,10,0.35,0.25,80.0,1e-12,False,3,4,0.5,True,False,1
2026-10-01T21:57:15+02:00,Delta0_frac__lower,Delta0_frac,lower,0.025,28,Composition,30,4,300000,300000,7857.075686776726,2800.0,5057.075686776726,66.72354512799939,V4,30,300000,8,0.02,0.005,0.025,1e-06,0.2,1.05,0.7,60,20,8,10,0.35,0.25,80.0,1e-12,False,3,4,0.5,True,False,1
2026-10-01T21:58:08+02:00,Delta0_frac__lower,Delta0_frac,lower,0.025,29,Composition,30,0,300000,300000,10752.06045900208,2900.0,7852.060459002079,52.70183618599549,V4,30,300000,8,0.02,0.005,0.025,1e-06,0.2,1.05,0.7,60,20,8,10,0.35,0.25,80.0,1e-12,False,3,4,0.5,True,False,1
2026-10-01T21:59:00+02:00,Delta0_frac__lower,Delta0_frac,lower,0.025,29,Composition,30,1,300000,300000,11513.611129758627,2900.0,8613.611129758627,51.80606192599953,V4,30,300000,8,0.02,0.005,0.025,1e-06,0.2,1.05,0.7,60,20,8,10,0.35,0.25,80.0,1e-12,False,3,4,0.5,True,False,1
2026-10-01T21:59:52+02:00,Delta0_frac__lower,Delta0_frac,lower,0.025,29,Composition,30,2,300000,300000,29976.426350689395,2900.0,27076.426350689395,52.3076087560039,V4,30,300000,8,0.02,0.005,0.025,1e-06,0.2,1.05,0.7,60,20,8,10,0.35,0.25,80.0,1e-12,False,3,4,0.5,True,False,1
2026-10-01T22:00:44+02:00,Delta0_frac__lower,Delta0_frac,lower,0.025,29,Composition,30,3,300000,300000,12260.132436241136,2900.0,9360.132436241136,51.84659731799911,V4,30,300000,8,0.02,0.005,0.025,1e-06,0.2,1.05,0.7,60,20,8,10,0.35,0.25,80.0,1e-12,False,3,4,0.5,True,False,1
2026-10-01T22:01:36+02:00,Delta0_frac__lower,Delta0_frac,lower,0.025,29,Composition,30,4,300000,300000,16495.150172312715,2900.0,13595.150172312715,51.83266110000113,V4,30,300000,8,0.02,0.005,0.025,1e-06,0.2,1.05,0.7,60,20,8,10,0.35,0.25,80.0,1e-12,False,3,4,0.5,True,False,1
2026-10-01T22:03:18+02:00,Delta0_frac__lower,Delta0_frac,lower,0.025,30,Composition,30,0,300000,300000,29520.900700988677,3000.0,26520.900700988677,101.62987126199732,V4,30,300000,8,0.02,0.005,0.025,1e-06,0.2,1.05,0.7,60,20,8,10,0.35,0.25,80.0,1e-12,False,3,4,0.5,True,False,1
2026-10-01T22:04:59+02:00,Delta0_frac__lower,Delta0_frac,lower,0.025,30,Composition,30,1,300000,300000,23601.716504737225,3000.0,20601.716504737225,100.80260763100523,V4,30,300000,8,0.02,0.005,0.025,1e-06,0.2,1.05,0.7,60,20,8,10,0.35,0.25,80.0,1e-12,False,3,4,0.5,True,False,1
2026-10-01T22:06:39+02:00,Delta0_frac__lower,Delta0_frac,lower,0.025,30,Composition,30,2,300000,300000,29299.776707911093,3000.0,26299.776707911093,99.70054156300466,V4,30,300000,8,0.02,0.005,0.025,1e-06,0.2,1.05,0.7,60,20,8,10,0.35,0.25,80.0,1e-12,False,3,4,0.5,True,False,1
2026-10-01T22:08:20+02:00,Delta0_frac__lower,Delta0_frac,lower,0.025,30,Composition,30,3,300000,300000,25061.61975198237,3000.0,22061.61975198237,100.94584069700068,V4,30,300000,8,0.02,0.005,0.025,1e-06,0.2,1.05,0.7,60,20,8,10,0.35,0.25,80.0,1e-12,False,3,4,0.5,True,False,1
2026-10-01T22:10:00+02:00,Delta0_frac__lower,Delta0_frac,lower,0.025,30,Composition,30,4,300000,300000,31610.179262474976,3000.0,28610.179262474976,100.03311008899618,V4,30,300000,8,0.02,0.005,0.025,1e-06,0.2,1.05,0.7,60,20,8,10,0.35,0.25,80.0,1e-12,False,3,4,0.5,True,False,1
2026-10-01T22:10:07+02:00,Delta0_frac__upper,Delta0_frac,upper,0.1,1,Unimodal,30,0,300000,300000,7314128.459236659,100.0,7314028.459236659,7.341218814995955,V4,30,300000,8,0.02,0.005,0.1,1e-06,0.2,1.05,0.7,60,20,8,10,0.35,0.25,80.0,1e-12,False,3,4,0.5,True,False,1
2026-10-01T22:10:15+02:00,Delta0_frac__upper,Delta0_frac,upper,0.1,1,Unimodal,30,1,300000,300000,18496823.141298015,100.0,18496723.141298015,7.3854311859977315,V4,30,300000,8,0.02,0.005,0.1,1e-06,0.2,1.05,0.7,60,20,8,10,0.35,0.25,80.0,1e-12,False,3,4,0.5,True,False,1
2026-10-01T22:10:22+02:00,Delta0_frac__upper,Delta0_frac,upper,0.1,1,Unimodal,30,2,300000,300000,12427759.30449719,100.0,12427659.30449719,7.407418675997178,V4,30,300000,8,0.02,0.005,0.1,1e-06,0.2,1.05,0.7,60,20,8,10,0.35,0.25,80.0,1e-12,False,3,4,0.5,True,False,1
2026-10-01T22:10:30+02:00,Delta0_frac__upper,Delta0_frac,upper,0.1,1,Unimodal,30,3,300000,300000,7540161.646277099,100.0,7540061.646277099,7.413597492995905,V4,30,300000,8,0.02,0.005,0.1,1e-06,0.2,1.05,0.7,60,20,8,10,0.35,0.25,80.0,1e-12,False,3,4,0.5,True,False,1
2026-10-01T22:10:37+02:00,Delta0_frac__upper,Delta0_frac,upper,0.1,1,Unimodal,30,4,300000,300000,5079364.852792983,100.0,5079264.852792983,7.238328598003136,V4,30,300000,8,0.02,0.005,0.1,1e-06,0.2,1.05,0.7,60,20,8,10,0.35,0.25,80.0,1e-12,False,3,4,0.5,True,False,1
2026-10-01T22:10:43+02:00,Delta0_frac__upper,Delta0_frac,upper,0.1,2,Unimodal,30,0,300000,300000,484797.9801489801,200.0,484597.9801489801,6.370661371998722,V4,30,300000,8,0.02,0.005,0.1,1e-06,0.2,1.05,0.7,60,20,8,10,0.35,0.25,80.0,1e-12,False,3,4,0.5,True,False,1
2026-10-01T22:10:50+02:00,Delta0_frac__upper,Delta0_frac,upper,0.1,2,Unimodal,30,1,300000,300000,588544.13313861,200.0,588344.13313861,6.324151180997433,V4,30,300000,8,0.02,0.005,0.1,1e-06,0.2,1.05,0.7,60,20,8,10,0.35,0.25,80.0,1e-12,False,3,4,0.5,True,False,1
2026-10-01T22:10:56+02:00,Delta0_frac__upper,Delta0_frac,upper,0.1,2,Unimodal,30,2,300000,300000,544613.5243959199,200.0,544413.5243959199,6.349642938002944,V4,30,300000,8,0.02,0.005,0.1,1e-06,0.2,1.05,0.7,60,20,8,10,0.35,0.25,80.0,1e-12,False,3,4,0.5,True,False,1
2026-10-01T22:11:02+02:00,Delta0_frac__upper,Delta0_frac,upper,0.1,2,Unimodal,30,3,300000,300000,761074.3225926978,200.0,760874.3225926978,6.41834159600694,V4,30,300000,8,0.02,0.005,0.1,1e-06,0.2,1.05,0.7,60,20,8,10,0.35,0.25,80.0,1e-12,False,3,4,0.5,True,False,1
2026-10-01T22:11:09+02:00,Delta0_frac__upper,Delta0_frac,upper,0.1,2,Unimodal,30,4,300000,300000,874544.6151613048,200.0,874344.6151613048,6.435260646998358,V4,30,300000,8,0.02,0.005,0.1,1e-06,0.2,1.05,0.7,60,20,8,10,0.35,0.25,80.0,1e-12,False,3,4,0.5,True,False,1
2026-10-01T22:11:15+02:00,Delta0_frac__upper,Delta0_frac,upper,0.1,3,Unimodal,30,0,300000,300000,33515.512475647134,300.0,33215.512475647134,6.318400850002945,V4,30,300000,8,0.02,0.005,0.1,1e-06,0.2,1.05,0.7,60,20,8,10,0.35,0.25,80.0,1e-12,False,3,4,0.5,True,False,1
2026-10-01T22:11:22+02:00,Delta0_frac__upper,Delta0_frac,upper,0.1,3,Unimodal,30,1,300000,300000,1776.8581248991304,300.0,1476.8581248991304,6.360765544006426,V4,30,300000,8,0.02,0.005,0.1,1e-06,0.2,1.05,0.7,60,20,8,10,0.35,0.25,80.0,1e-12,False,3,4,0.5,True,False,1
2026-10-01T22:11:28+02:00,Delta0_frac__upper,Delta0_frac,upper,0.1,3,Unimodal,30,2,300000,300000,15499.736627869843,300.0,15199.736627869843,6.372876407003787,V4,30,300000,8,0.02,0.005,0.1,1e-06,0.2,1.05,0.7,60,20,8,10,0.35,0.25,80.0,1e-12,False,3,4,0.5,True,False,1
2026-10-01T22:11:35+02:00,Delta0_frac__upper,Delta0_frac,upper,0.1,3,Unimodal,30,3,300000,300000,36445.86531083548,300.0,36145.86531083548,6.595118965000438,V4,30,300000,8,0.02,0.005,0.1,1e-06,0.2,1.05,0.7,60,20,8,10,0.35,0.25,80.0,1e-12,False,3,4,0.5,True,False,1
2026-10-01T22:11:41+02:00,Delta0_frac__upper,Delta0_frac,upper,0.1,3,Unimodal,30,4,300000,300000,1215.8219157951767,300.0,915.8219157951767,6.441399520001141,V4,30,300000,8,0.02,0.005,0.1,1e-06,0.2,1.05,0.7,60,20,8,10,0.35,0.25,80.0,1e-12,False,3,4,0.5,True,False,1
2026-10-01T22:11:49+02:00,Delta0_frac__upper,Delta0_frac,upper,0.1,4,Multimodal,30,0,300000,300000,472.8338649465893,400.0,72.8338649465893,7.42969482299668,V4,30,300000,8,0.02,0.005,0.1,1e-06,0.2,1.05,0.7,60,20,8,10,0.35,0.25,80.0,1e-12,False,3,4,0.5,True,False,1
2026-10-01T22:11:56+02:00,Delta0_frac__upper,Delta0_frac,upper,0.1,4,Multimodal,30,1,300000,300000,471.9301484111202,400.0,71.93014841112017,7.480957170002512,V4,30,300000,8,0.02,0.005,0.1,1e-06,0.2,1.05,0.7,60,20,8,10,0.35,0.25,80.0,1e-12,False,3,4,0.5,True,False,1
2026-10-01T22:12:04+02:00,Delta0_frac__upper,Delta0_frac,upper,0.1,4,Multimodal,30,2,300000,300000,451.182767595075,400.0,51.182767595075006,7.675452426003176,V4,30,300000,8,0.02,0.005,0.1,1e-06,0.2,1.05,0.7,60,20,8,10,0.35,0.25,80.0,1e-12,False,3,4,0.5,True,False,1
2026-10-01T22:12:12+02:00,Delta0_frac__upper,Delta0_frac,upper,0.1,4,Multimodal,30,3,300000,300000,474.5541915574989,400.0,74.55419155749888,7.616473269998096,V4,30,300000,8,0.02,0.005,0.1,1e-06,0.2,1.05,0.7,60,20,8,10,0.35,0.25,80.0,1e-12,False,3,4,0.5,True,False,1
2026-10-01T22:12:19+02:00,Delta0_frac__upper,Delta0_frac,upper,0.1,4,Multimodal,30,4,300000,300000,476.4511986093276,400.0,76.4511986093276,7.791148636999424,V4,30,300000,8,0.02,0.005,0.1,1e-06,0.2,1.05,0.7,60,20,8,10,0.35,0.25,80.0,1e-12,False,3,4,0.5,True,False,1
2026-10-01T22:12:27+02:00,Delta0_frac__upper,Delta0_frac,upper,0.1,5,Multimodal,30,0,300000,300000,521.238127767874,500.0,21.238127767873948,7.4623662369995145,V4,30,300000,8,0.02,0.005,0.1,1e-06,0.2,1.05,0.7,60,20,8,10,0.35,0.25,80.0,1e-12,False,3,4,0.5,True,False,1
2026-10-01T22:12:34+02:00,Delta0_frac__upper,Delta0_frac,upper,0.1,5,Multimodal,30,1,300000,300000,521.0635858208367,500.0,21.063585820836693,7.4248437419955735,V4,30,300000,8,0.02,0.005,0.1,1e-06,0.2,1.05,0.7,60,20,8,10,0.35,0.25,80.0,1e-12,False,3,4,0.5,True,False,1
2026-10-01T22:12:42+02:00,Delta0_frac__upper,Delta0_frac,upper,0.1,5,Multimodal,30,2,300000,300000,521.0062901087797,500.0,21.006290108779694,7.4378624460005085,V4,30,300000,8,0.02,0.005,0.1,1e-06,0.2,1.05,0.7,60,20,8,10,0.35,0.25,80.0,1e-12,False,3,4,0.5,True,False,1
2026-10-01T22:12:49+02:00,Delta0_frac__upper,Delta0_frac,upper,0.1,5,Multimodal,30,3,300000,300000,521.3394004825616,500.0,21.339400482561587,7.499988565999956,V4,30,300000,8,0.02,0.005,0.1,1e-06,0.2,1.05,0.7,60,20,8,10,0.35,0.25,80.0,1e-12,False,3,4,0.5,True,False,1
2026-10-01T22:12:57+02:00,Delta0_frac__upper,Delta0_frac,upper,0.1,5,Multimodal,30,4,300000,300000,521.1327312286668,500.0,21.132731228666785,7.424242786997638,V4,30,300000,8,0.02,0.005,0.1,1e-06,0.2,1.05,0.7,60,20,8,10,0.35,0.25,80.0,1e-12,False,3,4,0.5,True,False,1
2026-10-01T22:14:23+02:00,Delta0_frac__upper,Delta0_frac,upper,0.1,6,Multimodal,30,0,300000,300000,634.3460655916623,600.0,34.346065591662295,85.77051143699646,V4,30,300000,8,0.02,0.005,0.1,1e-06,0.2,1.05,0.7,60,20,8,10,0.35,0.25,80.0,1e-12,False,3,4,0.5,True,False,1
2026-10-01T22:15:48+02:00,Delta0_frac__upper,Delta0_frac,upper,0.1,6,Multimodal,30,1,300000,300000,636.5000752945432,600.0,36.500075294543194,85.55615752599988,V4,30,300000,8,0.02,0.005,0.1,1e-06,0.2,1.05,0.7,60,20,8,10,0.35,0.25,80.0,1e-12,False,3,4,0.5,True,False,1
2026-10-01T22:17:14+02:00,Delta0_frac__upper,Delta0_frac,upper,0.1,6,Multimodal,30,2,300000,300000,632.0644233298558,600.0,32.0644233298558,85.6054796640019,V4,30,300000,8,0.02,0.005,0.1,1e-06,0.2,1.05,0.7,60,20,8,10,0.35,0.25,80.0,1e-12,False,3,4,0.5,True,False,1
2026-10-01T22:18:40+02:00,Delta0_frac__upper,Delta0_frac,upper,0.1,6,Multimodal,30,3,300000,300000,637.5677145096666,600.0,37.567714509666644,85.65948527400178,V4,30,300000,8,0.02,0.005,0.1,1e-06,0.2,1.05,0.7,60,20,8,10,0.35,0.25,80.0,1e-12,False,3,4,0.5,True,False,1
2026-10-01T22:20:06+02:00,Delta0_frac__upper,Delta0_frac,upper,0.1,6,Multimodal,30,4,300000,300000,634.2993842168564,600.0,34.299384216856424,86.46380095499626,V4,30,300000,8,0.02,0.005,0.1,1e-06,0.2,1.05,0.7,60,20,8,10,0.35,0.25,80.0,1e-12,False,3,4,0.5,True,False,1
2026-10-01T22:20:14+02:00,Delta0_frac__upper,Delta0_frac,upper,0.1,7,Multimodal,30,0,300000,300000,700.5208409548677,700.0,0.5208409548677082,7.540824966999935,V4,30,300000,8,0.02,0.005,0.1,1e-06,0.2,1.05,0.7,60,20,8,10,0.35,0.25,80.0,1e-12,False,3,4,0.5,True,False,1
2026-10-01T22:20:21+02:00,Delta0_frac__upper,Delta0_frac,upper,0.1,7,Multimodal,30,1,300000,300000,700.3446858085933,700.0,0.34468580859333997,7.4991766849998385,V4,30,300000,8,0.02,0.005,0.1,1e-06,0.2,1.05,0.7,60,20,8,10,0.35,0.25,80.0,1e-12,False,3,4,0.5,True,False,1
2026-10-01T22:20:29+02:00,Delta0_frac__upper,Delta0_frac,upper,0.1,7,Multimodal,30,2,300000,300000,700.5935673348756,700.0,0.5935673348756154,7.537086864002049,V4,30,300000,8,0.02,0.005,0.1,1e-06,0.2,1.05,0.7,60,20,8,10,0.35,0.25,80.0,1e-12,False,3,4,0.5,True,False,1
2026-10-01T22:20:36+02:00,Delta0_frac__upper,Delta0_frac,upper,0.1,7,Multimodal,30,3,300000,300000,700.2633706876375,700.0,0.26337068763746174,7.357244915998308,V4,30,300000,8,0.02,0.005,0.1,1e-06,0.2,1.05,0.7,60,20,8,10,0.35,0.25,80.0,1e-12,False,3,4,0.5,True,False,1
2026-10-01T22:20:44+02:00,Delta0_frac__upper,Delta0_frac,upper,0.1,7,Multimodal,30,4,300000,300000,700.1475115203659,700.0,0.1475115203659243,7.627336320998438,V4,30,300000,8,0.02,0.005,0.1,1e-06,0.2,1.05,0.7,60,20,8,10,0.35,0.25,80.0,1e-12,False,3,4,0.5,True,False,1
2026-10-01T22:20:51+02:00,Delta0_frac__upper,Delta0_frac,upper,0.1,8,Multimodal,30,0,300000,300000,1308.3092519795835,800.0,508.30925197958345,7.3164388419972965,V4,30,300000,8,0.02,0.005,0.1,1e-06,0.2,1.05,0.7,60,20,8,10,0.35,0.25,80.0,1e-12,False,3,4,0.5,True,False,1
2026-10-01T22:20:58+02:00,Delta0_frac__upper,Delta0_frac,upper,0.1,8,Multimodal,30,1,300000,300000,1115.5998893831795,800.0,315.5998893831795,6.99376557499636,V4,30,300000,8,0.02,0.005,0.1,1e-06,0.2,1.05,0.7,60,20,8,10,0.35,0.25,80.0,1e-12,False,3,4,0.5,True,False,1
2026-10-01T22:21:06+02:00,Delta0_frac__upper,Delta0_frac,upper,0.1,8,Multimodal,30,2,300000,300000,1131.9018601747325,800.0,331.9018601747325,7.397858282995003,V4,30,300000,8,0.02,0.005,0.1,1e-06,0.2,1.05,0.7,60,20,8,10,0.35,0.25,80.0,1e-12,False,3,4,0.5,True,False,1
2026-10-01T22:21:13+02:00,Delta0_frac__upper,Delta0_frac,upper,0.1,8,Multimodal,30,3,300000,300000,1095.146136466416,800.0,295.146136466416,7.0816802400004235,V4,30,300000,8,0.02,0.005,0.1,1e-06,0.2,1.05,0.7,60,20,8,10,0.35,0.25,80.0,1e-12,False,3,4,0.5,True,False,1
2026-10-01T22:21:20+02:00,Delta0_frac__upper,Delta0_frac,upper,0.1,8,Multimodal,30,4,300000,300000,1062.009925979618,800.0,262.00992597961795,7.119991965002555,V4,30,300000,8,0.02,0.005,0.1,1e-06,0.2,1.05,0.7,60,20,8,10,0.35,0.25,80.0,1e-12,False,3,4,0.5,True,False,1
2026-10-01T22:21:27+02:00,Delta0_frac__upper,Delta0_frac,upper,0.1,9,Multimodal,30,0,300000,300000,1272.9429929729965,900.0,372.94299297299654,7.588606533005077,V4,30,300000,8,0.02,0.005,0.1,1e-06,0.2,1.05,0.7,60,20,8,10,0.35,0.25,80.0,1e-12,False,3,4,0.5,True,False,1
2026-10-01T22:21:35+02:00,Delta0_frac__upper,Delta0_frac,upper,0.1,9,Multimodal,30,1,300000,300000,1189.9678222747152,900.0,289.9678222747152,7.343665594999038,V4,30,300000,8,0.02,0.005,0.1,1e-06,0.2,1.05,0.7,60,20,8,10,0.35,0.25,80.0,1e-12,False,3,4,0.5,True,False,1
2026-10-01T22:21:43+02:00,Delta0_frac__upper,Delta0_frac,upper,0.1,9,Multimodal,30,2,300000,300000,1355.498603069836,900.0,455.498603069836,7.759038962001796,V4,30,300000,8,0.02,0.005,0.1,1e-06,0.2,1.05,0.7,60,20,8,10,0.35,0.25,80.0,1e-12,False,3,4,0.5,True,False,1
2026-10-01T22:21:50+02:00,Delta0_frac__upper,Delta0_frac,upper,0.1,9,Multimodal,30,3,300000,300000,1301.4482218458925,900.0,401.4482218458925,7.534302650994505,V4,30,300000,8,0.02,0.005,0.1,1e-06,0.2,1.05,0.7,60,20,8,10,0.35,0.25,80.0,1e-12,False,3,4,0.5,True,False,1
2026-10-01T22:21:58+02:00,Delta0_frac__upper,Delta0_frac,upper,0.1,9,Multimodal,30,4,300000,300000,1246.7258224753257,900.0,346.7258224753257,7.313940664003894,V4,30,300000,8,0.02,0.005,0.1,1e-06,0.2,1.05,0.7,60,20,8,10,0.35,0.25,80.0,1e-12,False,3,4,0.5,True,False,1
2026-10-01T22:22:11+02:00,Delta0_frac__upper,Delta0_frac,upper,0.1,10,Multimodal,30,0,300000,300000,5088.464703832407,1000.0,4088.4647038324074,12.914625807003176,V4,30,300000,8,0.02,0.005,0.1,1e-06,0.2,1.05,0.7,60,20,8,10,0.35,0.25,80.0,1e-12,False,3,4,0.5,True,False,1
2026-10-01T22:22:23+02:00,Delta0_frac__upper,Delta0_frac,upper,0.1,10,Multimodal,30,1,300000,300000,4984.521804845492,1000.0,3984.5218048454917,12.235094180003216,V4,30,300000,8,0.02,0.005,0.1,1e-06,0.2,1.05,0.7,60,20,8,10,0.35,0.25,80.0,1e-12,False,3,4,0.5,True,False,1
2026-10-01T22:22:35+02:00,Delta0_frac__upper,Delta0_frac,upper,0.1,10,Multimodal,30,2,300000,300000,7270.692462560497,1000.0,6270.692462560497,12.655127158999676,V4,30,300000,8,0.02,0.005,0.1,1e-06,0.2,1.05,0.7,60,20,8,10,0.35,0.25,80.0,1e-12,False,3,4,0.5,True,False,1
2026-10-01T22:22:48+02:00,Delta0_frac__upper,Delta0_frac,upper,0.1,10,Multimodal,30,3,300000,300000,4932.552804651428,1000.0,3932.5528046514282,12.675987814996915,V4,30,300000,8,0.02,0.005,0.1,1e-06,0.2,1.05,0.7,60,20,8,10,0.35,0.25,80.0,1e-12,False,3,4,0.5,True,False,1
2026-10-01T22:23:01+02:00,Delta0_frac__upper,Delta0_frac,upper,0.1,10,Multimodal,30,4,300000,300000,7513.218229118162,1000.0,6513.218229118162,12.49022160700406,V4,30,300000,8,0.02,0.005,0.1,1e-06,0.2,1.05,0.7,60,20,8,10,0.35,0.25,80.0,1e-12,False,3,4,0.5,True,False,1
2026-10-01T22:23:13+02:00,Delta0_frac__upper,Delta0_frac,upper,0.1,11,Multimodal,30,0,300000,300000,4657.545541852913,1100.0,3557.5455418529127,12.736643046999234,V4,30,300000,8,0.02,0.005,0.1,1e-06,0.2,1.05,0.7,60,20,8,10,0.35,0.25,80.0,1e-12,False,3,4,0.5,True,False,1
2026-10-01T22:23:27+02:00,Delta0_frac__upper,Delta0_frac,upper,0.1,11,Multimodal,30,1,300000,300000,6011.390637964531,1100.0,4911.390637964531,13.024448516996927,V4,30,300000,8,0.02,0.005,0.1,1e-06,0.2,1.05,0.7,60,20,8,10,0.35,0.25,80.0,1e-12,False,3,4,0.5,True,False,1
2026-10-01T22:23:39+02:00,Delta0_frac__upper,Delta0_frac,upper,0.1,11,Multimodal,30,2,300000,300000,5710.642509792029,1100.0,4610.642509792029,12.67780520600354,V4,30,300000,8,0.02,0.005,0.1,1e-06,0.2,1.05,0.7,60,20,8,10,0.35,0.25,80.0,1e-12,False,3,4,0.5,True,False,1
2026-10-01T22:23:52+02:00,Delta0_frac__upper,Delta0_frac,upper,0.1,11,Multimodal,30,3,300000,300000,5601.611660498346,1100.0,4501.611660498346,13.066898386001412,V4,30,300000,8,0.02,0.005,0.1,1e-06,0.2,1.05,0.7,60,20,8,10,0.35,0.25,80.0,1e-12,False,3,4,0.5,True,False,1
2026-10-01T22:24:05+02:00,Delta0_frac__upper,Delta0_frac,upper,0.1,11,Multimodal,30,4,300000,300000,4697.654660350241,1100.0,3597.654660350241,12.680312635995506,V4,30,300000,8,0.02,0.005,0.1,1e-06,0.2,1.05,0.7,60,20,8,10,0.35,0.25,80.0,1e-12,False,3,4,0.5,True,False,1
2026-10-01T22:32:24+02:00,Delta0_frac__upper,Delta0_frac,upper,0.1,12,Multimodal,30,0,300000,300000,1200.764085161731,1200.0,0.7640851617309181,499.22070662199985,V4,30,300000,8,0.02,0.005,0.1,1e-06,0.2,1.05,0.7,60,20,8,10,0.35,0.25,80.0,1e-12,False,3,4,0.5,True,False,1
2026-10-01T22:40:41+02:00,Delta0_frac__upper,Delta0_frac,upper,0.1,12,Multimodal,30,1,300000,300000,1200.6688236219404,1200.0,0.6688236219404189,496.60746754700085,V4,30,300000,8,0.02,0.005,0.1,1e-06,0.2,1.05,0.7,60,20,8,10,0.35,0.25,80.0,1e-12,False,3,4,0.5,True,False,1
2026-10-01T22:48:59+02:00,Delta0_frac__upper,Delta0_frac,upper,0.1,12,Multimodal,30,2,300000,300000,1200.8788601253482,1200.0,0.8788601253481829,497.5002463779965,V4,30,300000,8,0.02,0.005,0.1,1e-06,0.2,1.05,0.7,60,20,8,10,0.35,0.25,80.0,1e-12,False,3,4,0.5,True,False,1
2026-10-01T22:57:21+02:00,Delta0_frac__upper,Delta0_frac,upper,0.1,12,Multimodal,30,3,300000,300000,1200.7525892453002,1200.0,0.7525892453002143,502.83432211299805,V4,30,300000,8,0.02,0.005,0.1,1e-06,0.2,1.05,0.7,60,20,8,10,0.35,0.25,80.0,1e-12,False,3,4,0.5,True,False,1
2026-10-01T23:05:42+02:00,Delta0_frac__upper,Delta0_frac,upper,0.1,12,Multimodal,30,4,300000,300000,1200.8681249948293,1200.0,0.8681249948292589,500.2647912300017,V4,30,300000,8,0.02,0.005,0.1,1e-06,0.2,1.05,0.7,60,20,8,10,0.35,0.25,80.0,1e-12,False,3,4,0.5,True,False,1
2026-10-01T23:05:49+02:00,Delta0_frac__upper,Delta0_frac,upper,0.1,13,Multimodal,30,0,300000,300000,1300.3289793543654,1300.0,0.3289793543654014,7.345924548004405,V4,30,300000,8,0.02,0.005,0.1,1e-06,0.2,1.05,0.7,60,20,8,10,0.35,0.25,80.0,1e-12,False,3,4,0.5,True,False,1
2026-10-01T23:05:57+02:00,Delta0_frac__upper,Delta0_frac,upper,0.1,13,Multimodal,30,1,300000,300000,1300.3256112647218,1300.0,0.3256112647218288,7.452907156999572,V4,30,300000,8,0.02,0.005,0.1,1e-06,0.2,1.05,0.7,60,20,8,10,0.35,0.25,80.0,1e-12,False,3,4,0.5,True,False,1
2026-10-01T23:06:04+02:00,Delta0_frac__upper,Delta0_frac,upper,0.1,13,Multimodal,30,2,300000,300000,1300.5314227248896,1300.0,0.5314227248895804,7.482653227998526,V4,30,300000,8,0.02,0.005,0.1,1e-06,0.2,1.05,0.7,60,20,8,10,0.35,0.25,80.0,1e-12,False,3,4,0.5,True,False,1
2026-10-01T23:06:11+02:00,Delta0_frac__upper,Delta0_frac,upper,0.1,13,Multimodal,30,3,300000,300000,1300.3153177120869,1300.0,0.3153177120868804,7.26257910199638,V4,30,300000,8,0.02,0.005,0.1,1e-06,0.2,1.05,0.7,60,20,8,10,0.35,0.25,80.0,1e-12,False,3,4,0.5,True,False,1
2026-10-01T23:06:19+02:00,Delta0_frac__upper,Delta0_frac,upper,0.1,13,Multimodal,30,4,300000,300000,1300.3013499033184,1300.0,0.3013499033183962,7.451690016001521,V4,30,300000,8,0.02,0.005,0.1,1e-06,0.2,1.05,0.7,60,20,8,10,0.35,0.25,80.0,1e-12,False,3,4,0.5,True,False,1
2026-10-01T23:06:26+02:00,Delta0_frac__upper,Delta0_frac,upper,0.1,14,Multimodal,30,0,300000,300000,1400.4428259790407,1400.0,0.4428259790406628,7.2820952929978375,V4,30,300000,8,0.02,0.005,0.1,1e-06,0.2,1.05,0.7,60,20,8,10,0.35,0.25,80.0,1e-12,False,3,4,0.5,True,False,1
2026-10-01T23:06:34+02:00,Delta0_frac__upper,Delta0_frac,upper,0.1,14,Multimodal,30,1,300000,300000,1400.4273954331616,1400.0,0.42739543316156414,7.551620628997625,V4,30,300000,8,0.02,0.005,0.1,1e-06,0.2,1.05,0.7,60,20,8,10,0.35,0.25,80.0,1e-12,False,3,4,0.5,True,False,1
2026-10-01T23:06:41+02:00,Delta0_frac__upper,Delta0_frac,upper,0.1,14,Multimodal,30,2,300000,300000,1400.3861964458415,1400.0,0.3861964458415059,7.308715287006635,V4,30,300000,8,0.02,0.005,0.1,1e-06,0.2,1.05,0.7,60,20,8,10,0.35,0.25,80.0,1e-12,False,3,4,0.5,True,False,1
2026-10-01T23:06:49+02:00,Delta0_frac__upper,Delta0_frac,upper,0.1,14,Multimodal,30,3,300000,300000,1400.291529829977,1400.0,0.2915298299769802,7.230692853998335,V4,30,300000,8,0.02,0.005,0.1,1e-06,0.2,1.05,0.7,60,20,8,10,0.35,0.25,80.0,1e-12,False,3,4,0.5,True,False,1
2026-10-01T23:06:56+02:00,Delta0_frac__upper,Delta0_frac,upper,0.1,14,Multimodal,30,4,300000,300000,1400.3528371935306,1400.0,0.35283719353060405,7.688643292000052,V4,30,300000,8,0.02,0.005,0.1,1e-06,0.2,1.05,0.7,60,20,8,10,0.35,0.25,80.0,1e-12,False,3,4,0.5,True,False,1
2026-10-01T23:07:05+02:00,Delta0_frac__upper,Delta0_frac,upper,0.1,15,Multimodal,30,0,300000,300000,1521.1323130048365,1500.0,21.132313004836533,8.347326292001526,V4,30,300000,8,0.02,0.005,0.1,1e-06,0.2,1.05,0.7,60,20,8,10,0.35,0.25,80.0,1e-12,False,3,4,0.5,True,False,1
2026-10-01T23:07:13+02:00,Delta0_frac__upper,Delta0_frac,upper,0.1,15,Multimodal,30,1,300000,300000,1518.6288535650006,1500.0,18.628853565000554,8.503511233997415,V4,30,300000,8,0.02,0.005,0.1,1e-06,0.2,1.05,0.7,60,20,8,10,0.35,0.25,80.0,1e-12,False,3,4,0.5,True,False,1
2026-10-01T23:07:21+02:00,Delta0_frac__upper,Delta0_frac,upper,0.1,15,Multimodal,30,2,300000,300000,1516.778103835555,1500.0,16.77810383555493,8.256798948001233,V4,30,300000,8,0.02,0.005,0.1,1e-06,0.2,1.05,0.7,60,20,8,10,0.35,0.25,80.0,1e-12,False,3,4,0.5,True,False,1
2026-10-01T23:07:30+02:00,Delta0_frac__upper,Delta0_frac,upper,0.1,15,Multimodal,30,3,300000,300000,1536.257248562057,1500.0,36.25724856205693,8.344558321994555,V4,30,300000,8,0.02,0.005,0.1,1e-06,0.2,1.05,0.7,60,20,8,10,0.35,0.25,80.0,1e-12,False,3,4,0.5,True,False,1
2026-10-01T23:07:38+02:00,Delta0_frac__upper,Delta0_frac,upper,0.1,15,Multimodal,30,4,300000,300000,1516.2024688945598,1500.0,16.202468894559843,8.547585259002517,V4,30,300000,8,0.02,0.005,0.1,1e-06,0.2,1.05,0.7,60,20,8,10,0.35,0.25,80.0,1e-12,False,3,4,0.5,True,False,1
2026-10-01T23:08:23+02:00,Delta0_frac__upper,Delta0_frac,upper,0.1,16,Multimodal,30,0,300000,300000,1613.5199908771162,1600.0,13.519990877116243,44.247357112995815,V4,30,300000,8,0.02,0.005,0.1,1e-06,0.2,1.05,0.7,60,20,8,10,0.35,0.25,80.0,1e-12,False,3,4,0.5,True,False,1
2026-10-01T23:09:08+02:00,Delta0_frac__upper,Delta0_frac,upper,0.1,16,Multimodal,30,1,300000,300000,1613.6731318816485,1600.0,13.673131881648487,44.736437344006845,V4,30,300000,8,0.02,0.005,0.1,1e-06,0.2,1.05,0.7,60,20,8,10,0.35,0.25,80.0,1e-12,False,3,4,0.5,True,False,1
2026-10-01T23:09:51+02:00,Delta0_frac__upper,Delta0_frac,upper,0.1,16,Multimodal,30,2,300000,300000,1613.82500284016,1600.0,13.825002840160096,43.54849844699493,V4,30,300000,8,0.02,0.005,0.1,1e-06,0.2,1.05,0.7,60,20,8,10,0.35,0.25,80.0,1e-12,False,3,4,0.5,True,False,1
2026-10-01T23:10:35+02:00,Delta0_frac__upper,Delta0_frac,upper,0.1,16,Multimodal,30,3,300000,300000,1613.681485865554,1600.0,13.681485865553896,44.06929931000195,V4,30,300000,8,0.02,0.005,0.1,1e-06,0.2,1.05,0.7,60,20,8,10,0.35,0.25,80.0,1e-12,False,3,4,0.5,True,False,1
2026-10-01T23:11:20+02:00,Delta0_frac__upper,Delta0_frac,upper,0.1,16,Multimodal,30,4,300000,300000,1613.3824370978068,1600.0,13.382437097806815,44.45054874800553,V4,30,300000,8,0.02,0.005,0.1,1e-06,0.2,1.05,0.7,60,20,8,10,0.35,0.25,80.0,1e-12,False,3,4,0.5,True,False,1
2026-10-01T23:11:35+02:00,Delta0_frac__upper,Delta0_frac,upper,0.1,17,Hybrid,30,0,300000,300000,62239.005325561375,1700.0,60539.005325561375,14.981525408999005,V4,30,300000,8,0.02,0.005,0.1,1e-06,0.2,1.05,0.7,60,20,8,10,0.35,0.25,80.0,1e-12,False,3,4,0.5,True,False,1
2026-10-01T23:11:50+02:00,Delta0_frac__upper,Delta0_frac,upper,0.1,17,Hybrid,30,1,300000,300000,177637.12219883053,1700.0,175937.12219883053,15.50166923499637,V4,30,300000,8,0.02,0.005,0.1,1e-06,0.2,1.05,0.7,60,20,8,10,0.35,0.25,80.0,1e-12,False,3,4,0.5,True,False,1
2026-10-01T23:12:06+02:00,Delta0_frac__upper,Delta0_frac,upper,0.1,17,Hybrid,30,2,300000,300000,310699.1146394813,1700.0,308999.1146394813,15.32221302200196,V4,30,300000,8,0.02,0.005,0.1,1e-06,0.2,1.05,0.7,60,20,8,10,0.35,0.25,80.0,1e-12,False,3,4,0.5,True,False,1
2026-10-01T23:12:21+02:00,Delta0_frac__upper,Delta0_frac,upper,0.1,17,Hybrid,30,3,300000,300000,151097.19031346805,1700.0,149397.19031346805,15.055440046002332,V4,30,300000,8,0.02,0.005,0.1,1e-06,0.2,1.05,0.7,60,20,8,10,0.35,0.25,80.0,1e-12,False,3,4,0.5,True,False,1
2026-10-01T23:12:36+02:00,Delta0_frac__upper,Delta0_frac,upper,0.1,17,Hybrid,30,4,300000,300000,183922.40048176842,1700.0,182222.40048176842,15.379213047999656,V4,30,300000,8,0.02,0.005,0.1,1e-06,0.2,1.05,0.7,60,20,8,10,0.35,0.25,80.0,1e-12,False,3,4,0.5,True,False,1
2026-10-01T23:12:46+02:00,Delta0_frac__upper,Delta0_frac,upper,0.1,18,Hybrid,30,0,300000,300000,98108.5654936601,1800.0,96308.5654936601,9.65292823100026,V4,30,300000,8,0.02,0.005,0.1,1e-06,0.2,1.05,0.7,60,20,8,10,0.35,0.25,80.0,1e-12,False,3,4,0.5,True,False,1
2026-10-01T23:12:56+02:00,Delta0_frac__upper,Delta0_frac,upper,0.1,18,Hybrid,30,1,300000,300000,85976.51715619626,1800.0,84176.51715619626,9.681856622999476,V4,30,300000,8,0.02,0.005,0.1,1e-06,0.2,1.05,0.7,60,20,8,10,0.35,0.25,80.0,1e-12,False,3,4,0.5,True,False,1
2026-10-01T23:13:06+02:00,Delta0_frac__upper,Delta0_frac,upper,0.1,18,Hybrid,30,2,300000,300000,114984.87021201562,1800.0,113184.87021201562,9.84720203300094,V4,30,300000,8,0.02,0.005,0.1,1e-06,0.2,1.05,0.7,60,20,8,10,0.35,0.25,80.0,1e-12,False,3,4,0.5,True,False,1
2026-10-01T23:13:15+02:00,Delta0_frac__upper,Delta0_frac,upper,0.1,18,Hybrid,30,3,300000,300000,54884.27874786482,1800.0,53084.27874786482,9.598714662999555,V4,30,300000,8,0.02,0.005,0.1,1e-06,0.2,1.05,0.7,60,20,8,10,0.35,0.25,80.0,1e-12,False,3,4,0.5,True,False,1
2026-10-01T23:13:25+02:00,Delta0_frac__upper,Delta0_frac,upper,0.1,18,Hybrid,30,4,300000,300000,93446.94553976432,1800.0,91646.94553976432,9.673326983000152,V4,30,300000,8,0.02,0.005,0.1,1e-06,0.2,1.05,0.7,60,20,8,10,0.35,0.25,80.0,1e-12,False,3,4,0.5,True,False,1
2026-10-01T23:13:57+02:00,Delta0_frac__upper,Delta0_frac,upper,0.1,19,Hybrid,30,0,300000,300000,1943.4731544994436,1900.0,43.47315449944358,32.196624905001954,V4,30,300000,8,0.02,0.005,0.1,1e-06,0.2,1.05,0.7,60,20,8,10,0.35,0.25,80.0,1e-12,False,3,4,0.5,True,False,1
2026-10-01T23:14:30+02:00,Delta0_frac__upper,Delta0_frac,upper,0.1,19,Hybrid,30,1,300000,300000,1933.9389574481916,1900.0,33.93895744819156,32.69522361500276,V4,30,300000,8,0.02,0.005,0.1,1e-06,0.2,1.05,0.7,60,20,8,10,0.35,0.25,80.0,1e-12,False,3,4,0.5,True,False,1
2026-10-01T23:15:02+02:00,Delta0_frac__upper,Delta0_frac,upper,0.1,19,Hybrid,30,2,300000,300000,1944.2056367227967,1900.0,44.205636722796726,31.677104118003626,V4,30,300000,8,0.02,0.005,0.1,1e-06,0.2,1.05,0.7,60,20,8,10,0.35,0.25,80.0,1e-12,False,3,4,0.5,True,False,1
2026-10-01T23:15:35+02:00,Delta0_frac__upper,Delta0_frac,upper,0.1,19,Hybrid,30,3,300000,300000,1927.3094189436206,1900.0,27.309418943620585,32.720166282997525,V4,30,300000,8,0.02,0.005,0.1,1e-06,0.2,1.05,0.7,60,20,8,10,0.35,0.25,80.0,1e-12,False,3,4,0.5,True,False,1
2026-10-01T23:16:07+02:00,Delta0_frac__upper,Delta0_frac,upper,0.1,19,Hybrid,30,4,300000,300000,1935.7746536656189,1900.0,35.77465366561887,32.828853234001144,V4,30,300000,8,0.02,0.005,0.1,1e-06,0.2,1.05,0.7,60,20,8,10,0.35,0.25,80.0,1e-12,False,3,4,0.5,True,False,1
2026-10-01T23:16:20+02:00,Delta0_frac__upper,Delta0_frac,upper,0.1,20,Hybrid,30,0,300000,300000,68713.83594055507,2000.0,66713.83594055507,12.082658788000117,V4,30,300000,8,0.02,0.005,0.1,1e-06,0.2,1.05,0.7,60,20,8,10,0.35,0.25,80.0,1e-12,False,3,4,0.5,True,False,1
2026-10-01T23:16:32+02:00,Delta0_frac__upper,Delta0_frac,upper,0.1,20,Hybrid,30,1,300000,300000,42989.780044905376,2000.0,40989.780044905376,12.190381551998144,V4,30,300000,8,0.02,0.005,0.1,1e-06,0.2,1.05,0.7,60,20,8,10,0.35,0.25,80.0,1e-12,False,3,4,0.5,True,False,1
2026-10-01T23:16:44+02:00,Delta0_frac__upper,Delta0_frac,upper,0.1,20,Hybrid,30,2,300000,300000,29063.847597941116,2000.0,27063.847597941116,12.304183831001865,V4,30,300000,8,0.02,0.005,0.1,1e-06,0.2,1.05,0.7,60,20,8,10,0.35,0.25,80.0,1e-12,False,3,4,0.5,True,False,1
2026-10-01T23:16:56+02:00,Delta0_frac__upper,Delta0_frac,upper,0.1,20,Hybrid,30,3,300000,300000,43785.8788836696,2000.0,41785.8788836696,12.173556227004156,V4,30,300000,8,0.02,0.005,0.1,1e-06,0.2,1.05,0.7,60,20,8,10,0.35,0.25,80.0,1e-12,False,3,4,0.5,True,False,1
2026-10-01T23:17:09+02:00,Delta0_frac__upper,Delta0_frac,upper,0.1,20,Hybrid,30,4,300000,300000,36838.26082793553,2000.0,34838.26082793553,12.149248983005236,V4,30,300000,8,0.02,0.005,0.1,1e-06,0.2,1.05,0.7,60,20,8,10,0.35,0.25,80.0,1e-12,False,3,4,0.5,True,False,1
2026-10-01T23:17:32+02:00,Delta0_frac__upper,Delta0_frac,upper,0.1,21,Hybrid,30,0,300000,300000,47141.496319063444,2100.0,45041.496319063444,23.14592061500298,V4,30,300000,8,0.02,0.005,0.1,1e-06,0.2,1.05,0.7,60,20,8,10,0.35,0.25,80.0,1e-12,False,3,4,0.5,True,False,1
2026-10-01T23:17:55+02:00,Delta0_frac__upper,Delta0_frac,upper,0.1,21,Hybrid,30,1,300000,300000,53123.52530429874,2100.0,51023.52530429874,22.852420105999045,V4,30,300000,8,0.02,0.005,0.1,1e-06,0.2,1.05,0.7,60,20,8,10,0.35,0.25,80.0,1e-12,False,3,4,0.5,True,False,1
2026-10-01T23:18:17+02:00,Delta0_frac__upper,Delta0_frac,upper,0.1,21,Hybrid,30,2,300000,300000,50885.55404362831,2100.0,48785.55404362831,22.620424063999963,V4,30,300000,8,0.02,0.005,0.1,1e-06,0.2,1.05,0.7,60,20,8,10,0.35,0.25,80.0,1e-12,False,3,4,0.5,True,False,1
2026-10-01T23:18:41+02:00,Delta0_frac__upper,Delta0_frac,upper,0.1,21,Hybrid,30,3,300000,300000,41702.848039143806,2100.0,39602.848039143806,23.046681641993928,V4,30,300000,8,0.02,0.005,0.1,1e-06,0.2,1.05,0.7,60,20,8,10,0.35,0.25,80.0,1e-12,False,3,4,0.5,True,False,1
2026-10-01T23:19:03+02:00,Delta0_frac__upper,Delta0_frac,upper,0.1,21,Hybrid,30,4,300000,300000,40891.723514081095,2100.0,38791.723514081095,22.680967349995626,V4,30,300000,8,0.02,0.005,0.1,1e-06,0.2,1.05,0.7,60,20,8,10,0.35,0.25,80.0,1e-12,False,3,4,0.5,True,False,1
2026-10-01T23:20:14+02:00,Delta0_frac__upper,Delta0_frac,upper,0.1,22,Hybrid,30,0,300000,300000,2793.2550338079773,2200.0,593.2550338079773,70.54745531599474,V4,30,300000,8,0.02,0.005,0.1,1e-06,0.2,1.05,0.7,60,20,8,10,0.35,0.25,80.0,1e-12,False,3,4,0.5,True,False,1
2026-10-01T23:21:25+02:00,Delta0_frac__upper,Delta0_frac,upper,0.1,22,Hybrid,30,1,300000,300000,2505.788926167303,2200.0,305.7889261673031,71.22347835399705,V4,30,300000,8,0.02,0.005,0.1,1e-06,0.2,1.05,0.7,60,20,8,10,0.35,0.25,80.0,1e-12,False,3,4,0.5,True,False,1
2026-10-01T23:22:36+02:00,Delta0_frac__upper,Delta0_frac,upper,0.1,22,Hybrid,30,2,300000,300000,2716.096517807614,2200.0,516.096517807614,70.79506639600004,V4,30,300000,8,0.02,0.005,0.1,1e-06,0.2,1.05,0.7,60,20,8,10,0.35,0.25,80.0,1e-12,False,3,4,0.5,True,False,1
2026-10-01T23:23:48+02:00,Delta0_frac__upper,Delta0_frac,upper,0.1,22,Hybrid,30,3,300000,300000,2603.2414699943465,2200.0,403.2414699943465,71.66894416200375,V4,30,300000,8,0.02,0.005,0.1,1e-06,0.2,1.05,0.7,60,20,8,10,0.35,0.25,80.0,1e-12,False,3,4,0.5,True,False,1
2026-10-01T23:24:59+02:00,Delta0_frac__upper,Delta0_frac,upper,0.1,22,Hybrid,30,4,300000,300000,2600.586244075858,2200.0,400.58624407585785,71.11667292699713,V4,30,300000,8,0.02,0.005,0.1,1e-06,0.2,1.05,0.7,60,20,8,10,0.35,0.25,80.0,1e-12,False,3,4,0.5,True,False,1
2026-10-01T23:25:17+02:00,Delta0_frac__upper,Delta0_frac,upper,0.1,23,Composition,30,0,300000,300000,2522.8915726350024,2300.0,222.89157263500238,18.38801987300394,V4,30,300000,8,0.02,0.005,0.1,1e-06,0.2,1.05,0.7,60,20,8,10,0.35,0.25,80.0,1e-12,False,3,4,0.5,True,False,1
2026-10-01T23:25:36+02:00,Delta0_frac__upper,Delta0_frac,upper,0.1,23,Composition,30,1,300000,300000,2522.881109066704,2300.0,222.88110906670408,18.907678934003343,V4,30,300000,8,0.02,0.005,0.1,1e-06,0.2,1.05,0.7,60,20,8,10,0.35,0.25,80.0,1e-12,False,3,4,0.5,True,False,1
2026-10-01T23:25:55+02:00,Delta0_frac__upper,Delta0_frac,upper,0.1,23,Composition,30,2,300000,300000,2522.870119331923,2300.0,222.87011933192298,18.72097280000162,V4,30,300000,8,0.02,0.005,0.1,1e-06,0.2,1.05,0.7,60,20,8,10,0.35,0.25,80.0,1e-12,False,3,4,0.5,True,False,1
2026-10-01T23:26:13+02:00,Delta0_frac__upper,Delta0_frac,upper,0.1,23,Composition,30,3,300000,300000,2522.867177383857,2300.0,222.86717738385687,18.23291299900302,V4,30,300000,8,0.02,0.005,0.1,1e-06,0.2,1.05,0.7,60,20,8,10,0.35,0.25,80.0,1e-12,False,3,4,0.5,True,False,1
2026-10-01T23:26:32+02:00,Delta0_frac__upper,Delta0_frac,upper,0.1,23,Composition,30,4,300000,300000,2522.8725959116377,2300.0,222.87259591163775,18.57985121099773,V4,30,300000,8,0.02,0.005,0.1,1e-06,0.2,1.05,0.7,60,20,8,10,0.35,0.25,80.0,1e-12,False,3,4,0.5,True,False,1
2026-10-01T23:26:53+02:00,Delta0_frac__upper,Delta0_frac,upper,0.1,24,Composition,30,0,300000,300000,2624.8387891088482,2400.0,224.83878910884823,20.74241013899882,V4,30,300000,8,0.02,0.005,0.1,1e-06,0.2,1.05,0.7,60,20,8,10,0.35,0.25,80.0,1e-12,False,3,4,0.5,True,False,1
2026-10-01T23:27:14+02:00,Delta0_frac__upper,Delta0_frac,upper,0.1,24,Composition,30,1,300000,300000,2629.263370334297,2400.0,229.26337033429718,20.850112189000356,V4,30,300000,8,0.02,0.005,0.1,1e-06,0.2,1.05,0.7,60,20,8,10,0.35,0.25,80.0,1e-12,False,3,4,0.5,True,False,1
2026-10-01T23:27:35+02:00,Delta0_frac__upper,Delta0_frac,upper,0.1,24,Composition,30,2,300000,300000,2619.55813219841,2400.0,219.55813219841002,20.852641867000784,V4,30,300000,8,0.02,0.005,0.1,1e-06,0.2,1.05,0.7,60,20,8,10,0.35,0.25,80.0,1e-12,False,3,4,0.5,True,False,1
2026-10-01T23:27:55+02:00,Delta0_frac__upper,Delta0_frac,upper,0.1,24,Composition,30,3,300000,300000,2629.355307898894,2400.0,229.3553078988939,20.728166924003744,V4,30,300000,8,0.02,0.005,0.1,1e-06,0.2,1.05,0.7,60,20,8,10,0.35,0.25,80.0,1e-12,False,3,4,0.5,True,False,1
2026-10-01T23:28:16+02:00,Delta0_frac__upper,Delta0_frac,upper,0.1,24,Composition,30,4,300000,300000,2617.3688520790065,2400.0,217.3688520790065,20.709367524999834,V4,30,300000,8,0.02,0.005,0.1,1e-06,0.2,1.05,0.7,60,20,8,10,0.35,0.25,80.0,1e-12,False,3,4,0.5,True,False,1
2026-10-01T23:28:37+02:00,Delta0_frac__upper,Delta0_frac,upper,0.1,25,Composition,30,0,300000,300000,2714.881049601469,2500.0,214.88104960146893,21.065349101998436,V4,30,300000,8,0.02,0.005,0.1,1e-06,0.2,1.05,0.7,60,20,8,10,0.35,0.25,80.0,1e-12,False,3,4,0.5,True,False,1
2026-10-01T23:28:59+02:00,Delta0_frac__upper,Delta0_frac,upper,0.1,25,Composition,30,1,300000,300000,2710.1827171048326,2500.0,210.1827171048326,21.11117377100163,V4,30,300000,8,0.02,0.005,0.1,1e-06,0.2,1.05,0.7,60,20,8,10,0.35,0.25,80.0,1e-12,False,3,4,0.5,True,False,1
2026-10-01T23:29:20+02:00,Delta0_frac__upper,Delta0_frac,upper,0.1,25,Composition,30,2,300000,300000,2713.093031690566,2500.0,213.09303169056602,21.31445159100258,V4,30,300000,8,0.02,0.005,0.1,1e-06,0.2,1.05,0.7,60,20,8,10,0.35,0.25,80.0,1e-12,False,3,4,0.5,True,False,1
2026-10-01T23:29:41+02:00,Delta0_frac__upper,Delta0_frac,upper,0.1,25,Composition,30,3,300000,300000,2711.4259097999666,2500.0,211.42590979996658,21.137088241994206,V4,30,300000,8,0.02,0.005,0.1,1e-06,0.2,1.05,0.7,60,20,8,10,0.35,0.25,80.0,1e-12,False,3,4,0.5,True,False,1
2026-10-01T23:30:02+02:00,Delta0_frac__upper,Delta0_frac,upper,0.1,25,Composition,30,4,300000,300000,2708.141084791954,2500.0,208.1410847919542,20.935814532000222,V4,30,300000,8,0.02,0.005,0.1,1e-06,0.2,1.05,0.7,60,20,8,10,0.35,0.25,80.0,1e-12,False,3,4,0.5,True,False,1
2026-10-01T23:31:49+02:00,Delta0_frac__upper,Delta0_frac,upper,0.1,26,Composition,30,0,300000,300000,2800.2132850697512,2600.0,200.21328506975124,106.4509502219953,V4,30,300000,8,0.02,0.005,0.1,1e-06,0.2,1.05,0.7,60,20,8,10,0.35,0.25,80.0,1e-12,False,3,4,0.5,True,False,1
2026-10-01T23:33:36+02:00,Delta0_frac__upper,Delta0_frac,upper,0.1,26,Composition,30,1,300000,300000,2700.36015945181,2600.0,100.36015945180998,107.5238731060017,V4,30,300000,8,0.02,0.005,0.1,1e-06,0.2,1.05,0.7,60,20,8,10,0.35,0.25,80.0,1e-12,False,3,4,0.5,True,False,1
2026-10-01T23:35:23+02:00,Delta0_frac__upper,Delta0_frac,upper,0.1,26,Composition,30,2,300000,300000,2700.389732023392,2600.0,100.38973202339184,106.8956553379976,V4,30,300000,8,0.02,0.005,0.1,1e-06,0.2,1.05,0.7,60,20,8,10,0.35,0.25,80.0,1e-12,False,3,4,0.5,True,False,1
2026-10-01T23:37:11+02:00,Delta0_frac__upper,Delta0_frac,upper,0.1,26,Composition,30,3,300000,300000,2800.1499368954783,2600.0,200.14993689547828,107.01374540400138,V4,30,300000,8,0.02,0.005,0.1,1e-06,0.2,1.05,0.7,60,20,8,10,0.35,0.25,80.0,1e-12,False,3,4,0.5,True,False,1
2026-10-01T23:38:57+02:00,Delta0_frac__upper,Delta0_frac,upper,0.1,26,Composition,30,4,300000,300000,2800.121449505992,2600.0,200.12144950599213,106.80487683699903,V4,30,300000,8,0.02,0.005,0.1,1e-06,0.2,1.05,0.7,60,20,8,10,0.35,0.25,80.0,1e-12,False,3,4,0.5,True,False,1
2026-10-01T23:40:45+02:00,Delta0_frac__upper,Delta0_frac,upper,0.1,27,Composition,30,0,300000,300000,3108.8409498345463,2700.0,408.84094983454634,107.64740862199687,V4,30,300000,8,0.02,0.005,0.1,1e-06,0.2,1.05,0.7,60,20,8,10,0.35,0.25,80.0,1e-12,False,3,4,0.5,True,False,1
2026-10-01T23:42:33+02:00,Delta0_frac__upper,Delta0_frac,upper,0.1,27,Composition,30,1,300000,300000,3107.397529600036,2700.0,407.3975296000358,107.61922814600257,V4,30,300000,8,0.02,0.005,0.1,1e-06,0.2,1.05,0.7,60,20,8,10,0.35,0.25,80.0,1e-12,False,3,4,0.5,True,False,1
2026-10-01T23:44:20+02:00,Delta0_frac__upper,Delta0_frac,upper,0.1,27,Composition,30,2,300000,300000,3105.3917365034026,2700.0,405.3917365034026,106.55839676100004,V4,30,300000,8,0.02,0.005,0.1,1e-06,0.2,1.05,0.7,60,20,8,10,0.35,0.25,80.0,1e-12,False,3,4,0.5,True,False,1
2026-10-01T23:46:07+02:00,Delta0_frac__upper,Delta0_frac,upper,0.1,27,Composition,30,3,300000,300000,3102.6571903872127,2700.0,402.6571903872127,107.26743215999886,V4,30,300000,8,0.02,0.005,0.1,1e-06,0.2,1.05,0.7,60,20,8,10,0.35,0.25,80.0,1e-12,False,3,4,0.5,True,False,1
2026-10-01T23:47:54+02:00,Delta0_frac__upper,Delta0_frac,upper,0.1,27,Composition,30,4,300000,300000,3104.9760255280607,2700.0,404.97602552806075,107.37203853399842,V4,30,300000,8,0.02,0.005,0.1,1e-06,0.2,1.05,0.7,60,20,8,10,0.35,0.25,80.0,1e-12,False,3,4,0.5,True,False,1
2026-10-01T23:49:00+02:00,Delta0_frac__upper,Delta0_frac,upper,0.1,28,Composition,30,0,300000,300000,5856.035227206886,2800.0,3056.035227206886,65.6931111390004,V4,30,300000,8,0.02,0.005,0.1,1e-06,0.2,1.05,0.7,60,20,8,10,0.35,0.25,80.0,1e-12,False,3,4,0.5,True,False,1
2026-10-01T23:50:07+02:00,Delta0_frac__upper,Delta0_frac,upper,0.1,28,Composition,30,1,300000,300000,6537.172960816617,2800.0,3737.172960816617,66.31150977200014,V4,30,300000,8,0.02,0.005,0.1,1e-06,0.2,1.05,0.7,60,20,8,10,0.35,0.25,80.0,1e-12,False,3,4,0.5,True,False,1
2026-10-01T23:51:13+02:00,Delta0_frac__upper,Delta0_frac,upper,0.1,28,Composition,30,2,300000,300000,7242.107232975656,2800.0,4442.107232975656,65.8932911860029,V4,30,300000,8,0.02,0.005,0.1,1e-06,0.2,1.05,0.7,60,20,8,10,0.35,0.25,80.0,1e-12,False,3,4,0.5,True,False,1
2026-10-01T23:52:19+02:00,Delta0_frac__upper,Delta0_frac,upper,0.1,28,Composition,30,3,300000,300000,6043.372927988246,2800.0,3243.3729279882464,66.07517625400214,V4,30,300000,8,0.02,0.005,0.1,1e-06,0.2,1.05,0.7,60,20,8,10,0.35,0.25,80.0,1e-12,False,3,4,0.5,True,False,1
2026-10-01T23:53:26+02:00,Delta0_frac__upper,Delta0_frac,upper,0.1,28,Composition,30,4,300000,300000,7252.9225658751175,2800.0,4452.9225658751175,66.98594293499627,V4,30,300000,8,0.02,0.005,0.1,1e-06,0.2,1.05,0.7,60,20,8,10,0.35,0.25,80.0,1e-12,False,3,4,0.5,True,False,1
2026-10-01T23:54:18+02:00,Delta0_frac__upper,Delta0_frac,upper,0.1,29,Composition,30,0,300000,300000,13840.173856303638,2900.0,10940.173856303638,52.007802676998836,V4,30,300000,8,0.02,0.005,0.1,1e-06,0.2,1.05,0.7,60,20,8,10,0.35,0.25,80.0,1e-12,False,3,4,0.5,True,False,1
2026-10-01T23:55:10+02:00,Delta0_frac__upper,Delta0_frac,upper,0.1,29,Composition,30,1,300000,300000,13200.218480589738,2900.0,10300.218480589738,51.69375887999922,V4,30,300000,8,0.02,0.005,0.1,1e-06,0.2,1.05,0.7,60,20,8,10,0.35,0.25,80.0,1e-12,False,3,4,0.5,True,False,1
2026-10-01T23:56:01+02:00,Delta0_frac__upper,Delta0_frac,upper,0.1,29,Composition,30,2,300000,300000,21550.429847377804,2900.0,18650.429847377804,51.463680815999396,V4,30,300000,8,0.02,0.005,0.1,1e-06,0.2,1.05,0.7,60,20,8,10,0.35,0.25,80.0,1e-12,False,3,4,0.5,True,False,1
2026-10-01T23:56:53+02:00,Delta0_frac__upper,Delta0_frac,upper,0.1,29,Composition,30,3,300000,300000,18711.77449585172,2900.0,15811.774495851721,51.5620501010053,V4,30,300000,8,0.02,0.005,0.1,1e-06,0.2,1.05,0.7,60,20,8,10,0.35,0.25,80.0,1e-12,False,3,4,0.5,True,False,1
2026-10-01T23:57:45+02:00,Delta0_frac__upper,Delta0_frac,upper,0.1,29,Composition,30,4,300000,300000,32688.25792064073,2900.0,29788.25792064073,51.96444620699913,V4,30,300000,8,0.02,0.005,0.1,1e-06,0.2,1.05,0.7,60,20,8,10,0.35,0.25,80.0,1e-12,False,3,4,0.5,True,False,1
2026-10-01T23:59:26+02:00,Delta0_frac__upper,Delta0_frac,upper,0.1,30,Composition,30,0,300000,300000,30127.172963422458,3000.0,27127.172963422458,101.34915133199684,V4,30,300000,8,0.02,0.005,0.1,1e-06,0.2,1.05,0.7,60,20,8,10,0.35,0.25,80.0,1e-12,False,3,4,0.5,True,False,1
2026-10-02T00:01:08+02:00,Delta0_frac__upper,Delta0_frac,upper,0.1,30,Composition,30,1,300000,300000,36820.93175646843,3000.0,33820.93175646843,101.91705884599651,V4,30,300000,8,0.02,0.005,0.1,1e-06,0.2,1.05,0.7,60,20,8,10,0.35,0.25,80.0,1e-12,False,3,4,0.5,True,False,1
2026-10-02T00:02:49+02:00,Delta0_frac__upper,Delta0_frac,upper,0.1,30,Composition,30,2,300000,300000,43684.28735940405,3000.0,40684.28735940405,100.552211754999,V4,30,300000,8,0.02,0.005,0.1,1e-06,0.2,1.05,0.7,60,20,8,10,0.35,0.25,80.0,1e-12,False,3,4,0.5,True,False,1
2026-10-02T00:04:29+02:00,Delta0_frac__upper,Delta0_frac,upper,0.1,30,Composition,30,3,300000,300000,91515.1026739864,3000.0,88515.1026739864,100.02724001400202,V4,30,300000,8,0.02,0.005,0.1,1e-06,0.2,1.05,0.7,60,20,8,10,0.35,0.25,80.0,1e-12,False,3,4,0.5,True,False,1
2026-10-02T00:06:10+02:00,Delta0_frac__upper,Delta0_frac,upper,0.1,30,Composition,30,4,300000,300000,43200.852924545994,3000.0,40200.852924545994,100.85417000400048,V4,30,300000,8,0.02,0.005,0.1,1e-06,0.2,1.05,0.7,60,20,8,10,0.35,0.25,80.0,1e-12,False,3,4,0.5,True,False,1
2026-10-02T00:06:18+02:00,c_minus__stronger_contraction,c_minus,stronger_contraction,0.5856620185738528,1,Unimodal,30,0,300000,300000,7861491.707311851,100.0,7861391.707311851,7.403264323998883,V4,30,300000,8,0.02,0.005,0.05,1e-06,0.2,1.05,0.5856620185738528,60,20,8,10,0.35,0.25,80.0,1e-12,False,3,4,0.5,True,False,1
2026-10-02T00:06:25+02:00,c_minus__stronger_contraction,c_minus,stronger_contraction,0.5856620185738528,1,Unimodal,30,1,300000,300000,9518056.221101984,100.0,9517956.221101984,7.350306752996403,V4,30,300000,8,0.02,0.005,0.05,1e-06,0.2,1.05,0.5856620185738528,60,20,8,10,0.35,0.25,80.0,1e-12,False,3,4,0.5,True,False,1
2026-10-02T00:06:32+02:00,c_minus__stronger_contraction,c_minus,stronger_contraction,0.5856620185738528,1,Unimodal,30,2,300000,300000,1734441.1327235422,100.0,1734341.1327235422,7.188972973002819,V4,30,300000,8,0.02,0.005,0.05,1e-06,0.2,1.05,0.5856620185738528,60,20,8,10,0.35,0.25,80.0,1e-12,False,3,4,0.5,True,False,1
2026-10-02T00:06:40+02:00,c_minus__stronger_contraction,c_minus,stronger_contraction,0.5856620185738528,1,Unimodal,30,3,300000,300000,7554550.838824847,100.0,7554450.838824847,7.4820245369992335,V4,30,300000,8,0.02,0.005,0.05,1e-06,0.2,1.05,0.5856620185738528,60,20,8,10,0.35,0.25,80.0,1e-12,False,3,4,0.5,True,False,1
2026-10-02T00:06:47+02:00,c_minus__stronger_contraction,c_minus,stronger_contraction,0.5856620185738528,1,Unimodal,30,4,300000,300000,5679517.891078961,100.0,5679417.891078961,7.479078066004149,V4,30,300000,8,0.02,0.005,0.05,1e-06,0.2,1.05,0.5856620185738528,60,20,8,10,0.35,0.25,80.0,1e-12,False,3,4,0.5,True,False,1
2026-10-02T00:06:54+02:00,c_minus__stronger_contraction,c_minus,stronger_contraction,0.5856620185738528,2,Unimodal,30,0,300000,300000,560316.9425255193,200.0,560116.9425255193,6.660497776996635,V4,30,300000,8,0.02,0.005,0.05,1e-06,0.2,1.05,0.5856620185738528,60,20,8,10,0.35,0.25,80.0,1e-12,False,3,4,0.5,True,False,1
2026-10-02T00:07:01+02:00,c_minus__stronger_contraction,c_minus,stronger_contraction,0.5856620185738528,2,Unimodal,30,1,300000,300000,503155.4219053264,200.0,502955.4219053264,6.4652843219955685,V4,30,300000,8,0.02,0.005,0.05,1e-06,0.2,1.05,0.5856620185738528,60,20,8,10,0.35,0.25,80.0,1e-12,False,3,4,0.5,True,False,1
2026-10-02T00:07:07+02:00,c_minus__stronger_contraction,c_minus,stronger_contraction,0.5856620185738528,2,Unimodal,30,2,300000,300000,531605.8971736763,200.0,531405.8971736763,6.097680357997888,V4,30,300000,8,0.02,0.005,0.05,1e-06,0.2,1.05,0.5856620185738528,60,20,8,10,0.35,0.25,80.0,1e-12,False,3,4,0.5,True,False,1
2026-10-02T00:07:13+02:00,c_minus__stronger_contraction,c_minus,stronger_contraction,0.5856620185738528,2,Unimodal,30,3,300000,300000,458768.29476987873,200.0,458568.29476987873,6.577285642000788,V4,30,300000,8,0.02,0.005,0.05,1e-06,0.2,1.05,0.5856620185738528,60,20,8,10,0.35,0.25,80.0,1e-12,False,3,4,0.5,True,False,1
2026-10-02T00:07:20+02:00,c_minus__stronger_contraction,c_minus,stronger_contraction,0.5856620185738528,2,Unimodal,30,4,300000,300000,891385.5503999308,200.0,891185.5503999308,6.587531180004589,V4,30,300000,8,0.02,0.005,0.05,1e-06,0.2,1.05,0.5856620185738528,60,20,8,10,0.35,0.25,80.0,1e-12,False,3,4,0.5,True,False,1
2026-10-02T00:07:26+02:00,c_minus__stronger_contraction,c_minus,stronger_contraction,0.5856620185738528,3,Unimodal,30,0,300000,300000,32982.45506027917,300.0,32682.45506027917,6.461149556002056,V4,30,300000,8,0.02,0.005,0.05,1e-06,0.2,1.05,0.5856620185738528,60,20,8,10,0.35,0.25,80.0,1e-12,False,3,4,0.5,True,False,1
2026-10-02T00:07:33+02:00,c_minus__stronger_contraction,c_minus,stronger_contraction,0.5856620185738528,3,Unimodal,30,1,300000,300000,2863.8931896569948,300.0,2563.8931896569948,6.50190161899809,V4,30,300000,8,0.02,0.005,0.05,1e-06,0.2,1.05,0.5856620185738528,60,20,8,10,0.35,0.25,80.0,1e-12,False,3,4,0.5,True,False,1
2026-10-02T00:07:40+02:00,c_minus__stronger_contraction,c_minus,stronger_contraction,0.5856620185738528,3,Unimodal,30,2,300000,300000,6459.872625241207,300.0,6159.872625241207,6.43659170599858,V4,30,300000,8,0.02,0.005,0.05,1e-06,0.2,1.05,0.5856620185738528,60,20,8,10,0.35,0.25,80.0,1e-12,False,3,4,0.5,True,False,1
2026-10-02T00:07:46+02:00,c_minus__stronger_contraction,c_minus,stronger_contraction,0.5856620185738528,3,Unimodal,30,3,300000,300000,30528.96439176754,300.0,30228.96439176754,6.469155226004659,V4,30,300000,8,0.02,0.005,0.05,1e-06,0.2,1.05,0.5856620185738528,60,20,8,10,0.35,0.25,80.0,1e-12,False,3,4,0.5,True,False,1
2026-10-02T00:07:52+02:00,c_minus__stronger_contraction,c_minus,stronger_contraction,0.5856620185738528,3,Unimodal,30,4,300000,300000,1742.026976345676,300.0,1442.026976345676,6.245846018005977,V4,30,300000,8,0.02,0.005,0.05,1e-06,0.2,1.05,0.5856620185738528,60,20,8,10,0.35,0.25,80.0,1e-12,False,3,4,0.5,True,False,1
2026-10-02T00:08:00+02:00,c_minus__stronger_contraction,c_minus,stronger_contraction,0.5856620185738528,4,Multimodal,30,0,300000,300000,472.2852227664774,400.0,72.28522276647737,7.779993035001098,V4,30,300000,8,0.02,0.005,0.05,1e-06,0.2,1.05,0.5856620185738528,60,20,8,10,0.35,0.25,80.0,1e-12,False,3,4,0.5,True,False,1
2026-10-02T00:08:08+02:00,c_minus__stronger_contraction,c_minus,stronger_contraction,0.5856620185738528,4,Multimodal,30,1,300000,300000,472.87393836067207,400.0,72.87393836067207,7.627346374996705,V4,30,300000,8,0.02,0.005,0.05,1e-06,0.2,1.05,0.5856620185738528,60,20,8,10,0.35,0.25,80.0,1e-12,False,3,4,0.5,True,False,1
2026-10-02T00:08:15+02:00,c_minus__stronger_contraction,c_minus,stronger_contraction,0.5856620185738528,4,Multimodal,30,2,300000,300000,471.977526999128,400.0,71.97752699912797,7.294396951998351,V4,30,300000,8,0.02,0.005,0.05,1e-06,0.2,1.05,0.5856620185738528,60,20,8,10,0.35,0.25,80.0,1e-12,False,3,4,0.5,True,False,1
2026-10-02T00:08:23+02:00,c_minus__stronger_contraction,c_minus,stronger_contraction,0.5856620185738528,4,Multimodal,30,3,300000,300000,472.6840735051196,400.0,72.68407350511961,7.680297259001236,V4,30,300000,8,0.02,0.005,0.05,1e-06,0.2,1.05,0.5856620185738528,60,20,8,10,0.35,0.25,80.0,1e-12,False,3,4,0.5,True,False,1
2026-10-02T00:08:31+02:00,c_minus__stronger_contraction,c_minus,stronger_contraction,0.5856620185738528,4,Multimodal,30,4,300000,300000,472.6234509672475,400.0,72.62345096724749,7.642668827997113,V4,30,300000,8,0.02,0.005,0.05,1e-06,0.2,1.05,0.5856620185738528,60,20,8,10,0.35,0.25,80.0,1e-12,False,3,4,0.5,True,False,1
2026-10-02T00:08:38+02:00,c_minus__stronger_contraction,c_minus,stronger_contraction,0.5856620185738528,5,Multimodal,30,0,300000,300000,521.0179285351453,500.0,21.017928535145302,7.328389551003056,V4,30,300000,8,0.02,0.005,0.05,1e-06,0.2,1.05,0.5856620185738528,60,20,8,10,0.35,0.25,80.0,1e-12,False,3,4,0.5,True,False,1
2026-10-02T00:08:46+02:00,c_minus__stronger_contraction,c_minus,stronger_contraction,0.5856620185738528,5,Multimodal,30,1,300000,300000,521.3862769656457,500.0,21.38627696564572,7.53125976499723,V4,30,300000,8,0.02,0.005,0.05,1e-06,0.2,1.05,0.5856620185738528,60,20,8,10,0.35,0.25,80.0,1e-12,False,3,4,0.5,True,False,1
2026-10-02T00:08:53+02:00,c_minus__stronger_contraction,c_minus,stronger_contraction,0.5856620185738528,5,Multimodal,30,2,300000,300000,521.3034663306577,500.0,21.30346633065767,7.660900684000808,V4,30,300000,8,0.02,0.005,0.05,1e-06,0.2,1.05,0.5856620185738528,60,20,8,10,0.35,0.25,80.0,1e-12,False,3,4,0.5,True,False,1
2026-10-02T00:09:01+02:00,c_minus__stronger_contraction,c_minus,stronger_contraction,0.5856620185738528,5,Multimodal,30,3,300000,300000,521.2074236583943,500.0,21.207423658394305,7.714648194996698,V4,30,300000,8,0.02,0.005,0.05,1e-06,0.2,1.05,0.5856620185738528,60,20,8,10,0.35,0.25,80.0,1e-12,False,3,4,0.5,True,False,1
2026-10-02T00:09:09+02:00,c_minus__stronger_contraction,c_minus,stronger_contraction,0.5856620185738528,5,Multimodal,30,4,300000,300000,521.0368771163265,500.0,21.036877116326536,7.651975480999681,V4,30,300000,8,0.02,0.005,0.05,1e-06,0.2,1.05,0.5856620185738528,60,20,8,10,0.35,0.25,80.0,1e-12,False,3,4,0.5,True,False,1
2026-10-02T00:10:37+02:00,c_minus__stronger_contraction,c_minus,stronger_contraction,0.5856620185738528,6,Multimodal,30,0,300000,300000,635.0187636348857,600.0,35.01876363488566,87.82965771000454,V4,30,300000,8,0.02,0.005,0.05,1e-06,0.2,1.05,0.5856620185738528,60,20,8,10,0.35,0.25,80.0,1e-12,False,3,4,0.5,True,False,1
2026-10-02T00:12:04+02:00,c_minus__stronger_contraction,c_minus,stronger_contraction,0.5856620185738528,6,Multimodal,30,1,300000,300000,639.7609714374134,600.0,39.760971437413446,87.70863407100114,V4,30,300000,8,0.02,0.005,0.05,1e-06,0.2,1.05,0.5856620185738528,60,20,8,10,0.35,0.25,80.0,1e-12,False,3,4,0.5,True,False,1
2026-10-02T00:13:33+02:00,c_minus__stronger_contraction,c_minus,stronger_contraction,0.5856620185738528,6,Multimodal,30,2,300000,300000,634.4358061995584,600.0,34.43580619955844,88.18106374100171,V4,30,300000,8,0.02,0.005,0.05,1e-06,0.2,1.05,0.5856620185738528,60,20,8,10,0.35,0.25,80.0,1e-12,False,3,4,0.5,True,False,1
2026-10-02T00:15:00+02:00,c_minus__stronger_contraction,c_minus,stronger_contraction,0.5856620185738528,6,Multimodal,30,3,300000,300000,636.7401781228988,600.0,36.74017812289878,87.05396022799687,V4,30,300000,8,0.02,0.005,0.05,1e-06,0.2,1.05,0.5856620185738528,60,20,8,10,0.35,0.25,80.0,1e-12,False,3,4,0.5,True,False,1
2026-10-02T00:16:28+02:00,c_minus__stronger_contraction,c_minus,stronger_contraction,0.5856620185738528,6,Multimodal,30,4,300000,300000,640.3490262910824,600.0,40.349026291082396,88.20673688499664,V4,30,300000,8,0.02,0.005,0.05,1e-06,0.2,1.05,0.5856620185738528,60,20,8,10,0.35,0.25,80.0,1e-12,False,3,4,0.5,True,False,1
2026-10-02T00:16:35+02:00,c_minus__stronger_contraction,c_minus,stronger_contraction,0.5856620185738528,7,Multimodal,30,0,300000,300000,700.318314759285,700.0,0.3183147592850446,7.446372805999999,V4,30,300000,8,0.02,0.005,0.05,1e-06,0.2,1.05,0.5856620185738528,60,20,8,10,0.35,0.25,80.0,1e-12,False,3,4,0.5,True,False,1
2026-10-02T00:16:43+02:00,c_minus__stronger_contraction,c_minus,stronger_contraction,0.5856620185738528,7,Multimodal,30,1,300000,300000,700.4823072253977,700.0,0.4823072253976761,7.649481731001288,V4,30,300000,8,0.02,0.005,0.05,1e-06,0.2,1.05,0.5856620185738528,60,20,8,10,0.35,0.25,80.0,1e-12,False,3,4,0.5,True,False,1
2026-10-02T00:16:51+02:00,c_minus__stronger_contraction,c_minus,stronger_contraction,0.5856620185738528,7,Multimodal,30,2,300000,300000,700.482963897203,700.0,0.48296389720303523,7.363514151002164,V4,30,300000,8,0.02,0.005,0.05,1e-06,0.2,1.05,0.5856620185738528,60,20,8,10,0.35,0.25,80.0,1e-12,False,3,4,0.5,True,False,1
2026-10-02T00:16:58+02:00,c_minus__stronger_contraction,c_minus,stronger_contraction,0.5856620185738528,7,Multimodal,30,3,300000,300000,700.4471740924881,700.0,0.447174092488126,7.686133907998737,V4,30,300000,8,0.02,0.005,0.05,1e-06,0.2,1.05,0.5856620185738528,60,20,8,10,0.35,0.25,80.0,1e-12,False,3,4,0.5,True,False,1
2026-10-02T00:17:06+02:00,c_minus__stronger_contraction,c_minus,stronger_contraction,0.5856620185738528,7,Multimodal,30,4,300000,300000,700.9224089138452,700.0,0.9224089138451745,7.662168530994677,V4,30,300000,8,0.02,0.005,0.05,1e-06,0.2,1.05,0.5856620185738528,60,20,8,10,0.35,0.25,80.0,1e-12,False,3,4,0.5,True,False,1
2026-10-02T00:17:13+02:00,c_minus__stronger_contraction,c_minus,stronger_contraction,0.5856620185738528,8,Multimodal,30,0,300000,300000,1085.2922558817975,800.0,285.2922558817975,7.432631053998193,V4,30,300000,8,0.02,0.005,0.05,1e-06,0.2,1.05,0.5856620185738528,60,20,8,10,0.35,0.25,80.0,1e-12,False,3,4,0.5,True,False,1
2026-10-02T00:17:21+02:00,c_minus__stronger_contraction,c_minus,stronger_contraction,0.5856620185738528,8,Multimodal,30,1,300000,300000,1096.8470629115918,800.0,296.8470629115918,7.375782012997661,V4,30,300000,8,0.02,0.005,0.05,1e-06,0.2,1.05,0.5856620185738528,60,20,8,10,0.35,0.25,80.0,1e-12,False,3,4,0.5,True,False,1
2026-10-02T00:17:28+02:00,c_minus__stronger_contraction,c_minus,stronger_contraction,0.5856620185738528,8,Multimodal,30,2,300000,300000,1089.234734969897,800.0,289.2347349698971,7.268764312000712,V4,30,300000,8,0.02,0.005,0.05,1e-06,0.2,1.05,0.5856620185738528,60,20,8,10,0.35,0.25,80.0,1e-12,False,3,4,0.5,True,False,1
2026-10-02T00:17:36+02:00,c_minus__stronger_contraction,c_minus,stronger_contraction,0.5856620185738528,8,Multimodal,30,3,300000,300000,1080.9919882237575,800.0,280.9919882237575,7.540614874000312,V4,30,300000,8,0.02,0.005,0.05,1e-06,0.2,1.05,0.5856620185738528,60,20,8,10,0.35,0.25,80.0,1e-12,False,3,4,0.5,True,False,1
2026-10-02T00:17:43+02:00,c_minus__stronger_contraction,c_minus,stronger_contraction,0.5856620185738528,8,Multimodal,30,4,300000,300000,1067.9860214770479,800.0,267.98602147704787,7.453111242997693,V4,30,300000,8,0.02,0.005,0.05,1e-06,0.2,1.05,0.5856620185738528,60,20,8,10,0.35,0.25,80.0,1e-12,False,3,4,0.5,True,False,1
2026-10-02T00:17:51+02:00,c_minus__stronger_contraction,c_minus,stronger_contraction,0.5856620185738528,9,Multimodal,30,0,300000,300000,1368.1695585611706,900.0,468.16955856117056,7.3916532849980285,V4,30,300000,8,0.02,0.005,0.05,1e-06,0.2,1.05,0.5856620185738528,60,20,8,10,0.35,0.25,80.0,1e-12,False,3,4,0.5,True,False,1
2026-10-02T00:17:58+02:00,c_minus__stronger_contraction,c_minus,stronger_contraction,0.5856620185738528,9,Multimodal,30,1,300000,300000,1346.3323396561973,900.0,446.3323396561973,7.339905935994466,V4,30,300000,8,0.02,0.005,0.05,1e-06,0.2,1.05,0.5856620185738528,60,20,8,10,0.35,0.25,80.0,1e-12,False,3,4,0.5,True,False,1
2026-10-02T00:18:06+02:00,c_minus__stronger_contraction,c_minus,stronger_contraction,0.5856620185738528,9,Multimodal,30,2,300000,300000,1346.4927503588779,900.0,446.49275035887786,7.577261648999411,V4,30,300000,8,0.02,0.005,0.05,1e-06,0.2,1.05,0.5856620185738528,60,20,8,10,0.35,0.25,80.0,1e-12,False,3,4,0.5,True,False,1
2026-10-02T00:18:13+02:00,c_minus__stronger_contraction,c_minus,stronger_contraction,0.5856620185738528,9,Multimodal,30,3,300000,300000,1318.1951663958905,900.0,418.1951663958905,7.364684075997502,V4,30,300000,8,0.02,0.005,0.05,1e-06,0.2,1.05,0.5856620185738528,60,20,8,10,0.35,0.25,80.0,1e-12,False,3,4,0.5,True,False,1
2026-10-02T00:18:21+02:00,c_minus__stronger_contraction,c_minus,stronger_contraction,0.5856620185738528,9,Multimodal,30,4,300000,300000,1209.7827557894789,900.0,309.78275578947887,7.6396855100028915,V4,30,300000,8,0.02,0.005,0.05,1e-06,0.2,1.05,0.5856620185738528,60,20,8,10,0.35,0.25,80.0,1e-12,False,3,4,0.5,True,False,1
2026-10-02T00:18:33+02:00,c_minus__stronger_contraction,c_minus,stronger_contraction,0.5856620185738528,10,Multimodal,30,0,300000,300000,4087.667598260834,1000.0,3087.667598260834,12.541598496994993,V4,30,300000,8,0.02,0.005,0.05,1e-06,0.2,1.05,0.5856620185738528,60,20,8,10,0.35,0.25,80.0,1e-12,False,3,4,0.5,True,False,1
2026-10-02T00:18:46+02:00,c_minus__stronger_contraction,c_minus,stronger_contraction,0.5856620185738528,10,Multimodal,30,1,300000,300000,4592.711139258541,1000.0,3592.711139258541,12.641254208996543,V4,30,300000,8,0.02,0.005,0.05,1e-06,0.2,1.05,0.5856620185738528,60,20,8,10,0.35,0.25,80.0,1e-12,False,3,4,0.5,True,False,1
2026-10-02T00:18:58+02:00,c_minus__stronger_contraction,c_minus,stronger_contraction,0.5856620185738528,10,Multimodal,30,2,300000,300000,4286.658295977915,1000.0,3286.6582959779153,12.470307879004395,V4,30,300000,8,0.02,0.005,0.05,1e-06,0.2,1.05,0.5856620185738528,60,20,8,10,0.35,0.25,80.0,1e-12,False,3,4,0.5,True,False,1
2026-10-02T00:19:11+02:00,c_minus__stronger_contraction,c_minus,stronger_contraction,0.5856620185738528,10,Multimodal,30,3,300000,300000,4411.666503678067,1000.0,3411.666503678067,12.74179202599771,V4,30,300000,8,0.02,0.005,0.05,1e-06,0.2,1.05,0.5856620185738528,60,20,8,10,0.35,0.25,80.0,1e-12,False,3,4,0.5,True,False,1
2026-10-02T00:19:24+02:00,c_minus__stronger_contraction,c_minus,stronger_contraction,0.5856620185738528,10,Multimodal,30,4,300000,300000,4203.1733557278385,1000.0,3203.1733557278385,12.538113713999337,V4,30,300000,8,0.02,0.005,0.05,1e-06,0.2,1.05,0.5856620185738528,60,20,8,10,0.35,0.25,80.0,1e-12,False,3,4,0.5,True,False,1
2026-10-02T00:19:37+02:00,c_minus__stronger_contraction,c_minus,stronger_contraction,0.5856620185738528,11,Multimodal,30,0,300000,300000,4653.959299565704,1100.0,3553.959299565704,13.184096906006744,V4,30,300000,8,0.02,0.005,0.05,1e-06,0.2,1.05,0.5856620185738528,60,20,8,10,0.35,0.25,80.0,1e-12,False,3,4,0.5,True,False,1
2026-10-02T00:19:50+02:00,c_minus__stronger_contraction,c_minus,stronger_contraction,0.5856620185738528,11,Multimodal,30,1,300000,300000,5508.087104063433,1100.0,4408.087104063433,12.954852410999592,V4,30,300000,8,0.02,0.005,0.05,1e-06,0.2,1.05,0.5856620185738528,60,20,8,10,0.35,0.25,80.0,1e-12,False,3,4,0.5,True,False,1
2026-10-02T00:20:03+02:00,c_minus__stronger_contraction,c_minus,stronger_contraction,0.5856620185738528,11,Multimodal,30,2,300000,300000,4806.855888226693,1100.0,3706.8558882266934,13.079769766001846,V4,30,300000,8,0.02,0.005,0.05,1e-06,0.2,1.05,0.5856620185738528,60,20,8,10,0.35,0.25,80.0,1e-12,False,3,4,0.5,True,False,1
2026-10-02T00:20:16+02:00,c_minus__stronger_contraction,c_minus,stronger_contraction,0.5856620185738528,11,Multimodal,30,3,300000,300000,4717.40678568335,1100.0,3617.40678568335,12.61681213400152,V4,30,300000,8,0.02,0.005,0.05,1e-06,0.2,1.05,0.5856620185738528,60,20,8,10,0.35,0.25,80.0,1e-12,False,3,4,0.5,True,False,1
2026-10-02T00:20:29+02:00,c_minus__stronger_contraction,c_minus,stronger_contraction,0.5856620185738528,11,Multimodal,30,4,300000,300000,4964.958360031838,1100.0,3864.9583600318383,12.968847511001513,V4,30,300000,8,0.02,0.005,0.05,1e-06,0.2,1.05,0.5856620185738528,60,20,8,10,0.35,0.25,80.0,1e-12,False,3,4,0.5,True,False,1
2026-10-02T00:28:52+02:00,c_minus__stronger_contraction,c_minus,stronger_contraction,0.5856620185738528,12,Multimodal,30,0,300000,300000,1201.0342655783638,1200.0,1.0342655783638293,502.8308704899973,V4,30,300000,8,0.02,0.005,0.05,1e-06,0.2,1.05,0.5856620185738528,60,20,8,10,0.35,0.25,80.0,1e-12,False,3,4,0.5,True,False,1
2026-10-02T00:37:13+02:00,c_minus__stronger_contraction,c_minus,stronger_contraction,0.5856620185738528,12,Multimodal,30,1,300000,300000,1200.887897604447,1200.0,0.8878976044470619,501.2150352249955,V4,30,300000,8,0.02,0.005,0.05,1e-06,0.2,1.05,0.5856620185738528,60,20,8,10,0.35,0.25,80.0,1e-12,False,3,4,0.5,True,False,1
2026-10-02T00:45:37+02:00,c_minus__stronger_contraction,c_minus,stronger_contraction,0.5856620185738528,12,Multimodal,30,2,300000,300000,1200.8482762331,1200.0,0.8482762331000231,503.60683174600126,V4,30,300000,8,0.02,0.005,0.05,1e-06,0.2,1.05,0.5856620185738528,60,20,8,10,0.35,0.25,80.0,1e-12,False,3,4,0.5,True,False,1
2026-10-02T00:54:00+02:00,c_minus__stronger_contraction,c_minus,stronger_contraction,0.5856620185738528,12,Multimodal,30,3,300000,300000,1200.8881127842258,1200.0,0.8881127842257683,503.7488104799995,V4,30,300000,8,0.02,0.005,0.05,1e-06,0.2,1.05,0.5856620185738528,60,20,8,10,0.35,0.25,80.0,1e-12,False,3,4,0.5,True,False,1
2026-10-02T01:02:25+02:00,c_minus__stronger_contraction,c_minus,stronger_contraction,0.5856620185738528,12,Multimodal,30,4,300000,300000,1201.076497405382,1200.0,1.0764974053820424,504.9515081849968,V4,30,300000,8,0.02,0.005,0.05,1e-06,0.2,1.05,0.5856620185738528,60,20,8,10,0.35,0.25,80.0,1e-12,False,3,4,0.5,True,False,1
2026-10-02T01:02:33+02:00,c_minus__stronger_contraction,c_minus,stronger_contraction,0.5856620185738528,13,Multimodal,30,0,300000,300000,1300.3096008917648,1300.0,0.3096008917648305,7.363012465000793,V4,30,300000,8,0.02,0.005,0.05,1e-06,0.2,1.05,0.5856620185738528,60,20,8,10,0.35,0.25,80.0,1e-12,False,3,4,0.5,True,False,1
2026-10-02T01:02:40+02:00,c_minus__stronger_contraction,c_minus,stronger_contraction,0.5856620185738528,13,Multimodal,30,1,300000,300000,1300.2935998800879,1300.0,0.29359988008786786,7.462122835000628,V4,30,300000,8,0.02,0.005,0.05,1e-06,0.2,1.05,0.5856620185738528,60,20,8,10,0.35,0.25,80.0,1e-12,False,3,4,0.5,True,False,1
2026-10-02T01:02:48+02:00,c_minus__stronger_contraction,c_minus,stronger_contraction,0.5856620185738528,13,Multimodal,30,2,300000,300000,1300.2791074866034,1300.0,0.2791074866033796,7.2884831209958065,V4,30,300000,8,0.02,0.005,0.05,1e-06,0.2,1.05,0.5856620185738528,60,20,8,10,0.35,0.25,80.0,1e-12,False,3,4,0.5,True,False,1
2026-10-02T01:02:55+02:00,c_minus__stronger_contraction,c_minus,stronger_contraction,0.5856620185738528,13,Multimodal,30,3,300000,300000,1300.417040225338,1300.0,0.41704022533804164,7.593918679995113,V4,30,300000,8,0.02,0.005,0.05,1e-06,0.2,1.05,0.5856620185738528,60,20,8,10,0.35,0.25,80.0,1e-12,False,3,4,0.5,True,False,1
2026-10-02T01:03:03+02:00,c_minus__stronger_contraction,c_minus,stronger_contraction,0.5856620185738528,13,Multimodal,30,4,300000,300000,1300.2985391185146,1300.0,0.2985391185145545,7.591541351997876,V4,30,300000,8,0.02,0.005,0.05,1e-06,0.2,1.05,0.5856620185738528,60,20,8,10,0.35,0.25,80.0,1e-12,False,3,4,0.5,True,False,1
2026-10-02T01:03:11+02:00,c_minus__stronger_contraction,c_minus,stronger_contraction,0.5856620185738528,14,Multimodal,30,0,300000,300000,1400.337727454034,1400.0,0.33772745403393856,7.710280209001212,V4,30,300000,8,0.02,0.005,0.05,1e-06,0.2,1.05,0.5856620185738528,60,20,8,10,0.35,0.25,80.0,1e-12,False,3,4,0.5,True,False,1
2026-10-02T01:03:18+02:00,c_minus__stronger_contraction,c_minus,stronger_contraction,0.5856620185738528,14,Multimodal,30,1,300000,300000,1400.4872227774574,1400.0,0.4872227774574185,7.398406245003571,V4,30,300000,8,0.02,0.005,0.05,1e-06,0.2,1.05,0.5856620185738528,60,20,8,10,0.35,0.25,80.0,1e-12,False,3,4,0.5,True,False,1
2026-10-02T01:03:25+02:00,c_minus__stronger_contraction,c_minus,stronger_contraction,0.5856620185738528,14,Multimodal,30,2,300000,300000,1400.4700427830019,1400.0,0.4700427830018725,7.347196499998972,V4,30,300000,8,0.02,0.005,0.05,1e-06,0.2,1.05,0.5856620185738528,60,20,8,10,0.35,0.25,80.0,1e-12,False,3,4,0.5,True,False,1
2026-10-02T01:03:33+02:00,c_minus__stronger_contraction,c_minus,stronger_contraction,0.5856620185738528,14,Multimodal,30,3,300000,300000,1400.2927142681954,1400.0,0.2927142681953683,7.758139917001245,V4,30,300000,8,0.02,0.005,0.05,1e-06,0.2,1.05,0.5856620185738528,60,20,8,10,0.35,0.25,80.0,1e-12,False,3,4,0.5,True,False,1
2026-10-02T01:03:41+02:00,c_minus__stronger_contraction,c_minus,stronger_contraction,0.5856620185738528,14,Multimodal,30,4,300000,300000,1400.3601218221506,1400.0,0.3601218221506315,7.440901959998882,V4,30,300000,8,0.02,0.005,0.05,1e-06,0.2,1.05,0.5856620185738528,60,20,8,10,0.35,0.25,80.0,1e-12,False,3,4,0.5,True,False,1
2026-10-02T01:03:49+02:00,c_minus__stronger_contraction,c_minus,stronger_contraction,0.5856620185738528,15,Multimodal,30,0,300000,300000,1514.94720961354,1500.0,14.947209613540053,8.360907547001261,V4,30,300000,8,0.02,0.005,0.05,1e-06,0.2,1.05,0.5856620185738528,60,20,8,10,0.35,0.25,80.0,1e-12,False,3,4,0.5,True,False,1
2026-10-02T01:03:58+02:00,c_minus__stronger_contraction,c_minus,stronger_contraction,0.5856620185738528,15,Multimodal,30,1,300000,300000,1515.4814210248808,1500.0,15.481421024880774,8.575131382000109,V4,30,300000,8,0.02,0.005,0.05,1e-06,0.2,1.05,0.5856620185738528,60,20,8,10,0.35,0.25,80.0,1e-12,False,3,4,0.5,True,False,1
2026-10-02T01:04:06+02:00,c_minus__stronger_contraction,c_minus,stronger_contraction,0.5856620185738528,15,Multimodal,30,2,300000,300000,1520.58857526068,1500.0,20.588575260680045,8.506829083999037,V4,30,300000,8,0.02,0.005,0.05,1e-06,0.2,1.05,0.5856620185738528,60,20,8,10,0.35,0.25,80.0,1e-12,False,3,4,0.5,True,False,1
2026-10-02T01:04:15+02:00,c_minus__stronger_contraction,c_minus,stronger_contraction,0.5856620185738528,15,Multimodal,30,3,300000,300000,1514.77714552694,1500.0,14.777145526940103,8.434518816997297,V4,30,300000,8,0.02,0.005,0.05,1e-06,0.2,1.05,0.5856620185738528,60,20,8,10,0.35,0.25,80.0,1e-12,False,3,4,0.5,True,False,1
2026-10-02T01:04:23+02:00,c_minus__stronger_contraction,c_minus,stronger_contraction,0.5856620185738528,15,Multimodal,30,4,300000,300000,1513.4592549308516,1500.0,13.459254930851557,8.492732985992916,V4,30,300000,8,0.02,0.005,0.05,1e-06,0.2,1.05,0.5856620185738528,60,20,8,10,0.35,0.25,80.0,1e-12,False,3,4,0.5,True,False,1
2026-10-02T01:05:07+02:00,c_minus__stronger_contraction,c_minus,stronger_contraction,0.5856620185738528,16,Multimodal,30,0,300000,300000,1613.18889232046,1600.0,13.1888923204599,44.002553096994234,V4,30,300000,8,0.02,0.005,0.05,1e-06,0.2,1.05,0.5856620185738528,60,20,8,10,0.35,0.25,80.0,1e-12,False,3,4,0.5,True,False,1
2026-10-02T01:05:52+02:00,c_minus__stronger_contraction,c_minus,stronger_contraction,0.5856620185738528,16,Multimodal,30,1,300000,300000,1613.5144323725312,1600.0,13.514432372531246,44.199631916002545,V4,30,300000,8,0.02,0.005,0.05,1e-06,0.2,1.05,0.5856620185738528,60,20,8,10,0.35,0.25,80.0,1e-12,False,3,4,0.5,True,False,1
2026-10-02T01:06:36+02:00,c_minus__stronger_contraction,c_minus,stronger_contraction,0.5856620185738528,16,Multimodal,30,2,300000,300000,1613.847119681401,1600.0,13.847119681400955,44.262151241004176,V4,30,300000,8,0.02,0.005,0.05,1e-06,0.2,1.05,0.5856620185738528,60,20,8,10,0.35,0.25,80.0,1e-12,False,3,4,0.5,True,False,1
2026-10-02T01:07:22+02:00,c_minus__stronger_contraction,c_minus,stronger_contraction,0.5856620185738528,16,Multimodal,30,3,300000,300000,1613.6406123700865,1600.0,13.640612370086501,45.6625223939991,V4,30,300000,8,0.02,0.005,0.05,1e-06,0.2,1.05,0.5856620185738528,60,20,8,10,0.35,0.25,80.0,1e-12,False,3,4,0.5,True,False,1
2026-10-02T01:08:06+02:00,c_minus__stronger_contraction,c_minus,stronger_contraction,0.5856620185738528,16,Multimodal,30,4,300000,300000,1613.8050587387083,1600.0,13.80505873870834,44.60548473899689,V4,30,300000,8,0.02,0.005,0.05,1e-06,0.2,1.05,0.5856620185738528,60,20,8,10,0.35,0.25,80.0,1e-12,False,3,4,0.5,True,False,1
2026-10-02T01:08:21+02:00,c_minus__stronger_contraction,c_minus,stronger_contraction,0.5856620185738528,17,Hybrid,30,0,300000,300000,97489.30690444142,1700.0,95789.30690444142,15.083064908998495,V4,30,300000,8,0.02,0.005,0.05,1e-06,0.2,1.05,0.5856620185738528,60,20,8,10,0.35,0.25,80.0,1e-12,False,3,4,0.5,True,False,1
2026-10-02T01:08:37+02:00,c_minus__stronger_contraction,c_minus,stronger_contraction,0.5856620185738528,17,Hybrid,30,1,300000,300000,330175.51530232746,1700.0,328475.51530232746,15.285869758001354,V4,30,300000,8,0.02,0.005,0.05,1e-06,0.2,1.05,0.5856620185738528,60,20,8,10,0.35,0.25,80.0,1e-12,False,3,4,0.5,True,False,1
2026-10-02T01:08:52+02:00,c_minus__stronger_contraction,c_minus,stronger_contraction,0.5856620185738528,17,Hybrid,30,2,300000,300000,248108.30803238053,1700.0,246408.30803238053,15.044403854997654,V4,30,300000,8,0.02,0.005,0.05,1e-06,0.2,1.05,0.5856620185738528,60,20,8,10,0.35,0.25,80.0,1e-12,False,3,4,0.5,True,False,1
2026-10-02T01:09:07+02:00,c_minus__stronger_contraction,c_minus,stronger_contraction,0.5856620185738528,17,Hybrid,30,3,300000,300000,195025.07748967383,1700.0,193325.07748967383,15.476483359998383,V4,30,300000,8,0.02,0.005,0.05,1e-06,0.2,1.05,0.5856620185738528,60,20,8,10,0.35,0.25,80.0,1e-12,False,3,4,0.5,True,False,1
2026-10-02T01:09:22+02:00,c_minus__stronger_contraction,c_minus,stronger_contraction,0.5856620185738528,17,Hybrid,30,4,300000,300000,81345.74340342054,1700.0,79645.74340342054,14.880746013004682,V4,30,300000,8,0.02,0.005,0.05,1e-06,0.2,1.05,0.5856620185738528,60,20,8,10,0.35,0.25,80.0,1e-12,False,3,4,0.5,True,False,1
2026-10-02T01:09:32+02:00,c_minus__stronger_contraction,c_minus,stronger_contraction,0.5856620185738528,18,Hybrid,30,0,300000,300000,88465.48247683932,1800.0,86665.48247683932,9.396575352999207,V4,30,300000,8,0.02,0.005,0.05,1e-06,0.2,1.05,0.5856620185738528,60,20,8,10,0.35,0.25,80.0,1e-12,False,3,4,0.5,True,False,1
2026-10-02T01:09:41+02:00,c_minus__stronger_contraction,c_minus,stronger_contraction,0.5856620185738528,18,Hybrid,30,1,300000,300000,74621.59309575634,1800.0,72821.59309575634,9.564001268001448,V4,30,300000,8,0.02,0.005,0.05,1e-06,0.2,1.05,0.5856620185738528,60,20,8,10,0.35,0.25,80.0,1e-12,False,3,4,0.5,True,False,1
2026-10-02T01:09:51+02:00,c_minus__stronger_contraction,c_minus,stronger_contraction,0.5856620185738528,18,Hybrid,30,2,300000,300000,106771.91900117893,1800.0,104971.91900117893,9.72743382799672,V4,30,300000,8,0.02,0.005,0.05,1e-06,0.2,1.05,0.5856620185738528,60,20,8,10,0.35,0.25,80.0,1e-12,False,3,4,0.5,True,False,1
2026-10-02T01:10:01+02:00,c_minus__stronger_contraction,c_minus,stronger_contraction,0.5856620185738528,18,Hybrid,30,3,300000,300000,59845.384938831136,1800.0,58045.384938831136,9.576244438001595,V4,30,300000,8,0.02,0.005,0.05,1e-06,0.2,1.05,0.5856620185738528,60,20,8,10,0.35,0.25,80.0,1e-12,False,3,4,0.5,True,False,1
2026-10-02T01:10:10+02:00,c_minus__stronger_contraction,c_minus,stronger_contraction,0.5856620185738528,18,Hybrid,30,4,300000,300000,136110.26098915588,1800.0,134310.26098915588,9.54732761100604,V4,30,300000,8,0.02,0.005,0.05,1e-06,0.2,1.05,0.5856620185738528,60,20,8,10,0.35,0.25,80.0,1e-12,False,3,4,0.5,True,False,1
2026-10-02T01:10:42+02:00,c_minus__stronger_contraction,c_minus,stronger_contraction,0.5856620185738528,19,Hybrid,30,0,300000,300000,1944.4292027115578,1900.0,44.429202711557764,31.4603663529997,V4,30,300000,8,0.02,0.005,0.05,1e-06,0.2,1.05,0.5856620185738528,60,20,8,10,0.35,0.25,80.0,1e-12,False,3,4,0.5,True,False,1
2026-10-02T01:11:14+02:00,c_minus__stronger_contraction,c_minus,stronger_contraction,0.5856620185738528,19,Hybrid,30,1,300000,300000,1934.2894950173209,1900.0,34.28949501732086,32.13569132399425,V4,30,300000,8,0.02,0.005,0.05,1e-06,0.2,1.05,0.5856620185738528,60,20,8,10,0.35,0.25,80.0,1e-12,False,3,4,0.5,True,False,1
2026-10-02T01:11:46+02:00,c_minus__stronger_contraction,c_minus,stronger_contraction,0.5856620185738528,19,Hybrid,30,2,300000,300000,1930.5031544973476,1900.0,30.503154497347623,32.007692125000176,V4,30,300000,8,0.02,0.005,0.05,1e-06,0.2,1.05,0.5856620185738528,60,20,8,10,0.35,0.25,80.0,1e-12,False,3,4,0.5,True,False,1
2026-10-02T01:12:18+02:00,c_minus__stronger_contraction,c_minus,stronger_contraction,0.5856620185738528,19,Hybrid,30,3,300000,300000,1937.9675200656254,1900.0,37.96752006562542,31.943352447000507,V4,30,300000,8,0.02,0.005,0.05,1e-06,0.2,1.05,0.5856620185738528,60,20,8,10,0.35,0.25,80.0,1e-12,False,3,4,0.5,True,False,1
2026-10-02T01:12:51+02:00,c_minus__stronger_contraction,c_minus,stronger_contraction,0.5856620185738528,19,Hybrid,30,4,300000,300000,1940.0041416212744,1900.0,40.00414162127436,32.38489257200126,V4,30,300000,8,0.02,0.005,0.05,1e-06,0.2,1.05,0.5856620185738528,60,20,8,10,0.35,0.25,80.0,1e-12,False,3,4,0.5,True,False,1
2026-10-02T01:13:03+02:00,c_minus__stronger_contraction,c_minus,stronger_contraction,0.5856620185738528,20,Hybrid,30,0,300000,300000,19552.888779619625,2000.0,17552.888779619625,12.064393993998237,V4,30,300000,8,0.02,0.005,0.05,1e-06,0.2,1.05,0.5856620185738528,60,20,8,10,0.35,0.25,80.0,1e-12,False,3,4,0.5,True,False,1
2026-10-02T01:13:15+02:00,c_minus__stronger_contraction,c_minus,stronger_contraction,0.5856620185738528,20,Hybrid,30,1,300000,300000,32489.894820045116,2000.0,30489.894820045116,12.09754044500005,V4,30,300000,8,0.02,0.005,0.05,1e-06,0.2,1.05,0.5856620185738528,60,20,8,10,0.35,0.25,80.0,1e-12,False,3,4,0.5,True,False,1
2026-10-02T01:13:27+02:00,c_minus__stronger_contraction,c_minus,stronger_contraction,0.5856620185738528,20,Hybrid,30,2,300000,300000,46789.539475007696,2000.0,44789.539475007696,12.19024952199834,V4,30,300000,8,0.02,0.005,0.05,1e-06,0.2,1.05,0.5856620185738528,60,20,8,10,0.35,0.25,80.0,1e-12,False,3,4,0.5,True,False,1
2026-10-02T01:13:39+02:00,c_minus__stronger_contraction,c_minus,stronger_contraction,0.5856620185738528,20,Hybrid,30,3,300000,300000,49233.050980595544,2000.0,47233.050980595544,11.9528297020006,V4,30,300000,8,0.02,0.005,0.05,1e-06,0.2,1.05,0.5856620185738528,60,20,8,10,0.35,0.25,80.0,1e-12,False,3,4,0.5,True,False,1
2026-10-02T01:13:51+02:00,c_minus__stronger_contraction,c_minus,stronger_contraction,0.5856620185738528,20,Hybrid,30,4,300000,300000,38428.92306253234,2000.0,36428.92306253234,12.313212455999746,V4,30,300000,8,0.02,0.005,0.05,1e-06,0.2,1.05,0.5856620185738528,60,20,8,10,0.35,0.25,80.0,1e-12,False,3,4,0.5,True,False,1
2026-10-02T01:14:15+02:00,c_minus__stronger_contraction,c_minus,stronger_contraction,0.5856620185738528,21,Hybrid,30,0,300000,300000,96843.5775222548,2100.0,94743.5775222548,23.159872670999903,V4,30,300000,8,0.02,0.005,0.05,1e-06,0.2,1.05,0.5856620185738528,60,20,8,10,0.35,0.25,80.0,1e-12,False,3,4,0.5,True,False,1
2026-10-02T01:14:38+02:00,c_minus__stronger_contraction,c_minus,stronger_contraction,0.5856620185738528,21,Hybrid,30,1,300000,300000,50357.30476724033,2100.0,48257.30476724033,22.95956069300155,V4,30,300000,8,0.02,0.005,0.05,1e-06,0.2,1.05,0.5856620185738528,60,20,8,10,0.35,0.25,80.0,1e-12,False,3,4,0.5,True,False,1
2026-10-02T01:15:00+02:00,c_minus__stronger_contraction,c_minus,stronger_contraction,0.5856620185738528,21,Hybrid,30,2,300000,300000,59392.05800616075,2100.0,57292.05800616075,22.503239286997996,V4,30,300000,8,0.02,0.005,0.05,1e-06,0.2,1.05,0.5856620185738528,60,20,8,10,0.35,0.25,80.0,1e-12,False,3,4,0.5,True,False,1
2026-10-02T01:15:23+02:00,c_minus__stronger_contraction,c_minus,stronger_contraction,0.5856620185738528,21,Hybrid,30,3,300000,300000,17486.195521107657,2100.0,15386.195521107657,22.943034361000173,V4,30,300000,8,0.02,0.005,0.05,1e-06,0.2,1.05,0.5856620185738528,60,20,8,10,0.35,0.25,80.0,1e-12,False,3,4,0.5,True,False,1
2026-10-02T01:15:46+02:00,c_minus__stronger_contraction,c_minus,stronger_contraction,0.5856620185738528,21,Hybrid,30,4,300000,300000,58938.68834937562,2100.0,56838.68834937562,22.456484465998074,V4,30,300000,8,0.02,0.005,0.05,1e-06,0.2,1.05,0.5856620185738528,60,20,8,10,0.35,0.25,80.0,1e-12,False,3,4,0.5,True,False,1
2026-10-02T01:16:55+02:00,c_minus__stronger_contraction,c_minus,stronger_contraction,0.5856620185738528,22,Hybrid,30,0,300000,300000,2810.000216401544,2200.0,610.0002164015441,69.63157764900097,V4,30,300000,8,0.02,0.005,0.05,1e-06,0.2,1.05,0.5856620185738528,60,20,8,10,0.35,0.25,80.0,1e-12,False,3,4,0.5,True,False,1
2026-10-02T01:18:07+02:00,c_minus__stronger_contraction,c_minus,stronger_contraction,0.5856620185738528,22,Hybrid,30,1,300000,300000,2589.2359598878347,2200.0,389.2359598878347,71.08743558300193,V4,30,300000,8,0.02,0.005,0.05,1e-06,0.2,1.05,0.5856620185738528,60,20,8,10,0.35,0.25,80.0,1e-12,False,3,4,0.5,True,False,1
2026-10-02T01:19:17+02:00,c_minus__stronger_contraction,c_minus,stronger_contraction,0.5856620185738528,22,Hybrid,30,2,300000,300000,2576.957127286954,2200.0,376.9571272869539,70.67980014399654,V4,30,300000,8,0.02,0.005,0.05,1e-06,0.2,1.05,0.5856620185738528,60,20,8,10,0.35,0.25,80.0,1e-12,False,3,4,0.5,True,False,1
2026-10-02T01:20:28+02:00,c_minus__stronger_contraction,c_minus,stronger_contraction,0.5856620185738528,22,Hybrid,30,3,300000,300000,2516.82589915674,2200.0,316.82589915674,70.58596647900413,V4,30,300000,8,0.02,0.005,0.05,1e-06,0.2,1.05,0.5856620185738528,60,20,8,10,0.35,0.25,80.0,1e-12,False,3,4,0.5,True,False,1
2026-10-02T01:21:38+02:00,c_minus__stronger_contraction,c_minus,stronger_contraction,0.5856620185738528,22,Hybrid,30,4,300000,300000,2767.1611416011165,2200.0,567.1611416011165,69.83149762600078,V4,30,300000,8,0.02,0.005,0.05,1e-06,0.2,1.05,0.5856620185738528,60,20,8,10,0.35,0.25,80.0,1e-12,False,3,4,0.5,True,False,1
2026-10-02T01:21:56+02:00,c_minus__stronger_contraction,c_minus,stronger_contraction,0.5856620185738528,23,Composition,30,0,300000,300000,2522.857488337244,2300.0,222.85748833724392,18.361407434000284,V4,30,300000,8,0.02,0.005,0.05,1e-06,0.2,1.05,0.5856620185738528,60,20,8,10,0.35,0.25,80.0,1e-12,False,3,4,0.5,True,False,1
2026-10-02T01:22:15+02:00,c_minus__stronger_contraction,c_minus,stronger_contraction,0.5856620185738528,23,Composition,30,1,300000,300000,2522.865412070416,2300.0,222.8654120704159,18.504438267002115,V4,30,300000,8,0.02,0.005,0.05,1e-06,0.2,1.05,0.5856620185738528,60,20,8,10,0.35,0.25,80.0,1e-12,False,3,4,0.5,True,False,1
2026-10-02T01:22:33+02:00,c_minus__stronger_contraction,c_minus,stronger_contraction,0.5856620185738528,23,Composition,30,2,300000,300000,2522.8629100488206,2300.0,222.8629100488206,18.565457625998533,V4,30,300000,8,0.02,0.005,0.05,1e-06,0.2,1.05,0.5856620185738528,60,20,8,10,0.35,0.25,80.0,1e-12,False,3,4,0.5,True,False,1
2026-10-02T01:22:52+02:00,c_minus__stronger_contraction,c_minus,stronger_contraction,0.5856620185738528,23,Composition,30,3,300000,300000,2522.8660654551913,2300.0,222.86606545519135,18.483706446000724,V4,30,300000,8,0.02,0.005,0.05,1e-06,0.2,1.05,0.5856620185738528,60,20,8,10,0.35,0.25,80.0,1e-12,False,3,4,0.5,True,False,1
2026-10-02T01:23:11+02:00,c_minus__stronger_contraction,c_minus,stronger_contraction,0.5856620185738528,23,Composition,30,4,300000,300000,2522.8595678682786,2300.0,222.85956786827865,18.521439158001158,V4,30,300000,8,0.02,0.005,0.05,1e-06,0.2,1.05,0.5856620185738528,60,20,8,10,0.35,0.25,80.0,1e-12,False,3,4,0.5,True,False,1
2026-10-02T01:23:31+02:00,c_minus__stronger_contraction,c_minus,stronger_contraction,0.5856620185738528,24,Composition,30,0,300000,300000,2627.2302869657087,2400.0,227.23028696570873,20.369289715003106,V4,30,300000,8,0.02,0.005,0.05,1e-06,0.2,1.05,0.5856620185738528,60,20,8,10,0.35,0.25,80.0,1e-12,False,3,4,0.5,True,False,1
2026-10-02T01:23:51+02:00,c_minus__stronger_contraction,c_minus,stronger_contraction,0.5856620185738528,24,Composition,30,1,300000,300000,2626.966693708772,2400.0,226.9666937087718,20.325077831999806,V4,30,300000,8,0.02,0.005,0.05,1e-06,0.2,1.05,0.5856620185738528,60,20,8,10,0.35,0.25,80.0,1e-12,False,3,4,0.5,True,False,1
2026-10-02T01:24:12+02:00,c_minus__stronger_contraction,c_minus,stronger_contraction,0.5856620185738528,24,Composition,30,2,300000,300000,2630.1755582980013,2400.0,230.1755582980013,20.426853989003575,V4,30,300000,8,0.02,0.005,0.05,1e-06,0.2,1.05,0.5856620185738528,60,20,8,10,0.35,0.25,80.0,1e-12,False,3,4,0.5,True,False,1
2026-10-02T01:24:32+02:00,c_minus__stronger_contraction,c_minus,stronger_contraction,0.5856620185738528,24,Composition,30,3,300000,300000,2629.7267653867743,2400.0,229.72676538677433,20.45005012099864,V4,30,300000,8,0.02,0.005,0.05,1e-06,0.2,1.05,0.5856620185738528,60,20,8,10,0.35,0.25,80.0,1e-12,False,3,4,0.5,True,False,1
2026-10-02T01:24:53+02:00,c_minus__stronger_contraction,c_minus,stronger_contraction,0.5856620185738528,24,Composition,30,4,300000,300000,2629.397403200702,2400.0,229.39740320070177,20.526496430000407,V4,30,300000,8,0.02,0.005,0.05,1e-06,0.2,1.05,0.5856620185738528,60,20,8,10,0.35,0.25,80.0,1e-12,False,3,4,0.5,True,False,1
2026-10-02T01:25:14+02:00,c_minus__stronger_contraction,c_minus,stronger_contraction,0.5856620185738528,25,Composition,30,0,300000,300000,2712.620437132601,2500.0,212.62043713260118,21.03543572199851,V4,30,300000,8,0.02,0.005,0.05,1e-06,0.2,1.05,0.5856620185738528,60,20,8,10,0.35,0.25,80.0,1e-12,False,3,4,0.5,True,False,1
2026-10-02T01:25:36+02:00,c_minus__stronger_contraction,c_minus,stronger_contraction,0.5856620185738528,25,Composition,30,1,300000,300000,2718.561617569526,2500.0,218.56161756952588,21.335468258999754,V4,30,300000,8,0.02,0.005,0.05,1e-06,0.2,1.05,0.5856620185738528,60,20,8,10,0.35,0.25,80.0,1e-12,False,3,4,0.5,True,False,1
2026-10-02T01:25:57+02:00,c_minus__stronger_contraction,c_minus,stronger_contraction,0.5856620185738528,25,Composition,30,2,300000,300000,2711.3658468002645,2500.0,211.36584680026453,21.017993289002334,V4,30,300000,8,0.02,0.005,0.05,1e-06,0.2,1.05,0.5856620185738528,60,20,8,10,0.35,0.25,80.0,1e-12,False,3,4,0.5,True,False,1
2026-10-02T01:26:18+02:00,c_minus__stronger_contraction,c_minus,stronger_contraction,0.5856620185738528,25,Composition,30,3,300000,300000,2719.253066276751,2500.0,219.25306627675081,20.839509114004613,V4,30,300000,8,0.02,0.005,0.05,1e-06,0.2,1.05,0.5856620185738528,60,20,8,10,0.35,0.25,80.0,1e-12,False,3,4,0.5,True,False,1
2026-10-02T01:26:39+02:00,c_minus__stronger_contraction,c_minus,stronger_contraction,0.5856620185738528,25,Composition,30,4,300000,300000,2719.544828390122,2500.0,219.5448283901219,21.00342454299971,V4,30,300000,8,0.02,0.005,0.05,1e-06,0.2,1.05,0.5856620185738528,60,20,8,10,0.35,0.25,80.0,1e-12,False,3,4,0.5,True,False,1
2026-10-02T01:28:26+02:00,c_minus__stronger_contraction,c_minus,stronger_contraction,0.5856620185738528,26,Composition,30,0,300000,300000,2800.1996931359217,2600.0,200.19969313592173,107.69685991900042,V4,30,300000,8,0.02,0.005,0.05,1e-06,0.2,1.05,0.5856620185738528,60,20,8,10,0.35,0.25,80.0,1e-12,False,3,4,0.5,True,False,1
2026-10-02T01:30:14+02:00,c_minus__stronger_contraction,c_minus,stronger_contraction,0.5856620185738528,26,Composition,30,1,300000,300000,2700.3470925325846,2600.0,100.34709253258461,107.91193053399911,V4,30,300000,8,0.02,0.005,0.05,1e-06,0.2,1.05,0.5856620185738528,60,20,8,10,0.35,0.25,80.0,1e-12,False,3,4,0.5,True,False,1
2026-10-02T01:32:02+02:00,c_minus__stronger_contraction,c_minus,stronger_contraction,0.5856620185738528,26,Composition,30,2,300000,300000,2800.2832021612635,2600.0,200.2832021612635,107.20052913399559,V4,30,300000,8,0.02,0.005,0.05,1e-06,0.2,1.05,0.5856620185738528,60,20,8,10,0.35,0.25,80.0,1e-12,False,3,4,0.5,True,False,1
2026-10-02T01:33:49+02:00,c_minus__stronger_contraction,c_minus,stronger_contraction,0.5856620185738528,26,Composition,30,3,300000,300000,2800.1666268542626,2600.0,200.16662685426263,107.25156493700342,V4,30,300000,8,0.02,0.005,0.05,1e-06,0.2,1.05,0.5856620185738528,60,20,8,10,0.35,0.25,80.0,1e-12,False,3,4,0.5,True,False,1
2026-10-02T01:35:36+02:00,c_minus__stronger_contraction,c_minus,stronger_contraction,0.5856620185738528,26,Composition,30,4,300000,300000,2800.1827608258072,2600.0,200.18276082580724,106.4892383999977,V4,30,300000,8,0.02,0.005,0.05,1e-06,0.2,1.05,0.5856620185738528,60,20,8,10,0.35,0.25,80.0,1e-12,False,3,4,0.5,True,False,1
2026-10-02T01:37:22+02:00,c_minus__stronger_contraction,c_minus,stronger_contraction,0.5856620185738528,27,Composition,30,0,300000,300000,3104.2425397487755,2700.0,404.24253974877547,106.355567710998,V4,30,300000,8,0.02,0.005,0.05,1e-06,0.2,1.05,0.5856620185738528,60,20,8,10,0.35,0.25,80.0,1e-12,False,3,4,0.5,True,False,1
2026-10-02T01:39:10+02:00,c_minus__stronger_contraction,c_minus,stronger_contraction,0.5856620185738528,27,Composition,30,1,300000,300000,3106.9333487864856,2700.0,406.93334878648557,107.21650856399356,V4,30,300000,8,0.02,0.005,0.05,1e-06,0.2,1.05,0.5856620185738528,60,20,8,10,0.35,0.25,80.0,1e-12,False,3,4,0.5,True,False,1
2026-10-02T01:40:59+02:00,c_minus__stronger_contraction,c_minus,stronger_contraction,0.5856620185738528,27,Composition,30,2,300000,300000,3105.410279877876,2700.0,405.41027987787584,108.97649082100543,V4,30,300000,8,0.02,0.005,0.05,1e-06,0.2,1.05,0.5856620185738528,60,20,8,10,0.35,0.25,80.0,1e-12,False,3,4,0.5,True,False,1
2026-10-02T01:42:46+02:00,c_minus__stronger_contraction,c_minus,stronger_contraction,0.5856620185738528,27,Composition,30,3,300000,300000,3103.9510239622746,2700.0,403.9510239622746,106.96635321999929,V4,30,300000,8,0.02,0.005,0.05,1e-06,0.2,1.05,0.5856620185738528,60,20,8,10,0.35,0.25,80.0,1e-12,False,3,4,0.5,True,False,1
2026-10-02T01:44:34+02:00,c_minus__stronger_contraction,c_minus,stronger_contraction,0.5856620185738528,27,Composition,30,4,300000,300000,3104.5822273040462,2700.0,404.5822273040462,108.013126388003,V4,30,300000,8,0.02,0.005,0.05,1e-06,0.2,1.05,0.5856620185738528,60,20,8,10,0.35,0.25,80.0,1e-12,False,3,4,0.5,True,False,1
2026-10-02T01:45:40+02:00,c_minus__stronger_contraction,c_minus,stronger_contraction,0.5856620185738528,28,Composition,30,0,300000,300000,6634.29816756363,2800.0,3834.29816756363,65.6707940310007,V4,30,300000,8,0.02,0.005,0.05,1e-06,0.2,1.05,0.5856620185738528,60,20,8,10,0.35,0.25,80.0,1e-12,False,3,4,0.5,True,False,1
2026-10-02T01:46:46+02:00,c_minus__stronger_contraction,c_minus,stronger_contraction,0.5856620185738528,28,Composition,30,1,300000,300000,7691.405737939156,2800.0,4891.405737939156,66.1349449699992,V4,30,300000,8,0.02,0.005,0.05,1e-06,0.2,1.05,0.5856620185738528,60,20,8,10,0.35,0.25,80.0,1e-12,False,3,4,0.5,True,False,1
2026-10-02T01:47:53+02:00,c_minus__stronger_contraction,c_minus,stronger_contraction,0.5856620185738528,28,Composition,30,2,300000,300000,7588.842850192566,2800.0,4788.842850192566,66.76164562700433,V4,30,300000,8,0.02,0.005,0.05,1e-06,0.2,1.05,0.5856620185738528,60,20,8,10,0.35,0.25,80.0,1e-12,False,3,4,0.5,True,False,1
2026-10-02T01:48:59+02:00,c_minus__stronger_contraction,c_minus,stronger_contraction,0.5856620185738528,28,Composition,30,3,300000,300000,6089.113092025205,2800.0,3289.1130920252053,66.3106671370042,V4,30,300000,8,0.02,0.005,0.05,1e-06,0.2,1.05,0.5856620185738528,60,20,8,10,0.35,0.25,80.0,1e-12,False,3,4,0.5,True,False,1
2026-10-02T01:50:05+02:00,c_minus__stronger_contraction,c_minus,stronger_contraction,0.5856620185738528,28,Composition,30,4,300000,300000,7449.282795598496,2800.0,4649.282795598496,66.18270998299704,V4,30,300000,8,0.02,0.005,0.05,1e-06,0.2,1.05,0.5856620185738528,60,20,8,10,0.35,0.25,80.0,1e-12,False,3,4,0.5,True,False,1
2026-10-02T01:50:58+02:00,c_minus__stronger_contraction,c_minus,stronger_contraction,0.5856620185738528,29,Composition,30,0,300000,300000,27156.821931313727,2900.0,24256.821931313727,52.44524151299993,V4,30,300000,8,0.02,0.005,0.05,1e-06,0.2,1.05,0.5856620185738528,60,20,8,10,0.35,0.25,80.0,1e-12,False,3,4,0.5,True,False,1
2026-10-02T01:51:50+02:00,c_minus__stronger_contraction,c_minus,stronger_contraction,0.5856620185738528,29,Composition,30,1,300000,300000,17668.972670719435,2900.0,14768.972670719435,51.82435592899856,V4,30,300000,8,0.02,0.005,0.05,1e-06,0.2,1.05,0.5856620185738528,60,20,8,10,0.35,0.25,80.0,1e-12,False,3,4,0.5,True,False,1
2026-10-02T01:52:42+02:00,c_minus__stronger_contraction,c_minus,stronger_contraction,0.5856620185738528,29,Composition,30,2,300000,300000,25748.193467638015,2900.0,22848.193467638015,52.37517860100343,V4,30,300000,8,0.02,0.005,0.05,1e-06,0.2,1.05,0.5856620185738528,60,20,8,10,0.35,0.25,80.0,1e-12,False,3,4,0.5,True,False,1
2026-10-02T01:53:34+02:00,c_minus__stronger_contraction,c_minus,stronger_contraction,0.5856620185738528,29,Composition,30,3,300000,300000,12135.80739633795,2900.0,9235.80739633795,51.4247681429988,V4,30,300000,8,0.02,0.005,0.05,1e-06,0.2,1.05,0.5856620185738528,60,20,8,10,0.35,0.25,80.0,1e-12,False,3,4,0.5,True,False,1
2026-10-02T01:54:25+02:00,c_minus__stronger_contraction,c_minus,stronger_contraction,0.5856620185738528,29,Composition,30,4,300000,300000,24267.17551876994,2900.0,21367.17551876994,51.49549048500194,V4,30,300000,8,0.02,0.005,0.05,1e-06,0.2,1.05,0.5856620185738528,60,20,8,10,0.35,0.25,80.0,1e-12,False,3,4,0.5,True,False,1
2026-10-02T01:56:05+02:00,c_minus__stronger_contraction,c_minus,stronger_contraction,0.5856620185738528,30,Composition,30,0,300000,300000,52978.72059385731,3000.0,49978.72059385731,99.9100378410003,V4,30,300000,8,0.02,0.005,0.05,1e-06,0.2,1.05,0.5856620185738528,60,20,8,10,0.35,0.25,80.0,1e-12,False,3,4,0.5,True,False,1
2026-10-02T01:57:47+02:00,c_minus__stronger_contraction,c_minus,stronger_contraction,0.5856620185738528,30,Composition,30,1,300000,300000,24688.94323185533,3000.0,21688.94323185533,101.09036396100419,V4,30,300000,8,0.02,0.005,0.05,1e-06,0.2,1.05,0.5856620185738528,60,20,8,10,0.35,0.25,80.0,1e-12,False,3,4,0.5,True,False,1
2026-10-02T01:59:27+02:00,c_minus__stronger_contraction,c_minus,stronger_contraction,0.5856620185738528,30,Composition,30,2,300000,300000,29427.45180250411,3000.0,26427.45180250411,100.20174459500413,V4,30,300000,8,0.02,0.005,0.05,1e-06,0.2,1.05,0.5856620185738528,60,20,8,10,0.35,0.25,80.0,1e-12,False,3,4,0.5,True,False,1
2026-10-02T02:01:08+02:00,c_minus__stronger_contraction,c_minus,stronger_contraction,0.5856620185738528,30,Composition,30,3,300000,300000,46217.36060994753,3000.0,43217.36060994753,101.40618278899638,V4,30,300000,8,0.02,0.005,0.05,1e-06,0.2,1.05,0.5856620185738528,60,20,8,10,0.35,0.25,80.0,1e-12,False,3,4,0.5,True,False,1
2026-10-02T02:02:48+02:00,c_minus__stronger_contraction,c_minus,stronger_contraction,0.5856620185738528,30,Composition,30,4,300000,300000,33304.297516496175,3000.0,30304.297516496175,100.07261660999939,V4,30,300000,8,0.02,0.005,0.05,1e-06,0.2,1.05,0.5856620185738528,60,20,8,10,0.35,0.25,80.0,1e-12,False,3,4,0.5,True,False,1
2026-10-02T02:02:56+02:00,c_minus__weaker_contraction,c_minus,weaker_contraction,0.8366600265340756,1,Unimodal,30,0,300000,300000,3822495.01070657,100.0,3822395.01070657,7.313055817001441,V4,30,300000,8,0.02,0.005,0.05,1e-06,0.2,1.05,0.8366600265340756,60,20,8,10,0.35,0.25,80.0,1e-12,False,3,4,0.5,True,False,1
2026-10-02T02:03:03+02:00,c_minus__weaker_contraction,c_minus,weaker_contraction,0.8366600265340756,1,Unimodal,30,1,300000,300000,5196727.719946149,100.0,5196627.719946149,7.494626204999804,V4,30,300000,8,0.02,0.005,0.05,1e-06,0.2,1.05,0.8366600265340756,60,20,8,10,0.35,0.25,80.0,1e-12,False,3,4,0.5,True,False,1
2026-10-02T02:03:11+02:00,c_minus__weaker_contraction,c_minus,weaker_contraction,0.8366600265340756,1,Unimodal,30,2,300000,300000,3035578.2292912765,100.0,3035478.2292912765,7.219401087000733,V4,30,300000,8,0.02,0.005,0.05,1e-06,0.2,1.05,0.8366600265340756,60,20,8,10,0.35,0.25,80.0,1e-12,False,3,4,0.5,True,False,1
2026-10-02T02:03:18+02:00,c_minus__weaker_contraction,c_minus,weaker_contraction,0.8366600265340756,1,Unimodal,30,3,300000,300000,6341510.174397729,100.0,6341410.174397729,7.241896116996941,V4,30,300000,8,0.02,0.005,0.05,1e-06,0.2,1.05,0.8366600265340756,60,20,8,10,0.35,0.25,80.0,1e-12,False,3,4,0.5,True,False,1
2026-10-02T02:03:25+02:00,c_minus__weaker_contraction,c_minus,weaker_contraction,0.8366600265340756,1,Unimodal,30,4,300000,300000,1320599.4834846645,100.0,1320499.4834846645,7.43269839000277,V4,30,300000,8,0.02,0.005,0.05,1e-06,0.2,1.05,0.8366600265340756,60,20,8,10,0.35,0.25,80.0,1e-12,False,3,4,0.5,True,False,1
2026-10-02T02:03:32+02:00,c_minus__weaker_contraction,c_minus,weaker_contraction,0.8366600265340756,2,Unimodal,30,0,300000,300000,332683.344668051,200.0,332483.344668051,6.677595453998947,V4,30,300000,8,0.02,0.005,0.05,1e-06,0.2,1.05,0.8366600265340756,60,20,8,10,0.35,0.25,80.0,1e-12,False,3,4,0.5,True,False,1
2026-10-02T02:03:38+02:00,c_minus__weaker_contraction,c_minus,weaker_contraction,0.8366600265340756,2,Unimodal,30,1,300000,300000,326464.1338261886,200.0,326264.1338261886,6.271913270000368,V4,30,300000,8,0.02,0.005,0.05,1e-06,0.2,1.05,0.8366600265340756,60,20,8,10,0.35,0.25,80.0,1e-12,False,3,4,0.5,True,False,1
2026-10-02T02:03:45+02:00,c_minus__weaker_contraction,c_minus,weaker_contraction,0.8366600265340756,2,Unimodal,30,2,300000,300000,687402.25461214,200.0,687202.25461214,6.334586112003308,V4,30,300000,8,0.02,0.005,0.05,1e-06,0.2,1.05,0.8366600265340756,60,20,8,10,0.35,0.25,80.0,1e-12,False,3,4,0.5,True,False,1
2026-10-02T02:03:51+02:00,c_minus__weaker_contraction,c_minus,weaker_contraction,0.8366600265340756,2,Unimodal,30,3,300000,300000,558879.3907826493,200.0,558679.3907826493,6.262640230001125,V4,30,300000,8,0.02,0.005,0.05,1e-06,0.2,1.05,0.8366600265340756,60,20,8,10,0.35,0.25,80.0,1e-12,False,3,4,0.5,True,False,1
2026-10-02T02:03:58+02:00,c_minus__weaker_contraction,c_minus,weaker_contraction,0.8366600265340756,2,Unimodal,30,4,300000,300000,264993.0222182259,200.0,264793.0222182259,6.654173843002354,V4,30,300000,8,0.02,0.005,0.05,1e-06,0.2,1.05,0.8366600265340756,60,20,8,10,0.35,0.25,80.0,1e-12,False,3,4,0.5,True,False,1
2026-10-02T02:04:04+02:00,c_minus__weaker_contraction,c_minus,weaker_contraction,0.8366600265340756,3,Unimodal,30,0,300000,300000,22941.987816069428,300.0,22641.987816069428,6.670726530996035,V4,30,300000,8,0.02,0.005,0.05,1e-06,0.2,1.05,0.8366600265340756,60,20,8,10,0.35,0.25,80.0,1e-12,False,3,4,0.5,True,False,1
2026-10-02T02:04:11+02:00,c_minus__weaker_contraction,c_minus,weaker_contraction,0.8366600265340756,3,Unimodal,30,1,300000,300000,1615.1189346840251,300.0,1315.1189346840251,6.463448426002287,V4,30,300000,8,0.02,0.005,0.05,1e-06,0.2,1.05,0.8366600265340756,60,20,8,10,0.35,0.25,80.0,1e-12,False,3,4,0.5,True,False,1
2026-10-02T02:04:17+02:00,c_minus__weaker_contraction,c_minus,weaker_contraction,0.8366600265340756,3,Unimodal,30,2,300000,300000,6812.703526992337,300.0,6512.703526992337,6.3410458939979435,V4,30,300000,8,0.02,0.005,0.05,1e-06,0.2,1.05,0.8366600265340756,60,20,8,10,0.35,0.25,80.0,1e-12,False,3,4,0.5,True,False,1
2026-10-02T02:04:24+02:00,c_minus__weaker_contraction,c_minus,weaker_contraction,0.8366600265340756,3,Unimodal,30,3,300000,300000,29573.11972067845,300.0,29273.11972067845,6.348169664001034,V4,30,300000,8,0.02,0.005,0.05,1e-06,0.2,1.05,0.8366600265340756,60,20,8,10,0.35,0.25,80.0,1e-12,False,3,4,0.5,True,False,1
2026-10-02T02:04:30+02:00,c_minus__weaker_contraction,c_minus,weaker_contraction,0.8366600265340756,3,Unimodal,30,4,300000,300000,1290.3546570827775,300.0,990.3546570827775,6.387687034999544,V4,30,300000,8,0.02,0.005,0.05,1e-06,0.2,1.05,0.8366600265340756,60,20,8,10,0.35,0.25,80.0,1e-12,False,3,4,0.5,True,False,1
2026-10-02T02:04:38+02:00,c_minus__weaker_contraction,c_minus,weaker_contraction,0.8366600265340756,4,Multimodal,30,0,300000,300000,471.87789091359446,400.0,71.87789091359446,7.925608222001756,V4,30,300000,8,0.02,0.005,0.05,1e-06,0.2,1.05,0.8366600265340756,60,20,8,10,0.35,0.25,80.0,1e-12,False,3,4,0.5,True,False,1
2026-10-02T02:04:46+02:00,c_minus__weaker_contraction,c_minus,weaker_contraction,0.8366600265340756,4,Multimodal,30,1,300000,300000,476.8837974244932,400.0,76.8837974244932,7.799786389005021,V4,30,300000,8,0.02,0.005,0.05,1e-06,0.2,1.05,0.8366600265340756,60,20,8,10,0.35,0.25,80.0,1e-12,False,3,4,0.5,True,False,1
2026-10-02T02:04:53+02:00,c_minus__weaker_contraction,c_minus,weaker_contraction,0.8366600265340756,4,Multimodal,30,2,300000,300000,468.2843040727905,400.0,68.28430407279052,7.358700005999708,V4,30,300000,8,0.02,0.005,0.05,1e-06,0.2,1.05,0.8366600265340756,60,20,8,10,0.35,0.25,80.0,1e-12,False,3,4,0.5,True,False,1
2026-10-02T02:05:01+02:00,c_minus__weaker_contraction,c_minus,weaker_contraction,0.8366600265340756,4,Multimodal,30,3,300000,300000,476.6068290649393,400.0,76.60682906493929,7.7371904460014775,V4,30,300000,8,0.02,0.005,0.05,1e-06,0.2,1.05,0.8366600265340756,60,20,8,10,0.35,0.25,80.0,1e-12,False,3,4,0.5,True,False,1
2026-10-02T02:05:09+02:00,c_minus__weaker_contraction,c_minus,weaker_contraction,0.8366600265340756,4,Multimodal,30,4,300000,300000,477.4426860883337,400.0,77.44268608833369,7.581796749000205,V4,30,300000,8,0.02,0.005,0.05,1e-06,0.2,1.05,0.8366600265340756,60,20,8,10,0.35,0.25,80.0,1e-12,False,3,4,0.5,True,False,1
2026-10-02T02:05:16+02:00,c_minus__weaker_contraction,c_minus,weaker_contraction,0.8366600265340756,5,Multimodal,30,0,300000,300000,521.2667080837132,500.0,21.266708083713183,7.534481009002775,V4,30,300000,8,0.02,0.005,0.05,1e-06,0.2,1.05,0.8366600265340756,60,20,8,10,0.35,0.25,80.0,1e-12,False,3,4,0.5,True,False,1
2026-10-02T02:05:24+02:00,c_minus__weaker_contraction,c_minus,weaker_contraction,0.8366600265340756,5,Multimodal,30,1,300000,300000,521.3875184069432,500.0,21.387518406943173,7.229586157001904,V4,30,300000,8,0.02,0.005,0.05,1e-06,0.2,1.05,0.8366600265340756,60,20,8,10,0.35,0.25,80.0,1e-12,False,3,4,0.5,True,False,1
2026-10-02T02:05:31+02:00,c_minus__weaker_contraction,c_minus,weaker_contraction,0.8366600265340756,5,Multimodal,30,2,300000,300000,521.2708107705181,500.0,21.270810770518096,7.376962392001587,V4,30,300000,8,0.02,0.005,0.05,1e-06,0.2,1.05,0.8366600265340756,60,20,8,10,0.35,0.25,80.0,1e-12,False,3,4,0.5,True,False,1
2026-10-02T02:05:39+02:00,c_minus__weaker_contraction,c_minus,weaker_contraction,0.8366600265340756,5,Multimodal,30,3,300000,300000,521.2892840291978,500.0,21.289284029197802,7.575738958999864,V4,30,300000,8,0.02,0.005,0.05,1e-06,0.2,1.05,0.8366600265340756,60,20,8,10,0.35,0.25,80.0,1e-12,False,3,4,0.5,True,False,1
2026-10-02T02:05:46+02:00,c_minus__weaker_contraction,c_minus,weaker_contraction,0.8366600265340756,5,Multimodal,30,4,300000,300000,521.1410846862315,500.0,21.141084686231466,7.343934253003681,V4,30,300000,8,0.02,0.005,0.05,1e-06,0.2,1.05,0.8366600265340756,60,20,8,10,0.35,0.25,80.0,1e-12,False,3,4,0.5,True,False,1
2026-10-02T02:07:12+02:00,c_minus__weaker_contraction,c_minus,weaker_contraction,0.8366600265340756,6,Multimodal,30,0,300000,300000,637.399951613766,600.0,37.39995161376601,85.92189641499863,V4,30,300000,8,0.02,0.005,0.05,1e-06,0.2,1.05,0.8366600265340756,60,20,8,10,0.35,0.25,80.0,1e-12,False,3,4,0.5,True,False,1
2026-10-02T02:08:38+02:00,c_minus__weaker_contraction,c_minus,weaker_contraction,0.8366600265340756,6,Multimodal,30,1,300000,300000,635.0975335473581,600.0,35.097533547358125,85.48391644599906,V4,30,300000,8,0.02,0.005,0.05,1e-06,0.2,1.05,0.8366600265340756,60,20,8,10,0.35,0.25,80.0,1e-12,False,3,4,0.5,True,False,1
2026-10-02T02:10:03+02:00,c_minus__weaker_contraction,c_minus,weaker_contraction,0.8366600265340756,6,Multimodal,30,2,300000,300000,635.7383077534605,600.0,35.738307753460504,85.62291750700388,V4,30,300000,8,0.02,0.005,0.05,1e-06,0.2,1.05,0.8366600265340756,60,20,8,10,0.35,0.25,80.0,1e-12,False,3,4,0.5,True,False,1
2026-10-02T02:11:29+02:00,c_minus__weaker_contraction,c_minus,weaker_contraction,0.8366600265340756,6,Multimodal,30,3,300000,300000,633.4361428078063,600.0,33.43614280780628,85.95452380499773,V4,30,300000,8,0.02,0.005,0.05,1e-06,0.2,1.05,0.8366600265340756,60,20,8,10,0.35,0.25,80.0,1e-12,False,3,4,0.5,True,False,1
2026-10-02T02:12:55+02:00,c_minus__weaker_contraction,c_minus,weaker_contraction,0.8366600265340756,6,Multimodal,30,4,300000,300000,633.4129662007557,600.0,33.412966200755704,86.1282654539973,V4,30,300000,8,0.02,0.005,0.05,1e-06,0.2,1.05,0.8366600265340756,60,20,8,10,0.35,0.25,80.0,1e-12,False,3,4,0.5,True,False,1
2026-10-02T02:13:03+02:00,c_minus__weaker_contraction,c_minus,weaker_contraction,0.8366600265340756,7,Multimodal,30,0,300000,300000,700.1456908102331,700.0,0.14569081023307717,7.833824036999431,V4,30,300000,8,0.02,0.005,0.05,1e-06,0.2,1.05,0.8366600265340756,60,20,8,10,0.35,0.25,80.0,1e-12,False,3,4,0.5,True,False,1
2026-10-02T02:13:11+02:00,c_minus__weaker_contraction,c_minus,weaker_contraction,0.8366600265340756,7,Multimodal,30,1,300000,300000,700.6018040139979,700.0,0.6018040139979348,7.846155683000688,V4,30,300000,8,0.02,0.005,0.05,1e-06,0.2,1.05,0.8366600265340756,60,20,8,10,0.35,0.25,80.0,1e-12,False,3,4,0.5,True,False,1
2026-10-02T02:13:19+02:00,c_minus__weaker_contraction,c_minus,weaker_contraction,0.8366600265340756,7,Multimodal,30,2,300000,300000,700.0620393821372,700.0,0.062039382137186294,7.405897040000127,V4,30,300000,8,0.02,0.005,0.05,1e-06,0.2,1.05,0.8366600265340756,60,20,8,10,0.35,0.25,80.0,1e-12,False,3,4,0.5,True,False,1
2026-10-02T02:13:26+02:00,c_minus__weaker_contraction,c_minus,weaker_contraction,0.8366600265340756,7,Multimodal,30,3,300000,300000,700.2535045603721,700.0,0.25350456037210733,7.736229164998804,V4,30,300000,8,0.02,0.005,0.05,1e-06,0.2,1.05,0.8366600265340756,60,20,8,10,0.35,0.25,80.0,1e-12,False,3,4,0.5,True,False,1
2026-10-02T02:13:34+02:00,c_minus__weaker_contraction,c_minus,weaker_contraction,0.8366600265340756,7,Multimodal,30,4,300000,300000,700.0847942663444,700.0,0.08479426634437459,7.501574437999807,V4,30,300000,8,0.02,0.005,0.05,1e-06,0.2,1.05,0.8366600265340756,60,20,8,10,0.35,0.25,80.0,1e-12,False,3,4,0.5,True,False,1
2026-10-02T02:13:42+02:00,c_minus__weaker_contraction,c_minus,weaker_contraction,0.8366600265340756,8,Multimodal,30,0,300000,300000,1087.7989201113442,800.0,287.79892011134416,7.479471500002546,V4,30,300000,8,0.02,0.005,0.05,1e-06,0.2,1.05,0.8366600265340756,60,20,8,10,0.35,0.25,80.0,1e-12,False,3,4,0.5,True,False,1
2026-10-02T02:13:49+02:00,c_minus__weaker_contraction,c_minus,weaker_contraction,0.8366600265340756,8,Multimodal,30,1,300000,300000,1096.5662866278533,800.0,296.5662866278533,7.168526788998861,V4,30,300000,8,0.02,0.005,0.05,1e-06,0.2,1.05,0.8366600265340756,60,20,8,10,0.35,0.25,80.0,1e-12,False,3,4,0.5,True,False,1
2026-10-02T02:13:56+02:00,c_minus__weaker_contraction,c_minus,weaker_contraction,0.8366600265340756,8,Multimodal,30,2,300000,300000,1093.959675456919,800.0,293.95967545691906,7.179541556004551,V4,30,300000,8,0.02,0.005,0.05,1e-06,0.2,1.05,0.8366600265340756,60,20,8,10,0.35,0.25,80.0,1e-12,False,3,4,0.5,True,False,1
2026-10-02T02:14:03+02:00,c_minus__weaker_contraction,c_minus,weaker_contraction,0.8366600265340756,8,Multimodal,30,3,300000,300000,1080.8170661074566,800.0,280.81706610745664,7.3093745530059095,V4,30,300000,8,0.02,0.005,0.05,1e-06,0.2,1.05,0.8366600265340756,60,20,8,10,0.35,0.25,80.0,1e-12,False,3,4,0.5,True,False,1
2026-10-02T02:14:11+02:00,c_minus__weaker_contraction,c_minus,weaker_contraction,0.8366600265340756,8,Multimodal,30,4,300000,300000,1083.4488734095594,800.0,283.4488734095594,7.366002195994952,V4,30,300000,8,0.02,0.005,0.05,1e-06,0.2,1.05,0.8366600265340756,60,20,8,10,0.35,0.25,80.0,1e-12,False,3,4,0.5,True,False,1
2026-10-02T02:14:18+02:00,c_minus__weaker_contraction,c_minus,weaker_contraction,0.8366600265340756,9,Multimodal,30,0,300000,300000,1370.8605338228274,900.0,470.8605338228274,7.736975011997856,V4,30,300000,8,0.02,0.005,0.05,1e-06,0.2,1.05,0.8366600265340756,60,20,8,10,0.35,0.25,80.0,1e-12,False,3,4,0.5,True,False,1
2026-10-02T02:14:26+02:00,c_minus__weaker_contraction,c_minus,weaker_contraction,0.8366600265340756,9,Multimodal,30,1,300000,300000,1253.32298169574,900.0,353.32298169574005,7.450297731003957,V4,30,300000,8,0.02,0.005,0.05,1e-06,0.2,1.05,0.8366600265340756,60,20,8,10,0.35,0.25,80.0,1e-12,False,3,4,0.5,True,False,1
2026-10-02T02:14:34+02:00,c_minus__weaker_contraction,c_minus,weaker_contraction,0.8366600265340756,9,Multimodal,30,2,300000,300000,1346.1348683001452,900.0,446.1348683001452,7.598269139998592,V4,30,300000,8,0.02,0.005,0.05,1e-06,0.2,1.05,0.8366600265340756,60,20,8,10,0.35,0.25,80.0,1e-12,False,3,4,0.5,True,False,1
2026-10-02T02:14:41+02:00,c_minus__weaker_contraction,c_minus,weaker_contraction,0.8366600265340756,9,Multimodal,30,3,300000,300000,1317.5075176037724,900.0,417.5075176037724,7.505008956999518,V4,30,300000,8,0.02,0.005,0.05,1e-06,0.2,1.05,0.8366600265340756,60,20,8,10,0.35,0.25,80.0,1e-12,False,3,4,0.5,True,False,1
2026-10-02T02:14:49+02:00,c_minus__weaker_contraction,c_minus,weaker_contraction,0.8366600265340756,9,Multimodal,30,4,300000,300000,1209.0879378259935,900.0,309.08793782599355,7.523638079001103,V4,30,300000,8,0.02,0.005,0.05,1e-06,0.2,1.05,0.8366600265340756,60,20,8,10,0.35,0.25,80.0,1e-12,False,3,4,0.5,True,False,1
2026-10-02T02:15:02+02:00,c_minus__weaker_contraction,c_minus,weaker_contraction,0.8366600265340756,10,Multimodal,30,0,300000,300000,4093.6694596501457,1000.0,3093.6694596501457,12.870717571000569,V4,30,300000,8,0.02,0.005,0.05,1e-06,0.2,1.05,0.8366600265340756,60,20,8,10,0.35,0.25,80.0,1e-12,False,3,4,0.5,True,False,1
2026-10-02T02:15:14+02:00,c_minus__weaker_contraction,c_minus,weaker_contraction,0.8366600265340756,10,Multimodal,30,1,300000,300000,4123.440871800023,1000.0,3123.440871800023,12.678594687000441,V4,30,300000,8,0.02,0.005,0.05,1e-06,0.2,1.05,0.8366600265340756,60,20,8,10,0.35,0.25,80.0,1e-12,False,3,4,0.5,True,False,1
2026-10-02T02:15:27+02:00,c_minus__weaker_contraction,c_minus,weaker_contraction,0.8366600265340756,10,Multimodal,30,2,300000,300000,4275.01464111858,1000.0,3275.0146411185797,12.505545256004552,V4,30,300000,8,0.02,0.005,0.05,1e-06,0.2,1.05,0.8366600265340756,60,20,8,10,0.35,0.25,80.0,1e-12,False,3,4,0.5,True,False,1
2026-10-02T02:15:40+02:00,c_minus__weaker_contraction,c_minus,weaker_contraction,0.8366600265340756,10,Multimodal,30,3,300000,300000,4277.087643578545,1000.0,3277.087643578545,12.725908264001191,V4,30,300000,8,0.02,0.005,0.05,1e-06,0.2,1.05,0.8366600265340756,60,20,8,10,0.35,0.25,80.0,1e-12,False,3,4,0.5,True,False,1
2026-10-02T02:15:52+02:00,c_minus__weaker_contraction,c_minus,weaker_contraction,0.8366600265340756,10,Multimodal,30,4,300000,300000,4274.934020976019,1000.0,3274.9340209760194,12.787651840000763,V4,30,300000,8,0.02,0.005,0.05,1e-06,0.2,1.05,0.8366600265340756,60,20,8,10,0.35,0.25,80.0,1e-12,False,3,4,0.5,True,False,1
2026-10-02T02:16:06+02:00,c_minus__weaker_contraction,c_minus,weaker_contraction,0.8366600265340756,11,Multimodal,30,0,300000,300000,4636.283143535607,1100.0,3536.2831435356075,13.086513873000513,V4,30,300000,8,0.02,0.005,0.05,1e-06,0.2,1.05,0.8366600265340756,60,20,8,10,0.35,0.25,80.0,1e-12,False,3,4,0.5,True,False,1
2026-10-02T02:16:19+02:00,c_minus__weaker_contraction,c_minus,weaker_contraction,0.8366600265340756,11,Multimodal,30,1,300000,300000,5166.372201161745,1100.0,4066.3722011617447,13.100390644001891,V4,30,300000,8,0.02,0.005,0.05,1e-06,0.2,1.05,0.8366600265340756,60,20,8,10,0.35,0.25,80.0,1e-12,False,3,4,0.5,True,False,1
2026-10-02T02:16:32+02:00,c_minus__weaker_contraction,c_minus,weaker_contraction,0.8366600265340756,11,Multimodal,30,2,300000,300000,4758.688162422692,1100.0,3658.6881624226917,12.737556120999216,V4,30,300000,8,0.02,0.005,0.05,1e-06,0.2,1.05,0.8366600265340756,60,20,8,10,0.35,0.25,80.0,1e-12,False,3,4,0.5,True,False,1
2026-10-02T02:16:44+02:00,c_minus__weaker_contraction,c_minus,weaker_contraction,0.8366600265340756,11,Multimodal,30,3,300000,300000,4697.565456024429,1100.0,3597.5654560244293,12.440399079998315,V4,30,300000,8,0.02,0.005,0.05,1e-06,0.2,1.05,0.8366600265340756,60,20,8,10,0.35,0.25,80.0,1e-12,False,3,4,0.5,True,False,1
2026-10-02T02:16:57+02:00,c_minus__weaker_contraction,c_minus,weaker_contraction,0.8366600265340756,11,Multimodal,30,4,300000,300000,5025.026159633091,1100.0,3925.026159633091,12.88333136899746,V4,30,300000,8,0.02,0.005,0.05,1e-06,0.2,1.05,0.8366600265340756,60,20,8,10,0.35,0.25,80.0,1e-12,False,3,4,0.5,True,False,1
2026-10-02T02:25:16+02:00,c_minus__weaker_contraction,c_minus,weaker_contraction,0.8366600265340756,12,Multimodal,30,0,300000,300000,1200.7223826859872,1200.0,0.7223826859872133,499.36742650700035,V4,30,300000,8,0.02,0.005,0.05,1e-06,0.2,1.05,0.8366600265340756,60,20,8,10,0.35,0.25,80.0,1e-12,False,3,4,0.5,True,False,1
2026-10-02T02:33:39+02:00,c_minus__weaker_contraction,c_minus,weaker_contraction,0.8366600265340756,12,Multimodal,30,1,300000,300000,1200.992862997063,1200.0,0.9928629970629572,502.8017366960048,V4,30,300000,8,0.02,0.005,0.05,1e-06,0.2,1.05,0.8366600265340756,60,20,8,10,0.35,0.25,80.0,1e-12,False,3,4,0.5,True,False,1
2026-10-02T02:41:59+02:00,c_minus__weaker_contraction,c_minus,weaker_contraction,0.8366600265340756,12,Multimodal,30,2,300000,300000,1200.3514129545924,1200.0,0.3514129545924334,499.35592138700304,V4,30,300000,8,0.02,0.005,0.05,1e-06,0.2,1.05,0.8366600265340756,60,20,8,10,0.35,0.25,80.0,1e-12,False,3,4,0.5,True,False,1
2026-10-02T02:50:20+02:00,c_minus__weaker_contraction,c_minus,weaker_contraction,0.8366600265340756,12,Multimodal,30,3,300000,300000,1200.5866659799412,1200.0,0.5866659799412446,501.2763902899969,V4,30,300000,8,0.02,0.005,0.05,1e-06,0.2,1.05,0.8366600265340756,60,20,8,10,0.35,0.25,80.0,1e-12,False,3,4,0.5,True,False,1
2026-10-02T02:58:37+02:00,c_minus__weaker_contraction,c_minus,weaker_contraction,0.8366600265340756,12,Multimodal,30,4,300000,300000,1200.6067376695614,1200.0,0.6067376695614257,497.43323564899765,V4,30,300000,8,0.02,0.005,0.05,1e-06,0.2,1.05,0.8366600265340756,60,20,8,10,0.35,0.25,80.0,1e-12,False,3,4,0.5,True,False,1
2026-10-02T02:58:45+02:00,c_minus__weaker_contraction,c_minus,weaker_contraction,0.8366600265340756,13,Multimodal,30,0,300000,300000,1300.2056462931498,1300.0,0.20564629314981175,7.2975416210028925,V4,30,300000,8,0.02,0.005,0.05,1e-06,0.2,1.05,0.8366600265340756,60,20,8,10,0.35,0.25,80.0,1e-12,False,3,4,0.5,True,False,1
2026-10-02T02:58:52+02:00,c_minus__weaker_contraction,c_minus,weaker_contraction,0.8366600265340756,13,Multimodal,30,1,300000,300000,1300.2850918735908,1300.0,0.2850918735907726,7.394343247004144,V4,30,300000,8,0.02,0.005,0.05,1e-06,0.2,1.05,0.8366600265340756,60,20,8,10,0.35,0.25,80.0,1e-12,False,3,4,0.5,True,False,1
2026-10-02T02:59:00+02:00,c_minus__weaker_contraction,c_minus,weaker_contraction,0.8366600265340756,13,Multimodal,30,2,300000,300000,1300.2068796321416,1300.0,0.20687963214163574,7.510804603996803,V4,30,300000,8,0.02,0.005,0.05,1e-06,0.2,1.05,0.8366600265340756,60,20,8,10,0.35,0.25,80.0,1e-12,False,3,4,0.5,True,False,1
2026-10-02T02:59:07+02:00,c_minus__weaker_contraction,c_minus,weaker_contraction,0.8366600265340756,13,Multimodal,30,3,300000,300000,1300.2141941161142,1300.0,0.21419411611418582,7.247310128004756,V4,30,300000,8,0.02,0.005,0.05,1e-06,0.2,1.05,0.8366600265340756,60,20,8,10,0.35,0.25,80.0,1e-12,False,3,4,0.5,True,False,1
2026-10-02T02:59:14+02:00,c_minus__weaker_contraction,c_minus,weaker_contraction,0.8366600265340756,13,Multimodal,30,4,300000,300000,1300.1896446856924,1300.0,0.18964468569242854,7.303934728995955,V4,30,300000,8,0.02,0.005,0.05,1e-06,0.2,1.05,0.8366600265340756,60,20,8,10,0.35,0.25,80.0,1e-12,False,3,4,0.5,True,False,1
2026-10-02T02:59:22+02:00,c_minus__weaker_contraction,c_minus,weaker_contraction,0.8366600265340756,14,Multimodal,30,0,300000,300000,1400.3727526489936,1400.0,0.3727526489935826,7.442358398999204,V4,30,300000,8,0.02,0.005,0.05,1e-06,0.2,1.05,0.8366600265340756,60,20,8,10,0.35,0.25,80.0,1e-12,False,3,4,0.5,True,False,1
2026-10-02T02:59:29+02:00,c_minus__weaker_contraction,c_minus,weaker_contraction,0.8366600265340756,14,Multimodal,30,1,300000,300000,1400.5801019687487,1400.0,0.5801019687487496,7.57971383700351,V4,30,300000,8,0.02,0.005,0.05,1e-06,0.2,1.05,0.8366600265340756,60,20,8,10,0.35,0.25,80.0,1e-12,False,3,4,0.5,True,False,1
2026-10-02T02:59:37+02:00,c_minus__weaker_contraction,c_minus,weaker_contraction,0.8366600265340756,14,Multimodal,30,2,300000,300000,1400.4470010723676,1400.0,0.44700107236758413,7.403044573999068,V4,30,300000,8,0.02,0.005,0.05,1e-06,0.2,1.05,0.8366600265340756,60,20,8,10,0.35,0.25,80.0,1e-12,False,3,4,0.5,True,False,1
2026-10-02T02:59:44+02:00,c_minus__weaker_contraction,c_minus,weaker_contraction,0.8366600265340756,14,Multimodal,30,3,300000,300000,1400.4088174632175,1400.0,0.40881746321747414,7.272653962994809,V4,30,300000,8,0.02,0.005,0.05,1e-06,0.2,1.05,0.8366600265340756,60,20,8,10,0.35,0.25,80.0,1e-12,False,3,4,0.5,True,False,1
2026-10-02T02:59:52+02:00,c_minus__weaker_contraction,c_minus,weaker_contraction,0.8366600265340756,14,Multimodal,30,4,300000,300000,1400.3676168513866,1400.0,0.3676168513866287,7.541294884998933,V4,30,300000,8,0.02,0.005,0.05,1e-06,0.2,1.05,0.8366600265340756,60,20,8,10,0.35,0.25,80.0,1e-12,False,3,4,0.5,True,False,1
2026-10-02T03:00:00+02:00,c_minus__weaker_contraction,c_minus,weaker_contraction,0.8366600265340756,15,Multimodal,30,0,300000,300000,1515.3094746031463,1500.0,15.309474603146327,8.456677357993613,V4,30,300000,8,0.02,0.005,0.05,1e-06,0.2,1.05,0.8366600265340756,60,20,8,10,0.35,0.25,80.0,1e-12,False,3,4,0.5,True,False,1
2026-10-02T03:00:09+02:00,c_minus__weaker_contraction,c_minus,weaker_contraction,0.8366600265340756,15,Multimodal,30,1,300000,300000,1512.0260517247082,1500.0,12.026051724708168,8.223005624997313,V4,30,300000,8,0.02,0.005,0.05,1e-06,0.2,1.05,0.8366600265340756,60,20,8,10,0.35,0.25,80.0,1e-12,False,3,4,0.5,True,False,1
2026-10-02T03:00:17+02:00,c_minus__weaker_contraction,c_minus,weaker_contraction,0.8366600265340756,15,Multimodal,30,2,300000,300000,1516.5022177545422,1500.0,16.502217754542244,8.418974536994938,V4,30,300000,8,0.02,0.005,0.05,1e-06,0.2,1.05,0.8366600265340756,60,20,8,10,0.35,0.25,80.0,1e-12,False,3,4,0.5,True,False,1
2026-10-02T03:00:25+02:00,c_minus__weaker_contraction,c_minus,weaker_contraction,0.8366600265340756,15,Multimodal,30,3,300000,300000,1513.5778626357317,1500.0,13.577862635731663,8.444566609003232,V4,30,300000,8,0.02,0.005,0.05,1e-06,0.2,1.05,0.8366600265340756,60,20,8,10,0.35,0.25,80.0,1e-12,False,3,4,0.5,True,False,1
2026-10-02T03:00:34+02:00,c_minus__weaker_contraction,c_minus,weaker_contraction,0.8366600265340756,15,Multimodal,30,4,300000,300000,1514.509027766732,1500.0,14.50902776673206,8.515897495999525,V4,30,300000,8,0.02,0.005,0.05,1e-06,0.2,1.05,0.8366600265340756,60,20,8,10,0.35,0.25,80.0,1e-12,False,3,4,0.5,True,False,1
2026-10-02T03:01:19+02:00,c_minus__weaker_contraction,c_minus,weaker_contraction,0.8366600265340756,16,Multimodal,30,0,300000,300000,1613.2153791782207,1600.0,13.2153791782207,44.80001174000063,V4,30,300000,8,0.02,0.005,0.05,1e-06,0.2,1.05,0.8366600265340756,60,20,8,10,0.35,0.25,80.0,1e-12,False,3,4,0.5,True,False,1
2026-10-02T03:02:04+02:00,c_minus__weaker_contraction,c_minus,weaker_contraction,0.8366600265340756,16,Multimodal,30,1,300000,300000,1613.5576391131342,1600.0,13.5576391131342,44.805169530001876,V4,30,300000,8,0.02,0.005,0.05,1e-06,0.2,1.05,0.8366600265340756,60,20,8,10,0.35,0.25,80.0,1e-12,False,3,4,0.5,True,False,1
2026-10-02T03:02:49+02:00,c_minus__weaker_contraction,c_minus,weaker_contraction,0.8366600265340756,16,Multimodal,30,2,300000,300000,1613.808981322242,1600.0,13.808981322242062,45.19679461800115,V4,30,300000,8,0.02,0.005,0.05,1e-06,0.2,1.05,0.8366600265340756,60,20,8,10,0.35,0.25,80.0,1e-12,False,3,4,0.5,True,False,1
2026-10-02T03:03:33+02:00,c_minus__weaker_contraction,c_minus,weaker_contraction,0.8366600265340756,16,Multimodal,30,3,300000,300000,1613.6690750039752,1600.0,13.669075003975195,44.25974353499623,V4,30,300000,8,0.02,0.005,0.05,1e-06,0.2,1.05,0.8366600265340756,60,20,8,10,0.35,0.25,80.0,1e-12,False,3,4,0.5,True,False,1
2026-10-02T03:04:18+02:00,c_minus__weaker_contraction,c_minus,weaker_contraction,0.8366600265340756,16,Multimodal,30,4,300000,300000,1613.3392879305627,1600.0,13.339287930562705,44.99452905000362,V4,30,300000,8,0.02,0.005,0.05,1e-06,0.2,1.05,0.8366600265340756,60,20,8,10,0.35,0.25,80.0,1e-12,False,3,4,0.5,True,False,1
2026-10-02T03:04:33+02:00,c_minus__weaker_contraction,c_minus,weaker_contraction,0.8366600265340756,17,Hybrid,30,0,300000,300000,53762.63176049724,1700.0,52062.63176049724,14.419445660001657,V4,30,300000,8,0.02,0.005,0.05,1e-06,0.2,1.05,0.8366600265340756,60,20,8,10,0.35,0.25,80.0,1e-12,False,3,4,0.5,True,False,1
2026-10-02T03:04:48+02:00,c_minus__weaker_contraction,c_minus,weaker_contraction,0.8366600265340756,17,Hybrid,30,1,300000,300000,265986.1374741109,1700.0,264286.1374741109,15.140927894004562,V4,30,300000,8,0.02,0.005,0.05,1e-06,0.2,1.05,0.8366600265340756,60,20,8,10,0.35,0.25,80.0,1e-12,False,3,4,0.5,True,False,1
2026-10-02T03:05:03+02:00,c_minus__weaker_contraction,c_minus,weaker_contraction,0.8366600265340756,17,Hybrid,30,2,300000,300000,219787.1144773155,1700.0,218087.1144773155,15.160335224994924,V4,30,300000,8,0.02,0.005,0.05,1e-06,0.2,1.05,0.8366600265340756,60,20,8,10,0.35,0.25,80.0,1e-12,False,3,4,0.5,True,False,1
2026-10-02T03:05:19+02:00,c_minus__weaker_contraction,c_minus,weaker_contraction,0.8366600265340756,17,Hybrid,30,3,300000,300000,176980.80402142872,1700.0,175280.80402142872,15.397271699999692,V4,30,300000,8,0.02,0.005,0.05,1e-06,0.2,1.05,0.8366600265340756,60,20,8,10,0.35,0.25,80.0,1e-12,False,3,4,0.5,True,False,1
2026-10-02T03:05:34+02:00,c_minus__weaker_contraction,c_minus,weaker_contraction,0.8366600265340756,17,Hybrid,30,4,300000,300000,96195.59319731561,1700.0,94495.59319731561,15.019838835993141,V4,30,300000,8,0.02,0.005,0.05,1e-06,0.2,1.05,0.8366600265340756,60,20,8,10,0.35,0.25,80.0,1e-12,False,3,4,0.5,True,False,1
2026-10-02T03:05:43+02:00,c_minus__weaker_contraction,c_minus,weaker_contraction,0.8366600265340756,18,Hybrid,30,0,300000,300000,100573.74082865796,1800.0,98773.74082865796,9.246305400003621,V4,30,300000,8,0.02,0.005,0.05,1e-06,0.2,1.05,0.8366600265340756,60,20,8,10,0.35,0.25,80.0,1e-12,False,3,4,0.5,True,False,1
2026-10-02T03:05:52+02:00,c_minus__weaker_contraction,c_minus,weaker_contraction,0.8366600265340756,18,Hybrid,30,1,300000,300000,58360.11452065343,1800.0,56560.11452065343,9.464323094995052,V4,30,300000,8,0.02,0.005,0.05,1e-06,0.2,1.05,0.8366600265340756,60,20,8,10,0.35,0.25,80.0,1e-12,False,3,4,0.5,True,False,1
2026-10-02T03:06:02+02:00,c_minus__weaker_contraction,c_minus,weaker_contraction,0.8366600265340756,18,Hybrid,30,2,300000,300000,126874.08055912462,1800.0,125074.08055912462,9.718419513999834,V4,30,300000,8,0.02,0.005,0.05,1e-06,0.2,1.05,0.8366600265340756,60,20,8,10,0.35,0.25,80.0,1e-12,False,3,4,0.5,True,False,1
2026-10-02T03:06:12+02:00,c_minus__weaker_contraction,c_minus,weaker_contraction,0.8366600265340756,18,Hybrid,30,3,300000,300000,67620.44942954993,1800.0,65820.44942954993,9.73042983799678,V4,30,300000,8,0.02,0.005,0.05,1e-06,0.2,1.05,0.8366600265340756,60,20,8,10,0.35,0.25,80.0,1e-12,False,3,4,0.5,True,False,1
2026-10-02T03:06:22+02:00,c_minus__weaker_contraction,c_minus,weaker_contraction,0.8366600265340756,18,Hybrid,30,4,300000,300000,128900.23971596805,1800.0,127100.23971596805,9.48667297099746,V4,30,300000,8,0.02,0.005,0.05,1e-06,0.2,1.05,0.8366600265340756,60,20,8,10,0.35,0.25,80.0,1e-12,False,3,4,0.5,True,False,1
2026-10-02T03:06:53+02:00,c_minus__weaker_contraction,c_minus,weaker_contraction,0.8366600265340756,19,Hybrid,30,0,300000,300000,1931.5322383474129,1900.0,31.532238347412886,31.69491270200524,V4,30,300000,8,0.02,0.005,0.05,1e-06,0.2,1.05,0.8366600265340756,60,20,8,10,0.35,0.25,80.0,1e-12,False,3,4,0.5,True,False,1
2026-10-02T03:07:25+02:00,c_minus__weaker_contraction,c_minus,weaker_contraction,0.8366600265340756,19,Hybrid,30,1,300000,300000,1933.8820733661396,1900.0,33.88207336613959,31.702813815994887,V4,30,300000,8,0.02,0.005,0.05,1e-06,0.2,1.05,0.8366600265340756,60,20,8,10,0.35,0.25,80.0,1e-12,False,3,4,0.5,True,False,1
2026-10-02T03:07:57+02:00,c_minus__weaker_contraction,c_minus,weaker_contraction,0.8366600265340756,19,Hybrid,30,2,300000,300000,1939.2935831228124,1900.0,39.29358312281238,32.25103509300243,V4,30,300000,8,0.02,0.005,0.05,1e-06,0.2,1.05,0.8366600265340756,60,20,8,10,0.35,0.25,80.0,1e-12,False,3,4,0.5,True,False,1
2026-10-02T03:08:29+02:00,c_minus__weaker_contraction,c_minus,weaker_contraction,0.8366600265340756,19,Hybrid,30,3,300000,300000,1934.5478747895302,1900.0,34.54787478953017,31.75013080899953,V4,30,300000,8,0.02,0.005,0.05,1e-06,0.2,1.05,0.8366600265340756,60,20,8,10,0.35,0.25,80.0,1e-12,False,3,4,0.5,True,False,1
2026-10-02T03:09:01+02:00,c_minus__weaker_contraction,c_minus,weaker_contraction,0.8366600265340756,19,Hybrid,30,4,300000,300000,1941.1111112403903,1900.0,41.1111112403903,31.417268546996638,V4,30,300000,8,0.02,0.005,0.05,1e-06,0.2,1.05,0.8366600265340756,60,20,8,10,0.35,0.25,80.0,1e-12,False,3,4,0.5,True,False,1
2026-10-02T03:09:13+02:00,c_minus__weaker_contraction,c_minus,weaker_contraction,0.8366600265340756,20,Hybrid,30,0,300000,300000,20891.338341133247,2000.0,18891.338341133247,12.013309535002918,V4,30,300000,8,0.02,0.005,0.05,1e-06,0.2,1.05,0.8366600265340756,60,20,8,10,0.35,0.25,80.0,1e-12,False,3,4,0.5,True,False,1
2026-10-02T03:09:25+02:00,c_minus__weaker_contraction,c_minus,weaker_contraction,0.8366600265340756,20,Hybrid,30,1,300000,300000,30559.44422533088,2000.0,28559.44422533088,12.084176424999896,V4,30,300000,8,0.02,0.005,0.05,1e-06,0.2,1.05,0.8366600265340756,60,20,8,10,0.35,0.25,80.0,1e-12,False,3,4,0.5,True,False,1
2026-10-02T03:09:37+02:00,c_minus__weaker_contraction,c_minus,weaker_contraction,0.8366600265340756,20,Hybrid,30,2,300000,300000,28401.51432950624,2000.0,26401.51432950624,12.022819117999461,V4,30,300000,8,0.02,0.005,0.05,1e-06,0.2,1.05,0.8366600265340756,60,20,8,10,0.35,0.25,80.0,1e-12,False,3,4,0.5,True,False,1
2026-10-02T03:09:49+02:00,c_minus__weaker_contraction,c_minus,weaker_contraction,0.8366600265340756,20,Hybrid,30,3,300000,300000,28563.954733021626,2000.0,26563.954733021626,11.827111493999837,V4,30,300000,8,0.02,0.005,0.05,1e-06,0.2,1.05,0.8366600265340756,60,20,8,10,0.35,0.25,80.0,1e-12,False,3,4,0.5,True,False,1
2026-10-02T03:10:01+02:00,c_minus__weaker_contraction,c_minus,weaker_contraction,0.8366600265340756,20,Hybrid,30,4,300000,300000,35405.15290307318,2000.0,33405.15290307318,12.250899859005585,V4,30,300000,8,0.02,0.005,0.05,1e-06,0.2,1.05,0.8366600265340756,60,20,8,10,0.35,0.25,80.0,1e-12,False,3,4,0.5,True,False,1
2026-10-02T03:10:24+02:00,c_minus__weaker_contraction,c_minus,weaker_contraction,0.8366600265340756,21,Hybrid,30,0,300000,300000,56546.362613534286,2100.0,54446.362613534286,22.65278131899686,V4,30,300000,8,0.02,0.005,0.05,1e-06,0.2,1.05,0.8366600265340756,60,20,8,10,0.35,0.25,80.0,1e-12,False,3,4,0.5,True,False,1
2026-10-02T03:10:47+02:00,c_minus__weaker_contraction,c_minus,weaker_contraction,0.8366600265340756,21,Hybrid,30,1,300000,300000,40594.87862484387,2100.0,38494.87862484387,23.163116448995424,V4,30,300000,8,0.02,0.005,0.05,1e-06,0.2,1.05,0.8366600265340756,60,20,8,10,0.35,0.25,80.0,1e-12,False,3,4,0.5,True,False,1
2026-10-02T03:11:10+02:00,c_minus__weaker_contraction,c_minus,weaker_contraction,0.8366600265340756,21,Hybrid,30,2,300000,300000,48627.79429589126,2100.0,46527.79429589126,22.48804318800103,V4,30,300000,8,0.02,0.005,0.05,1e-06,0.2,1.05,0.8366600265340756,60,20,8,10,0.35,0.25,80.0,1e-12,False,3,4,0.5,True,False,1
2026-10-02T03:11:32+02:00,c_minus__weaker_contraction,c_minus,weaker_contraction,0.8366600265340756,21,Hybrid,30,3,300000,300000,46778.14056054065,2100.0,44678.14056054065,22.286705188002088,V4,30,300000,8,0.02,0.005,0.05,1e-06,0.2,1.05,0.8366600265340756,60,20,8,10,0.35,0.25,80.0,1e-12,False,3,4,0.5,True,False,1
2026-10-02T03:11:55+02:00,c_minus__weaker_contraction,c_minus,weaker_contraction,0.8366600265340756,21,Hybrid,30,4,300000,300000,19186.598020711608,2100.0,17086.598020711608,22.618271516003006,V4,30,300000,8,0.02,0.005,0.05,1e-06,0.2,1.05,0.8366600265340756,60,20,8,10,0.35,0.25,80.0,1e-12,False,3,4,0.5,True,False,1
2026-10-02T03:13:05+02:00,c_minus__weaker_contraction,c_minus,weaker_contraction,0.8366600265340756,22,Hybrid,30,0,300000,300000,2862.756131198151,2200.0,662.7561311981508,69.98221407899837,V4,30,300000,8,0.02,0.005,0.05,1e-06,0.2,1.05,0.8366600265340756,60,20,8,10,0.35,0.25,80.0,1e-12,False,3,4,0.5,True,False,1
2026-10-02T03:14:14+02:00,c_minus__weaker_contraction,c_minus,weaker_contraction,0.8366600265340756,22,Hybrid,30,1,300000,300000,2299.052153927769,2200.0,99.05215392776881,69.25673914000072,V4,30,300000,8,0.02,0.005,0.05,1e-06,0.2,1.05,0.8366600265340756,60,20,8,10,0.35,0.25,80.0,1e-12,False,3,4,0.5,True,False,1
2026-10-02T03:15:23+02:00,c_minus__weaker_contraction,c_minus,weaker_contraction,0.8366600265340756,22,Hybrid,30,2,300000,300000,2535.160874350411,2200.0,335.1608743504112,69.1926431000029,V4,30,300000,8,0.02,0.005,0.05,1e-06,0.2,1.05,0.8366600265340756,60,20,8,10,0.35,0.25,80.0,1e-12,False,3,4,0.5,True,False,1
2026-10-02T03:16:33+02:00,c_minus__weaker_contraction,c_minus,weaker_contraction,0.8366600265340756,22,Hybrid,30,3,300000,300000,2909.7428028775635,2200.0,709.7428028775635,69.56636873300158,V4,30,300000,8,0.02,0.005,0.05,1e-06,0.2,1.05,0.8366600265340756,60,20,8,10,0.35,0.25,80.0,1e-12,False,3,4,0.5,True,False,1
2026-10-02T03:17:43+02:00,c_minus__weaker_contraction,c_minus,weaker_contraction,0.8366600265340756,22,Hybrid,30,4,300000,300000,2579.309985398478,2200.0,379.30998539847815,70.09907250900142,V4,30,300000,8,0.02,0.005,0.05,1e-06,0.2,1.05,0.8366600265340756,60,20,8,10,0.35,0.25,80.0,1e-12,False,3,4,0.5,True,False,1
2026-10-02T03:18:01+02:00,c_minus__weaker_contraction,c_minus,weaker_contraction,0.8366600265340756,23,Composition,30,0,300000,300000,2522.895607730654,2300.0,222.89560773065386,18.231018838996533,V4,30,300000,8,0.02,0.005,0.05,1e-06,0.2,1.05,0.8366600265340756,60,20,8,10,0.35,0.25,80.0,1e-12,False,3,4,0.5,True,False,1
2026-10-02T03:18:20+02:00,c_minus__weaker_contraction,c_minus,weaker_contraction,0.8366600265340756,23,Composition,30,1,300000,300000,2522.868129176356,2300.0,222.86812917635598,18.401617614996212,V4,30,300000,8,0.02,0.005,0.05,1e-06,0.2,1.05,0.8366600265340756,60,20,8,10,0.35,0.25,80.0,1e-12,False,3,4,0.5,True,False,1
2026-10-02T03:18:38+02:00,c_minus__weaker_contraction,c_minus,weaker_contraction,0.8366600265340756,23,Composition,30,2,300000,300000,2522.903883581601,2300.0,222.9038835816009,18.120535478999955,V4,30,300000,8,0.02,0.005,0.05,1e-06,0.2,1.05,0.8366600265340756,60,20,8,10,0.35,0.25,80.0,1e-12,False,3,4,0.5,True,False,1
2026-10-02T03:18:56+02:00,c_minus__weaker_contraction,c_minus,weaker_contraction,0.8366600265340756,23,Composition,30,3,300000,300000,2522.871093088559,2300.0,222.87109308855906,18.492040751996683,V4,30,300000,8,0.02,0.005,0.05,1e-06,0.2,1.05,0.8366600265340756,60,20,8,10,0.35,0.25,80.0,1e-12,False,3,4,0.5,True,False,1
2026-10-02T03:19:15+02:00,c_minus__weaker_contraction,c_minus,weaker_contraction,0.8366600265340756,23,Composition,30,4,300000,300000,2522.860500007429,2300.0,222.86050000742898,18.18569216999458,V4,30,300000,8,0.02,0.005,0.05,1e-06,0.2,1.05,0.8366600265340756,60,20,8,10,0.35,0.25,80.0,1e-12,False,3,4,0.5,True,False,1
2026-10-02T03:19:35+02:00,c_minus__weaker_contraction,c_minus,weaker_contraction,0.8366600265340756,24,Composition,30,0,300000,300000,2627.2143837261765,2400.0,227.2143837261765,20.601276888999564,V4,30,300000,8,0.02,0.005,0.05,1e-06,0.2,1.05,0.8366600265340756,60,20,8,10,0.35,0.25,80.0,1e-12,False,3,4,0.5,True,False,1
2026-10-02T03:19:56+02:00,c_minus__weaker_contraction,c_minus,weaker_contraction,0.8366600265340756,24,Composition,30,1,300000,300000,2624.191510239553,2400.0,224.19151023955283,20.951728436004487,V4,30,300000,8,0.02,0.005,0.05,1e-06,0.2,1.05,0.8366600265340756,60,20,8,10,0.35,0.25,80.0,1e-12,False,3,4,0.5,True,False,1
2026-10-02T03:20:17+02:00,c_minus__weaker_contraction,c_minus,weaker_contraction,0.8366600265340756,24,Composition,30,2,300000,300000,2627.335971388838,2400.0,227.33597138883806,20.76519974900293,V4,30,300000,8,0.02,0.005,0.05,1e-06,0.2,1.05,0.8366600265340756,60,20,8,10,0.35,0.25,80.0,1e-12,False,3,4,0.5,True,False,1
2026-10-02T03:20:38+02:00,c_minus__weaker_contraction,c_minus,weaker_contraction,0.8366600265340756,24,Composition,30,3,300000,300000,2629.9650749418006,2400.0,229.9650749418006,20.72855831400375,V4,30,300000,8,0.02,0.005,0.05,1e-06,0.2,1.05,0.8366600265340756,60,20,8,10,0.35,0.25,80.0,1e-12,False,3,4,0.5,True,False,1
2026-10-02T03:20:59+02:00,c_minus__weaker_contraction,c_minus,weaker_contraction,0.8366600265340756,24,Composition,30,4,300000,300000,2626.8392462024767,2400.0,226.83924620247672,20.947658573997614,V4,30,300000,8,0.02,0.005,0.05,1e-06,0.2,1.05,0.8366600265340756,60,20,8,10,0.35,0.25,80.0,1e-12,False,3,4,0.5,True,False,1
2026-10-02T03:21:20+02:00,c_minus__weaker_contraction,c_minus,weaker_contraction,0.8366600265340756,25,Composition,30,0,300000,300000,2722.2282381881905,2500.0,222.22823818819052,20.621917698998004,V4,30,300000,8,0.02,0.005,0.05,1e-06,0.2,1.05,0.8366600265340756,60,20,8,10,0.35,0.25,80.0,1e-12,False,3,4,0.5,True,False,1
2026-10-02T03:21:40+02:00,c_minus__weaker_contraction,c_minus,weaker_contraction,0.8366600265340756,25,Composition,30,1,300000,300000,2714.943688832633,2500.0,214.94368883263314,20.70872016600333,V4,30,300000,8,0.02,0.005,0.05,1e-06,0.2,1.05,0.8366600265340756,60,20,8,10,0.35,0.25,80.0,1e-12,False,3,4,0.5,True,False,1
2026-10-02T03:22:02+02:00,c_minus__weaker_contraction,c_minus,weaker_contraction,0.8366600265340756,25,Composition,30,2,300000,300000,2719.4087081357357,2500.0,219.40870813573565,21.037975742998242,V4,30,300000,8,0.02,0.005,0.05,1e-06,0.2,1.05,0.8366600265340756,60,20,8,10,0.35,0.25,80.0,1e-12,False,3,4,0.5,True,False,1
2026-10-02T03:22:23+02:00,c_minus__weaker_contraction,c_minus,weaker_contraction,0.8366600265340756,25,Composition,30,3,300000,300000,2723.389813935847,2500.0,223.3898139358471,21.595715958996152,V4,30,300000,8,0.02,0.005,0.05,1e-06,0.2,1.05,0.8366600265340756,60,20,8,10,0.35,0.25,80.0,1e-12,False,3,4,0.5,True,False,1
2026-10-02T03:22:45+02:00,c_minus__weaker_contraction,c_minus,weaker_contraction,0.8366600265340756,25,Composition,30,4,300000,300000,2720.393619155453,2500.0,220.39361915545305,21.107745097993757,V4,30,300000,8,0.02,0.005,0.05,1e-06,0.2,1.05,0.8366600265340756,60,20,8,10,0.35,0.25,80.0,1e-12,False,3,4,0.5,True,False,1
2026-10-02T03:24:33+02:00,c_minus__weaker_contraction,c_minus,weaker_contraction,0.8366600265340756,26,Composition,30,0,300000,300000,2800.193795632942,2600.0,200.19379563294206,108.47483685499901,V4,30,300000,8,0.02,0.005,0.05,1e-06,0.2,1.05,0.8366600265340756,60,20,8,10,0.35,0.25,80.0,1e-12,False,3,4,0.5,True,False,1
2026-10-02T03:26:22+02:00,c_minus__weaker_contraction,c_minus,weaker_contraction,0.8366600265340756,26,Composition,30,1,300000,300000,2700.632656567984,2600.0,100.63265656798421,108.40581550200295,V4,30,300000,8,0.02,0.005,0.05,1e-06,0.2,1.05,0.8366600265340756,60,20,8,10,0.35,0.25,80.0,1e-12,False,3,4,0.5,True,False,1
2026-10-02T03:28:09+02:00,c_minus__weaker_contraction,c_minus,weaker_contraction,0.8366600265340756,26,Composition,30,2,300000,300000,2800.1869476050883,2600.0,200.18694760508833,107.01970152200374,V4,30,300000,8,0.02,0.005,0.05,1e-06,0.2,1.05,0.8366600265340756,60,20,8,10,0.35,0.25,80.0,1e-12,False,3,4,0.5,True,False,1
2026-10-02T03:29:55+02:00,c_minus__weaker_contraction,c_minus,weaker_contraction,0.8366600265340756,26,Composition,30,3,300000,300000,2800.247862399501,2600.0,200.24786239950117,105.99557985900174,V4,30,300000,8,0.02,0.005,0.05,1e-06,0.2,1.05,0.8366600265340756,60,20,8,10,0.35,0.25,80.0,1e-12,False,3,4,0.5,True,False,1
2026-10-02T03:31:42+02:00,c_minus__weaker_contraction,c_minus,weaker_contraction,0.8366600265340756,26,Composition,30,4,300000,300000,2800.1141553174502,2600.0,200.11415531745024,106.80377765700541,V4,30,300000,8,0.02,0.005,0.05,1e-06,0.2,1.05,0.8366600265340756,60,20,8,10,0.35,0.25,80.0,1e-12,False,3,4,0.5,True,False,1
2026-10-02T03:33:29+02:00,c_minus__weaker_contraction,c_minus,weaker_contraction,0.8366600265340756,27,Composition,30,0,300000,300000,3104.0708610589363,2700.0,404.0708610589363,107.19468090699957,V4,30,300000,8,0.02,0.005,0.05,1e-06,0.2,1.05,0.8366600265340756,60,20,8,10,0.35,0.25,80.0,1e-12,False,3,4,0.5,True,False,1
2026-10-02T03:35:16+02:00,c_minus__weaker_contraction,c_minus,weaker_contraction,0.8366600265340756,27,Composition,30,1,300000,300000,3105.126230700176,2700.0,405.12623070017617,106.69796531900647,V4,30,300000,8,0.02,0.005,0.05,1e-06,0.2,1.05,0.8366600265340756,60,20,8,10,0.35,0.25,80.0,1e-12,False,3,4,0.5,True,False,1
2026-10-02T03:37:02+02:00,c_minus__weaker_contraction,c_minus,weaker_contraction,0.8366600265340756,27,Composition,30,2,300000,300000,3106.11957274926,2700.0,406.11957274926,106.4975267189875,V4,30,300000,8,0.02,0.005,0.05,1e-06,0.2,1.05,0.8366600265340756,60,20,8,10,0.35,0.25,80.0,1e-12,False,3,4,0.5,True,False,1
2026-10-02T03:38:48+02:00,c_minus__weaker_contraction,c_minus,weaker_contraction,0.8366600265340756,27,Composition,30,3,300000,300000,3102.9461547373726,2700.0,402.9461547373726,105.72714497700508,V4,30,300000,8,0.02,0.005,0.05,1e-06,0.2,1.05,0.8366600265340756,60,20,8,10,0.35,0.25,80.0,1e-12,False,3,4,0.5,True,False,1
2026-10-02T03:40:36+02:00,c_minus__weaker_contraction,c_minus,weaker_contraction,0.8366600265340756,27,Composition,30,4,300000,300000,3104.007535010693,2700.0,404.0075350106931,107.2918994310021,V4,30,300000,8,0.02,0.005,0.05,1e-06,0.2,1.05,0.8366600265340756,60,20,8,10,0.35,0.25,80.0,1e-12,False,3,4,0.5,True,False,1
2026-10-02T03:41:43+02:00,c_minus__weaker_contraction,c_minus,weaker_contraction,0.8366600265340756,28,Composition,30,0,300000,300000,7262.212188945054,2800.0,4462.212188945054,67.32542641401233,V4,30,300000,8,0.02,0.005,0.05,1e-06,0.2,1.05,0.8366600265340756,60,20,8,10,0.35,0.25,80.0,1e-12,False,3,4,0.5,True,False,1
2026-10-02T03:42:48+02:00,c_minus__weaker_contraction,c_minus,weaker_contraction,0.8366600265340756,28,Composition,30,1,300000,300000,7788.387097029337,2800.0,4988.387097029337,65.37818047200562,V4,30,300000,8,0.02,0.005,0.05,1e-06,0.2,1.05,0.8366600265340756,60,20,8,10,0.35,0.25,80.0,1e-12,False,3,4,0.5,True,False,1
2026-10-02T03:43:54+02:00,c_minus__weaker_contraction,c_minus,weaker_contraction,0.8366600265340756,28,Composition,30,2,300000,300000,7577.319318978674,2800.0,4777.319318978674,65.58291477299645,V4,30,300000,8,0.02,0.005,0.05,1e-06,0.2,1.05,0.8366600265340756,60,20,8,10,0.35,0.25,80.0,1e-12,False,3,4,0.5,True,False,1
2026-10-02T03:45:00+02:00,c_minus__weaker_contraction,c_minus,weaker_contraction,0.8366600265340756,28,Composition,30,3,300000,300000,6083.400971528414,2800.0,3283.4009715284137,65.622820175995,V4,30,300000,8,0.02,0.005,0.05,1e-06,0.2,1.05,0.8366600265340756,60,20,8,10,0.35,0.25,80.0,1e-12,False,3,4,0.5,True,False,1
2026-10-02T03:46:06+02:00,c_minus__weaker_contraction,c_minus,weaker_contraction,0.8366600265340756,28,Composition,30,4,300000,300000,7442.014640448584,2800.0,4642.014640448584,66.21203244500794,V4,30,300000,8,0.02,0.005,0.05,1e-06,0.2,1.05,0.8366600265340756,60,20,8,10,0.35,0.25,80.0,1e-12,False,3,4,0.5,True,False,1
2026-10-02T03:46:58+02:00,c_minus__weaker_contraction,c_minus,weaker_contraction,0.8366600265340756,29,Composition,30,0,300000,300000,27530.546454199775,2900.0,24630.546454199775,51.42919626299408,V4,30,300000,8,0.02,0.005,0.05,1e-06,0.2,1.05,0.8366600265340756,60,20,8,10,0.35,0.25,80.0,1e-12,False,3,4,0.5,True,False,1
2026-10-02T03:47:49+02:00,c_minus__weaker_contraction,c_minus,weaker_contraction,0.8366600265340756,29,Composition,30,1,300000,300000,16948.235368197926,2900.0,14048.235368197926,51.30947578999621,V4,30,300000,8,0.02,0.005,0.05,1e-06,0.2,1.05,0.8366600265340756,60,20,8,10,0.35,0.25,80.0,1e-12,False,3,4,0.5,True,False,1
2026-10-02T03:48:41+02:00,c_minus__weaker_contraction,c_minus,weaker_contraction,0.8366600265340756,29,Composition,30,2,300000,300000,18298.24971156082,2900.0,15398.24971156082,51.724348317002296,V4,30,300000,8,0.02,0.005,0.05,1e-06,0.2,1.05,0.8366600265340756,60,20,8,10,0.35,0.25,80.0,1e-12,False,3,4,0.5,True,False,1
2026-10-02T03:49:33+02:00,c_minus__weaker_contraction,c_minus,weaker_contraction,0.8366600265340756,29,Composition,30,3,300000,300000,21420.299207547403,2900.0,18520.299207547403,51.734210452006664,V4,30,300000,8,0.02,0.005,0.05,1e-06,0.2,1.05,0.8366600265340756,60,20,8,10,0.35,0.25,80.0,1e-12,False,3,4,0.5,True,False,1
2026-10-02T03:50:25+02:00,c_minus__weaker_contraction,c_minus,weaker_contraction,0.8366600265340756,29,Composition,30,4,300000,300000,28451.280946159986,2900.0,25551.280946159986,51.79867227700015,V4,30,300000,8,0.02,0.005,0.05,1e-06,0.2,1.05,0.8366600265340756,60,20,8,10,0.35,0.25,80.0,1e-12,False,3,4,0.5,True,False,1
2026-10-02T03:52:05+02:00,c_minus__weaker_contraction,c_minus,weaker_contraction,0.8366600265340756,30,Composition,30,0,300000,300000,15211.921707225849,3000.0,12211.921707225849,100.63867044099607,V4,30,300000,8,0.02,0.005,0.05,1e-06,0.2,1.05,0.8366600265340756,60,20,8,10,0.35,0.25,80.0,1e-12,False,3,4,0.5,True,False,1
2026-10-02T03:53:46+02:00,c_minus__weaker_contraction,c_minus,weaker_contraction,0.8366600265340756,30,Composition,30,1,300000,300000,28809.081073791767,3000.0,25809.081073791767,100.16910613499931,V4,30,300000,8,0.02,0.005,0.05,1e-06,0.2,1.05,0.8366600265340756,60,20,8,10,0.35,0.25,80.0,1e-12,False,3,4,0.5,True,False,1
2026-10-02T03:55:25+02:00,c_minus__weaker_contraction,c_minus,weaker_contraction,0.8366600265340756,30,Composition,30,2,300000,300000,31313.861109047575,3000.0,28313.861109047575,99.23980177800695,V4,30,300000,8,0.02,0.005,0.05,1e-06,0.2,1.05,0.8366600265340756,60,20,8,10,0.35,0.25,80.0,1e-12,False,3,4,0.5,True,False,1
2026-10-02T03:57:05+02:00,c_minus__weaker_contraction,c_minus,weaker_contraction,0.8366600265340756,30,Composition,30,3,300000,300000,42192.80375987642,3000.0,39192.80375987642,99.73522262900951,V4,30,300000,8,0.02,0.005,0.05,1e-06,0.2,1.05,0.8366600265340756,60,20,8,10,0.35,0.25,80.0,1e-12,False,3,4,0.5,True,False,1
2026-10-02T03:58:44+02:00,c_minus__weaker_contraction,c_minus,weaker_contraction,0.8366600265340756,30,Composition,30,4,300000,300000,34622.418071772234,3000.0,31622.418071772234,99.23842382800649,V4,30,300000,8,0.02,0.005,0.05,1e-06,0.2,1.05,0.8366600265340756,60,20,8,10,0.35,0.25,80.0,1e-12,False,3,4,0.5,True,False,1
2026-10-02T03:58:52+02:00,stag_trigger__lower,stag_trigger,lower,30,1,Unimodal,30,0,300000,300000,3275954.7016263283,100.0,3275854.7016263283,7.427161404993967,V4,30,300000,8,0.02,0.005,0.05,1e-06,0.2,1.05,0.7,30,20,8,10,0.35,0.25,80.0,1e-12,False,3,4,0.5,True,False,1
2026-10-02T03:58:59+02:00,stag_trigger__lower,stag_trigger,lower,30,1,Unimodal,30,1,300000,300000,8124989.224890999,100.0,8124889.224890999,7.354956944996957,V4,30,300000,8,0.02,0.005,0.05,1e-06,0.2,1.05,0.7,30,20,8,10,0.35,0.25,80.0,1e-12,False,3,4,0.5,True,False,1
2026-10-02T03:59:06+02:00,stag_trigger__lower,stag_trigger,lower,30,1,Unimodal,30,2,300000,300000,1445427.6542090375,100.0,1445327.6542090375,7.327415243998985,V4,30,300000,8,0.02,0.005,0.05,1e-06,0.2,1.05,0.7,30,20,8,10,0.35,0.25,80.0,1e-12,False,3,4,0.5,True,False,1
2026-10-02T03:59:14+02:00,stag_trigger__lower,stag_trigger,lower,30,1,Unimodal,30,3,300000,300000,6798319.178943719,100.0,6798219.178943719,7.397824635001598,V4,30,300000,8,0.02,0.005,0.05,1e-06,0.2,1.05,0.7,30,20,8,10,0.35,0.25,80.0,1e-12,False,3,4,0.5,True,False,1
2026-10-02T03:59:21+02:00,stag_trigger__lower,stag_trigger,lower,30,1,Unimodal,30,4,300000,300000,4418497.595748012,100.0,4418397.595748012,7.346340467003756,V4,30,300000,8,0.02,0.005,0.05,1e-06,0.2,1.05,0.7,30,20,8,10,0.35,0.25,80.0,1e-12,False,3,4,0.5,True,False,1
2026-10-02T03:59:27+02:00,stag_trigger__lower,stag_trigger,lower,30,2,Unimodal,30,0,300000,300000,415706.45197802666,200.0,415506.45197802666,6.208779994994984,V4,30,300000,8,0.02,0.005,0.05,1e-06,0.2,1.05,0.7,30,20,8,10,0.35,0.25,80.0,1e-12,False,3,4,0.5,True,False,1
2026-10-02T03:59:34+02:00,stag_trigger__lower,stag_trigger,lower,30,2,Unimodal,30,1,300000,300000,483425.12787818775,200.0,483225.12787818775,6.317468687004293,V4,30,300000,8,0.02,0.005,0.05,1e-06,0.2,1.05,0.7,30,20,8,10,0.35,0.25,80.0,1e-12,False,3,4,0.5,True,False,1
2026-10-02T03:59:40+02:00,stag_trigger__lower,stag_trigger,lower,30,2,Unimodal,30,2,300000,300000,542048.6425235224,200.0,541848.6425235224,6.281051893995027,V4,30,300000,8,0.02,0.005,0.05,1e-06,0.2,1.05,0.7,30,20,8,10,0.35,0.25,80.0,1e-12,False,3,4,0.5,True,False,1
2026-10-02T03:59:46+02:00,stag_trigger__lower,stag_trigger,lower,30,2,Unimodal,30,3,300000,300000,736153.2381742678,200.0,735953.2381742678,6.3702623449935345,V4,30,300000,8,0.02,0.005,0.05,1e-06,0.2,1.05,0.7,30,20,8,10,0.35,0.25,80.0,1e-12,False,3,4,0.5,True,False,1
2026-10-02T03:59:53+02:00,stag_trigger__lower,stag_trigger,lower,30,2,Unimodal,30,4,300000,300000,866179.7425996872,200.0,865979.7425996872,6.362840475005214,V4,30,300000,8,0.02,0.005,0.05,1e-06,0.2,1.05,0.7,30,20,8,10,0.35,0.25,80.0,1e-12,False,3,4,0.5,True,False,1
2026-10-02T03:59:59+02:00,stag_trigger__lower,stag_trigger,lower,30,3,Unimodal,30,0,300000,300000,30568.47931276917,300.0,30268.47931276917,6.372319394009537,V4,30,300000,8,0.02,0.005,0.05,1e-06,0.2,1.05,0.7,30,20,8,10,0.35,0.25,80.0,1e-12,False,3,4,0.5,True,False,1
2026-10-02T04:00:06+02:00,stag_trigger__lower,stag_trigger,lower,30,3,Unimodal,30,1,300000,300000,1255.7031425899147,300.0,955.7031425899147,6.4222900710010435,V4,30,300000,8,0.02,0.005,0.05,1e-06,0.2,1.05,0.7,30,20,8,10,0.35,0.25,80.0,1e-12,False,3,4,0.5,True,False,1
2026-10-02T04:00:12+02:00,stag_trigger__lower,stag_trigger,lower,30,3,Unimodal,30,2,300000,300000,6546.103047357848,300.0,6246.103047357848,6.479792095007724,V4,30,300000,8,0.02,0.005,0.05,1e-06,0.2,1.05,0.7,30,20,8,10,0.35,0.25,80.0,1e-12,False,3,4,0.5,True,False,1
2026-10-02T04:00:19+02:00,stag_trigger__lower,stag_trigger,lower,30,3,Unimodal,30,3,300000,300000,30203.413376002052,300.0,29903.413376002052,6.253704535993165,V4,30,300000,8,0.02,0.005,0.05,1e-06,0.2,1.05,0.7,30,20,8,10,0.35,0.25,80.0,1e-12,False,3,4,0.5,True,False,1
2026-10-02T04:00:25+02:00,stag_trigger__lower,stag_trigger,lower,30,3,Unimodal,30,4,300000,300000,1364.5366100098367,300.0,1064.5366100098367,6.615842028011684,V4,30,300000,8,0.02,0.005,0.05,1e-06,0.2,1.05,0.7,30,20,8,10,0.35,0.25,80.0,1e-12,False,3,4,0.5,True,False,1
2026-10-02T04:00:33+02:00,stag_trigger__lower,stag_trigger,lower,30,4,Multimodal,30,0,300000,300000,404.6508996145638,400.0,4.650899614563798,7.591364919004263,V4,30,300000,8,0.02,0.005,0.05,1e-06,0.2,1.05,0.7,30,20,8,10,0.35,0.25,80.0,1e-12,False,3,4,0.5,True,False,1
2026-10-02T04:00:41+02:00,stag_trigger__lower,stag_trigger,lower,30,4,Multimodal,30,1,300000,300000,468.71136595160215,400.0,68.71136595160215,7.6131037839950295,V4,30,300000,8,0.02,0.005,0.05,1e-06,0.2,1.05,0.7,30,20,8,10,0.35,0.25,80.0,1e-12,False,3,4,0.5,True,False,1
2026-10-02T04:00:48+02:00,stag_trigger__lower,stag_trigger,lower,30,4,Multimodal,30,2,300000,300000,470.9349244305224,400.0,70.93492443052241,7.36942647601245,V4,30,300000,8,0.02,0.005,0.05,1e-06,0.2,1.05,0.7,30,20,8,10,0.35,0.25,80.0,1e-12,False,3,4,0.5,True,False,1
2026-10-02T04:00:56+02:00,stag_trigger__lower,stag_trigger,lower,30,4,Multimodal,30,3,300000,300000,473.0867475547926,400.0,73.08674755479262,7.7487262900103815,V4,30,300000,8,0.02,0.005,0.05,1e-06,0.2,1.05,0.7,30,20,8,10,0.35,0.25,80.0,1e-12,False,3,4,0.5,True,False,1
2026-10-02T04:01:03+02:00,stag_trigger__lower,stag_trigger,lower,30,4,Multimodal,30,4,300000,300000,472.3517872445592,400.0,72.3517872445592,7.390397690003738,V4,30,300000,8,0.02,0.005,0.05,1e-06,0.2,1.05,0.7,30,20,8,10,0.35,0.25,80.0,1e-12,False,3,4,0.5,True,False,1
2026-10-02T04:01:11+02:00,stag_trigger__lower,stag_trigger,lower,30,5,Multimodal,30,0,300000,300000,521.302656366896,500.0,21.30265636689603,7.438338584994199,V4,30,300000,8,0.02,0.005,0.05,1e-06,0.2,1.05,0.7,30,20,8,10,0.35,0.25,80.0,1e-12,False,3,4,0.5,True,False,1
2026-10-02T04:01:18+02:00,stag_trigger__lower,stag_trigger,lower,30,5,Multimodal,30,1,300000,300000,521.1438023035317,500.0,21.143802303531743,7.374993323988747,V4,30,300000,8,0.02,0.005,0.05,1e-06,0.2,1.05,0.7,30,20,8,10,0.35,0.25,80.0,1e-12,False,3,4,0.5,True,False,1
2026-10-02T04:01:25+02:00,stag_trigger__lower,stag_trigger,lower,30,5,Multimodal,30,2,300000,300000,520.940300089987,500.0,20.940300089986977,7.265554059995338,V4,30,300000,8,0.02,0.005,0.05,1e-06,0.2,1.05,0.7,30,20,8,10,0.35,0.25,80.0,1e-12,False,3,4,0.5,True,False,1
2026-10-02T04:01:33+02:00,stag_trigger__lower,stag_trigger,lower,30,5,Multimodal,30,3,300000,300000,521.2585115604277,500.0,21.258511560427678,7.506680343009066,V4,30,300000,8,0.02,0.005,0.05,1e-06,0.2,1.05,0.7,30,20,8,10,0.35,0.25,80.0,1e-12,False,3,4,0.5,True,False,1
2026-10-02T04:01:40+02:00,stag_trigger__lower,stag_trigger,lower,30,5,Multimodal,30,4,300000,300000,521.2580509432827,500.0,21.258050943282683,7.306728726005531,V4,30,300000,8,0.02,0.005,0.05,1e-06,0.2,1.05,0.7,30,20,8,10,0.35,0.25,80.0,1e-12,False,3,4,0.5,True,False,1
2026-10-02T04:03:06+02:00,stag_trigger__lower,stag_trigger,lower,30,6,Multimodal,30,0,300000,300000,638.1276281266267,600.0,38.127628126626746,85.71526070599793,V4,30,300000,8,0.02,0.005,0.05,1e-06,0.2,1.05,0.7,30,20,8,10,0.35,0.25,80.0,1e-12,False,3,4,0.5,True,False,1
2026-10-02T04:04:32+02:00,stag_trigger__lower,stag_trigger,lower,30,6,Multimodal,30,1,300000,300000,634.744818714037,600.0,34.744818714037024,86.39720844599651,V4,30,300000,8,0.02,0.005,0.05,1e-06,0.2,1.05,0.7,30,20,8,10,0.35,0.25,80.0,1e-12,False,3,4,0.5,True,False,1
2026-10-02T04:05:57+02:00,stag_trigger__lower,stag_trigger,lower,30,6,Multimodal,30,2,300000,300000,636.0177495369107,600.0,36.01774953691074,84.56575991300633,V4,30,300000,8,0.02,0.005,0.05,1e-06,0.2,1.05,0.7,30,20,8,10,0.35,0.25,80.0,1e-12,False,3,4,0.5,True,False,1
2026-10-02T04:07:23+02:00,stag_trigger__lower,stag_trigger,lower,30,6,Multimodal,30,3,300000,300000,632.9435082239636,600.0,32.94350822396359,85.68188436099445,V4,30,300000,8,0.02,0.005,0.05,1e-06,0.2,1.05,0.7,30,20,8,10,0.35,0.25,80.0,1e-12,False,3,4,0.5,True,False,1
2026-10-02T04:08:48+02:00,stag_trigger__lower,stag_trigger,lower,30,6,Multimodal,30,4,300000,300000,633.5069651176335,600.0,33.50696511763351,85.54218405099527,V4,30,300000,8,0.02,0.005,0.05,1e-06,0.2,1.05,0.7,30,20,8,10,0.35,0.25,80.0,1e-12,False,3,4,0.5,True,False,1
2026-10-02T04:08:56+02:00,stag_trigger__lower,stag_trigger,lower,30,7,Multimodal,30,0,300000,300000,700.4492545389935,700.0,0.4492545389935003,7.568472309008939,V4,30,300000,8,0.02,0.005,0.05,1e-06,0.2,1.05,0.7,30,20,8,10,0.35,0.25,80.0,1e-12,False,3,4,0.5,True,False,1
2026-10-02T04:09:03+02:00,stag_trigger__lower,stag_trigger,lower,30,7,Multimodal,30,1,300000,300000,700.3952631094983,700.0,0.3952631094982735,7.458472904996597,V4,30,300000,8,0.02,0.005,0.05,1e-06,0.2,1.05,0.7,30,20,8,10,0.35,0.25,80.0,1e-12,False,3,4,0.5,True,False,1
2026-10-02T04:09:11+02:00,stag_trigger__lower,stag_trigger,lower,30,7,Multimodal,30,2,300000,300000,700.1290307441107,700.0,0.12903074411065063,7.421567222001613,V4,30,300000,8,0.02,0.005,0.05,1e-06,0.2,1.05,0.7,30,20,8,10,0.35,0.25,80.0,1e-12,False,3,4,0.5,True,False,1
2026-10-02T04:09:18+02:00,stag_trigger__lower,stag_trigger,lower,30,7,Multimodal,30,3,300000,300000,700.6771586485095,700.0,0.6771586485094758,7.441910363995703,V4,30,300000,8,0.02,0.005,0.05,1e-06,0.2,1.05,0.7,30,20,8,10,0.35,0.25,80.0,1e-12,False,3,4,0.5,True,False,1
2026-10-02T04:09:26+02:00,stag_trigger__lower,stag_trigger,lower,30,7,Multimodal,30,4,300000,300000,700.3146181901666,700.0,0.3146181901665841,7.5456609160028165,V4,30,300000,8,0.02,0.005,0.05,1e-06,0.2,1.05,0.7,30,20,8,10,0.35,0.25,80.0,1e-12,False,3,4,0.5,True,False,1
2026-10-02T04:09:33+02:00,stag_trigger__lower,stag_trigger,lower,30,8,Multimodal,30,0,300000,300000,1085.9370588943216,800.0,285.9370588943216,7.103428782997071,V4,30,300000,8,0.02,0.005,0.05,1e-06,0.2,1.05,0.7,30,20,8,10,0.35,0.25,80.0,1e-12,False,3,4,0.5,True,False,1
2026-10-02T04:09:40+02:00,stag_trigger__lower,stag_trigger,lower,30,8,Multimodal,30,1,300000,300000,1096.7496276484558,800.0,296.74962764845577,7.32740761700552,V4,30,300000,8,0.02,0.005,0.05,1e-06,0.2,1.05,0.7,30,20,8,10,0.35,0.25,80.0,1e-12,False,3,4,0.5,True,False,1
2026-10-02T04:09:48+02:00,stag_trigger__lower,stag_trigger,lower,30,8,Multimodal,30,2,300000,300000,1088.5320116154908,800.0,288.5320116154908,7.108565888993326,V4,30,300000,8,0.02,0.005,0.05,1e-06,0.2,1.05,0.7,30,20,8,10,0.35,0.25,80.0,1e-12,False,3,4,0.5,True,False,1
2026-10-02T04:09:55+02:00,stag_trigger__lower,stag_trigger,lower,30,8,Multimodal,30,3,300000,300000,1081.2449592989958,800.0,281.2449592989958,7.3471866919862805,V4,30,300000,8,0.02,0.005,0.05,1e-06,0.2,1.05,0.7,30,20,8,10,0.35,0.25,80.0,1e-12,False,3,4,0.5,True,False,1
2026-10-02T04:10:02+02:00,stag_trigger__lower,stag_trigger,lower,30,8,Multimodal,30,4,300000,300000,1063.3429857984431,800.0,263.3429857984431,7.28783954300161,V4,30,300000,8,0.02,0.005,0.05,1e-06,0.2,1.05,0.7,30,20,8,10,0.35,0.25,80.0,1e-12,False,3,4,0.5,True,False,1
2026-10-02T04:10:10+02:00,stag_trigger__lower,stag_trigger,lower,30,9,Multimodal,30,0,300000,300000,1368.1634822851215,900.0,468.1634822851215,7.618631531004212,V4,30,300000,8,0.02,0.005,0.05,1e-06,0.2,1.05,0.7,30,20,8,10,0.35,0.25,80.0,1e-12,False,3,4,0.5,True,False,1
2026-10-02T04:10:18+02:00,stag_trigger__lower,stag_trigger,lower,30,9,Multimodal,30,1,300000,300000,1187.3912038606313,900.0,287.3912038606313,7.48883987798763,V4,30,300000,8,0.02,0.005,0.05,1e-06,0.2,1.05,0.7,30,20,8,10,0.35,0.25,80.0,1e-12,False,3,4,0.5,True,False,1
2026-10-02T04:10:25+02:00,stag_trigger__lower,stag_trigger,lower,30,9,Multimodal,30,2,300000,300000,1346.1734524648698,900.0,446.1734524648698,7.469086848010193,V4,30,300000,8,0.02,0.005,0.05,1e-06,0.2,1.05,0.7,30,20,8,10,0.35,0.25,80.0,1e-12,False,3,4,0.5,True,False,1
2026-10-02T04:10:32+02:00,stag_trigger__lower,stag_trigger,lower,30,9,Multimodal,30,3,300000,300000,1317.5140858600635,900.0,417.51408586006346,7.447081531005097,V4,30,300000,8,0.02,0.005,0.05,1e-06,0.2,1.05,0.7,30,20,8,10,0.35,0.25,80.0,1e-12,False,3,4,0.5,True,False,1
2026-10-02T04:10:40+02:00,stag_trigger__lower,stag_trigger,lower,30,9,Multimodal,30,4,300000,300000,1209.161179658898,900.0,309.16117965889794,7.452436805004254,V4,30,300000,8,0.02,0.005,0.05,1e-06,0.2,1.05,0.7,30,20,8,10,0.35,0.25,80.0,1e-12,False,3,4,0.5,True,False,1
2026-10-02T04:10:53+02:00,stag_trigger__lower,stag_trigger,lower,30,10,Multimodal,30,0,300000,300000,4094.0262907054075,1000.0,3094.0262907054075,12.782242305998807,V4,30,300000,8,0.02,0.005,0.05,1e-06,0.2,1.05,0.7,30,20,8,10,0.35,0.25,80.0,1e-12,False,3,4,0.5,True,False,1
2026-10-02T04:11:05+02:00,stag_trigger__lower,stag_trigger,lower,30,10,Multimodal,30,1,300000,300000,4247.028565642859,1000.0,3247.0285656428587,12.63972780900076,V4,30,300000,8,0.02,0.005,0.05,1e-06,0.2,1.05,0.7,30,20,8,10,0.35,0.25,80.0,1e-12,False,3,4,0.5,True,False,1
2026-10-02T04:11:18+02:00,stag_trigger__lower,stag_trigger,lower,30,10,Multimodal,30,2,300000,300000,4296.756110657472,1000.0,3296.756110657472,12.950915656998404,V4,30,300000,8,0.02,0.005,0.05,1e-06,0.2,1.05,0.7,30,20,8,10,0.35,0.25,80.0,1e-12,False,3,4,0.5,True,False,1
2026-10-02T04:11:31+02:00,stag_trigger__lower,stag_trigger,lower,30,10,Multimodal,30,3,300000,300000,4301.881427176213,1000.0,3301.881427176213,12.493979100996512,V4,30,300000,8,0.02,0.005,0.05,1e-06,0.2,1.05,0.7,30,20,8,10,0.35,0.25,80.0,1e-12,False,3,4,0.5,True,False,1
2026-10-02T04:11:43+02:00,stag_trigger__lower,stag_trigger,lower,30,10,Multimodal,30,4,300000,300000,3644.0279348588447,1000.0,2644.0279348588447,12.445566894995864,V4,30,300000,8,0.02,0.005,0.05,1e-06,0.2,1.05,0.7,30,20,8,10,0.35,0.25,80.0,1e-12,False,3,4,0.5,True,False,1
2026-10-02T04:11:56+02:00,stag_trigger__lower,stag_trigger,lower,30,11,Multimodal,30,0,300000,300000,4779.801793601882,1100.0,3679.8017936018823,12.935486735004815,V4,30,300000,8,0.02,0.005,0.05,1e-06,0.2,1.05,0.7,30,20,8,10,0.35,0.25,80.0,1e-12,False,3,4,0.5,True,False,1
2026-10-02T04:12:09+02:00,stag_trigger__lower,stag_trigger,lower,30,11,Multimodal,30,1,300000,300000,5171.847324771488,1100.0,4071.8473247714883,12.969321434007725,V4,30,300000,8,0.02,0.005,0.05,1e-06,0.2,1.05,0.7,30,20,8,10,0.35,0.25,80.0,1e-12,False,3,4,0.5,True,False,1
2026-10-02T04:12:22+02:00,stag_trigger__lower,stag_trigger,lower,30,11,Multimodal,30,2,300000,300000,4648.907999694329,1100.0,3548.907999694329,12.824848640986602,V4,30,300000,8,0.02,0.005,0.05,1e-06,0.2,1.05,0.7,30,20,8,10,0.35,0.25,80.0,1e-12,False,3,4,0.5,True,False,1
2026-10-02T04:12:35+02:00,stag_trigger__lower,stag_trigger,lower,30,11,Multimodal,30,3,300000,300000,4704.63233155592,1100.0,3604.6323315559202,13.019642202998511,V4,30,300000,8,0.02,0.005,0.05,1e-06,0.2,1.05,0.7,30,20,8,10,0.35,0.25,80.0,1e-12,False,3,4,0.5,True,False,1
2026-10-02T04:12:48+02:00,stag_trigger__lower,stag_trigger,lower,30,11,Multimodal,30,4,300000,300000,5019.740656141661,1100.0,3919.740656141661,12.614601252993452,V4,30,300000,8,0.02,0.005,0.05,1e-06,0.2,1.05,0.7,30,20,8,10,0.35,0.25,80.0,1e-12,False,3,4,0.5,True,False,1
2026-10-02T04:21:08+02:00,stag_trigger__lower,stag_trigger,lower,30,12,Multimodal,30,0,300000,300000,1201.0110740260018,1200.0,1.0110740260017792,500.24863120399823,V4,30,300000,8,0.02,0.005,0.05,1e-06,0.2,1.05,0.7,30,20,8,10,0.35,0.25,80.0,1e-12,False,3,4,0.5,True,False,1
2026-10-02T04:29:38+02:00,stag_trigger__lower,stag_trigger,lower,30,12,Multimodal,30,1,300000,300000,1200.9014917084014,1200.0,0.9014917084014087,509.6054324180004,V4,30,300000,8,0.02,0.005,0.05,1e-06,0.2,1.05,0.7,30,20,8,10,0.35,0.25,80.0,1e-12,False,3,4,0.5,True,False,1
2026-10-02T04:38:05+02:00,stag_trigger__lower,stag_trigger,lower,30,12,Multimodal,30,2,300000,300000,1200.7152632546195,1200.0,0.7152632546194582,507.3343651729956,V4,30,300000,8,0.02,0.005,0.05,1e-06,0.2,1.05,0.7,30,20,8,10,0.35,0.25,80.0,1e-12,False,3,4,0.5,True,False,1
2026-10-02T04:46:39+02:00,stag_trigger__lower,stag_trigger,lower,30,12,Multimodal,30,3,300000,300000,1200.8071401578138,1200.0,0.8071401578138193,513.4876745700021,V4,30,300000,8,0.02,0.005,0.05,1e-06,0.2,1.05,0.7,30,20,8,10,0.35,0.25,80.0,1e-12,False,3,4,0.5,True,False,1
2026-10-02T04:55:09+02:00,stag_trigger__lower,stag_trigger,lower,30,12,Multimodal,30,4,300000,300000,1201.0744992348941,1200.0,1.0744992348941196,509.88729733800574,V4,30,300000,8,0.02,0.005,0.05,1e-06,0.2,1.05,0.7,30,20,8,10,0.35,0.25,80.0,1e-12,False,3,4,0.5,True,False,1
2026-10-02T04:55:16+02:00,stag_trigger__lower,stag_trigger,lower,30,13,Multimodal,30,0,300000,300000,1300.2984545351405,1300.0,0.2984545351405359,7.489543517003767,V4,30,300000,8,0.02,0.005,0.05,1e-06,0.2,1.05,0.7,30,20,8,10,0.35,0.25,80.0,1e-12,False,3,4,0.5,True,False,1
2026-10-02T04:55:24+02:00,stag_trigger__lower,stag_trigger,lower,30,13,Multimodal,30,1,300000,300000,1300.1609850143109,1300.0,0.16098501431088152,7.531484099003137,V4,30,300000,8,0.02,0.005,0.05,1e-06,0.2,1.05,0.7,30,20,8,10,0.35,0.25,80.0,1e-12,False,3,4,0.5,True,False,1
2026-10-02T04:55:32+02:00,stag_trigger__lower,stag_trigger,lower,30,13,Multimodal,30,2,300000,300000,1300.2348259686864,1300.0,0.23482596868643668,7.712728611993953,V4,30,300000,8,0.02,0.005,0.05,1e-06,0.2,1.05,0.7,30,20,8,10,0.35,0.25,80.0,1e-12,False,3,4,0.5,True,False,1
2026-10-02T04:55:39+02:00,stag_trigger__lower,stag_trigger,lower,30,13,Multimodal,30,3,300000,300000,1300.2824500286474,1300.0,0.28245002864741764,7.652556328001083,V4,30,300000,8,0.02,0.005,0.05,1e-06,0.2,1.05,0.7,30,20,8,10,0.35,0.25,80.0,1e-12,False,3,4,0.5,True,False,1
2026-10-02T04:55:47+02:00,stag_trigger__lower,stag_trigger,lower,30,13,Multimodal,30,4,300000,300000,1300.3478182735919,1300.0,0.34781827359188355,7.65981614201155,V4,30,300000,8,0.02,0.005,0.05,1e-06,0.2,1.05,0.7,30,20,8,10,0.35,0.25,80.0,1e-12,False,3,4,0.5,True,False,1
2026-10-02T04:55:55+02:00,stag_trigger__lower,stag_trigger,lower,30,14,Multimodal,30,0,300000,300000,1400.4157985998072,1400.0,0.4157985998072036,7.508446718013147,V4,30,300000,8,0.02,0.005,0.05,1e-06,0.2,1.05,0.7,30,20,8,10,0.35,0.25,80.0,1e-12,False,3,4,0.5,True,False,1
2026-10-02T04:56:02+02:00,stag_trigger__lower,stag_trigger,lower,30,14,Multimodal,30,1,300000,300000,1400.4137406154832,1400.0,0.4137406154832206,7.657021966995671,V4,30,300000,8,0.02,0.005,0.05,1e-06,0.2,1.05,0.7,30,20,8,10,0.35,0.25,80.0,1e-12,False,3,4,0.5,True,False,1
2026-10-02T04:56:10+02:00,stag_trigger__lower,stag_trigger,lower,30,14,Multimodal,30,2,300000,300000,1400.281522836306,1400.0,0.2815228363060669,7.45401859600679,V4,30,300000,8,0.02,0.005,0.05,1e-06,0.2,1.05,0.7,30,20,8,10,0.35,0.25,80.0,1e-12,False,3,4,0.5,True,False,1
2026-10-02T04:56:17+02:00,stag_trigger__lower,stag_trigger,lower,30,14,Multimodal,30,3,300000,300000,1400.5091221506575,1400.0,0.5091221506575039,7.619208232004894,V4,30,300000,8,0.02,0.005,0.05,1e-06,0.2,1.05,0.7,30,20,8,10,0.35,0.25,80.0,1e-12,False,3,4,0.5,True,False,1
2026-10-02T04:56:25+02:00,stag_trigger__lower,stag_trigger,lower,30,14,Multimodal,30,4,300000,300000,1400.3178032765659,1400.0,0.3178032765658827,7.683194609009661,V4,30,300000,8,0.02,0.005,0.05,1e-06,0.2,1.05,0.7,30,20,8,10,0.35,0.25,80.0,1e-12,False,3,4,0.5,True,False,1
2026-10-02T04:56:34+02:00,stag_trigger__lower,stag_trigger,lower,30,15,Multimodal,30,0,300000,300000,1511.1298712437567,1500.0,11.129871243756725,8.514784265003982,V4,30,300000,8,0.02,0.005,0.05,1e-06,0.2,1.05,0.7,30,20,8,10,0.35,0.25,80.0,1e-12,False,3,4,0.5,True,False,1
2026-10-02T04:56:42+02:00,stag_trigger__lower,stag_trigger,lower,30,15,Multimodal,30,1,300000,300000,1516.4753950944996,1500.0,16.475395094499618,8.575642772993888,V4,30,300000,8,0.02,0.005,0.05,1e-06,0.2,1.05,0.7,30,20,8,10,0.35,0.25,80.0,1e-12,False,3,4,0.5,True,False,1
2026-10-02T04:56:51+02:00,stag_trigger__lower,stag_trigger,lower,30,15,Multimodal,30,2,300000,300000,1513.6596098526932,1500.0,13.659609852693166,8.802780161000555,V4,30,300000,8,0.02,0.005,0.05,1e-06,0.2,1.05,0.7,30,20,8,10,0.35,0.25,80.0,1e-12,False,3,4,0.5,True,False,1
2026-10-02T04:56:59+02:00,stag_trigger__lower,stag_trigger,lower,30,15,Multimodal,30,3,300000,300000,1511.0305845758048,1500.0,11.030584575804824,8.258667985995999,V4,30,300000,8,0.02,0.005,0.05,1e-06,0.2,1.05,0.7,30,20,8,10,0.35,0.25,80.0,1e-12,False,3,4,0.5,True,False,1
2026-10-02T04:57:08+02:00,stag_trigger__lower,stag_trigger,lower,30,15,Multimodal,30,4,300000,300000,1512.8325789806404,1500.0,12.832578980640392,8.71045952399436,V4,30,300000,8,0.02,0.005,0.05,1e-06,0.2,1.05,0.7,30,20,8,10,0.35,0.25,80.0,1e-12,False,3,4,0.5,True,False,1
2026-10-02T04:57:54+02:00,stag_trigger__lower,stag_trigger,lower,30,16,Multimodal,30,0,300000,300000,1613.2321645491352,1600.0,13.232164549135177,45.52843626799586,V4,30,300000,8,0.02,0.005,0.05,1e-06,0.2,1.05,0.7,30,20,8,10,0.35,0.25,80.0,1e-12,False,3,4,0.5,True,False,1
2026-10-02T04:58:40+02:00,stag_trigger__lower,stag_trigger,lower,30,16,Multimodal,30,1,300000,300000,1613.5007809757399,1600.0,13.500780975739872,45.807412092006416,V4,30,300000,8,0.02,0.005,0.05,1e-06,0.2,1.05,0.7,30,20,8,10,0.35,0.25,80.0,1e-12,False,3,4,0.5,True,False,1
2026-10-02T04:59:25+02:00,stag_trigger__lower,stag_trigger,lower,30,16,Multimodal,30,2,300000,300000,1613.8812825543043,1600.0,13.881282554304335,45.704197956991266,V4,30,300000,8,0.02,0.005,0.05,1e-06,0.2,1.05,0.7,30,20,8,10,0.35,0.25,80.0,1e-12,False,3,4,0.5,True,False,1
2026-10-02T05:00:11+02:00,stag_trigger__lower,stag_trigger,lower,30,16,Multimodal,30,3,300000,300000,1613.6489956696332,1600.0,13.648995669633223,45.84591518899833,V4,30,300000,8,0.02,0.005,0.05,1e-06,0.2,1.05,0.7,30,20,8,10,0.35,0.25,80.0,1e-12,False,3,4,0.5,True,False,1
2026-10-02T05:00:56+02:00,stag_trigger__lower,stag_trigger,lower,30,16,Multimodal,30,4,300000,300000,1613.4073206999085,1600.0,13.407320699908496,45.06182215399167,V4,30,300000,8,0.02,0.005,0.05,1e-06,0.2,1.05,0.7,30,20,8,10,0.35,0.25,80.0,1e-12,False,3,4,0.5,True,False,1
2026-10-02T05:01:12+02:00,stag_trigger__lower,stag_trigger,lower,30,17,Hybrid,30,0,300000,300000,198521.8468452968,1700.0,196821.8468452968,15.078924048008048,V4,30,300000,8,0.02,0.005,0.05,1e-06,0.2,1.05,0.7,30,20,8,10,0.35,0.25,80.0,1e-12,False,3,4,0.5,True,False,1
2026-10-02T05:01:27+02:00,stag_trigger__lower,stag_trigger,lower,30,17,Hybrid,30,1,300000,300000,330644.00477885344,1700.0,328944.00477885344,15.63957174900861,V4,30,300000,8,0.02,0.005,0.05,1e-06,0.2,1.05,0.7,30,20,8,10,0.35,0.25,80.0,1e-12,False,3,4,0.5,True,False,1
2026-10-02T05:01:43+02:00,stag_trigger__lower,stag_trigger,lower,30,17,Hybrid,30,2,300000,300000,440827.51675171655,1700.0,439127.51675171655,15.56337176100351,V4,30,300000,8,0.02,0.005,0.05,1e-06,0.2,1.05,0.7,30,20,8,10,0.35,0.25,80.0,1e-12,False,3,4,0.5,True,False,1
2026-10-02T05:01:59+02:00,stag_trigger__lower,stag_trigger,lower,30,17,Hybrid,30,3,300000,300000,200111.4874415376,1700.0,198411.4874415376,15.673368834002758,V4,30,300000,8,0.02,0.005,0.05,1e-06,0.2,1.05,0.7,30,20,8,10,0.35,0.25,80.0,1e-12,False,3,4,0.5,True,False,1
2026-10-02T05:02:14+02:00,stag_trigger__lower,stag_trigger,lower,30,17,Hybrid,30,4,300000,300000,110172.58808699941,1700.0,108472.58808699941,14.882743659996777,V4,30,300000,8,0.02,0.005,0.05,1e-06,0.2,1.05,0.7,30,20,8,10,0.35,0.25,80.0,1e-12,False,3,4,0.5,True,False,1
2026-10-02T05:02:23+02:00,stag_trigger__lower,stag_trigger,lower,30,18,Hybrid,30,0,300000,300000,66811.77467272602,1800.0,65011.774672726024,9.739330197000527,V4,30,300000,8,0.02,0.005,0.05,1e-06,0.2,1.05,0.7,30,20,8,10,0.35,0.25,80.0,1e-12,False,3,4,0.5,True,False,1
2026-10-02T05:02:33+02:00,stag_trigger__lower,stag_trigger,lower,30,18,Hybrid,30,1,300000,300000,59494.50934293083,1800.0,57694.50934293083,9.6785557379917,V4,30,300000,8,0.02,0.005,0.05,1e-06,0.2,1.05,0.7,30,20,8,10,0.35,0.25,80.0,1e-12,False,3,4,0.5,True,False,1
2026-10-02T05:02:43+02:00,stag_trigger__lower,stag_trigger,lower,30,18,Hybrid,30,2,300000,300000,111100.31280522473,1800.0,109300.31280522473,9.656724967004266,V4,30,300000,8,0.02,0.005,0.05,1e-06,0.2,1.05,0.7,30,20,8,10,0.35,0.25,80.0,1e-12,False,3,4,0.5,True,False,1
2026-10-02T05:02:53+02:00,stag_trigger__lower,stag_trigger,lower,30,18,Hybrid,30,3,300000,300000,53415.791637422866,1800.0,51615.791637422866,9.856539857006283,V4,30,300000,8,0.02,0.005,0.05,1e-06,0.2,1.05,0.7,30,20,8,10,0.35,0.25,80.0,1e-12,False,3,4,0.5,True,False,1
2026-10-02T05:03:02+02:00,stag_trigger__lower,stag_trigger,lower,30,18,Hybrid,30,4,300000,300000,103997.0215160751,1800.0,102197.0215160751,9.797939267999027,V4,30,300000,8,0.02,0.005,0.05,1e-06,0.2,1.05,0.7,30,20,8,10,0.35,0.25,80.0,1e-12,False,3,4,0.5,True,False,1
2026-10-02T05:03:35+02:00,stag_trigger__lower,stag_trigger,lower,30,19,Hybrid,30,0,300000,300000,1934.8694238765984,1900.0,34.869423876598376,32.54985337800463,V4,30,300000,8,0.02,0.005,0.05,1e-06,0.2,1.05,0.7,30,20,8,10,0.35,0.25,80.0,1e-12,False,3,4,0.5,True,False,1
2026-10-02T05:04:07+02:00,stag_trigger__lower,stag_trigger,lower,30,19,Hybrid,30,1,300000,300000,1936.7022155087077,1900.0,36.702215508707695,32.12158628999896,V4,30,300000,8,0.02,0.005,0.05,1e-06,0.2,1.05,0.7,30,20,8,10,0.35,0.25,80.0,1e-12,False,3,4,0.5,True,False,1
2026-10-02T05:04:40+02:00,stag_trigger__lower,stag_trigger,lower,30,19,Hybrid,30,2,300000,300000,1930.7304361154384,1900.0,30.73043611543835,32.41841721101082,V4,30,300000,8,0.02,0.005,0.05,1e-06,0.2,1.05,0.7,30,20,8,10,0.35,0.25,80.0,1e-12,False,3,4,0.5,True,False,1
2026-10-02T05:05:12+02:00,stag_trigger__lower,stag_trigger,lower,30,19,Hybrid,30,3,300000,300000,1938.1859439474786,1900.0,38.18594394747856,32.23508214199683,V4,30,300000,8,0.02,0.005,0.05,1e-06,0.2,1.05,0.7,30,20,8,10,0.35,0.25,80.0,1e-12,False,3,4,0.5,True,False,1
2026-10-02T05:05:45+02:00,stag_trigger__lower,stag_trigger,lower,30,19,Hybrid,30,4,300000,300000,1938.9826991062812,1900.0,38.98269910628119,32.821651716003544,V4,30,300000,8,0.02,0.005,0.05,1e-06,0.2,1.05,0.7,30,20,8,10,0.35,0.25,80.0,1e-12,False,3,4,0.5,True,False,1
2026-10-02T05:05:57+02:00,stag_trigger__lower,stag_trigger,lower,30,20,Hybrid,30,0,300000,300000,17948.023817956422,2000.0,15948.023817956422,12.235370965005131,V4,30,300000,8,0.02,0.005,0.05,1e-06,0.2,1.05,0.7,30,20,8,10,0.35,0.25,80.0,1e-12,False,3,4,0.5,True,False,1
2026-10-02T05:06:09+02:00,stag_trigger__lower,stag_trigger,lower,30,20,Hybrid,30,1,300000,300000,36715.594126389646,2000.0,34715.594126389646,12.223595185991144,V4,30,300000,8,0.02,0.005,0.05,1e-06,0.2,1.05,0.7,30,20,8,10,0.35,0.25,80.0,1e-12,False,3,4,0.5,True,False,1
2026-10-02T05:06:22+02:00,stag_trigger__lower,stag_trigger,lower,30,20,Hybrid,30,2,300000,300000,43107.42117046004,2000.0,41107.42117046004,12.208217926003272,V4,30,300000,8,0.02,0.005,0.05,1e-06,0.2,1.05,0.7,30,20,8,10,0.35,0.25,80.0,1e-12,False,3,4,0.5,True,False,1
2026-10-02T05:06:34+02:00,stag_trigger__lower,stag_trigger,lower,30,20,Hybrid,30,3,300000,300000,39189.33558345727,2000.0,37189.33558345727,12.169010017008986,V4,30,300000,8,0.02,0.005,0.05,1e-06,0.2,1.05,0.7,30,20,8,10,0.35,0.25,80.0,1e-12,False,3,4,0.5,True,False,1
2026-10-02T05:06:46+02:00,stag_trigger__lower,stag_trigger,lower,30,20,Hybrid,30,4,300000,300000,35703.600443749456,2000.0,33703.600443749456,12.453570277008112,V4,30,300000,8,0.02,0.005,0.05,1e-06,0.2,1.05,0.7,30,20,8,10,0.35,0.25,80.0,1e-12,False,3,4,0.5,True,False,1
2026-10-02T05:07:09+02:00,stag_trigger__lower,stag_trigger,lower,30,21,Hybrid,30,0,300000,300000,64074.3725267224,2100.0,61974.3725267224,22.87033799001074,V4,30,300000,8,0.02,0.005,0.05,1e-06,0.2,1.05,0.7,30,20,8,10,0.35,0.25,80.0,1e-12,False,3,4,0.5,True,False,1
2026-10-02T05:07:32+02:00,stag_trigger__lower,stag_trigger,lower,30,21,Hybrid,30,1,300000,300000,58367.600858815385,2100.0,56267.600858815385,23.071924818999832,V4,30,300000,8,0.02,0.005,0.05,1e-06,0.2,1.05,0.7,30,20,8,10,0.35,0.25,80.0,1e-12,False,3,4,0.5,True,False,1
2026-10-02T05:07:55+02:00,stag_trigger__lower,stag_trigger,lower,30,21,Hybrid,30,2,300000,300000,45852.1014119097,2100.0,43752.1014119097,22.644565549999243,V4,30,300000,8,0.02,0.005,0.05,1e-06,0.2,1.05,0.7,30,20,8,10,0.35,0.25,80.0,1e-12,False,3,4,0.5,True,False,1
2026-10-02T05:08:18+02:00,stag_trigger__lower,stag_trigger,lower,30,21,Hybrid,30,3,300000,300000,42714.72803471061,2100.0,40614.72803471061,22.963886338999146,V4,30,300000,8,0.02,0.005,0.05,1e-06,0.2,1.05,0.7,30,20,8,10,0.35,0.25,80.0,1e-12,False,3,4,0.5,True,False,1
2026-10-02T05:08:42+02:00,stag_trigger__lower,stag_trigger,lower,30,21,Hybrid,30,4,300000,300000,34208.99406849013,2100.0,32108.99406849013,23.449733799003297,V4,30,300000,8,0.02,0.005,0.05,1e-06,0.2,1.05,0.7,30,20,8,10,0.35,0.25,80.0,1e-12,False,3,4,0.5,True,False,1
2026-10-02T05:09:52+02:00,stag_trigger__lower,stag_trigger,lower,30,22,Hybrid,30,0,300000,300000,2678.2907583281235,2200.0,478.2907583281235,70.72700566099957,V4,30,300000,8,0.02,0.005,0.05,1e-06,0.2,1.05,0.7,30,20,8,10,0.35,0.25,80.0,1e-12,False,3,4,0.5,True,False,1
2026-10-02T05:11:03+02:00,stag_trigger__lower,stag_trigger,lower,30,22,Hybrid,30,1,300000,300000,2586.5169617849187,2200.0,386.51696178491875,70.43193334600073,V4,30,300000,8,0.02,0.005,0.05,1e-06,0.2,1.05,0.7,30,20,8,10,0.35,0.25,80.0,1e-12,False,3,4,0.5,True,False,1
2026-10-02T05:12:14+02:00,stag_trigger__lower,stag_trigger,lower,30,22,Hybrid,30,2,300000,300000,2629.443149074032,2200.0,429.44314907403214,71.30987051200646,V4,30,300000,8,0.02,0.005,0.05,1e-06,0.2,1.05,0.7,30,20,8,10,0.35,0.25,80.0,1e-12,False,3,4,0.5,True,False,1
2026-10-02T05:13:25+02:00,stag_trigger__lower,stag_trigger,lower,30,22,Hybrid,30,3,300000,300000,2610.3859707722045,2200.0,410.3859707722045,71.09715574201255,V4,30,300000,8,0.02,0.005,0.05,1e-06,0.2,1.05,0.7,30,20,8,10,0.35,0.25,80.0,1e-12,False,3,4,0.5,True,False,1
2026-10-02T05:14:36+02:00,stag_trigger__lower,stag_trigger,lower,30,22,Hybrid,30,4,300000,300000,2595.490768533058,2200.0,395.49076853305814,70.82388016000914,V4,30,300000,8,0.02,0.005,0.05,1e-06,0.2,1.05,0.7,30,20,8,10,0.35,0.25,80.0,1e-12,False,3,4,0.5,True,False,1
2026-10-02T05:14:55+02:00,stag_trigger__lower,stag_trigger,lower,30,23,Composition,30,0,300000,300000,2522.8586022130053,2300.0,222.85860221300527,18.653653688001214,V4,30,300000,8,0.02,0.005,0.05,1e-06,0.2,1.05,0.7,30,20,8,10,0.35,0.25,80.0,1e-12,False,3,4,0.5,True,False,1
2026-10-02T05:15:14+02:00,stag_trigger__lower,stag_trigger,lower,30,23,Composition,30,1,300000,300000,2522.8636553419465,2300.0,222.86365534194647,18.543683890005923,V4,30,300000,8,0.02,0.005,0.05,1e-06,0.2,1.05,0.7,30,20,8,10,0.35,0.25,80.0,1e-12,False,3,4,0.5,True,False,1
2026-10-02T05:15:33+02:00,stag_trigger__lower,stag_trigger,lower,30,23,Composition,30,2,300000,300000,2522.865045599742,2300.0,222.8650455997422,19.272929668004508,V4,30,300000,8,0.02,0.005,0.05,1e-06,0.2,1.05,0.7,30,20,8,10,0.35,0.25,80.0,1e-12,False,3,4,0.5,True,False,1
2026-10-02T05:15:52+02:00,stag_trigger__lower,stag_trigger,lower,30,23,Composition,30,3,300000,300000,2522.8668914315717,2300.0,222.86689143157173,18.706152536004083,V4,30,300000,8,0.02,0.005,0.05,1e-06,0.2,1.05,0.7,30,20,8,10,0.35,0.25,80.0,1e-12,False,3,4,0.5,True,False,1
2026-10-02T05:16:11+02:00,stag_trigger__lower,stag_trigger,lower,30,23,Composition,30,4,300000,300000,2522.860526883894,2300.0,222.86052688389418,18.866434429000947,V4,30,300000,8,0.02,0.005,0.05,1e-06,0.2,1.05,0.7,30,20,8,10,0.35,0.25,80.0,1e-12,False,3,4,0.5,True,False,1
2026-10-02T05:16:32+02:00,stag_trigger__lower,stag_trigger,lower,30,24,Composition,30,0,300000,300000,2625.795836398005,2400.0,225.79583639800512,20.960754643994733,V4,30,300000,8,0.02,0.005,0.05,1e-06,0.2,1.05,0.7,30,20,8,10,0.35,0.25,80.0,1e-12,False,3,4,0.5,True,False,1
2026-10-02T05:16:53+02:00,stag_trigger__lower,stag_trigger,lower,30,24,Composition,30,1,300000,300000,2627.0054580723354,2400.0,227.0054580723354,21.29495694799698,V4,30,300000,8,0.02,0.005,0.05,1e-06,0.2,1.05,0.7,30,20,8,10,0.35,0.25,80.0,1e-12,False,3,4,0.5,True,False,1
2026-10-02T05:17:14+02:00,stag_trigger__lower,stag_trigger,lower,30,24,Composition,30,2,300000,300000,2626.195525623447,2400.0,226.19552562344688,20.9090511300019,V4,30,300000,8,0.02,0.005,0.05,1e-06,0.2,1.05,0.7,30,20,8,10,0.35,0.25,80.0,1e-12,False,3,4,0.5,True,False,1
2026-10-02T05:17:35+02:00,stag_trigger__lower,stag_trigger,lower,30,24,Composition,30,3,300000,300000,2629.7462784215913,2400.0,229.74627842159134,21.17561986700457,V4,30,300000,8,0.02,0.005,0.05,1e-06,0.2,1.05,0.7,30,20,8,10,0.35,0.25,80.0,1e-12,False,3,4,0.5,True,False,1
2026-10-02T05:17:57+02:00,stag_trigger__lower,stag_trigger,lower,30,24,Composition,30,4,300000,300000,2627.9070830392525,2400.0,227.90708303925248,21.255997718995786,V4,30,300000,8,0.02,0.005,0.05,1e-06,0.2,1.05,0.7,30,20,8,10,0.35,0.25,80.0,1e-12,False,3,4,0.5,True,False,1
2026-10-02T05:18:18+02:00,stag_trigger__lower,stag_trigger,lower,30,25,Composition,30,0,300000,300000,2712.514208039029,2500.0,212.5142080390292,21.46158191599534,V4,30,300000,8,0.02,0.005,0.05,1e-06,0.2,1.05,0.7,30,20,8,10,0.35,0.25,80.0,1e-12,False,3,4,0.5,True,False,1
2026-10-02T05:18:40+02:00,stag_trigger__lower,stag_trigger,lower,30,25,Composition,30,1,300000,300000,2714.2455188005415,2500.0,214.2455188005415,21.410353776009288,V4,30,300000,8,0.02,0.005,0.05,1e-06,0.2,1.05,0.7,30,20,8,10,0.35,0.25,80.0,1e-12,False,3,4,0.5,True,False,1
2026-10-02T05:19:01+02:00,stag_trigger__lower,stag_trigger,lower,30,25,Composition,30,2,300000,300000,2713.1676209193565,2500.0,213.16762091935652,21.47094274101255,V4,30,300000,8,0.02,0.005,0.05,1e-06,0.2,1.05,0.7,30,20,8,10,0.35,0.25,80.0,1e-12,False,3,4,0.5,True,False,1
2026-10-02T05:19:22+02:00,stag_trigger__lower,stag_trigger,lower,30,25,Composition,30,3,300000,300000,2720.9965223985555,2500.0,220.9965223985555,21.09728049399564,V4,30,300000,8,0.02,0.005,0.05,1e-06,0.2,1.05,0.7,30,20,8,10,0.35,0.25,80.0,1e-12,False,3,4,0.5,True,False,1
2026-10-02T05:19:44+02:00,stag_trigger__lower,stag_trigger,lower,30,25,Composition,30,4,300000,300000,2719.997128300316,2500.0,219.99712830031604,21.78014638100285,V4,30,300000,8,0.02,0.005,0.05,1e-06,0.2,1.05,0.7,30,20,8,10,0.35,0.25,80.0,1e-12,False,3,4,0.5,True,False,1
2026-10-02T05:21:33+02:00,stag_trigger__lower,stag_trigger,lower,30,26,Composition,30,0,300000,300000,2800.2077099410712,2600.0,200.20770994107124,108.81739053800993,V4,30,300000,8,0.02,0.005,0.05,1e-06,0.2,1.05,0.7,30,20,8,10,0.35,0.25,80.0,1e-12,False,3,4,0.5,True,False,1
2026-10-02T05:23:22+02:00,stag_trigger__lower,stag_trigger,lower,30,26,Composition,30,1,300000,300000,2700.371825763166,2600.0,100.37182576316582,108.89521773500019,V4,30,300000,8,0.02,0.005,0.05,1e-06,0.2,1.05,0.7,30,20,8,10,0.35,0.25,80.0,1e-12,False,3,4,0.5,True,False,1
2026-10-02T05:25:11+02:00,stag_trigger__lower,stag_trigger,lower,30,26,Composition,30,2,300000,300000,2800.151897388958,2600.0,200.15189738895788,108.33365191299526,V4,30,300000,8,0.02,0.005,0.05,1e-06,0.2,1.05,0.7,30,20,8,10,0.35,0.25,80.0,1e-12,False,3,4,0.5,True,False,1
2026-10-02T05:26:59+02:00,stag_trigger__lower,stag_trigger,lower,30,26,Composition,30,3,300000,300000,2800.2647709827834,2600.0,200.26477098278338,108.67226884199772,V4,30,300000,8,0.02,0.005,0.05,1e-06,0.2,1.05,0.7,30,20,8,10,0.35,0.25,80.0,1e-12,False,3,4,0.5,True,False,1
2026-10-02T05:28:48+02:00,stag_trigger__lower,stag_trigger,lower,30,26,Composition,30,4,300000,300000,2800.09791948938,2600.0,200.09791948937982,108.97162757100887,V4,30,300000,8,0.02,0.005,0.05,1e-06,0.2,1.05,0.7,30,20,8,10,0.35,0.25,80.0,1e-12,False,3,4,0.5,True,False,1
2026-10-02T05:30:36+02:00,stag_trigger__lower,stag_trigger,lower,30,27,Composition,30,0,300000,300000,3104.02193891017,2700.0,404.02193891016987,107.86729819099128,V4,30,300000,8,0.02,0.005,0.05,1e-06,0.2,1.05,0.7,30,20,8,10,0.35,0.25,80.0,1e-12,False,3,4,0.5,True,False,1
2026-10-02T05:32:25+02:00,stag_trigger__lower,stag_trigger,lower,30,27,Composition,30,1,300000,300000,3104.3214478941036,2700.0,404.3214478941036,108.81026524900517,V4,30,300000,8,0.02,0.005,0.05,1e-06,0.2,1.05,0.7,30,20,8,10,0.35,0.25,80.0,1e-12,False,3,4,0.5,True,False,1
2026-10-02T05:34:14+02:00,stag_trigger__lower,stag_trigger,lower,30,27,Composition,30,2,300000,300000,3103.337566226121,2700.0,403.337566226121,109.04255769698648,V4,30,300000,8,0.02,0.005,0.05,1e-06,0.2,1.05,0.7,30,20,8,10,0.35,0.25,80.0,1e-12,False,3,4,0.5,True,False,1
2026-10-02T05:36:04+02:00,stag_trigger__lower,stag_trigger,lower,30,27,Composition,30,3,300000,300000,3103.969927244342,2700.0,403.9699272443422,109.17946169400238,V4,30,300000,8,0.02,0.005,0.05,1e-06,0.2,1.05,0.7,30,20,8,10,0.35,0.25,80.0,1e-12,False,3,4,0.5,True,False,1
2026-10-02T05:37:51+02:00,stag_trigger__lower,stag_trigger,lower,30,27,Composition,30,4,300000,300000,3104.444023585339,2700.0,404.444023585339,107.40363678999711,V4,30,300000,8,0.02,0.005,0.05,1e-06,0.2,1.05,0.7,30,20,8,10,0.35,0.25,80.0,1e-12,False,3,4,0.5,True,False,1
2026-10-02T05:38:59+02:00,stag_trigger__lower,stag_trigger,lower,30,28,Composition,30,0,300000,300000,7358.92193589299,2800.0,4558.92193589299,67.25962379499106,V4,30,300000,8,0.02,0.005,0.05,1e-06,0.2,1.05,0.7,30,20,8,10,0.35,0.25,80.0,1e-12,False,3,4,0.5,True,False,1
2026-10-02T05:40:08+02:00,stag_trigger__lower,stag_trigger,lower,30,28,Composition,30,1,300000,300000,6881.27783046956,2800.0,4081.2778304695603,69.10057356499601,V4,30,300000,8,0.02,0.005,0.05,1e-06,0.2,1.05,0.7,30,20,8,10,0.35,0.25,80.0,1e-12,False,3,4,0.5,True,False,1
2026-10-02T05:41:15+02:00,stag_trigger__lower,stag_trigger,lower,30,28,Composition,30,2,300000,300000,7562.404048682987,2800.0,4762.404048682987,67.39037201298925,V4,30,300000,8,0.02,0.005,0.05,1e-06,0.2,1.05,0.7,30,20,8,10,0.35,0.25,80.0,1e-12,False,3,4,0.5,True,False,1
2026-10-02T05:42:23+02:00,stag_trigger__lower,stag_trigger,lower,30,28,Composition,30,3,300000,300000,6088.206900809353,2800.0,3288.206900809353,67.82561602599162,V4,30,300000,8,0.02,0.005,0.05,1e-06,0.2,1.05,0.7,30,20,8,10,0.35,0.25,80.0,1e-12,False,3,4,0.5,True,False,1
2026-10-02T05:43:31+02:00,stag_trigger__lower,stag_trigger,lower,30,28,Composition,30,4,300000,300000,7443.963583177185,2800.0,4643.963583177185,67.73279383098998,V4,30,300000,8,0.02,0.005,0.05,1e-06,0.2,1.05,0.7,30,20,8,10,0.35,0.25,80.0,1e-12,False,3,4,0.5,True,False,1
2026-10-02T05:44:23+02:00,stag_trigger__lower,stag_trigger,lower,30,29,Composition,30,0,300000,300000,20465.456471714504,2900.0,17565.456471714504,51.968958252997254,V4,30,300000,8,0.02,0.005,0.05,1e-06,0.2,1.05,0.7,30,20,8,10,0.35,0.25,80.0,1e-12,False,3,4,0.5,True,False,1
2026-10-02T05:45:15+02:00,stag_trigger__lower,stag_trigger,lower,30,29,Composition,30,1,300000,300000,19749.373636235407,2900.0,16849.373636235407,52.42794571600098,V4,30,300000,8,0.02,0.005,0.05,1e-06,0.2,1.05,0.7,30,20,8,10,0.35,0.25,80.0,1e-12,False,3,4,0.5,True,False,1
2026-10-02T05:46:09+02:00,stag_trigger__lower,stag_trigger,lower,30,29,Composition,30,2,300000,300000,10824.938632937872,2900.0,7924.938632937872,53.31630723600392,V4,30,300000,8,0.02,0.005,0.05,1e-06,0.2,1.05,0.7,30,20,8,10,0.35,0.25,80.0,1e-12,False,3,4,0.5,True,False,1
2026-10-02T05:47:01+02:00,stag_trigger__lower,stag_trigger,lower,30,29,Composition,30,3,300000,300000,11307.264966129584,2900.0,8407.264966129584,52.02570470800856,V4,30,300000,8,0.02,0.005,0.05,1e-06,0.2,1.05,0.7,30,20,8,10,0.35,0.25,80.0,1e-12,False,3,4,0.5,True,False,1
2026-10-02T05:47:54+02:00,stag_trigger__lower,stag_trigger,lower,30,29,Composition,30,4,300000,300000,20334.102368688393,2900.0,17434.102368688393,52.840537794007105,V4,30,300000,8,0.02,0.005,0.05,1e-06,0.2,1.05,0.7,30,20,8,10,0.35,0.25,80.0,1e-12,False,3,4,0.5,True,False,1
2026-10-02T05:49:36+02:00,stag_trigger__lower,stag_trigger,lower,30,30,Composition,30,0,300000,300000,24768.554488061985,3000.0,21768.554488061985,101.58341818999907,V4,30,300000,8,0.02,0.005,0.05,1e-06,0.2,1.05,0.7,30,20,8,10,0.35,0.25,80.0,1e-12,False,3,4,0.5,True,False,1
2026-10-02T05:51:18+02:00,stag_trigger__lower,stag_trigger,lower,30,30,Composition,30,1,300000,300000,14418.582659910186,3000.0,11418.582659910186,102.24411705801322,V4,30,300000,8,0.02,0.005,0.05,1e-06,0.2,1.05,0.7,30,20,8,10,0.35,0.25,80.0,1e-12,False,3,4,0.5,True,False,1
2026-10-02T05:52:59+02:00,stag_trigger__lower,stag_trigger,lower,30,30,Composition,30,2,300000,300000,33059.52779789798,3000.0,30059.52779789798,100.5070396289957,V4,30,300000,8,0.02,0.005,0.05,1e-06,0.2,1.05,0.7,30,20,8,10,0.35,0.25,80.0,1e-12,False,3,4,0.5,True,False,1
2026-10-02T05:54:40+02:00,stag_trigger__lower,stag_trigger,lower,30,30,Composition,30,3,300000,300000,30116.314758175686,3000.0,27116.314758175686,101.37505574099487,V4,30,300000,8,0.02,0.005,0.05,1e-06,0.2,1.05,0.7,30,20,8,10,0.35,0.25,80.0,1e-12,False,3,4,0.5,True,False,1
2026-10-02T05:56:21+02:00,stag_trigger__lower,stag_trigger,lower,30,30,Composition,30,4,300000,300000,41426.56525962144,3000.0,38426.56525962144,100.9222466309875,V4,30,300000,8,0.02,0.005,0.05,1e-06,0.2,1.05,0.7,30,20,8,10,0.35,0.25,80.0,1e-12,False,3,4,0.5,True,False,1
2026-10-02T05:56:29+02:00,stag_trigger__upper,stag_trigger,upper,120,1,Unimodal,30,0,300000,300000,2605839.5735163284,100.0,2605739.5735163284,7.401037743999041,V4,30,300000,8,0.02,0.005,0.05,1e-06,0.2,1.05,0.7,120,20,8,10,0.35,0.25,80.0,1e-12,False,3,4,0.5,True,False,1
2026-10-02T05:56:36+02:00,stag_trigger__upper,stag_trigger,upper,120,1,Unimodal,30,1,300000,300000,7251449.940862323,100.0,7251349.940862323,7.11795688100392,V4,30,300000,8,0.02,0.005,0.05,1e-06,0.2,1.05,0.7,120,20,8,10,0.35,0.25,80.0,1e-12,False,3,4,0.5,True,False,1
2026-10-02T05:56:43+02:00,stag_trigger__upper,stag_trigger,upper,120,1,Unimodal,30,2,300000,300000,11363316.791245446,100.0,11363216.791245446,7.229298916994594,V4,30,300000,8,0.02,0.005,0.05,1e-06,0.2,1.05,0.7,120,20,8,10,0.35,0.25,80.0,1e-12,False,3,4,0.5,True,False,1
2026-10-02T05:56:51+02:00,stag_trigger__upper,stag_trigger,upper,120,1,Unimodal,30,3,300000,300000,6389065.705558855,100.0,6388965.705558855,7.587637333010207,V4,30,300000,8,0.02,0.005,0.05,1e-06,0.2,1.05,0.7,120,20,8,10,0.35,0.25,80.0,1e-12,False,3,4,0.5,True,False,1
2026-10-02T05:56:58+02:00,stag_trigger__upper,stag_trigger,upper,120,1,Unimodal,30,4,300000,300000,4472906.994967397,100.0,4472806.994967397,7.356943342994782,V4,30,300000,8,0.02,0.005,0.05,1e-06,0.2,1.05,0.7,120,20,8,10,0.35,0.25,80.0,1e-12,False,3,4,0.5,True,False,1
2026-10-02T05:57:05+02:00,stag_trigger__upper,stag_trigger,upper,120,2,Unimodal,30,0,300000,300000,445370.1324206946,200.0,445170.1324206946,6.516584010998486,V4,30,300000,8,0.02,0.005,0.05,1e-06,0.2,1.05,0.7,120,20,8,10,0.35,0.25,80.0,1e-12,False,3,4,0.5,True,False,1
2026-10-02T05:57:11+02:00,stag_trigger__upper,stag_trigger,upper,120,2,Unimodal,30,1,300000,300000,394981.4995902644,200.0,394781.4995902644,6.36943987099221,V4,30,300000,8,0.02,0.005,0.05,1e-06,0.2,1.05,0.7,120,20,8,10,0.35,0.25,80.0,1e-12,False,3,4,0.5,True,False,1
2026-10-02T05:57:17+02:00,stag_trigger__upper,stag_trigger,upper,120,2,Unimodal,30,2,300000,300000,545737.6393218104,200.0,545537.6393218104,6.458562340005301,V4,30,300000,8,0.02,0.005,0.05,1e-06,0.2,1.05,0.7,120,20,8,10,0.35,0.25,80.0,1e-12,False,3,4,0.5,True,False,1
2026-10-02T05:57:24+02:00,stag_trigger__upper,stag_trigger,upper,120,2,Unimodal,30,3,300000,300000,1016062.2391183354,200.0,1015862.2391183354,6.295451811005478,V4,30,300000,8,0.02,0.005,0.05,1e-06,0.2,1.05,0.7,120,20,8,10,0.35,0.25,80.0,1e-12,False,3,4,0.5,True,False,1
2026-10-02T05:57:30+02:00,stag_trigger__upper,stag_trigger,upper,120,2,Unimodal,30,4,300000,300000,888421.6062639734,200.0,888221.6062639734,6.427778569996008,V4,30,300000,8,0.02,0.005,0.05,1e-06,0.2,1.05,0.7,120,20,8,10,0.35,0.25,80.0,1e-12,False,3,4,0.5,True,False,1
2026-10-02T05:57:37+02:00,stag_trigger__upper,stag_trigger,upper,120,3,Unimodal,30,0,300000,300000,32116.777064083442,300.0,31816.777064083442,6.431206879002275,V4,30,300000,8,0.02,0.005,0.05,1e-06,0.2,1.05,0.7,120,20,8,10,0.35,0.25,80.0,1e-12,False,3,4,0.5,True,False,1
2026-10-02T05:57:43+02:00,stag_trigger__upper,stag_trigger,upper,120,3,Unimodal,30,1,300000,300000,1494.2225662479912,300.0,1194.2225662479912,6.508741127996473,V4,30,300000,8,0.02,0.005,0.05,1e-06,0.2,1.05,0.7,120,20,8,10,0.35,0.25,80.0,1e-12,False,3,4,0.5,True,False,1
2026-10-02T05:57:50+02:00,stag_trigger__upper,stag_trigger,upper,120,3,Unimodal,30,2,300000,300000,6362.721988853128,300.0,6062.721988853128,6.308863502999884,V4,30,300000,8,0.02,0.005,0.05,1e-06,0.2,1.05,0.7,120,20,8,10,0.35,0.25,80.0,1e-12,False,3,4,0.5,True,False,1
2026-10-02T05:57:56+02:00,stag_trigger__upper,stag_trigger,upper,120,3,Unimodal,30,3,300000,300000,32581.91173913908,300.0,32281.91173913908,6.336461826998857,V4,30,300000,8,0.02,0.005,0.05,1e-06,0.2,1.05,0.7,120,20,8,10,0.35,0.25,80.0,1e-12,False,3,4,0.5,True,False,1
2026-10-02T05:58:03+02:00,stag_trigger__upper,stag_trigger,upper,120,3,Unimodal,30,4,300000,300000,1346.4079729236357,300.0,1046.4079729236357,6.590374225997948,V4,30,300000,8,0.02,0.005,0.05,1e-06,0.2,1.05,0.7,120,20,8,10,0.35,0.25,80.0,1e-12,False,3,4,0.5,True,False,1
2026-10-02T05:58:10+02:00,stag_trigger__upper,stag_trigger,upper,120,4,Multimodal,30,0,300000,300000,404.04259673111335,400.0,4.042596731113349,7.706757152991486,V4,30,300000,8,0.02,0.005,0.05,1e-06,0.2,1.05,0.7,120,20,8,10,0.35,0.25,80.0,1e-12,False,3,4,0.5,True,False,1
2026-10-02T05:58:18+02:00,stag_trigger__upper,stag_trigger,upper,120,4,Multimodal,30,1,300000,300000,472.7284407628201,400.0,72.72844076282013,7.86077491400647,V4,30,300000,8,0.02,0.005,0.05,1e-06,0.2,1.05,0.7,120,20,8,10,0.35,0.25,80.0,1e-12,False,3,4,0.5,True,False,1
2026-10-02T05:58:26+02:00,stag_trigger__upper,stag_trigger,upper,120,4,Multimodal,30,2,300000,300000,470.6686807658623,400.0,70.66868076586229,7.819710558993393,V4,30,300000,8,0.02,0.005,0.05,1e-06,0.2,1.05,0.7,120,20,8,10,0.35,0.25,80.0,1e-12,False,3,4,0.5,True,False,1
2026-10-02T05:58:34+02:00,stag_trigger__upper,stag_trigger,upper,120,4,Multimodal,30,3,300000,300000,474.5971840207566,400.0,74.59718402075657,7.835344733000966,V4,30,300000,8,0.02,0.005,0.05,1e-06,0.2,1.05,0.7,120,20,8,10,0.35,0.25,80.0,1e-12,False,3,4,0.5,True,False,1
2026-10-02T05:58:42+02:00,stag_trigger__upper,stag_trigger,upper,120,4,Multimodal,30,4,300000,300000,476.49169266181,400.0,76.49169266181002,7.824674310992123,V4,30,300000,8,0.02,0.005,0.05,1e-06,0.2,1.05,0.7,120,20,8,10,0.35,0.25,80.0,1e-12,False,3,4,0.5,True,False,1
2026-10-02T05:58:49+02:00,stag_trigger__upper,stag_trigger,upper,120,5,Multimodal,30,0,300000,300000,521.3026565589744,500.0,21.302656558974377,7.324250229008612,V4,30,300000,8,0.02,0.005,0.05,1e-06,0.2,1.05,0.7,120,20,8,10,0.35,0.25,80.0,1e-12,False,3,4,0.5,True,False,1
2026-10-02T05:58:57+02:00,stag_trigger__upper,stag_trigger,upper,120,5,Multimodal,30,1,300000,300000,521.3864171352425,500.0,21.386417135242482,7.469164472000557,V4,30,300000,8,0.02,0.005,0.05,1e-06,0.2,1.05,0.7,120,20,8,10,0.35,0.25,80.0,1e-12,False,3,4,0.5,True,False,1
2026-10-02T05:59:04+02:00,stag_trigger__upper,stag_trigger,upper,120,5,Multimodal,30,2,300000,300000,520.9402983144553,500.0,20.940298314455276,7.591138954012422,V4,30,300000,8,0.02,0.005,0.05,1e-06,0.2,1.05,0.7,120,20,8,10,0.35,0.25,80.0,1e-12,False,3,4,0.5,True,False,1
2026-10-02T05:59:12+02:00,stag_trigger__upper,stag_trigger,upper,120,5,Multimodal,30,3,300000,300000,521.4636755488877,500.0,21.46367554888775,7.354453881998779,V4,30,300000,8,0.02,0.005,0.05,1e-06,0.2,1.05,0.7,120,20,8,10,0.35,0.25,80.0,1e-12,False,3,4,0.5,True,False,1
2026-10-02T05:59:19+02:00,stag_trigger__upper,stag_trigger,upper,120,5,Multimodal,30,4,300000,300000,521.2726306874673,500.0,21.272630687467313,7.546667435992276,V4,30,300000,8,0.02,0.005,0.05,1e-06,0.2,1.05,0.7,120,20,8,10,0.35,0.25,80.0,1e-12,False,3,4,0.5,True,False,1
2026-10-02T06:00:47+02:00,stag_trigger__upper,stag_trigger,upper,120,6,Multimodal,30,0,300000,300000,636.6043848749858,600.0,36.60438487498584,87.7085074790084,V4,30,300000,8,0.02,0.005,0.05,1e-06,0.2,1.05,0.7,120,20,8,10,0.35,0.25,80.0,1e-12,False,3,4,0.5,True,False,1
2026-10-02T06:02:15+02:00,stag_trigger__upper,stag_trigger,upper,120,6,Multimodal,30,1,300000,300000,638.097797975086,600.0,38.097797975085996,87.3585581239895,V4,30,300000,8,0.02,0.005,0.05,1e-06,0.2,1.05,0.7,120,20,8,10,0.35,0.25,80.0,1e-12,False,3,4,0.5,True,False,1
2026-10-02T06:03:42+02:00,stag_trigger__upper,stag_trigger,upper,120,6,Multimodal,30,2,300000,300000,634.2443021076973,600.0,34.24430210769731,87.12175143999048,V4,30,300000,8,0.02,0.005,0.05,1e-06,0.2,1.05,0.7,120,20,8,10,0.35,0.25,80.0,1e-12,False,3,4,0.5,True,False,1
2026-10-02T06:05:10+02:00,stag_trigger__upper,stag_trigger,upper,120,6,Multimodal,30,3,300000,300000,635.0052100910915,600.0,35.0052100910915,88.16473729698919,V4,30,300000,8,0.02,0.005,0.05,1e-06,0.2,1.05,0.7,120,20,8,10,0.35,0.25,80.0,1e-12,False,3,4,0.5,True,False,1
2026-10-02T06:06:37+02:00,stag_trigger__upper,stag_trigger,upper,120,6,Multimodal,30,4,300000,300000,635.2611502727638,600.0,35.26115027276376,87.08022535299824,V4,30,300000,8,0.02,0.005,0.05,1e-06,0.2,1.05,0.7,120,20,8,10,0.35,0.25,80.0,1e-12,False,3,4,0.5,True,False,1
2026-10-02T06:06:45+02:00,stag_trigger__upper,stag_trigger,upper,120,7,Multimodal,30,0,300000,300000,700.4494547509796,700.0,0.44945475097961207,7.761577439989196,V4,30,300000,8,0.02,0.005,0.05,1e-06,0.2,1.05,0.7,120,20,8,10,0.35,0.25,80.0,1e-12,False,3,4,0.5,True,False,1
2026-10-02T06:06:53+02:00,stag_trigger__upper,stag_trigger,upper,120,7,Multimodal,30,1,300000,300000,700.6852046612183,700.0,0.6852046612183358,7.655774626007769,V4,30,300000,8,0.02,0.005,0.05,1e-06,0.2,1.05,0.7,120,20,8,10,0.35,0.25,80.0,1e-12,False,3,4,0.5,True,False,1
2026-10-02T06:07:00+02:00,stag_trigger__upper,stag_trigger,upper,120,7,Multimodal,30,2,300000,300000,700.2094869866296,700.0,0.20948698662959941,7.739537303001271,V4,30,300000,8,0.02,0.005,0.05,1e-06,0.2,1.05,0.7,120,20,8,10,0.35,0.25,80.0,1e-12,False,3,4,0.5,True,False,1
2026-10-02T06:07:08+02:00,stag_trigger__upper,stag_trigger,upper,120,7,Multimodal,30,3,300000,300000,700.728540562095,700.0,0.7285405620949632,7.9053441639989614,V4,30,300000,8,0.02,0.005,0.05,1e-06,0.2,1.05,0.7,120,20,8,10,0.35,0.25,80.0,1e-12,False,3,4,0.5,True,False,1
2026-10-02T06:07:16+02:00,stag_trigger__upper,stag_trigger,upper,120,7,Multimodal,30,4,300000,300000,700.7090367097768,700.0,0.7090367097767967,7.692889872996602,V4,30,300000,8,0.02,0.005,0.05,1e-06,0.2,1.05,0.7,120,20,8,10,0.35,0.25,80.0,1e-12,False,3,4,0.5,True,False,1
2026-10-02T06:07:23+02:00,stag_trigger__upper,stag_trigger,upper,120,8,Multimodal,30,0,300000,300000,1125.29250316964,800.0,325.29250316964,7.271843866998097,V4,30,300000,8,0.02,0.005,0.05,1e-06,0.2,1.05,0.7,120,20,8,10,0.35,0.25,80.0,1e-12,False,3,4,0.5,True,False,1
2026-10-02T06:07:31+02:00,stag_trigger__upper,stag_trigger,upper,120,8,Multimodal,30,1,300000,300000,1096.7495997594121,800.0,296.74959975941215,7.485272466001334,V4,30,300000,8,0.02,0.005,0.05,1e-06,0.2,1.05,0.7,120,20,8,10,0.35,0.25,80.0,1e-12,False,3,4,0.5,True,False,1
2026-10-02T06:07:38+02:00,stag_trigger__upper,stag_trigger,upper,120,8,Multimodal,30,2,300000,300000,1088.542168808059,800.0,288.54216880805893,7.300582664000103,V4,30,300000,8,0.02,0.005,0.05,1e-06,0.2,1.05,0.7,120,20,8,10,0.35,0.25,80.0,1e-12,False,3,4,0.5,True,False,1
2026-10-02T06:07:45+02:00,stag_trigger__upper,stag_trigger,upper,120,8,Multimodal,30,3,300000,300000,1113.17611676991,800.0,313.1761167699101,7.283637962987996,V4,30,300000,8,0.02,0.005,0.05,1e-06,0.2,1.05,0.7,120,20,8,10,0.35,0.25,80.0,1e-12,False,3,4,0.5,True,False,1
2026-10-02T06:07:53+02:00,stag_trigger__upper,stag_trigger,upper,120,8,Multimodal,30,4,300000,300000,1115.175737146083,800.0,315.17573714608307,7.4688935359881725,V4,30,300000,8,0.02,0.005,0.05,1e-06,0.2,1.05,0.7,120,20,8,10,0.35,0.25,80.0,1e-12,False,3,4,0.5,True,False,1
2026-10-02T06:08:00+02:00,stag_trigger__upper,stag_trigger,upper,120,9,Multimodal,30,0,300000,300000,1368.1616172648385,900.0,468.16161726483847,7.4216296350059565,V4,30,300000,8,0.02,0.005,0.05,1e-06,0.2,1.05,0.7,120,20,8,10,0.35,0.25,80.0,1e-12,False,3,4,0.5,True,False,1
2026-10-02T06:08:08+02:00,stag_trigger__upper,stag_trigger,upper,120,9,Multimodal,30,1,300000,300000,1345.793677342372,900.0,445.7936773423719,7.332920385000762,V4,30,300000,8,0.02,0.005,0.05,1e-06,0.2,1.05,0.7,120,20,8,10,0.35,0.25,80.0,1e-12,False,3,4,0.5,True,False,1
2026-10-02T06:08:15+02:00,stag_trigger__upper,stag_trigger,upper,120,9,Multimodal,30,2,300000,300000,1346.1733589093153,900.0,446.1733589093153,7.432664977997774,V4,30,300000,8,0.02,0.005,0.05,1e-06,0.2,1.05,0.7,120,20,8,10,0.35,0.25,80.0,1e-12,False,3,4,0.5,True,False,1
2026-10-02T06:08:23+02:00,stag_trigger__upper,stag_trigger,upper,120,9,Multimodal,30,3,300000,300000,1317.5140859395656,900.0,417.5140859395656,7.6260294189996785,V4,30,300000,8,0.02,0.005,0.05,1e-06,0.2,1.05,0.7,120,20,8,10,0.35,0.25,80.0,1e-12,False,3,4,0.5,True,False,1
2026-10-02T06:08:30+02:00,stag_trigger__upper,stag_trigger,upper,120,9,Multimodal,30,4,300000,300000,1259.2726702589107,900.0,359.2726702589107,7.410777666998911,V4,30,300000,8,0.02,0.005,0.05,1e-06,0.2,1.05,0.7,120,20,8,10,0.35,0.25,80.0,1e-12,False,3,4,0.5,True,False,1
2026-10-02T06:08:43+02:00,stag_trigger__upper,stag_trigger,upper,120,10,Multimodal,30,0,300000,300000,4094.0232165306625,1000.0,3094.0232165306625,12.75853231799556,V4,30,300000,8,0.02,0.005,0.05,1e-06,0.2,1.05,0.7,120,20,8,10,0.35,0.25,80.0,1e-12,False,3,4,0.5,True,False,1
2026-10-02T06:08:56+02:00,stag_trigger__upper,stag_trigger,upper,120,10,Multimodal,30,1,300000,300000,4247.027484891707,1000.0,3247.027484891707,12.670135330001358,V4,30,300000,8,0.02,0.005,0.05,1e-06,0.2,1.05,0.7,120,20,8,10,0.35,0.25,80.0,1e-12,False,3,4,0.5,True,False,1
2026-10-02T06:09:09+02:00,stag_trigger__upper,stag_trigger,upper,120,10,Multimodal,30,2,300000,300000,4296.755653837683,1000.0,3296.755653837683,12.714489225996658,V4,30,300000,8,0.02,0.005,0.05,1e-06,0.2,1.05,0.7,120,20,8,10,0.35,0.25,80.0,1e-12,False,3,4,0.5,True,False,1
2026-10-02T06:09:22+02:00,stag_trigger__upper,stag_trigger,upper,120,10,Multimodal,30,3,300000,300000,4330.9675633457155,1000.0,3330.9675633457155,12.840351261998876,V4,30,300000,8,0.02,0.005,0.05,1e-06,0.2,1.05,0.7,120,20,8,10,0.35,0.25,80.0,1e-12,False,3,4,0.5,True,False,1
2026-10-02T06:09:34+02:00,stag_trigger__upper,stag_trigger,upper,120,10,Multimodal,30,4,300000,300000,4234.75322589745,1000.0,3234.7532258974497,12.595896170998458,V4,30,300000,8,0.02,0.005,0.05,1e-06,0.2,1.05,0.7,120,20,8,10,0.35,0.25,80.0,1e-12,False,3,4,0.5,True,False,1
2026-10-02T06:09:47+02:00,stag_trigger__upper,stag_trigger,upper,120,11,Multimodal,30,0,300000,300000,4795.947208493051,1100.0,3695.947208493051,12.99246746400604,V4,30,300000,8,0.02,0.005,0.05,1e-06,0.2,1.05,0.7,120,20,8,10,0.35,0.25,80.0,1e-12,False,3,4,0.5,True,False,1
2026-10-02T06:10:00+02:00,stag_trigger__upper,stag_trigger,upper,120,11,Multimodal,30,1,300000,300000,5171.850964071236,1100.0,4071.8509640712364,12.911547756986693,V4,30,300000,8,0.02,0.005,0.05,1e-06,0.2,1.05,0.7,120,20,8,10,0.35,0.25,80.0,1e-12,False,3,4,0.5,True,False,1
2026-10-02T06:10:13+02:00,stag_trigger__upper,stag_trigger,upper,120,11,Multimodal,30,2,300000,300000,5798.915890120598,1100.0,4698.915890120598,13.084546096011763,V4,30,300000,8,0.02,0.005,0.05,1e-06,0.2,1.05,0.7,120,20,8,10,0.35,0.25,80.0,1e-12,False,3,4,0.5,True,False,1
2026-10-02T06:10:26+02:00,stag_trigger__upper,stag_trigger,upper,120,11,Multimodal,30,3,300000,300000,4706.488018899545,1100.0,3606.488018899545,13.06327445799252,V4,30,300000,8,0.02,0.005,0.05,1e-06,0.2,1.05,0.7,120,20,8,10,0.35,0.25,80.0,1e-12,False,3,4,0.5,True,False,1
2026-10-02T06:10:39+02:00,stag_trigger__upper,stag_trigger,upper,120,11,Multimodal,30,4,300000,300000,5019.740558619025,1100.0,3919.7405586190253,12.948151078002411,V4,30,300000,8,0.02,0.005,0.05,1e-06,0.2,1.05,0.7,120,20,8,10,0.35,0.25,80.0,1e-12,False,3,4,0.5,True,False,1
2026-10-02T06:19:05+02:00,stag_trigger__upper,stag_trigger,upper,120,12,Multimodal,30,0,300000,300000,1201.0110740260018,1200.0,1.0110740260017792,505.88709226799256,V4,30,300000,8,0.02,0.005,0.05,1e-06,0.2,1.05,0.7,120,20,8,10,0.35,0.25,80.0,1e-12,False,3,4,0.5,True,False,1
2026-10-02T06:27:29+02:00,stag_trigger__upper,stag_trigger,upper,120,12,Multimodal,30,1,300000,300000,1200.9502933993792,1200.0,0.950293399379234,504.07015784199757,V4,30,300000,8,0.02,0.005,0.05,1e-06,0.2,1.05,0.7,120,20,8,10,0.35,0.25,80.0,1e-12,False,3,4,0.5,True,False,1
2026-10-02T06:35:50+02:00,stag_trigger__upper,stag_trigger,upper,120,12,Multimodal,30,2,300000,300000,1201.020070780943,1200.0,1.0200707809428877,500.1637317880086,V4,30,300000,8,0.02,0.005,0.05,1e-06,0.2,1.05,0.7,120,20,8,10,0.35,0.25,80.0,1e-12,False,3,4,0.5,True,False,1
2026-10-02T06:44:06+02:00,stag_trigger__upper,stag_trigger,upper,120,12,Multimodal,30,3,300000,300000,1200.8859878080245,1200.0,0.885987808024538,495.9372081949987,V4,30,300000,8,0.02,0.005,0.05,1e-06,0.2,1.05,0.7,120,20,8,10,0.35,0.25,80.0,1e-12,False,3,4,0.5,True,False,1
2026-10-02T06:52:26+02:00,stag_trigger__upper,stag_trigger,upper,120,12,Multimodal,30,4,300000,300000,1200.7463450935084,1200.0,0.7463450935083529,500.007005381005,V4,30,300000,8,0.02,0.005,0.05,1e-06,0.2,1.05,0.7,120,20,8,10,0.35,0.25,80.0,1e-12,False,3,4,0.5,True,False,1
2026-10-02T06:52:33+02:00,stag_trigger__upper,stag_trigger,upper,120,13,Multimodal,30,0,300000,300000,1300.3132842393502,1300.0,0.313284239350196,7.280249183007982,V4,30,300000,8,0.02,0.005,0.05,1e-06,0.2,1.05,0.7,120,20,8,10,0.35,0.25,80.0,1e-12,False,3,4,0.5,True,False,1
2026-10-02T06:52:41+02:00,stag_trigger__upper,stag_trigger,upper,120,13,Multimodal,30,1,300000,300000,1300.3378128425575,1300.0,0.3378128425574687,7.624299160001101,V4,30,300000,8,0.02,0.005,0.05,1e-06,0.2,1.05,0.7,120,20,8,10,0.35,0.25,80.0,1e-12,False,3,4,0.5,True,False,1
2026-10-02T06:52:48+02:00,stag_trigger__upper,stag_trigger,upper,120,13,Multimodal,30,2,300000,300000,1300.4302976819483,1300.0,0.43029768194833196,7.303574408011627,V4,30,300000,8,0.02,0.005,0.05,1e-06,0.2,1.05,0.7,120,20,8,10,0.35,0.25,80.0,1e-12,False,3,4,0.5,True,False,1
2026-10-02T06:52:56+02:00,stag_trigger__upper,stag_trigger,upper,120,13,Multimodal,30,3,300000,300000,1300.3642074025238,1300.0,0.3642074025237889,7.737090279988479,V4,30,300000,8,0.02,0.005,0.05,1e-06,0.2,1.05,0.7,120,20,8,10,0.35,0.25,80.0,1e-12,False,3,4,0.5,True,False,1
2026-10-02T06:53:03+02:00,stag_trigger__upper,stag_trigger,upper,120,13,Multimodal,30,4,300000,300000,1300.377038377848,1300.0,0.3770383778480664,7.389237064999179,V4,30,300000,8,0.02,0.005,0.05,1e-06,0.2,1.05,0.7,120,20,8,10,0.35,0.25,80.0,1e-12,False,3,4,0.5,True,False,1
2026-10-02T06:53:11+02:00,stag_trigger__upper,stag_trigger,upper,120,14,Multimodal,30,0,300000,300000,1400.4145904737918,1400.0,0.41459047379180447,7.5706234390090685,V4,30,300000,8,0.02,0.005,0.05,1e-06,0.2,1.05,0.7,120,20,8,10,0.35,0.25,80.0,1e-12,False,3,4,0.5,True,False,1
2026-10-02T06:53:18+02:00,stag_trigger__upper,stag_trigger,upper,120,14,Multimodal,30,1,300000,300000,1400.41355201593,1400.0,0.41355201593000857,7.363891494998825,V4,30,300000,8,0.02,0.005,0.05,1e-06,0.2,1.05,0.7,120,20,8,10,0.35,0.25,80.0,1e-12,False,3,4,0.5,True,False,1
2026-10-02T06:53:26+02:00,stag_trigger__upper,stag_trigger,upper,120,14,Multimodal,30,2,300000,300000,1400.3356853286587,1400.0,0.33568532865865564,7.419536556000821,V4,30,300000,8,0.02,0.005,0.05,1e-06,0.2,1.05,0.7,120,20,8,10,0.35,0.25,80.0,1e-12,False,3,4,0.5,True,False,1
2026-10-02T06:53:33+02:00,stag_trigger__upper,stag_trigger,upper,120,14,Multimodal,30,3,300000,300000,1400.5091221506575,1400.0,0.5091221506575039,7.494361224991735,V4,30,300000,8,0.02,0.005,0.05,1e-06,0.2,1.05,0.7,120,20,8,10,0.35,0.25,80.0,1e-12,False,3,4,0.5,True,False,1
2026-10-02T06:53:41+02:00,stag_trigger__upper,stag_trigger,upper,120,14,Multimodal,30,4,300000,300000,1400.3141350831588,1400.0,0.314135083158817,7.754573468002491,V4,30,300000,8,0.02,0.005,0.05,1e-06,0.2,1.05,0.7,120,20,8,10,0.35,0.25,80.0,1e-12,False,3,4,0.5,True,False,1
2026-10-02T06:53:49+02:00,stag_trigger__upper,stag_trigger,upper,120,15,Multimodal,30,0,300000,300000,1514.3814202973429,1500.0,14.381420297342856,8.319248740008334,V4,30,300000,8,0.02,0.005,0.05,1e-06,0.2,1.05,0.7,120,20,8,10,0.35,0.25,80.0,1e-12,False,3,4,0.5,True,False,1
2026-10-02T06:53:58+02:00,stag_trigger__upper,stag_trigger,upper,120,15,Multimodal,30,1,300000,300000,1513.7988362326578,1500.0,13.798836232657777,8.414821944999858,V4,30,300000,8,0.02,0.005,0.05,1e-06,0.2,1.05,0.7,120,20,8,10,0.35,0.25,80.0,1e-12,False,3,4,0.5,True,False,1
2026-10-02T06:54:06+02:00,stag_trigger__upper,stag_trigger,upper,120,15,Multimodal,30,2,300000,300000,1513.6596098526932,1500.0,13.659609852693166,8.336103173991432,V4,30,300000,8,0.02,0.005,0.05,1e-06,0.2,1.05,0.7,120,20,8,10,0.35,0.25,80.0,1e-12,False,3,4,0.5,True,False,1
2026-10-02T06:54:15+02:00,stag_trigger__upper,stag_trigger,upper,120,15,Multimodal,30,3,300000,300000,1518.3383443698149,1500.0,18.338344369814877,8.3585036220029,V4,30,300000,8,0.02,0.005,0.05,1e-06,0.2,1.05,0.7,120,20,8,10,0.35,0.25,80.0,1e-12,False,3,4,0.5,True,False,1
2026-10-02T06:54:23+02:00,stag_trigger__upper,stag_trigger,upper,120,15,Multimodal,30,4,300000,300000,1510.096455394808,1500.0,10.09645539480789,8.498218321008608,V4,30,300000,8,0.02,0.005,0.05,1e-06,0.2,1.05,0.7,120,20,8,10,0.35,0.25,80.0,1e-12,False,3,4,0.5,True,False,1
2026-10-02T06:55:07+02:00,stag_trigger__upper,stag_trigger,upper,120,16,Multimodal,30,0,300000,300000,1613.2321645264528,1600.0,13.232164526452834,44.034099866999895,V4,30,300000,8,0.02,0.005,0.05,1e-06,0.2,1.05,0.7,120,20,8,10,0.35,0.25,80.0,1e-12,False,3,4,0.5,True,False,1
2026-10-02T06:55:51+02:00,stag_trigger__upper,stag_trigger,upper,120,16,Multimodal,30,1,300000,300000,1613.5068029187564,1600.0,13.50680291875642,43.937278322002385,V4,30,300000,8,0.02,0.005,0.05,1e-06,0.2,1.05,0.7,120,20,8,10,0.35,0.25,80.0,1e-12,False,3,4,0.5,True,False,1
2026-10-02T06:56:36+02:00,stag_trigger__upper,stag_trigger,upper,120,16,Multimodal,30,2,300000,300000,1613.8812826672583,1600.0,13.881282667258347,44.9377301880013,V4,30,300000,8,0.02,0.005,0.05,1e-06,0.2,1.05,0.7,120,20,8,10,0.35,0.25,80.0,1e-12,False,3,4,0.5,True,False,1
2026-10-02T06:57:20+02:00,stag_trigger__upper,stag_trigger,upper,120,16,Multimodal,30,3,300000,300000,1613.6489956610476,1600.0,13.648995661047593,43.330986561995815,V4,30,300000,8,0.02,0.005,0.05,1e-06,0.2,1.05,0.7,120,20,8,10,0.35,0.25,80.0,1e-12,False,3,4,0.5,True,False,1
2026-10-02T06:58:04+02:00,stag_trigger__upper,stag_trigger,upper,120,16,Multimodal,30,4,300000,300000,1613.805139749442,1600.0,13.805139749442105,44.000775130989496,V4,30,300000,8,0.02,0.005,0.05,1e-06,0.2,1.05,0.7,120,20,8,10,0.35,0.25,80.0,1e-12,False,3,4,0.5,True,False,1
2026-10-02T06:58:19+02:00,stag_trigger__upper,stag_trigger,upper,120,17,Hybrid,30,0,300000,300000,155797.62098103907,1700.0,154097.62098103907,15.134291214999394,V4,30,300000,8,0.02,0.005,0.05,1e-06,0.2,1.05,0.7,120,20,8,10,0.35,0.25,80.0,1e-12,False,3,4,0.5,True,False,1
2026-10-02T06:58:34+02:00,stag_trigger__upper,stag_trigger,upper,120,17,Hybrid,30,1,300000,300000,349034.3451212904,1700.0,347334.3451212904,15.489251127990428,V4,30,300000,8,0.02,0.005,0.05,1e-06,0.2,1.05,0.7,120,20,8,10,0.35,0.25,80.0,1e-12,False,3,4,0.5,True,False,1
2026-10-02T06:58:50+02:00,stag_trigger__upper,stag_trigger,upper,120,17,Hybrid,30,2,300000,300000,309592.98427606944,1700.0,307892.98427606944,15.20790788999875,V4,30,300000,8,0.02,0.005,0.05,1e-06,0.2,1.05,0.7,120,20,8,10,0.35,0.25,80.0,1e-12,False,3,4,0.5,True,False,1
2026-10-02T06:59:05+02:00,stag_trigger__upper,stag_trigger,upper,120,17,Hybrid,30,3,300000,300000,302988.3017905294,1700.0,301288.3017905294,15.095079838996753,V4,30,300000,8,0.02,0.005,0.05,1e-06,0.2,1.05,0.7,120,20,8,10,0.35,0.25,80.0,1e-12,False,3,4,0.5,True,False,1
2026-10-02T06:59:20+02:00,stag_trigger__upper,stag_trigger,upper,120,17,Hybrid,30,4,300000,300000,110172.60615842394,1700.0,108472.60615842394,15.402657059006742,V4,30,300000,8,0.02,0.005,0.05,1e-06,0.2,1.05,0.7,120,20,8,10,0.35,0.25,80.0,1e-12,False,3,4,0.5,True,False,1
2026-10-02T06:59:30+02:00,stag_trigger__upper,stag_trigger,upper,120,18,Hybrid,30,0,300000,300000,84541.36917554299,1800.0,82741.36917554299,9.503975023006205,V4,30,300000,8,0.02,0.005,0.05,1e-06,0.2,1.05,0.7,120,20,8,10,0.35,0.25,80.0,1e-12,False,3,4,0.5,True,False,1
2026-10-02T06:59:39+02:00,stag_trigger__upper,stag_trigger,upper,120,18,Hybrid,30,1,300000,300000,75286.84049756241,1800.0,73486.84049756241,9.515991114007193,V4,30,300000,8,0.02,0.005,0.05,1e-06,0.2,1.05,0.7,120,20,8,10,0.35,0.25,80.0,1e-12,False,3,4,0.5,True,False,1
2026-10-02T06:59:49+02:00,stag_trigger__upper,stag_trigger,upper,120,18,Hybrid,30,2,300000,300000,113599.62776314151,1800.0,111799.62776314151,9.3024327000021,V4,30,300000,8,0.02,0.005,0.05,1e-06,0.2,1.05,0.7,120,20,8,10,0.35,0.25,80.0,1e-12,False,3,4,0.5,True,False,1
2026-10-02T06:59:59+02:00,stag_trigger__upper,stag_trigger,upper,120,18,Hybrid,30,3,300000,300000,59633.625232662955,1800.0,57833.625232662955,9.836167223998928,V4,30,300000,8,0.02,0.005,0.05,1e-06,0.2,1.05,0.7,120,20,8,10,0.35,0.25,80.0,1e-12,False,3,4,0.5,True,False,1
2026-10-02T07:00:08+02:00,stag_trigger__upper,stag_trigger,upper,120,18,Hybrid,30,4,300000,300000,97333.36967782251,1800.0,95533.36967782251,9.827117770008044,V4,30,300000,8,0.02,0.005,0.05,1e-06,0.2,1.05,0.7,120,20,8,10,0.35,0.25,80.0,1e-12,False,3,4,0.5,True,False,1
2026-10-02T07:00:41+02:00,stag_trigger__upper,stag_trigger,upper,120,19,Hybrid,30,0,300000,300000,1944.202206253593,1900.0,44.202206253592976,32.102245902991854,V4,30,300000,8,0.02,0.005,0.05,1e-06,0.2,1.05,0.7,120,20,8,10,0.35,0.25,80.0,1e-12,False,3,4,0.5,True,False,1
2026-10-02T07:01:14+02:00,stag_trigger__upper,stag_trigger,upper,120,19,Hybrid,30,1,300000,300000,1936.9625156751517,1900.0,36.962515675151735,32.94804909999948,V4,30,300000,8,0.02,0.005,0.05,1e-06,0.2,1.05,0.7,120,20,8,10,0.35,0.25,80.0,1e-12,False,3,4,0.5,True,False,1
2026-10-02T07:01:46+02:00,stag_trigger__upper,stag_trigger,upper,120,19,Hybrid,30,2,300000,300000,1944.9452290495183,1900.0,44.945229049518275,31.912053946987726,V4,30,300000,8,0.02,0.005,0.05,1e-06,0.2,1.05,0.7,120,20,8,10,0.35,0.25,80.0,1e-12,False,3,4,0.5,True,False,1
2026-10-02T07:02:18+02:00,stag_trigger__upper,stag_trigger,upper,120,19,Hybrid,30,3,300000,300000,1926.7236096652227,1900.0,26.72360966522274,32.460200882007484,V4,30,300000,8,0.02,0.005,0.05,1e-06,0.2,1.05,0.7,120,20,8,10,0.35,0.25,80.0,1e-12,False,3,4,0.5,True,False,1
2026-10-02T07:02:50+02:00,stag_trigger__upper,stag_trigger,upper,120,19,Hybrid,30,4,300000,300000,1940.18986930324,1900.0,40.1898693032399,32.03066982400196,V4,30,300000,8,0.02,0.005,0.05,1e-06,0.2,1.05,0.7,120,20,8,10,0.35,0.25,80.0,1e-12,False,3,4,0.5,True,False,1
2026-10-02T07:03:03+02:00,stag_trigger__upper,stag_trigger,upper,120,20,Hybrid,30,0,300000,300000,62890.26707260123,2000.0,60890.26707260123,12.423466990003362,V4,30,300000,8,0.02,0.005,0.05,1e-06,0.2,1.05,0.7,120,20,8,10,0.35,0.25,80.0,1e-12,False,3,4,0.5,True,False,1
2026-10-02T07:03:15+02:00,stag_trigger__upper,stag_trigger,upper,120,20,Hybrid,30,1,300000,300000,36555.12426740605,2000.0,34555.12426740605,11.924487330004922,V4,30,300000,8,0.02,0.005,0.05,1e-06,0.2,1.05,0.7,120,20,8,10,0.35,0.25,80.0,1e-12,False,3,4,0.5,True,False,1
2026-10-02T07:03:27+02:00,stag_trigger__upper,stag_trigger,upper,120,20,Hybrid,30,2,300000,300000,40535.427231977716,2000.0,38535.427231977716,12.06291522498941,V4,30,300000,8,0.02,0.005,0.05,1e-06,0.2,1.05,0.7,120,20,8,10,0.35,0.25,80.0,1e-12,False,3,4,0.5,True,False,1
2026-10-02T07:03:39+02:00,stag_trigger__upper,stag_trigger,upper,120,20,Hybrid,30,3,300000,300000,36197.51769800842,2000.0,34197.51769800842,12.0562786829978,V4,30,300000,8,0.02,0.005,0.05,1e-06,0.2,1.05,0.7,120,20,8,10,0.35,0.25,80.0,1e-12,False,3,4,0.5,True,False,1
2026-10-02T07:03:51+02:00,stag_trigger__upper,stag_trigger,upper,120,20,Hybrid,30,4,300000,300000,39322.40577141741,2000.0,37322.40577141741,12.282741970993811,V4,30,300000,8,0.02,0.005,0.05,1e-06,0.2,1.05,0.7,120,20,8,10,0.35,0.25,80.0,1e-12,False,3,4,0.5,True,False,1
2026-10-02T07:04:14+02:00,stag_trigger__upper,stag_trigger,upper,120,21,Hybrid,30,0,300000,300000,76277.73837503383,2100.0,74177.73837503383,22.580341556997155,V4,30,300000,8,0.02,0.005,0.05,1e-06,0.2,1.05,0.7,120,20,8,10,0.35,0.25,80.0,1e-12,False,3,4,0.5,True,False,1
2026-10-02T07:04:37+02:00,stag_trigger__upper,stag_trigger,upper,120,21,Hybrid,30,1,300000,300000,55472.32350810858,2100.0,53372.32350810858,23.11548041900096,V4,30,300000,8,0.02,0.005,0.05,1e-06,0.2,1.05,0.7,120,20,8,10,0.35,0.25,80.0,1e-12,False,3,4,0.5,True,False,1
2026-10-02T07:05:00+02:00,stag_trigger__upper,stag_trigger,upper,120,21,Hybrid,30,2,300000,300000,53924.08655515184,2100.0,51824.08655515184,22.867834162010695,V4,30,300000,8,0.02,0.005,0.05,1e-06,0.2,1.05,0.7,120,20,8,10,0.35,0.25,80.0,1e-12,False,3,4,0.5,True,False,1
2026-10-02T07:05:22+02:00,stag_trigger__upper,stag_trigger,upper,120,21,Hybrid,30,3,300000,300000,32550.657497669366,2100.0,30450.657497669366,22.348952921995078,V4,30,300000,8,0.02,0.005,0.05,1e-06,0.2,1.05,0.7,120,20,8,10,0.35,0.25,80.0,1e-12,False,3,4,0.5,True,False,1
2026-10-02T07:05:45+02:00,stag_trigger__upper,stag_trigger,upper,120,21,Hybrid,30,4,300000,300000,37485.8739350448,2100.0,35385.8739350448,22.703043693996733,V4,30,300000,8,0.02,0.005,0.05,1e-06,0.2,1.05,0.7,120,20,8,10,0.35,0.25,80.0,1e-12,False,3,4,0.5,True,False,1
2026-10-02T07:06:55+02:00,stag_trigger__upper,stag_trigger,upper,120,22,Hybrid,30,0,300000,300000,2768.555861367043,2200.0,568.5558613670428,70.36954763899848,V4,30,300000,8,0.02,0.005,0.05,1e-06,0.2,1.05,0.7,120,20,8,10,0.35,0.25,80.0,1e-12,False,3,4,0.5,True,False,1
2026-10-02T07:08:05+02:00,stag_trigger__upper,stag_trigger,upper,120,22,Hybrid,30,1,300000,300000,2661.4370828822193,2200.0,461.43708288221933,69.41776742199727,V4,30,300000,8,0.02,0.005,0.05,1e-06,0.2,1.05,0.7,120,20,8,10,0.35,0.25,80.0,1e-12,False,3,4,0.5,True,False,1
2026-10-02T07:09:14+02:00,stag_trigger__upper,stag_trigger,upper,120,22,Hybrid,30,2,300000,300000,2453.970862858378,2200.0,253.97086285837804,69.59214779399917,V4,30,300000,8,0.02,0.005,0.05,1e-06,0.2,1.05,0.7,120,20,8,10,0.35,0.25,80.0,1e-12,False,3,4,0.5,True,False,1
2026-10-02T07:10:23+02:00,stag_trigger__upper,stag_trigger,upper,120,22,Hybrid,30,3,300000,300000,3719.242145684486,2200.0,1519.2421456844859,68.62760113600234,V4,30,300000,8,0.02,0.005,0.05,1e-06,0.2,1.05,0.7,120,20,8,10,0.35,0.25,80.0,1e-12,False,3,4,0.5,True,False,1
2026-10-02T07:11:33+02:00,stag_trigger__upper,stag_trigger,upper,120,22,Hybrid,30,4,300000,300000,2538.780606104693,2200.0,338.7806061046931,69.90256284599309,V4,30,300000,8,0.02,0.005,0.05,1e-06,0.2,1.05,0.7,120,20,8,10,0.35,0.25,80.0,1e-12,False,3,4,0.5,True,False,1
2026-10-02T07:11:51+02:00,stag_trigger__upper,stag_trigger,upper,120,23,Composition,30,0,300000,300000,2522.8611028722344,2300.0,222.86110287223437,17.968622601008974,V4,30,300000,8,0.02,0.005,0.05,1e-06,0.2,1.05,0.7,120,20,8,10,0.35,0.25,80.0,1e-12,False,3,4,0.5,True,False,1
2026-10-02T07:12:09+02:00,stag_trigger__upper,stag_trigger,upper,120,23,Composition,30,1,300000,300000,2522.8680812034995,2300.0,222.86808120349951,18.148567786003696,V4,30,300000,8,0.02,0.005,0.05,1e-06,0.2,1.05,0.7,120,20,8,10,0.35,0.25,80.0,1e-12,False,3,4,0.5,True,False,1
2026-10-02T07:12:28+02:00,stag_trigger__upper,stag_trigger,upper,120,23,Composition,30,2,300000,300000,2522.870915334037,2300.0,222.8709153340369,18.559097605000716,V4,30,300000,8,0.02,0.005,0.05,1e-06,0.2,1.05,0.7,120,20,8,10,0.35,0.25,80.0,1e-12,False,3,4,0.5,True,False,1
2026-10-02T07:12:46+02:00,stag_trigger__upper,stag_trigger,upper,120,23,Composition,30,3,300000,300000,2522.8621918028093,2300.0,222.86219180280932,18.234663859009743,V4,30,300000,8,0.02,0.005,0.05,1e-06,0.2,1.05,0.7,120,20,8,10,0.35,0.25,80.0,1e-12,False,3,4,0.5,True,False,1
2026-10-02T07:13:05+02:00,stag_trigger__upper,stag_trigger,upper,120,23,Composition,30,4,300000,300000,2522.857826954985,2300.0,222.85782695498483,18.31668565601285,V4,30,300000,8,0.02,0.005,0.05,1e-06,0.2,1.05,0.7,120,20,8,10,0.35,0.25,80.0,1e-12,False,3,4,0.5,True,False,1
2026-10-02T07:13:25+02:00,stag_trigger__upper,stag_trigger,upper,120,24,Composition,30,0,300000,300000,2626.9778937036513,2400.0,226.97789370365126,20.72092675199383,V4,30,300000,8,0.02,0.005,0.05,1e-06,0.2,1.05,0.7,120,20,8,10,0.35,0.25,80.0,1e-12,False,3,4,0.5,True,False,1
2026-10-02T07:13:46+02:00,stag_trigger__upper,stag_trigger,upper,120,24,Composition,30,1,300000,300000,2627.556294996035,2400.0,227.55629499603492,20.57776205999835,V4,30,300000,8,0.02,0.005,0.05,1e-06,0.2,1.05,0.7,120,20,8,10,0.35,0.25,80.0,1e-12,False,3,4,0.5,True,False,1
2026-10-02T07:14:07+02:00,stag_trigger__upper,stag_trigger,upper,120,24,Composition,30,2,300000,300000,2626.1710999405786,2400.0,226.17109994057864,20.477167978009675,V4,30,300000,8,0.02,0.005,0.05,1e-06,0.2,1.05,0.7,120,20,8,10,0.35,0.25,80.0,1e-12,False,3,4,0.5,True,False,1
2026-10-02T07:14:27+02:00,stag_trigger__upper,stag_trigger,upper,120,24,Composition,30,3,300000,300000,2634.9425033125576,2400.0,234.94250331255762,20.721880686003715,V4,30,300000,8,0.02,0.005,0.05,1e-06,0.2,1.05,0.7,120,20,8,10,0.35,0.25,80.0,1e-12,False,3,4,0.5,True,False,1
2026-10-02T07:14:48+02:00,stag_trigger__upper,stag_trigger,upper,120,24,Composition,30,4,300000,300000,2632.944763308104,2400.0,232.94476330810403,20.564359672003775,V4,30,300000,8,0.02,0.005,0.05,1e-06,0.2,1.05,0.7,120,20,8,10,0.35,0.25,80.0,1e-12,False,3,4,0.5,True,False,1
2026-10-02T07:15:09+02:00,stag_trigger__upper,stag_trigger,upper,120,25,Composition,30,0,300000,300000,2715.6867666722164,2500.0,215.68676667221644,20.858532614991418,V4,30,300000,8,0.02,0.005,0.05,1e-06,0.2,1.05,0.7,120,20,8,10,0.35,0.25,80.0,1e-12,False,3,4,0.5,True,False,1
2026-10-02T07:15:30+02:00,stag_trigger__upper,stag_trigger,upper,120,25,Composition,30,1,300000,300000,2714.7942934332837,2500.0,214.79429343328366,21.176879275997635,V4,30,300000,8,0.02,0.005,0.05,1e-06,0.2,1.05,0.7,120,20,8,10,0.35,0.25,80.0,1e-12,False,3,4,0.5,True,False,1
2026-10-02T07:15:51+02:00,stag_trigger__upper,stag_trigger,upper,120,25,Composition,30,2,300000,300000,2721.4200017582903,2500.0,221.42000175829025,21.048824681012775,V4,30,300000,8,0.02,0.005,0.05,1e-06,0.2,1.05,0.7,120,20,8,10,0.35,0.25,80.0,1e-12,False,3,4,0.5,True,False,1
2026-10-02T07:16:12+02:00,stag_trigger__upper,stag_trigger,upper,120,25,Composition,30,3,300000,300000,2721.0734967336252,2500.0,221.07349673362523,20.90343431699148,V4,30,300000,8,0.02,0.005,0.05,1e-06,0.2,1.05,0.7,120,20,8,10,0.35,0.25,80.0,1e-12,False,3,4,0.5,True,False,1
2026-10-02T07:16:33+02:00,stag_trigger__upper,stag_trigger,upper,120,25,Composition,30,4,300000,300000,2720.8728087458353,2500.0,220.8728087458353,20.765905332009424,V4,30,300000,8,0.02,0.005,0.05,1e-06,0.2,1.05,0.7,120,20,8,10,0.35,0.25,80.0,1e-12,False,3,4,0.5,True,False,1
2026-10-02T07:18:19+02:00,stag_trigger__upper,stag_trigger,upper,120,26,Composition,30,0,300000,300000,2800.2611028672413,2600.0,200.26110286724133,105.79852588899666,V4,30,300000,8,0.02,0.005,0.05,1e-06,0.2,1.05,0.7,120,20,8,10,0.35,0.25,80.0,1e-12,False,3,4,0.5,True,False,1
2026-10-02T07:20:06+02:00,stag_trigger__upper,stag_trigger,upper,120,26,Composition,30,1,300000,300000,2700.4628149350287,2600.0,100.46281493502875,106.44095288599783,V4,30,300000,8,0.02,0.005,0.05,1e-06,0.2,1.05,0.7,120,20,8,10,0.35,0.25,80.0,1e-12,False,3,4,0.5,True,False,1
2026-10-02T07:21:52+02:00,stag_trigger__upper,stag_trigger,upper,120,26,Composition,30,2,300000,300000,2800.232695188199,2600.0,200.23269518819916,106.02717753499746,V4,30,300000,8,0.02,0.005,0.05,1e-06,0.2,1.05,0.7,120,20,8,10,0.35,0.25,80.0,1e-12,False,3,4,0.5,True,False,1
2026-10-02T07:23:39+02:00,stag_trigger__upper,stag_trigger,upper,120,26,Composition,30,3,300000,300000,2800.237233192371,2600.0,200.23723319237115,106.89962034100608,V4,30,300000,8,0.02,0.005,0.05,1e-06,0.2,1.05,0.7,120,20,8,10,0.35,0.25,80.0,1e-12,False,3,4,0.5,True,False,1
2026-10-02T07:25:26+02:00,stag_trigger__upper,stag_trigger,upper,120,26,Composition,30,4,300000,300000,2800.088211224982,2600.0,200.08821122498193,106.8072077830002,V4,30,300000,8,0.02,0.005,0.05,1e-06,0.2,1.05,0.7,120,20,8,10,0.35,0.25,80.0,1e-12,False,3,4,0.5,True,False,1
2026-10-02T07:27:12+02:00,stag_trigger__upper,stag_trigger,upper,120,27,Composition,30,0,300000,300000,3105.451066517355,2700.0,405.4510665173548,105.74240486699273,V4,30,300000,8,0.02,0.005,0.05,1e-06,0.2,1.05,0.7,120,20,8,10,0.35,0.25,80.0,1e-12,False,3,4,0.5,True,False,1
2026-10-02T07:28:58+02:00,stag_trigger__upper,stag_trigger,upper,120,27,Composition,30,1,300000,300000,3106.2224271234077,2700.0,406.22242712340767,106.5470276420092,V4,30,300000,8,0.02,0.005,0.05,1e-06,0.2,1.05,0.7,120,20,8,10,0.35,0.25,80.0,1e-12,False,3,4,0.5,True,False,1
2026-10-02T07:30:43+02:00,stag_trigger__upper,stag_trigger,upper,120,27,Composition,30,2,300000,300000,3108.2456172081475,2700.0,408.24561720814745,105.08288581899251,V4,30,300000,8,0.02,0.005,0.05,1e-06,0.2,1.05,0.7,120,20,8,10,0.35,0.25,80.0,1e-12,False,3,4,0.5,True,False,1
2026-10-02T07:32:29+02:00,stag_trigger__upper,stag_trigger,upper,120,27,Composition,30,3,300000,300000,3104.2790924733936,2700.0,404.2790924733936,105.4600429909915,V4,30,300000,8,0.02,0.005,0.05,1e-06,0.2,1.05,0.7,120,20,8,10,0.35,0.25,80.0,1e-12,False,3,4,0.5,True,False,1
2026-10-02T07:34:14+02:00,stag_trigger__upper,stag_trigger,upper,120,27,Composition,30,4,300000,300000,3105.364650343879,2700.0,405.364650343879,105.37722115199722,V4,30,300000,8,0.02,0.005,0.05,1e-06,0.2,1.05,0.7,120,20,8,10,0.35,0.25,80.0,1e-12,False,3,4,0.5,True,False,1
2026-10-02T07:35:21+02:00,stag_trigger__upper,stag_trigger,upper,120,28,Composition,30,0,300000,300000,7453.0225123743985,2800.0,4653.0225123743985,66.59127387699846,V4,30,300000,8,0.02,0.005,0.05,1e-06,0.2,1.05,0.7,120,20,8,10,0.35,0.25,80.0,1e-12,False,3,4,0.5,True,False,1
2026-10-02T07:36:27+02:00,stag_trigger__upper,stag_trigger,upper,120,28,Composition,30,1,300000,300000,6599.17660651595,2800.0,3799.17660651595,65.482994238002,V4,30,300000,8,0.02,0.005,0.05,1e-06,0.2,1.05,0.7,120,20,8,10,0.35,0.25,80.0,1e-12,False,3,4,0.5,True,False,1
2026-10-02T07:37:33+02:00,stag_trigger__upper,stag_trigger,upper,120,28,Composition,30,2,300000,300000,8356.222655774407,2800.0,5556.222655774407,66.41093173398986,V4,30,300000,8,0.02,0.005,0.05,1e-06,0.2,1.05,0.7,120,20,8,10,0.35,0.25,80.0,1e-12,False,3,4,0.5,True,False,1
2026-10-02T07:38:38+02:00,stag_trigger__upper,stag_trigger,upper,120,28,Composition,30,3,300000,300000,6088.206727375815,2800.0,3288.206727375815,65.06040854599269,V4,30,300000,8,0.02,0.005,0.05,1e-06,0.2,1.05,0.7,120,20,8,10,0.35,0.25,80.0,1e-12,False,3,4,0.5,True,False,1
2026-10-02T07:39:44+02:00,stag_trigger__upper,stag_trigger,upper,120,28,Composition,30,4,300000,300000,7443.963583177185,2800.0,4643.963583177185,65.89727006299654,V4,30,300000,8,0.02,0.005,0.05,1e-06,0.2,1.05,0.7,120,20,8,10,0.35,0.25,80.0,1e-12,False,3,4,0.5,True,False,1
2026-10-02T07:40:36+02:00,stag_trigger__upper,stag_trigger,upper,120,29,Composition,30,0,300000,300000,13896.961798361923,2900.0,10996.961798361923,52.05530796300445,V4,30,300000,8,0.02,0.005,0.05,1e-06,0.2,1.05,0.7,120,20,8,10,0.35,0.25,80.0,1e-12,False,3,4,0.5,True,False,1
2026-10-02T07:41:27+02:00,stag_trigger__upper,stag_trigger,upper,120,29,Composition,30,1,300000,300000,22212.950794748685,2900.0,19312.950794748685,51.02748657698976,V4,30,300000,8,0.02,0.005,0.05,1e-06,0.2,1.05,0.7,120,20,8,10,0.35,0.25,80.0,1e-12,False,3,4,0.5,True,False,1
2026-10-02T07:42:19+02:00,stag_trigger__upper,stag_trigger,upper,120,29,Composition,30,2,300000,300000,11418.996168661773,2900.0,8518.996168661773,51.308774596007424,V4,30,300000,8,0.02,0.005,0.05,1e-06,0.2,1.05,0.7,120,20,8,10,0.35,0.25,80.0,1e-12,False,3,4,0.5,True,False,1
2026-10-02T07:43:11+02:00,stag_trigger__upper,stag_trigger,upper,120,29,Composition,30,3,300000,300000,11072.73267374569,2900.0,8172.73267374569,51.468324658999336,V4,30,300000,8,0.02,0.005,0.05,1e-06,0.2,1.05,0.7,120,20,8,10,0.35,0.25,80.0,1e-12,False,3,4,0.5,True,False,1
2026-10-02T07:44:02+02:00,stag_trigger__upper,stag_trigger,upper,120,29,Composition,30,4,300000,300000,13256.671650798573,2900.0,10356.671650798573,51.17185674699431,V4,30,300000,8,0.02,0.005,0.05,1e-06,0.2,1.05,0.7,120,20,8,10,0.35,0.25,80.0,1e-12,False,3,4,0.5,True,False,1
2026-10-02T07:45:41+02:00,stag_trigger__upper,stag_trigger,upper,120,30,Composition,30,0,300000,300000,32259.695837138657,3000.0,29259.695837138657,99.15408658600063,V4,30,300000,8,0.02,0.005,0.05,1e-06,0.2,1.05,0.7,120,20,8,10,0.35,0.25,80.0,1e-12,False,3,4,0.5,True,False,1
2026-10-02T07:47:20+02:00,stag_trigger__upper,stag_trigger,upper,120,30,Composition,30,1,300000,300000,26050.798424324137,3000.0,23050.798424324137,98.78011296699697,V4,30,300000,8,0.02,0.005,0.05,1e-06,0.2,1.05,0.7,120,20,8,10,0.35,0.25,80.0,1e-12,False,3,4,0.5,True,False,1
2026-10-02T07:49:00+02:00,stag_trigger__upper,stag_trigger,upper,120,30,Composition,30,2,300000,300000,33523.20618270006,3000.0,30523.206182700058,99.51259326399304,V4,30,300000,8,0.02,0.005,0.05,1e-06,0.2,1.05,0.7,120,20,8,10,0.35,0.25,80.0,1e-12,False,3,4,0.5,True,False,1
2026-10-02T07:50:40+02:00,stag_trigger__upper,stag_trigger,upper,120,30,Composition,30,3,300000,300000,64144.338877628055,3000.0,61144.338877628055,100.02342796500307,V4,30,300000,8,0.02,0.005,0.05,1e-06,0.2,1.05,0.7,120,20,8,10,0.35,0.25,80.0,1e-12,False,3,4,0.5,True,False,1
2026-10-02T07:52:19+02:00,stag_trigger__upper,stag_trigger,upper,120,30,Composition,30,4,300000,300000,32687.762800607074,3000.0,29687.762800607074,99.72035839299497,V4,30,300000,8,0.02,0.005,0.05,1e-06,0.2,1.05,0.7,120,20,8,10,0.35,0.25,80.0,1e-12,False,3,4,0.5,True,False,1
2026-10-02T07:52:27+02:00,mem_pull__lower,mem_pull,lower,0.175,1,Unimodal,30,0,300000,300000,2936126.1924339994,100.0,2936026.1924339994,7.327361942996504,V4,30,300000,8,0.02,0.005,0.05,1e-06,0.2,1.05,0.7,60,20,8,10,0.175,0.25,80.0,1e-12,False,3,4,0.5,True,False,1
2026-10-02T07:52:34+02:00,mem_pull__lower,mem_pull,lower,0.175,1,Unimodal,30,1,300000,300000,8370387.979420068,100.0,8370287.979420068,7.313293402999989,V4,30,300000,8,0.02,0.005,0.05,1e-06,0.2,1.05,0.7,60,20,8,10,0.175,0.25,80.0,1e-12,False,3,4,0.5,True,False,1
2026-10-02T07:52:41+02:00,mem_pull__lower,mem_pull,lower,0.175,1,Unimodal,30,2,300000,300000,1544329.3124041194,100.0,1544229.3124041194,7.212884977998328,V4,30,300000,8,0.02,0.005,0.05,1e-06,0.2,1.05,0.7,60,20,8,10,0.175,0.25,80.0,1e-12,False,3,4,0.5,True,False,1
2026-10-02T07:52:49+02:00,mem_pull__lower,mem_pull,lower,0.175,1,Unimodal,30,3,300000,300000,8728840.504526401,100.0,8728740.504526401,7.253425300004892,V4,30,300000,8,0.02,0.005,0.05,1e-06,0.2,1.05,0.7,60,20,8,10,0.175,0.25,80.0,1e-12,False,3,4,0.5,True,False,1
2026-10-02T07:52:56+02:00,mem_pull__lower,mem_pull,lower,0.175,1,Unimodal,30,4,300000,300000,1817803.2072151816,100.0,1817703.2072151816,7.240394406006089,V4,30,300000,8,0.02,0.005,0.05,1e-06,0.2,1.05,0.7,60,20,8,10,0.175,0.25,80.0,1e-12,False,3,4,0.5,True,False,1
2026-10-02T07:53:02+02:00,mem_pull__lower,mem_pull,lower,0.175,2,Unimodal,30,0,300000,300000,440415.3099513436,200.0,440215.3099513436,6.329299782999442,V4,30,300000,8,0.02,0.005,0.05,1e-06,0.2,1.05,0.7,60,20,8,10,0.175,0.25,80.0,1e-12,False,3,4,0.5,True,False,1
2026-10-02T07:53:09+02:00,mem_pull__lower,mem_pull,lower,0.175,2,Unimodal,30,1,300000,300000,549441.5001389023,200.0,549241.5001389023,6.213966735987924,V4,30,300000,8,0.02,0.005,0.05,1e-06,0.2,1.05,0.7,60,20,8,10,0.175,0.25,80.0,1e-12,False,3,4,0.5,True,False,1
2026-10-02T07:53:15+02:00,mem_pull__lower,mem_pull,lower,0.175,2,Unimodal,30,2,300000,300000,626499.1178417224,200.0,626299.1178417224,6.247280181996757,V4,30,300000,8,0.02,0.005,0.05,1e-06,0.2,1.05,0.7,60,20,8,10,0.175,0.25,80.0,1e-12,False,3,4,0.5,True,False,1
2026-10-02T07:53:21+02:00,mem_pull__lower,mem_pull,lower,0.175,2,Unimodal,30,3,300000,300000,1698522.349862086,200.0,1698322.349862086,6.447060118007357,V4,30,300000,8,0.02,0.005,0.05,1e-06,0.2,1.05,0.7,60,20,8,10,0.175,0.25,80.0,1e-12,False,3,4,0.5,True,False,1
2026-10-02T07:53:28+02:00,mem_pull__lower,mem_pull,lower,0.175,2,Unimodal,30,4,300000,300000,376733.0520843697,200.0,376533.0520843697,6.26144345200737,V4,30,300000,8,0.02,0.005,0.05,1e-06,0.2,1.05,0.7,60,20,8,10,0.175,0.25,80.0,1e-12,False,3,4,0.5,True,False,1
2026-10-02T07:53:34+02:00,mem_pull__lower,mem_pull,lower,0.175,3,Unimodal,30,0,300000,300000,30310.71338890489,300.0,30010.71338890489,6.185487834998639,V4,30,300000,8,0.02,0.005,0.05,1e-06,0.2,1.05,0.7,60,20,8,10,0.175,0.25,80.0,1e-12,False,3,4,0.5,True,False,1
2026-10-02T07:53:40+02:00,mem_pull__lower,mem_pull,lower,0.175,3,Unimodal,30,1,300000,300000,2197.58668080681,300.0,1897.58668080681,6.372257316004834,V4,30,300000,8,0.02,0.005,0.05,1e-06,0.2,1.05,0.7,60,20,8,10,0.175,0.25,80.0,1e-12,False,3,4,0.5,True,False,1
2026-10-02T07:53:47+02:00,mem_pull__lower,mem_pull,lower,0.175,3,Unimodal,30,2,300000,300000,12064.775047745645,300.0,11764.775047745645,6.2788600519998,V4,30,300000,8,0.02,0.005,0.05,1e-06,0.2,1.05,0.7,60,20,8,10,0.175,0.25,80.0,1e-12,False,3,4,0.5,True,False,1
2026-10-02T07:53:53+02:00,mem_pull__lower,mem_pull,lower,0.175,3,Unimodal,30,3,300000,300000,37059.41126687353,300.0,36759.41126687353,6.185577740005101,V4,30,300000,8,0.02,0.005,0.05,1e-06,0.2,1.05,0.7,60,20,8,10,0.175,0.25,80.0,1e-12,False,3,4,0.5,True,False,1
2026-10-02T07:53:59+02:00,mem_pull__lower,mem_pull,lower,0.175,3,Unimodal,30,4,300000,300000,580.4354276769091,300.0,280.43542767690906,6.368170649002423,V4,30,300000,8,0.02,0.005,0.05,1e-06,0.2,1.05,0.7,60,20,8,10,0.175,0.25,80.0,1e-12,False,3,4,0.5,True,False,1
2026-10-02T07:54:07+02:00,mem_pull__lower,mem_pull,lower,0.175,4,Multimodal,30,0,300000,300000,470.82401116899524,400.0,70.82401116899524,7.506543327996042,V4,30,300000,8,0.02,0.005,0.05,1e-06,0.2,1.05,0.7,60,20,8,10,0.175,0.25,80.0,1e-12,False,3,4,0.5,True,False,1
2026-10-02T07:54:14+02:00,mem_pull__lower,mem_pull,lower,0.175,4,Multimodal,30,1,300000,300000,472.63952402145526,400.0,72.63952402145526,7.482484282998485,V4,30,300000,8,0.02,0.005,0.05,1e-06,0.2,1.05,0.7,60,20,8,10,0.175,0.25,80.0,1e-12,False,3,4,0.5,True,False,1
2026-10-02T07:54:22+02:00,mem_pull__lower,mem_pull,lower,0.175,4,Multimodal,30,2,300000,300000,469.9195292140202,400.0,69.9195292140202,7.464257008003187,V4,30,300000,8,0.02,0.005,0.05,1e-06,0.2,1.05,0.7,60,20,8,10,0.175,0.25,80.0,1e-12,False,3,4,0.5,True,False,1
2026-10-02T07:54:29+02:00,mem_pull__lower,mem_pull,lower,0.175,4,Multimodal,30,3,300000,300000,477.35922736810863,400.0,77.35922736810863,7.440413134012488,V4,30,300000,8,0.02,0.005,0.05,1e-06,0.2,1.05,0.7,60,20,8,10,0.175,0.25,80.0,1e-12,False,3,4,0.5,True,False,1
2026-10-02T07:54:37+02:00,mem_pull__lower,mem_pull,lower,0.175,4,Multimodal,30,4,300000,300000,471.0324646564857,400.0,71.03246465648567,7.710855537996395,V4,30,300000,8,0.02,0.005,0.05,1e-06,0.2,1.05,0.7,60,20,8,10,0.175,0.25,80.0,1e-12,False,3,4,0.5,True,False,1
2026-10-02T07:54:44+02:00,mem_pull__lower,mem_pull,lower,0.175,5,Multimodal,30,0,300000,300000,521.3083986294519,500.0,21.308398629451858,7.228281036994304,V4,30,300000,8,0.02,0.005,0.05,1e-06,0.2,1.05,0.7,60,20,8,10,0.175,0.25,80.0,1e-12,False,3,4,0.5,True,False,1
2026-10-02T07:54:52+02:00,mem_pull__lower,mem_pull,lower,0.175,5,Multimodal,30,1,300000,300000,521.0336059489039,500.0,21.03360594890387,7.362718771997606,V4,30,300000,8,0.02,0.005,0.05,1e-06,0.2,1.05,0.7,60,20,8,10,0.175,0.25,80.0,1e-12,False,3,4,0.5,True,False,1
2026-10-02T07:54:59+02:00,mem_pull__lower,mem_pull,lower,0.175,5,Multimodal,30,2,300000,300000,521.2637985097554,500.0,21.26379850975536,7.541727477990207,V4,30,300000,8,0.02,0.005,0.05,1e-06,0.2,1.05,0.7,60,20,8,10,0.175,0.25,80.0,1e-12,False,3,4,0.5,True,False,1
2026-10-02T07:55:07+02:00,mem_pull__lower,mem_pull,lower,0.175,5,Multimodal,30,3,300000,300000,521.0518959093145,500.0,21.051895909314453,7.308692229009466,V4,30,300000,8,0.02,0.005,0.05,1e-06,0.2,1.05,0.7,60,20,8,10,0.175,0.25,80.0,1e-12,False,3,4,0.5,True,False,1
2026-10-02T07:55:14+02:00,mem_pull__lower,mem_pull,lower,0.175,5,Multimodal,30,4,300000,300000,521.5081802582525,500.0,21.508180258252537,7.520328246013378,V4,30,300000,8,0.02,0.005,0.05,1e-06,0.2,1.05,0.7,60,20,8,10,0.175,0.25,80.0,1e-12,False,3,4,0.5,True,False,1
2026-10-02T07:56:41+02:00,mem_pull__lower,mem_pull,lower,0.175,6,Multimodal,30,0,300000,300000,637.2255819206607,600.0,37.225581920660716,86.33986880698649,V4,30,300000,8,0.02,0.005,0.05,1e-06,0.2,1.05,0.7,60,20,8,10,0.175,0.25,80.0,1e-12,False,3,4,0.5,True,False,1
2026-10-02T07:58:05+02:00,mem_pull__lower,mem_pull,lower,0.175,6,Multimodal,30,1,300000,300000,634.8893020091202,600.0,34.88930200912023,84.70350453699939,V4,30,300000,8,0.02,0.005,0.05,1e-06,0.2,1.05,0.7,60,20,8,10,0.175,0.25,80.0,1e-12,False,3,4,0.5,True,False,1
2026-10-02T07:59:31+02:00,mem_pull__lower,mem_pull,lower,0.175,6,Multimodal,30,2,300000,300000,631.0902762128828,600.0,31.090276212882827,85.38112279199413,V4,30,300000,8,0.02,0.005,0.05,1e-06,0.2,1.05,0.7,60,20,8,10,0.175,0.25,80.0,1e-12,False,3,4,0.5,True,False,1
2026-10-02T08:00:57+02:00,mem_pull__lower,mem_pull,lower,0.175,6,Multimodal,30,3,300000,300000,639.1150331584474,600.0,39.11503315844743,86.08913987300184,V4,30,300000,8,0.02,0.005,0.05,1e-06,0.2,1.05,0.7,60,20,8,10,0.175,0.25,80.0,1e-12,False,3,4,0.5,True,False,1
2026-10-02T08:02:22+02:00,mem_pull__lower,mem_pull,lower,0.175,6,Multimodal,30,4,300000,300000,635.2844772265648,600.0,35.28447722656483,85.02109064700198,V4,30,300000,8,0.02,0.005,0.05,1e-06,0.2,1.05,0.7,60,20,8,10,0.175,0.25,80.0,1e-12,False,3,4,0.5,True,False,1
2026-10-02T08:02:30+02:00,mem_pull__lower,mem_pull,lower,0.175,7,Multimodal,30,0,300000,300000,700.4175986880336,700.0,0.4175986880336495,7.475878589000786,V4,30,300000,8,0.02,0.005,0.05,1e-06,0.2,1.05,0.7,60,20,8,10,0.175,0.25,80.0,1e-12,False,3,4,0.5,True,False,1
2026-10-02T08:02:37+02:00,mem_pull__lower,mem_pull,lower,0.175,7,Multimodal,30,1,300000,300000,700.8834373260554,700.0,0.8834373260554003,7.492760963999899,V4,30,300000,8,0.02,0.005,0.05,1e-06,0.2,1.05,0.7,60,20,8,10,0.175,0.25,80.0,1e-12,False,3,4,0.5,True,False,1
2026-10-02T08:02:45+02:00,mem_pull__lower,mem_pull,lower,0.175,7,Multimodal,30,2,300000,300000,700.3838178828366,700.0,0.3838178828366381,7.506551102997037,V4,30,300000,8,0.02,0.005,0.05,1e-06,0.2,1.05,0.7,60,20,8,10,0.175,0.25,80.0,1e-12,False,3,4,0.5,True,False,1
2026-10-02T08:02:52+02:00,mem_pull__lower,mem_pull,lower,0.175,7,Multimodal,30,3,300000,300000,700.2504335022572,700.0,0.2504335022572377,7.569395975995576,V4,30,300000,8,0.02,0.005,0.05,1e-06,0.2,1.05,0.7,60,20,8,10,0.175,0.25,80.0,1e-12,False,3,4,0.5,True,False,1
2026-10-02T08:03:00+02:00,mem_pull__lower,mem_pull,lower,0.175,7,Multimodal,30,4,300000,300000,700.7100191412467,700.0,0.7100191412466756,7.487527518009301,V4,30,300000,8,0.02,0.005,0.05,1e-06,0.2,1.05,0.7,60,20,8,10,0.175,0.25,80.0,1e-12,False,3,4,0.5,True,False,1
2026-10-02T08:03:07+02:00,mem_pull__lower,mem_pull,lower,0.175,8,Multimodal,30,0,300000,300000,1110.8033120134264,800.0,310.8033120134264,7.025610158001655,V4,30,300000,8,0.02,0.005,0.05,1e-06,0.2,1.05,0.7,60,20,8,10,0.175,0.25,80.0,1e-12,False,3,4,0.5,True,False,1
2026-10-02T08:03:14+02:00,mem_pull__lower,mem_pull,lower,0.175,8,Multimodal,30,1,300000,300000,1179.9834000102974,800.0,379.9834000102974,7.138655839007697,V4,30,300000,8,0.02,0.005,0.05,1e-06,0.2,1.05,0.7,60,20,8,10,0.175,0.25,80.0,1e-12,False,3,4,0.5,True,False,1
2026-10-02T08:03:21+02:00,mem_pull__lower,mem_pull,lower,0.175,8,Multimodal,30,2,300000,300000,1119.8867330810667,800.0,319.8867330810667,7.087530686010723,V4,30,300000,8,0.02,0.005,0.05,1e-06,0.2,1.05,0.7,60,20,8,10,0.175,0.25,80.0,1e-12,False,3,4,0.5,True,False,1
2026-10-02T08:03:28+02:00,mem_pull__lower,mem_pull,lower,0.175,8,Multimodal,30,3,300000,300000,1167.0463089044772,800.0,367.0463089044772,7.0380447920033475,V4,30,300000,8,0.02,0.005,0.05,1e-06,0.2,1.05,0.7,60,20,8,10,0.175,0.25,80.0,1e-12,False,3,4,0.5,True,False,1
2026-10-02T08:03:35+02:00,mem_pull__lower,mem_pull,lower,0.175,8,Multimodal,30,4,300000,300000,1089.003614993405,800.0,289.0036149934051,7.092665923002642,V4,30,300000,8,0.02,0.005,0.05,1e-06,0.2,1.05,0.7,60,20,8,10,0.175,0.25,80.0,1e-12,False,3,4,0.5,True,False,1
2026-10-02T08:03:43+02:00,mem_pull__lower,mem_pull,lower,0.175,9,Multimodal,30,0,300000,300000,1375.6927334631587,900.0,475.6927334631587,7.269868732008035,V4,30,300000,8,0.02,0.005,0.05,1e-06,0.2,1.05,0.7,60,20,8,10,0.175,0.25,80.0,1e-12,False,3,4,0.5,True,False,1
2026-10-02T08:03:50+02:00,mem_pull__lower,mem_pull,lower,0.175,9,Multimodal,30,1,300000,300000,1345.8730676287687,900.0,445.8730676287687,7.286379582990776,V4,30,300000,8,0.02,0.005,0.05,1e-06,0.2,1.05,0.7,60,20,8,10,0.175,0.25,80.0,1e-12,False,3,4,0.5,True,False,1
2026-10-02T08:03:57+02:00,mem_pull__lower,mem_pull,lower,0.175,9,Multimodal,30,2,300000,300000,1346.3196710841355,900.0,446.3196710841355,7.240723926995997,V4,30,300000,8,0.02,0.005,0.05,1e-06,0.2,1.05,0.7,60,20,8,10,0.175,0.25,80.0,1e-12,False,3,4,0.5,True,False,1
2026-10-02T08:04:05+02:00,mem_pull__lower,mem_pull,lower,0.175,9,Multimodal,30,3,300000,300000,1391.489165341073,900.0,491.489165341073,7.559692866998375,V4,30,300000,8,0.02,0.005,0.05,1e-06,0.2,1.05,0.7,60,20,8,10,0.175,0.25,80.0,1e-12,False,3,4,0.5,True,False,1
2026-10-02T08:04:12+02:00,mem_pull__lower,mem_pull,lower,0.175,9,Multimodal,30,4,300000,300000,1259.272670573597,900.0,359.272670573597,7.215544642996974,V4,30,300000,8,0.02,0.005,0.05,1e-06,0.2,1.05,0.7,60,20,8,10,0.175,0.25,80.0,1e-12,False,3,4,0.5,True,False,1
2026-10-02T08:04:25+02:00,mem_pull__lower,mem_pull,lower,0.175,10,Multimodal,30,0,300000,300000,4317.929580366186,1000.0,3317.929580366186,12.545236363002914,V4,30,300000,8,0.02,0.005,0.05,1e-06,0.2,1.05,0.7,60,20,8,10,0.175,0.25,80.0,1e-12,False,3,4,0.5,True,False,1
2026-10-02T08:04:37+02:00,mem_pull__lower,mem_pull,lower,0.175,10,Multimodal,30,1,300000,300000,4276.925601555849,1000.0,3276.9256015558494,12.269425954000326,V4,30,300000,8,0.02,0.005,0.05,1e-06,0.2,1.05,0.7,60,20,8,10,0.175,0.25,80.0,1e-12,False,3,4,0.5,True,False,1
2026-10-02T08:04:49+02:00,mem_pull__lower,mem_pull,lower,0.175,10,Multimodal,30,2,300000,300000,4296.442077861413,1000.0,3296.442077861413,12.457941104003112,V4,30,300000,8,0.02,0.005,0.05,1e-06,0.2,1.05,0.7,60,20,8,10,0.175,0.25,80.0,1e-12,False,3,4,0.5,True,False,1
2026-10-02T08:05:02+02:00,mem_pull__lower,mem_pull,lower,0.175,10,Multimodal,30,3,300000,300000,4708.649419309837,1000.0,3708.649419309837,12.427248913008953,V4,30,300000,8,0.02,0.005,0.05,1e-06,0.2,1.05,0.7,60,20,8,10,0.175,0.25,80.0,1e-12,False,3,4,0.5,True,False,1
2026-10-02T08:05:15+02:00,mem_pull__lower,mem_pull,lower,0.175,10,Multimodal,30,4,300000,300000,5017.417721191405,1000.0,4017.417721191405,12.593280943998252,V4,30,300000,8,0.02,0.005,0.05,1e-06,0.2,1.05,0.7,60,20,8,10,0.175,0.25,80.0,1e-12,False,3,4,0.5,True,False,1
2026-10-02T08:05:27+02:00,mem_pull__lower,mem_pull,lower,0.175,11,Multimodal,30,0,300000,300000,5280.601983620705,1100.0,4180.601983620705,12.552083009999478,V4,30,300000,8,0.02,0.005,0.05,1e-06,0.2,1.05,0.7,60,20,8,10,0.175,0.25,80.0,1e-12,False,3,4,0.5,True,False,1
2026-10-02T08:05:40+02:00,mem_pull__lower,mem_pull,lower,0.175,11,Multimodal,30,1,300000,300000,5118.9834310181195,1100.0,4018.9834310181195,12.394827286989312,V4,30,300000,8,0.02,0.005,0.05,1e-06,0.2,1.05,0.7,60,20,8,10,0.175,0.25,80.0,1e-12,False,3,4,0.5,True,False,1
2026-10-02T08:05:52+02:00,mem_pull__lower,mem_pull,lower,0.175,11,Multimodal,30,2,300000,300000,5053.733169186089,1100.0,3953.733169186089,12.647458648003521,V4,30,300000,8,0.02,0.005,0.05,1e-06,0.2,1.05,0.7,60,20,8,10,0.175,0.25,80.0,1e-12,False,3,4,0.5,True,False,1
2026-10-02T08:06:05+02:00,mem_pull__lower,mem_pull,lower,0.175,11,Multimodal,30,3,300000,300000,4857.921655961964,1100.0,3757.9216559619636,12.672279441001592,V4,30,300000,8,0.02,0.005,0.05,1e-06,0.2,1.05,0.7,60,20,8,10,0.175,0.25,80.0,1e-12,False,3,4,0.5,True,False,1
2026-10-02T08:06:17+02:00,mem_pull__lower,mem_pull,lower,0.175,11,Multimodal,30,4,300000,300000,5663.065711747669,1100.0,4563.065711747669,12.441325062987744,V4,30,300000,8,0.02,0.005,0.05,1e-06,0.2,1.05,0.7,60,20,8,10,0.175,0.25,80.0,1e-12,False,3,4,0.5,True,False,1
2026-10-02T08:14:34+02:00,mem_pull__lower,mem_pull,lower,0.175,12,Multimodal,30,0,300000,300000,1200.7069955519653,1200.0,0.7069955519652922,496.958814616999,V4,30,300000,8,0.02,0.005,0.05,1e-06,0.2,1.05,0.7,60,20,8,10,0.175,0.25,80.0,1e-12,False,3,4,0.5,True,False,1
2026-10-02T08:22:56+02:00,mem_pull__lower,mem_pull,lower,0.175,12,Multimodal,30,1,300000,300000,1200.444320790245,1200.0,0.44432079024500126,501.0285131279961,V4,30,300000,8,0.02,0.005,0.05,1e-06,0.2,1.05,0.7,60,20,8,10,0.175,0.25,80.0,1e-12,False,3,4,0.5,True,False,1
2026-10-02T08:31:22+02:00,mem_pull__lower,mem_pull,lower,0.175,12,Multimodal,30,2,300000,300000,1200.7188888880153,1200.0,0.7188888880152717,506.15377144599915,V4,30,300000,8,0.02,0.005,0.05,1e-06,0.2,1.05,0.7,60,20,8,10,0.175,0.25,80.0,1e-12,False,3,4,0.5,True,False,1
2026-10-02T08:39:45+02:00,mem_pull__lower,mem_pull,lower,0.175,12,Multimodal,30,3,300000,300000,1200.7775266725437,1200.0,0.7775266725436722,503.278395714995,V4,30,300000,8,0.02,0.005,0.05,1e-06,0.2,1.05,0.7,60,20,8,10,0.175,0.25,80.0,1e-12,False,3,4,0.5,True,False,1
2026-10-02T08:48:07+02:00,mem_pull__lower,mem_pull,lower,0.175,12,Multimodal,30,4,300000,300000,1200.5737791937547,1200.0,0.5737791937547172,501.5681385219941,V4,30,300000,8,0.02,0.005,0.05,1e-06,0.2,1.05,0.7,60,20,8,10,0.175,0.25,80.0,1e-12,False,3,4,0.5,True,False,1
2026-10-02T08:48:14+02:00,mem_pull__lower,mem_pull,lower,0.175,13,Multimodal,30,0,300000,300000,1300.2618213887588,1300.0,0.2618213887587899,7.372052997001447,V4,30,300000,8,0.02,0.005,0.05,1e-06,0.2,1.05,0.7,60,20,8,10,0.175,0.25,80.0,1e-12,False,3,4,0.5,True,False,1
2026-10-02T08:48:21+02:00,mem_pull__lower,mem_pull,lower,0.175,13,Multimodal,30,1,300000,300000,1300.2994324374697,1300.0,0.2994324374697044,7.385493249006686,V4,30,300000,8,0.02,0.005,0.05,1e-06,0.2,1.05,0.7,60,20,8,10,0.175,0.25,80.0,1e-12,False,3,4,0.5,True,False,1
2026-10-02T08:48:29+02:00,mem_pull__lower,mem_pull,lower,0.175,13,Multimodal,30,2,300000,300000,1300.3881709816153,1300.0,0.3881709816153034,7.211515315997531,V4,30,300000,8,0.02,0.005,0.05,1e-06,0.2,1.05,0.7,60,20,8,10,0.175,0.25,80.0,1e-12,False,3,4,0.5,True,False,1
2026-10-02T08:48:36+02:00,mem_pull__lower,mem_pull,lower,0.175,13,Multimodal,30,3,300000,300000,1300.3058314700088,1300.0,0.3058314700087976,7.3686625129921595,V4,30,300000,8,0.02,0.005,0.05,1e-06,0.2,1.05,0.7,60,20,8,10,0.175,0.25,80.0,1e-12,False,3,4,0.5,True,False,1
2026-10-02T08:48:44+02:00,mem_pull__lower,mem_pull,lower,0.175,13,Multimodal,30,4,300000,300000,1300.2984290910883,1300.0,0.2984290910883374,7.316690662002657,V4,30,300000,8,0.02,0.005,0.05,1e-06,0.2,1.05,0.7,60,20,8,10,0.175,0.25,80.0,1e-12,False,3,4,0.5,True,False,1
2026-10-02T08:48:51+02:00,mem_pull__lower,mem_pull,lower,0.175,14,Multimodal,30,0,300000,300000,1400.2621001941138,1400.0,0.26210019411382746,7.48488508099399,V4,30,300000,8,0.02,0.005,0.05,1e-06,0.2,1.05,0.7,60,20,8,10,0.175,0.25,80.0,1e-12,False,3,4,0.5,True,False,1
2026-10-02T08:48:59+02:00,mem_pull__lower,mem_pull,lower,0.175,14,Multimodal,30,1,300000,300000,1400.2947566659354,1400.0,0.2947566659354379,7.492127192992484,V4,30,300000,8,0.02,0.005,0.05,1e-06,0.2,1.05,0.7,60,20,8,10,0.175,0.25,80.0,1e-12,False,3,4,0.5,True,False,1
2026-10-02T08:49:06+02:00,mem_pull__lower,mem_pull,lower,0.175,14,Multimodal,30,2,300000,300000,1400.2975998068816,1400.0,0.29759980688163523,7.532747734992881,V4,30,300000,8,0.02,0.005,0.05,1e-06,0.2,1.05,0.7,60,20,8,10,0.175,0.25,80.0,1e-12,False,3,4,0.5,True,False,1
2026-10-02T08:49:14+02:00,mem_pull__lower,mem_pull,lower,0.175,14,Multimodal,30,3,300000,300000,1400.2294189683219,1400.0,0.22941896832185193,7.386328317996231,V4,30,300000,8,0.02,0.005,0.05,1e-06,0.2,1.05,0.7,60,20,8,10,0.175,0.25,80.0,1e-12,False,3,4,0.5,True,False,1
2026-10-02T08:49:21+02:00,mem_pull__lower,mem_pull,lower,0.175,14,Multimodal,30,4,300000,300000,1400.2996454056563,1400.0,0.2996454056562925,7.400716559001012,V4,30,300000,8,0.02,0.005,0.05,1e-06,0.2,1.05,0.7,60,20,8,10,0.175,0.25,80.0,1e-12,False,3,4,0.5,True,False,1
2026-10-02T08:49:29+02:00,mem_pull__lower,mem_pull,lower,0.175,15,Multimodal,30,0,300000,300000,1517.243380005154,1500.0,17.243380005153995,8.250746584002627,V4,30,300000,8,0.02,0.005,0.05,1e-06,0.2,1.05,0.7,60,20,8,10,0.175,0.25,80.0,1e-12,False,3,4,0.5,True,False,1
2026-10-02T08:49:38+02:00,mem_pull__lower,mem_pull,lower,0.175,15,Multimodal,30,1,300000,300000,1513.9284658208514,1500.0,13.928465820851443,8.339961174002383,V4,30,300000,8,0.02,0.005,0.05,1e-06,0.2,1.05,0.7,60,20,8,10,0.175,0.25,80.0,1e-12,False,3,4,0.5,True,False,1
2026-10-02T08:49:46+02:00,mem_pull__lower,mem_pull,lower,0.175,15,Multimodal,30,2,300000,300000,1513.6596098526932,1500.0,13.659609852693166,8.361876526993,V4,30,300000,8,0.02,0.005,0.05,1e-06,0.2,1.05,0.7,60,20,8,10,0.175,0.25,80.0,1e-12,False,3,4,0.5,True,False,1
2026-10-02T08:49:54+02:00,mem_pull__lower,mem_pull,lower,0.175,15,Multimodal,30,3,300000,300000,1517.4374159992947,1500.0,17.43741599929467,8.202166656992631,V4,30,300000,8,0.02,0.005,0.05,1e-06,0.2,1.05,0.7,60,20,8,10,0.175,0.25,80.0,1e-12,False,3,4,0.5,True,False,1
2026-10-02T08:50:03+02:00,mem_pull__lower,mem_pull,lower,0.175,15,Multimodal,30,4,300000,300000,1515.5893497473048,1500.0,15.589349747304823,8.350164571005735,V4,30,300000,8,0.02,0.005,0.05,1e-06,0.2,1.05,0.7,60,20,8,10,0.175,0.25,80.0,1e-12,False,3,4,0.5,True,False,1
2026-10-02T08:50:47+02:00,mem_pull__lower,mem_pull,lower,0.175,16,Multimodal,30,0,300000,300000,1613.4146995044232,1600.0,13.414699504423197,43.899607104001916,V4,30,300000,8,0.02,0.005,0.05,1e-06,0.2,1.05,0.7,60,20,8,10,0.175,0.25,80.0,1e-12,False,3,4,0.5,True,False,1
2026-10-02T08:51:30+02:00,mem_pull__lower,mem_pull,lower,0.175,16,Multimodal,30,1,300000,300000,1613.5240311144626,1600.0,13.52403111446256,43.61950197900296,V4,30,300000,8,0.02,0.005,0.05,1e-06,0.2,1.05,0.7,60,20,8,10,0.175,0.25,80.0,1e-12,False,3,4,0.5,True,False,1
2026-10-02T08:52:15+02:00,mem_pull__lower,mem_pull,lower,0.175,16,Multimodal,30,2,300000,300000,1613.8298656104434,1600.0,13.829865610443449,44.71267047600122,V4,30,300000,8,0.02,0.005,0.05,1e-06,0.2,1.05,0.7,60,20,8,10,0.175,0.25,80.0,1e-12,False,3,4,0.5,True,False,1
2026-10-02T08:52:59+02:00,mem_pull__lower,mem_pull,lower,0.175,16,Multimodal,30,3,300000,300000,1613.6522763473622,1600.0,13.652276347362204,43.625496077002026,V4,30,300000,8,0.02,0.005,0.05,1e-06,0.2,1.05,0.7,60,20,8,10,0.175,0.25,80.0,1e-12,False,3,4,0.5,True,False,1
2026-10-02T08:53:43+02:00,mem_pull__lower,mem_pull,lower,0.175,16,Multimodal,30,4,300000,300000,1614.1418529569544,1600.0,14.14185295695438,44.442162718987674,V4,30,300000,8,0.02,0.005,0.05,1e-06,0.2,1.05,0.7,60,20,8,10,0.175,0.25,80.0,1e-12,False,3,4,0.5,True,False,1
2026-10-02T08:53:58+02:00,mem_pull__lower,mem_pull,lower,0.175,17,Hybrid,30,0,300000,300000,74960.25964686579,1700.0,73260.25964686579,14.596512121002888,V4,30,300000,8,0.02,0.005,0.05,1e-06,0.2,1.05,0.7,60,20,8,10,0.175,0.25,80.0,1e-12,False,3,4,0.5,True,False,1
2026-10-02T08:54:13+02:00,mem_pull__lower,mem_pull,lower,0.175,17,Hybrid,30,1,300000,300000,288809.61790082825,1700.0,287109.61790082825,15.158939244996873,V4,30,300000,8,0.02,0.005,0.05,1e-06,0.2,1.05,0.7,60,20,8,10,0.175,0.25,80.0,1e-12,False,3,4,0.5,True,False,1
2026-10-02T08:54:28+02:00,mem_pull__lower,mem_pull,lower,0.175,17,Hybrid,30,2,300000,300000,314995.4886926352,1700.0,313295.4886926352,15.081255343000521,V4,30,300000,8,0.02,0.005,0.05,1e-06,0.2,1.05,0.7,60,20,8,10,0.175,0.25,80.0,1e-12,False,3,4,0.5,True,False,1
2026-10-02T08:54:44+02:00,mem_pull__lower,mem_pull,lower,0.175,17,Hybrid,30,3,300000,300000,201971.42635991506,1700.0,200271.42635991506,15.39645592001034,V4,30,300000,8,0.02,0.005,0.05,1e-06,0.2,1.05,0.7,60,20,8,10,0.175,0.25,80.0,1e-12,False,3,4,0.5,True,False,1
2026-10-02T08:54:59+02:00,mem_pull__lower,mem_pull,lower,0.175,17,Hybrid,30,4,300000,300000,112302.3425018338,1700.0,110602.3425018338,15.563310498997453,V4,30,300000,8,0.02,0.005,0.05,1e-06,0.2,1.05,0.7,60,20,8,10,0.175,0.25,80.0,1e-12,False,3,4,0.5,True,False,1
2026-10-02T08:55:09+02:00,mem_pull__lower,mem_pull,lower,0.175,18,Hybrid,30,0,300000,300000,100340.4179060474,1800.0,98540.4179060474,9.560094069005572,V4,30,300000,8,0.02,0.005,0.05,1e-06,0.2,1.05,0.7,60,20,8,10,0.175,0.25,80.0,1e-12,False,3,4,0.5,True,False,1
2026-10-02T08:55:19+02:00,mem_pull__lower,mem_pull,lower,0.175,18,Hybrid,30,1,300000,300000,85263.8532740286,1800.0,83463.8532740286,9.818981302989414,V4,30,300000,8,0.02,0.005,0.05,1e-06,0.2,1.05,0.7,60,20,8,10,0.175,0.25,80.0,1e-12,False,3,4,0.5,True,False,1
2026-10-02T08:55:28+02:00,mem_pull__lower,mem_pull,lower,0.175,18,Hybrid,30,2,300000,300000,102519.91869725578,1800.0,100719.91869725578,9.352693526991061,V4,30,300000,8,0.02,0.005,0.05,1e-06,0.2,1.05,0.7,60,20,8,10,0.175,0.25,80.0,1e-12,False,3,4,0.5,True,False,1
2026-10-02T08:55:38+02:00,mem_pull__lower,mem_pull,lower,0.175,18,Hybrid,30,3,300000,300000,93693.0667260313,1800.0,91893.0667260313,9.589865531001124,V4,30,300000,8,0.02,0.005,0.05,1e-06,0.2,1.05,0.7,60,20,8,10,0.175,0.25,80.0,1e-12,False,3,4,0.5,True,False,1
2026-10-02T08:55:47+02:00,mem_pull__lower,mem_pull,lower,0.175,18,Hybrid,30,4,300000,300000,141569.69120522766,1800.0,139769.69120522766,9.606538509993698,V4,30,300000,8,0.02,0.005,0.05,1e-06,0.2,1.05,0.7,60,20,8,10,0.175,0.25,80.0,1e-12,False,3,4,0.5,True,False,1
2026-10-02T08:56:20+02:00,mem_pull__lower,mem_pull,lower,0.175,19,Hybrid,30,0,300000,300000,1933.2849181525557,1900.0,33.28491815255575,32.07455073301389,V4,30,300000,8,0.02,0.005,0.05,1e-06,0.2,1.05,0.7,60,20,8,10,0.175,0.25,80.0,1e-12,False,3,4,0.5,True,False,1
2026-10-02T08:56:51+02:00,mem_pull__lower,mem_pull,lower,0.175,19,Hybrid,30,1,300000,300000,1937.7209214349118,1900.0,37.720921434911816,31.839281148990267,V4,30,300000,8,0.02,0.005,0.05,1e-06,0.2,1.05,0.7,60,20,8,10,0.175,0.25,80.0,1e-12,False,3,4,0.5,True,False,1
2026-10-02T08:57:23+02:00,mem_pull__lower,mem_pull,lower,0.175,19,Hybrid,30,2,300000,300000,1936.0271579016737,1900.0,36.02715790167372,31.866558661989984,V4,30,300000,8,0.02,0.005,0.05,1e-06,0.2,1.05,0.7,60,20,8,10,0.175,0.25,80.0,1e-12,False,3,4,0.5,True,False,1
2026-10-02T08:57:56+02:00,mem_pull__lower,mem_pull,lower,0.175,19,Hybrid,30,3,300000,300000,1929.4077938593505,1900.0,29.407793859350477,32.15462237900647,V4,30,300000,8,0.02,0.005,0.05,1e-06,0.2,1.05,0.7,60,20,8,10,0.175,0.25,80.0,1e-12,False,3,4,0.5,True,False,1
2026-10-02T08:58:28+02:00,mem_pull__lower,mem_pull,lower,0.175,19,Hybrid,30,4,300000,300000,1942.265334367366,1900.0,42.265334367365995,32.06617027000175,V4,30,300000,8,0.02,0.005,0.05,1e-06,0.2,1.05,0.7,60,20,8,10,0.175,0.25,80.0,1e-12,False,3,4,0.5,True,False,1
2026-10-02T08:58:40+02:00,mem_pull__lower,mem_pull,lower,0.175,20,Hybrid,30,0,300000,300000,28417.55325916198,2000.0,26417.55325916198,12.030476900996291,V4,30,300000,8,0.02,0.005,0.05,1e-06,0.2,1.05,0.7,60,20,8,10,0.175,0.25,80.0,1e-12,False,3,4,0.5,True,False,1
2026-10-02T08:58:52+02:00,mem_pull__lower,mem_pull,lower,0.175,20,Hybrid,30,1,300000,300000,43875.99193098894,2000.0,41875.99193098894,11.929814465998788,V4,30,300000,8,0.02,0.005,0.05,1e-06,0.2,1.05,0.7,60,20,8,10,0.175,0.25,80.0,1e-12,False,3,4,0.5,True,False,1
2026-10-02T08:59:04+02:00,mem_pull__lower,mem_pull,lower,0.175,20,Hybrid,30,2,300000,300000,42980.7352470267,2000.0,40980.7352470267,11.813694250988192,V4,30,300000,8,0.02,0.005,0.05,1e-06,0.2,1.05,0.7,60,20,8,10,0.175,0.25,80.0,1e-12,False,3,4,0.5,True,False,1
2026-10-02T08:59:16+02:00,mem_pull__lower,mem_pull,lower,0.175,20,Hybrid,30,3,300000,300000,52358.634650576416,2000.0,50358.634650576416,11.917587741991156,V4,30,300000,8,0.02,0.005,0.05,1e-06,0.2,1.05,0.7,60,20,8,10,0.175,0.25,80.0,1e-12,False,3,4,0.5,True,False,1
2026-10-02T08:59:28+02:00,mem_pull__lower,mem_pull,lower,0.175,20,Hybrid,30,4,300000,300000,39294.46621088381,2000.0,37294.46621088381,12.026272089002305,V4,30,300000,8,0.02,0.005,0.05,1e-06,0.2,1.05,0.7,60,20,8,10,0.175,0.25,80.0,1e-12,False,3,4,0.5,True,False,1
2026-10-02T08:59:51+02:00,mem_pull__lower,mem_pull,lower,0.175,21,Hybrid,30,0,300000,300000,72104.54146967594,2100.0,70004.54146967594,22.78919500099437,V4,30,300000,8,0.02,0.005,0.05,1e-06,0.2,1.05,0.7,60,20,8,10,0.175,0.25,80.0,1e-12,False,3,4,0.5,True,False,1
2026-10-02T09:00:13+02:00,mem_pull__lower,mem_pull,lower,0.175,21,Hybrid,30,1,300000,300000,56374.02979055004,2100.0,54274.02979055004,22.830452793990844,V4,30,300000,8,0.02,0.005,0.05,1e-06,0.2,1.05,0.7,60,20,8,10,0.175,0.25,80.0,1e-12,False,3,4,0.5,True,False,1
2026-10-02T09:00:36+02:00,mem_pull__lower,mem_pull,lower,0.175,21,Hybrid,30,2,300000,300000,58828.76158784036,2100.0,56728.76158784036,22.2456506180024,V4,30,300000,8,0.02,0.005,0.05,1e-06,0.2,1.05,0.7,60,20,8,10,0.175,0.25,80.0,1e-12,False,3,4,0.5,True,False,1
2026-10-02T09:00:58+02:00,mem_pull__lower,mem_pull,lower,0.175,21,Hybrid,30,3,300000,300000,22177.069439734114,2100.0,20077.069439734114,22.219567727996036,V4,30,300000,8,0.02,0.005,0.05,1e-06,0.2,1.05,0.7,60,20,8,10,0.175,0.25,80.0,1e-12,False,3,4,0.5,True,False,1
2026-10-02T09:01:21+02:00,mem_pull__lower,mem_pull,lower,0.175,21,Hybrid,30,4,300000,300000,47970.66123476284,2100.0,45870.66123476284,22.770398029999342,V4,30,300000,8,0.02,0.005,0.05,1e-06,0.2,1.05,0.7,60,20,8,10,0.175,0.25,80.0,1e-12,False,3,4,0.5,True,False,1
2026-10-02T09:02:31+02:00,mem_pull__lower,mem_pull,lower,0.175,22,Hybrid,30,0,300000,300000,2747.9876120962554,2200.0,547.9876120962554,69.88364252299652,V4,30,300000,8,0.02,0.005,0.05,1e-06,0.2,1.05,0.7,60,20,8,10,0.175,0.25,80.0,1e-12,False,3,4,0.5,True,False,1
2026-10-02T09:03:40+02:00,mem_pull__lower,mem_pull,lower,0.175,22,Hybrid,30,1,300000,300000,2409.411098796095,2200.0,209.41109879609485,69.3164259759942,V4,30,300000,8,0.02,0.005,0.05,1e-06,0.2,1.05,0.7,60,20,8,10,0.175,0.25,80.0,1e-12,False,3,4,0.5,True,False,1
2026-10-02T09:04:51+02:00,mem_pull__lower,mem_pull,lower,0.175,22,Hybrid,30,2,300000,300000,2547.245255090649,2200.0,347.24525509064915,70.5019791470113,V4,30,300000,8,0.02,0.005,0.05,1e-06,0.2,1.05,0.7,60,20,8,10,0.175,0.25,80.0,1e-12,False,3,4,0.5,True,False,1
2026-10-02T09:06:01+02:00,mem_pull__lower,mem_pull,lower,0.175,22,Hybrid,30,3,300000,300000,3719.242145684486,2200.0,1519.2421456844859,70.28639588099031,V4,30,300000,8,0.02,0.005,0.05,1e-06,0.2,1.05,0.7,60,20,8,10,0.175,0.25,80.0,1e-12,False,3,4,0.5,True,False,1
2026-10-02T09:07:12+02:00,mem_pull__lower,mem_pull,lower,0.175,22,Hybrid,30,4,300000,300000,2632.1895845717227,2200.0,432.18958457172266,71.12187322000682,V4,30,300000,8,0.02,0.005,0.05,1e-06,0.2,1.05,0.7,60,20,8,10,0.175,0.25,80.0,1e-12,False,3,4,0.5,True,False,1
2026-10-02T09:07:31+02:00,mem_pull__lower,mem_pull,lower,0.175,23,Composition,30,0,300000,300000,2522.865650669534,2300.0,222.8656506695338,18.261727299002814,V4,30,300000,8,0.02,0.005,0.05,1e-06,0.2,1.05,0.7,60,20,8,10,0.175,0.25,80.0,1e-12,False,3,4,0.5,True,False,1
2026-10-02T09:07:49+02:00,mem_pull__lower,mem_pull,lower,0.175,23,Composition,30,1,300000,300000,2522.865056195774,2300.0,222.86505619577383,18.1907766469958,V4,30,300000,8,0.02,0.005,0.05,1e-06,0.2,1.05,0.7,60,20,8,10,0.175,0.25,80.0,1e-12,False,3,4,0.5,True,False,1
2026-10-02T09:08:07+02:00,mem_pull__lower,mem_pull,lower,0.175,23,Composition,30,2,300000,300000,2522.857531025531,2300.0,222.857531025531,18.0959264599951,V4,30,300000,8,0.02,0.005,0.05,1e-06,0.2,1.05,0.7,60,20,8,10,0.175,0.25,80.0,1e-12,False,3,4,0.5,True,False,1
2026-10-02T09:08:25+02:00,mem_pull__lower,mem_pull,lower,0.175,23,Composition,30,3,300000,300000,2522.868810629398,2300.0,222.868810629398,18.140690426997025,V4,30,300000,8,0.02,0.005,0.05,1e-06,0.2,1.05,0.7,60,20,8,10,0.175,0.25,80.0,1e-12,False,3,4,0.5,True,False,1
2026-10-02T09:08:43+02:00,mem_pull__lower,mem_pull,lower,0.175,23,Composition,30,4,300000,300000,2522.855921296787,2300.0,222.85592129678707,18.180874383004266,V4,30,300000,8,0.02,0.005,0.05,1e-06,0.2,1.05,0.7,60,20,8,10,0.175,0.25,80.0,1e-12,False,3,4,0.5,True,False,1
2026-10-02T09:09:04+02:00,mem_pull__lower,mem_pull,lower,0.175,24,Composition,30,0,300000,300000,2627.806373797267,2400.0,227.80637379726704,20.465683570000692,V4,30,300000,8,0.02,0.005,0.05,1e-06,0.2,1.05,0.7,60,20,8,10,0.175,0.25,80.0,1e-12,False,3,4,0.5,True,False,1
2026-10-02T09:09:24+02:00,mem_pull__lower,mem_pull,lower,0.175,24,Composition,30,1,300000,300000,2641.143609542848,2400.0,241.14360954284803,20.24235644500004,V4,30,300000,8,0.02,0.005,0.05,1e-06,0.2,1.05,0.7,60,20,8,10,0.175,0.25,80.0,1e-12,False,3,4,0.5,True,False,1
2026-10-02T09:09:45+02:00,mem_pull__lower,mem_pull,lower,0.175,24,Composition,30,2,300000,300000,2630.9916797028636,2400.0,230.99167970286362,20.838356289008516,V4,30,300000,8,0.02,0.005,0.05,1e-06,0.2,1.05,0.7,60,20,8,10,0.175,0.25,80.0,1e-12,False,3,4,0.5,True,False,1
2026-10-02T09:10:06+02:00,mem_pull__lower,mem_pull,lower,0.175,24,Composition,30,3,300000,300000,2628.9774435153263,2400.0,228.97744351532629,20.669681535000564,V4,30,300000,8,0.02,0.005,0.05,1e-06,0.2,1.05,0.7,60,20,8,10,0.175,0.25,80.0,1e-12,False,3,4,0.5,True,False,1
2026-10-02T09:10:27+02:00,mem_pull__lower,mem_pull,lower,0.175,24,Composition,30,4,300000,300000,2642.3777825365405,2400.0,242.3777825365405,20.51267446100246,V4,30,300000,8,0.02,0.005,0.05,1e-06,0.2,1.05,0.7,60,20,8,10,0.175,0.25,80.0,1e-12,False,3,4,0.5,True,False,1
2026-10-02T09:10:48+02:00,mem_pull__lower,mem_pull,lower,0.175,25,Composition,30,0,300000,300000,2724.232499089185,2500.0,224.23249908918478,21.09794546899502,V4,30,300000,8,0.02,0.005,0.05,1e-06,0.2,1.05,0.7,60,20,8,10,0.175,0.25,80.0,1e-12,False,3,4,0.5,True,False,1
2026-10-02T09:11:09+02:00,mem_pull__lower,mem_pull,lower,0.175,25,Composition,30,1,300000,300000,2713.8076507028154,2500.0,213.8076507028154,21.039298787989537,V4,30,300000,8,0.02,0.005,0.05,1e-06,0.2,1.05,0.7,60,20,8,10,0.175,0.25,80.0,1e-12,False,3,4,0.5,True,False,1
2026-10-02T09:11:30+02:00,mem_pull__lower,mem_pull,lower,0.175,25,Composition,30,2,300000,300000,2711.748830399929,2500.0,211.74883039992892,20.737900036008796,V4,30,300000,8,0.02,0.005,0.05,1e-06,0.2,1.05,0.7,60,20,8,10,0.175,0.25,80.0,1e-12,False,3,4,0.5,True,False,1
2026-10-02T09:11:51+02:00,mem_pull__lower,mem_pull,lower,0.175,25,Composition,30,3,300000,300000,2718.643659486236,2500.0,218.64365948623617,21.187434226012556,V4,30,300000,8,0.02,0.005,0.05,1e-06,0.2,1.05,0.7,60,20,8,10,0.175,0.25,80.0,1e-12,False,3,4,0.5,True,False,1
2026-10-02T09:12:12+02:00,mem_pull__lower,mem_pull,lower,0.175,25,Composition,30,4,300000,300000,2729.0867737889193,2500.0,229.08677378891934,21.063441128004342,V4,30,300000,8,0.02,0.005,0.05,1e-06,0.2,1.05,0.7,60,20,8,10,0.175,0.25,80.0,1e-12,False,3,4,0.5,True,False,1
2026-10-02T09:13:59+02:00,mem_pull__lower,mem_pull,lower,0.175,26,Composition,30,0,300000,300000,2800.222408606251,2600.0,200.22240860625107,106.26688732100592,V4,30,300000,8,0.02,0.005,0.05,1e-06,0.2,1.05,0.7,60,20,8,10,0.175,0.25,80.0,1e-12,False,3,4,0.5,True,False,1
2026-10-02T09:15:46+02:00,mem_pull__lower,mem_pull,lower,0.175,26,Composition,30,1,300000,300000,2700.3618496967097,2600.0,100.36184969670967,107.00258220899559,V4,30,300000,8,0.02,0.005,0.05,1e-06,0.2,1.05,0.7,60,20,8,10,0.175,0.25,80.0,1e-12,False,3,4,0.5,True,False,1
2026-10-02T09:17:32+02:00,mem_pull__lower,mem_pull,lower,0.175,26,Composition,30,2,300000,300000,2800.224713119304,2600.0,200.22471311930394,106.40699974399467,V4,30,300000,8,0.02,0.005,0.05,1e-06,0.2,1.05,0.7,60,20,8,10,0.175,0.25,80.0,1e-12,False,3,4,0.5,True,False,1
2026-10-02T09:19:19+02:00,mem_pull__lower,mem_pull,lower,0.175,26,Composition,30,3,300000,300000,2800.354904555594,2600.0,200.3549045555942,106.87511670299864,V4,30,300000,8,0.02,0.005,0.05,1e-06,0.2,1.05,0.7,60,20,8,10,0.175,0.25,80.0,1e-12,False,3,4,0.5,True,False,1
2026-10-02T09:21:07+02:00,mem_pull__lower,mem_pull,lower,0.175,26,Composition,30,4,300000,300000,2800.2027677747656,2600.0,200.20276777476556,107.31425544399826,V4,30,300000,8,0.02,0.005,0.05,1e-06,0.2,1.05,0.7,60,20,8,10,0.175,0.25,80.0,1e-12,False,3,4,0.5,True,False,1
2026-10-02T09:22:52+02:00,mem_pull__lower,mem_pull,lower,0.175,27,Composition,30,0,300000,300000,3104.0555685370364,2700.0,404.0555685370364,105.62361376600165,V4,30,300000,8,0.02,0.005,0.05,1e-06,0.2,1.05,0.7,60,20,8,10,0.175,0.25,80.0,1e-12,False,3,4,0.5,True,False,1
2026-10-02T09:24:39+02:00,mem_pull__lower,mem_pull,lower,0.175,27,Composition,30,1,300000,300000,3109.3234044558585,2700.0,409.3234044558585,106.41697356299846,V4,30,300000,8,0.02,0.005,0.05,1e-06,0.2,1.05,0.7,60,20,8,10,0.175,0.25,80.0,1e-12,False,3,4,0.5,True,False,1
2026-10-02T09:26:26+02:00,mem_pull__lower,mem_pull,lower,0.175,27,Composition,30,2,300000,300000,3107.5952936735484,2700.0,407.59529367354844,106.79524564299209,V4,30,300000,8,0.02,0.005,0.05,1e-06,0.2,1.05,0.7,60,20,8,10,0.175,0.25,80.0,1e-12,False,3,4,0.5,True,False,1
2026-10-02T09:28:12+02:00,mem_pull__lower,mem_pull,lower,0.175,27,Composition,30,3,300000,300000,3105.5417727837253,2700.0,405.54177278372526,106.71254084700195,V4,30,300000,8,0.02,0.005,0.05,1e-06,0.2,1.05,0.7,60,20,8,10,0.175,0.25,80.0,1e-12,False,3,4,0.5,True,False,1
2026-10-02T09:29:59+02:00,mem_pull__lower,mem_pull,lower,0.175,27,Composition,30,4,300000,300000,3107.3085337238726,2700.0,407.30853372387264,106.69338396699459,V4,30,300000,8,0.02,0.005,0.05,1e-06,0.2,1.05,0.7,60,20,8,10,0.175,0.25,80.0,1e-12,False,3,4,0.5,True,False,1
2026-10-02T09:31:06+02:00,mem_pull__lower,mem_pull,lower,0.175,28,Composition,30,0,300000,300000,7453.0225123743985,2800.0,4653.0225123743985,66.34311315300874,V4,30,300000,8,0.02,0.005,0.05,1e-06,0.2,1.05,0.7,60,20,8,10,0.175,0.25,80.0,1e-12,False,3,4,0.5,True,False,1
2026-10-02T09:32:12+02:00,mem_pull__lower,mem_pull,lower,0.175,28,Composition,30,1,300000,300000,7880.900656452804,2800.0,5080.900656452804,66.53583344299113,V4,30,300000,8,0.02,0.005,0.05,1e-06,0.2,1.05,0.7,60,20,8,10,0.175,0.25,80.0,1e-12,False,3,4,0.5,True,False,1
2026-10-02T09:33:18+02:00,mem_pull__lower,mem_pull,lower,0.175,28,Composition,30,2,300000,300000,8659.614194436974,2800.0,5859.614194436974,65.92093537701294,V4,30,300000,8,0.02,0.005,0.05,1e-06,0.2,1.05,0.7,60,20,8,10,0.175,0.25,80.0,1e-12,False,3,4,0.5,True,False,1
2026-10-02T09:34:24+02:00,mem_pull__lower,mem_pull,lower,0.175,28,Composition,30,3,300000,300000,6085.35070091079,2800.0,3285.35070091079,66.15375718398718,V4,30,300000,8,0.02,0.005,0.05,1e-06,0.2,1.05,0.7,60,20,8,10,0.175,0.25,80.0,1e-12,False,3,4,0.5,True,False,1
2026-10-02T09:35:31+02:00,mem_pull__lower,mem_pull,lower,0.175,28,Composition,30,4,300000,300000,7443.963583177185,2800.0,4643.963583177185,66.64293442099006,V4,30,300000,8,0.02,0.005,0.05,1e-06,0.2,1.05,0.7,60,20,8,10,0.175,0.25,80.0,1e-12,False,3,4,0.5,True,False,1
2026-10-02T09:36:24+02:00,mem_pull__lower,mem_pull,lower,0.175,29,Composition,30,0,300000,300000,26219.232065731965,2900.0,23319.232065731965,52.42747078000684,V4,30,300000,8,0.02,0.005,0.05,1e-06,0.2,1.05,0.7,60,20,8,10,0.175,0.25,80.0,1e-12,False,3,4,0.5,True,False,1
2026-10-02T09:37:17+02:00,mem_pull__lower,mem_pull,lower,0.175,29,Composition,30,1,300000,300000,10890.016016857437,2900.0,7990.016016857437,53.12054163799621,V4,30,300000,8,0.02,0.005,0.05,1e-06,0.2,1.05,0.7,60,20,8,10,0.175,0.25,80.0,1e-12,False,3,4,0.5,True,False,1
2026-10-02T09:38:10+02:00,mem_pull__lower,mem_pull,lower,0.175,29,Composition,30,2,300000,300000,11418.996168661773,2900.0,8518.996168661773,52.663425524006016,V4,30,300000,8,0.02,0.005,0.05,1e-06,0.2,1.05,0.7,60,20,8,10,0.175,0.25,80.0,1e-12,False,3,4,0.5,True,False,1
2026-10-02T09:39:03+02:00,mem_pull__lower,mem_pull,lower,0.175,29,Composition,30,3,300000,300000,16039.19434359902,2900.0,13139.19434359902,53.067014264990576,V4,30,300000,8,0.02,0.005,0.05,1e-06,0.2,1.05,0.7,60,20,8,10,0.175,0.25,80.0,1e-12,False,3,4,0.5,True,False,1
2026-10-02T09:39:55+02:00,mem_pull__lower,mem_pull,lower,0.175,29,Composition,30,4,300000,300000,15614.320445898073,2900.0,12714.320445898073,52.47802705600043,V4,30,300000,8,0.02,0.005,0.05,1e-06,0.2,1.05,0.7,60,20,8,10,0.175,0.25,80.0,1e-12,False,3,4,0.5,True,False,1
2026-10-02T09:41:37+02:00,mem_pull__lower,mem_pull,lower,0.175,30,Composition,30,0,300000,300000,34472.36972277194,3000.0,31472.36972277194,101.30230262300756,V4,30,300000,8,0.02,0.005,0.05,1e-06,0.2,1.05,0.7,60,20,8,10,0.175,0.25,80.0,1e-12,False,3,4,0.5,True,False,1
2026-10-02T09:43:18+02:00,mem_pull__lower,mem_pull,lower,0.175,30,Composition,30,1,300000,300000,28857.192799178898,3000.0,25857.192799178898,101.55718795899884,V4,30,300000,8,0.02,0.005,0.05,1e-06,0.2,1.05,0.7,60,20,8,10,0.175,0.25,80.0,1e-12,False,3,4,0.5,True,False,1
2026-10-02T09:44:59+02:00,mem_pull__lower,mem_pull,lower,0.175,30,Composition,30,2,300000,300000,41783.26360915648,3000.0,38783.26360915648,100.88074005200178,V4,30,300000,8,0.02,0.005,0.05,1e-06,0.2,1.05,0.7,60,20,8,10,0.175,0.25,80.0,1e-12,False,3,4,0.5,True,False,1
2026-10-02T09:46:40+02:00,mem_pull__lower,mem_pull,lower,0.175,30,Composition,30,3,300000,300000,36344.613863231185,3000.0,33344.613863231185,100.69973628300068,V4,30,300000,8,0.02,0.005,0.05,1e-06,0.2,1.05,0.7,60,20,8,10,0.175,0.25,80.0,1e-12,False,3,4,0.5,True,False,1
2026-10-02T09:48:22+02:00,mem_pull__lower,mem_pull,lower,0.175,30,Composition,30,4,300000,300000,36511.57753077691,3000.0,33511.57753077691,101.96279410799616,V4,30,300000,8,0.02,0.005,0.05,1e-06,0.2,1.05,0.7,60,20,8,10,0.175,0.25,80.0,1e-12,False,3,4,0.5,True,False,1
2026-10-02T09:48:30+02:00,mem_pull__upper,mem_pull,upper,0.525,1,Unimodal,30,0,300000,300000,4804617.83354958,100.0,4804517.83354958,7.304596960006165,V4,30,300000,8,0.02,0.005,0.05,1e-06,0.2,1.05,0.7,60,20,8,10,0.525,0.25,80.0,1e-12,False,3,4,0.5,True,False,1
2026-10-02T09:48:37+02:00,mem_pull__upper,mem_pull,upper,0.525,1,Unimodal,30,1,300000,300000,5085485.582126875,100.0,5085385.582126875,7.383862991002388,V4,30,300000,8,0.02,0.005,0.05,1e-06,0.2,1.05,0.7,60,20,8,10,0.525,0.25,80.0,1e-12,False,3,4,0.5,True,False,1
2026-10-02T09:48:44+02:00,mem_pull__upper,mem_pull,upper,0.525,1,Unimodal,30,2,300000,300000,792218.828344848,100.0,792118.828344848,7.3880176700040465,V4,30,300000,8,0.02,0.005,0.05,1e-06,0.2,1.05,0.7,60,20,8,10,0.525,0.25,80.0,1e-12,False,3,4,0.5,True,False,1
2026-10-02T09:48:52+02:00,mem_pull__upper,mem_pull,upper,0.525,1,Unimodal,30,3,300000,300000,5985292.305513958,100.0,5985192.305513958,7.257241332001286,V4,30,300000,8,0.02,0.005,0.05,1e-06,0.2,1.05,0.7,60,20,8,10,0.525,0.25,80.0,1e-12,False,3,4,0.5,True,False,1
2026-10-02T09:48:59+02:00,mem_pull__upper,mem_pull,upper,0.525,1,Unimodal,30,4,300000,300000,4461149.943664539,100.0,4461049.943664539,7.438820750990999,V4,30,300000,8,0.02,0.005,0.05,1e-06,0.2,1.05,0.7,60,20,8,10,0.525,0.25,80.0,1e-12,False,3,4,0.5,True,False,1
2026-10-02T09:49:05+02:00,mem_pull__upper,mem_pull,upper,0.525,2,Unimodal,30,0,300000,300000,836744.9533219397,200.0,836544.9533219397,6.243384198009153,V4,30,300000,8,0.02,0.005,0.05,1e-06,0.2,1.05,0.7,60,20,8,10,0.525,0.25,80.0,1e-12,False,3,4,0.5,True,False,1
2026-10-02T09:49:12+02:00,mem_pull__upper,mem_pull,upper,0.525,2,Unimodal,30,1,300000,300000,248087.0314532404,200.0,247887.0314532404,6.410436848003883,V4,30,300000,8,0.02,0.005,0.05,1e-06,0.2,1.05,0.7,60,20,8,10,0.525,0.25,80.0,1e-12,False,3,4,0.5,True,False,1
2026-10-02T09:49:18+02:00,mem_pull__upper,mem_pull,upper,0.525,2,Unimodal,30,2,300000,300000,376098.3829225838,200.0,375898.3829225838,6.543850481000845,V4,30,300000,8,0.02,0.005,0.05,1e-06,0.2,1.05,0.7,60,20,8,10,0.525,0.25,80.0,1e-12,False,3,4,0.5,True,False,1
2026-10-02T09:49:25+02:00,mem_pull__upper,mem_pull,upper,0.525,2,Unimodal,30,3,300000,300000,1561646.8513475987,200.0,1561446.8513475987,6.235397970012855,V4,30,300000,8,0.02,0.005,0.05,1e-06,0.2,1.05,0.7,60,20,8,10,0.525,0.25,80.0,1e-12,False,3,4,0.5,True,False,1
2026-10-02T09:49:31+02:00,mem_pull__upper,mem_pull,upper,0.525,2,Unimodal,30,4,300000,300000,692756.9658791854,200.0,692556.9658791854,6.507155400002375,V4,30,300000,8,0.02,0.005,0.05,1e-06,0.2,1.05,0.7,60,20,8,10,0.525,0.25,80.0,1e-12,False,3,4,0.5,True,False,1
2026-10-02T09:49:38+02:00,mem_pull__upper,mem_pull,upper,0.525,3,Unimodal,30,0,300000,300000,22678.462818722728,300.0,22378.462818722728,6.267203224007972,V4,30,300000,8,0.02,0.005,0.05,1e-06,0.2,1.05,0.7,60,20,8,10,0.525,0.25,80.0,1e-12,False,3,4,0.5,True,False,1
2026-10-02T09:49:44+02:00,mem_pull__upper,mem_pull,upper,0.525,3,Unimodal,30,1,300000,300000,2162.7782963366176,300.0,1862.7782963366176,6.3234591870132135,V4,30,300000,8,0.02,0.005,0.05,1e-06,0.2,1.05,0.7,60,20,8,10,0.525,0.25,80.0,1e-12,False,3,4,0.5,True,False,1
2026-10-02T09:49:50+02:00,mem_pull__upper,mem_pull,upper,0.525,3,Unimodal,30,2,300000,300000,8289.018835820798,300.0,7989.018835820798,6.319645445997594,V4,30,300000,8,0.02,0.005,0.05,1e-06,0.2,1.05,0.7,60,20,8,10,0.525,0.25,80.0,1e-12,False,3,4,0.5,True,False,1
2026-10-02T09:49:57+02:00,mem_pull__upper,mem_pull,upper,0.525,3,Unimodal,30,3,300000,300000,33101.37636633249,300.0,32801.37636633249,6.459532249005861,V4,30,300000,8,0.02,0.005,0.05,1e-06,0.2,1.05,0.7,60,20,8,10,0.525,0.25,80.0,1e-12,False,3,4,0.5,True,False,1
2026-10-02T09:50:04+02:00,mem_pull__upper,mem_pull,upper,0.525,3,Unimodal,30,4,300000,300000,7653.153682735256,300.0,7353.153682735256,6.594783153006574,V4,30,300000,8,0.02,0.005,0.05,1e-06,0.2,1.05,0.7,60,20,8,10,0.525,0.25,80.0,1e-12,False,3,4,0.5,True,False,1
2026-10-02T09:50:11+02:00,mem_pull__upper,mem_pull,upper,0.525,4,Multimodal,30,0,300000,300000,435.36849003612014,400.0,35.368490036120136,7.62698231000104,V4,30,300000,8,0.02,0.005,0.05,1e-06,0.2,1.05,0.7,60,20,8,10,0.525,0.25,80.0,1e-12,False,3,4,0.5,True,False,1
2026-10-02T09:50:19+02:00,mem_pull__upper,mem_pull,upper,0.525,4,Multimodal,30,1,300000,300000,481.08407140341257,400.0,81.08407140341257,7.802713633995154,V4,30,300000,8,0.02,0.005,0.05,1e-06,0.2,1.05,0.7,60,20,8,10,0.525,0.25,80.0,1e-12,False,3,4,0.5,True,False,1
2026-10-02T09:50:27+02:00,mem_pull__upper,mem_pull,upper,0.525,4,Multimodal,30,2,300000,300000,468.65657972109784,400.0,68.65657972109784,7.464993143992615,V4,30,300000,8,0.02,0.005,0.05,1e-06,0.2,1.05,0.7,60,20,8,10,0.525,0.25,80.0,1e-12,False,3,4,0.5,True,False,1
2026-10-02T09:50:34+02:00,mem_pull__upper,mem_pull,upper,0.525,4,Multimodal,30,3,300000,300000,473.73867995666035,400.0,73.73867995666035,7.774718753993511,V4,30,300000,8,0.02,0.005,0.05,1e-06,0.2,1.05,0.7,60,20,8,10,0.525,0.25,80.0,1e-12,False,3,4,0.5,True,False,1
2026-10-02T09:50:42+02:00,mem_pull__upper,mem_pull,upper,0.525,4,Multimodal,30,4,300000,300000,473.1021463140927,400.0,73.10214631409269,7.606877038997482,V4,30,300000,8,0.02,0.005,0.05,1e-06,0.2,1.05,0.7,60,20,8,10,0.525,0.25,80.0,1e-12,False,3,4,0.5,True,False,1
2026-10-02T09:50:50+02:00,mem_pull__upper,mem_pull,upper,0.525,5,Multimodal,30,0,300000,300000,521.3083986294519,500.0,21.308398629451858,7.460337746000732,V4,30,300000,8,0.02,0.005,0.05,1e-06,0.2,1.05,0.7,60,20,8,10,0.525,0.25,80.0,1e-12,False,3,4,0.5,True,False,1
2026-10-02T09:50:57+02:00,mem_pull__upper,mem_pull,upper,0.525,5,Multimodal,30,1,300000,300000,521.3864194031717,500.0,21.386419403171658,7.516937086998951,V4,30,300000,8,0.02,0.005,0.05,1e-06,0.2,1.05,0.7,60,20,8,10,0.525,0.25,80.0,1e-12,False,3,4,0.5,True,False,1
2026-10-02T09:51:04+02:00,mem_pull__upper,mem_pull,upper,0.525,5,Multimodal,30,2,300000,300000,521.2063361686778,500.0,21.206336168677808,7.219617879003636,V4,30,300000,8,0.02,0.005,0.05,1e-06,0.2,1.05,0.7,60,20,8,10,0.525,0.25,80.0,1e-12,False,3,4,0.5,True,False,1
2026-10-02T09:51:12+02:00,mem_pull__upper,mem_pull,upper,0.525,5,Multimodal,30,3,300000,300000,521.3424232139924,500.0,21.342423213992447,7.294128189998446,V4,30,300000,8,0.02,0.005,0.05,1e-06,0.2,1.05,0.7,60,20,8,10,0.525,0.25,80.0,1e-12,False,3,4,0.5,True,False,1
2026-10-02T09:51:19+02:00,mem_pull__upper,mem_pull,upper,0.525,5,Multimodal,30,4,300000,300000,521.2331743072417,500.0,21.23317430724171,7.519784508011071,V4,30,300000,8,0.02,0.005,0.05,1e-06,0.2,1.05,0.7,60,20,8,10,0.525,0.25,80.0,1e-12,False,3,4,0.5,True,False,1
2026-10-02T09:52:46+02:00,mem_pull__upper,mem_pull,upper,0.525,6,Multimodal,30,0,300000,300000,637.713735077593,600.0,37.713735077593014,86.5166622329998,V4,30,300000,8,0.02,0.005,0.05,1e-06,0.2,1.05,0.7,60,20,8,10,0.525,0.25,80.0,1e-12,False,3,4,0.5,True,False,1
2026-10-02T09:54:13+02:00,mem_pull__upper,mem_pull,upper,0.525,6,Multimodal,30,1,300000,300000,639.3255159352306,600.0,39.325515935230555,87.02767240600951,V4,30,300000,8,0.02,0.005,0.05,1e-06,0.2,1.05,0.7,60,20,8,10,0.525,0.25,80.0,1e-12,False,3,4,0.5,True,False,1
2026-10-02T09:55:40+02:00,mem_pull__upper,mem_pull,upper,0.525,6,Multimodal,30,2,300000,300000,634.2677149437964,600.0,34.26771494379636,87.46588104999682,V4,30,300000,8,0.02,0.005,0.05,1e-06,0.2,1.05,0.7,60,20,8,10,0.525,0.25,80.0,1e-12,False,3,4,0.5,True,False,1
2026-10-02T09:57:08+02:00,mem_pull__upper,mem_pull,upper,0.525,6,Multimodal,30,3,300000,300000,630.039995639022,600.0,30.03999563902198,87.619503281996,V4,30,300000,8,0.02,0.005,0.05,1e-06,0.2,1.05,0.7,60,20,8,10,0.525,0.25,80.0,1e-12,False,3,4,0.5,True,False,1
2026-10-02T09:58:35+02:00,mem_pull__upper,mem_pull,upper,0.525,6,Multimodal,30,4,300000,300000,633.0517597538036,600.0,33.051759753803594,87.2284847930132,V4,30,300000,8,0.02,0.005,0.05,1e-06,0.2,1.05,0.7,60,20,8,10,0.525,0.25,80.0,1e-12,False,3,4,0.5,True,False,1
2026-10-02T09:58:43+02:00,mem_pull__upper,mem_pull,upper,0.525,7,Multimodal,30,0,300000,300000,700.323779344643,700.0,0.32377934464295777,7.582242712989682,V4,30,300000,8,0.02,0.005,0.05,1e-06,0.2,1.05,0.7,60,20,8,10,0.525,0.25,80.0,1e-12,False,3,4,0.5,True,False,1
2026-10-02T09:58:51+02:00,mem_pull__upper,mem_pull,upper,0.525,7,Multimodal,30,1,300000,300000,700.4585936155363,700.0,0.4585936155363015,7.6048808630002895,V4,30,300000,8,0.02,0.005,0.05,1e-06,0.2,1.05,0.7,60,20,8,10,0.525,0.25,80.0,1e-12,False,3,4,0.5,True,False,1
2026-10-02T09:58:58+02:00,mem_pull__upper,mem_pull,upper,0.525,7,Multimodal,30,2,300000,300000,700.3031592580526,700.0,0.30315925805257393,7.637249398991116,V4,30,300000,8,0.02,0.005,0.05,1e-06,0.2,1.05,0.7,60,20,8,10,0.525,0.25,80.0,1e-12,False,3,4,0.5,True,False,1
2026-10-02T09:59:06+02:00,mem_pull__upper,mem_pull,upper,0.525,7,Multimodal,30,3,300000,300000,700.5012785182996,700.0,0.501278518299614,7.498476971988566,V4,30,300000,8,0.02,0.005,0.05,1e-06,0.2,1.05,0.7,60,20,8,10,0.525,0.25,80.0,1e-12,False,3,4,0.5,True,False,1
2026-10-02T09:59:13+02:00,mem_pull__upper,mem_pull,upper,0.525,7,Multimodal,30,4,300000,300000,700.4086806433014,700.0,0.40868064330140896,7.505918636001297,V4,30,300000,8,0.02,0.005,0.05,1e-06,0.2,1.05,0.7,60,20,8,10,0.525,0.25,80.0,1e-12,False,3,4,0.5,True,False,1
2026-10-02T09:59:21+02:00,mem_pull__upper,mem_pull,upper,0.525,8,Multimodal,30,0,300000,300000,1048.7635295261234,800.0,248.76352952612342,7.24169175499992,V4,30,300000,8,0.02,0.005,0.05,1e-06,0.2,1.05,0.7,60,20,8,10,0.525,0.25,80.0,1e-12,False,3,4,0.5,True,False,1
2026-10-02T09:59:28+02:00,mem_pull__upper,mem_pull,upper,0.525,8,Multimodal,30,1,300000,300000,1114.517768730997,800.0,314.517768730997,7.326153157002409,V4,30,300000,8,0.02,0.005,0.05,1e-06,0.2,1.05,0.7,60,20,8,10,0.525,0.25,80.0,1e-12,False,3,4,0.5,True,False,1
2026-10-02T09:59:35+02:00,mem_pull__upper,mem_pull,upper,0.525,8,Multimodal,30,2,300000,300000,1084.7774835892492,800.0,284.7774835892492,7.12617246901209,V4,30,300000,8,0.02,0.005,0.05,1e-06,0.2,1.05,0.7,60,20,8,10,0.525,0.25,80.0,1e-12,False,3,4,0.5,True,False,1
2026-10-02T09:59:43+02:00,mem_pull__upper,mem_pull,upper,0.525,8,Multimodal,30,3,300000,300000,1054.6606458454712,800.0,254.6606458454712,7.391568664010265,V4,30,300000,8,0.02,0.005,0.05,1e-06,0.2,1.05,0.7,60,20,8,10,0.525,0.25,80.0,1e-12,False,3,4,0.5,True,False,1
2026-10-02T09:59:50+02:00,mem_pull__upper,mem_pull,upper,0.525,8,Multimodal,30,4,300000,300000,1007.1082654265462,800.0,207.10826542654615,7.30394427999272,V4,30,300000,8,0.02,0.005,0.05,1e-06,0.2,1.05,0.7,60,20,8,10,0.525,0.25,80.0,1e-12,False,3,4,0.5,True,False,1
2026-10-02T09:59:57+02:00,mem_pull__upper,mem_pull,upper,0.525,9,Multimodal,30,0,300000,300000,1366.8760742750171,900.0,466.8760742750171,7.279555289002019,V4,30,300000,8,0.02,0.005,0.05,1e-06,0.2,1.05,0.7,60,20,8,10,0.525,0.25,80.0,1e-12,False,3,4,0.5,True,False,1
2026-10-02T10:00:05+02:00,mem_pull__upper,mem_pull,upper,0.525,9,Multimodal,30,1,300000,300000,1314.6661463799792,900.0,414.6661463799792,7.451181733995327,V4,30,300000,8,0.02,0.005,0.05,1e-06,0.2,1.05,0.7,60,20,8,10,0.525,0.25,80.0,1e-12,False,3,4,0.5,True,False,1
2026-10-02T10:00:12+02:00,mem_pull__upper,mem_pull,upper,0.525,9,Multimodal,30,2,300000,300000,1314.274417698818,900.0,414.27441769881807,7.418929591993219,V4,30,300000,8,0.02,0.005,0.05,1e-06,0.2,1.05,0.7,60,20,8,10,0.525,0.25,80.0,1e-12,False,3,4,0.5,True,False,1
2026-10-02T10:00:19+02:00,mem_pull__upper,mem_pull,upper,0.525,9,Multimodal,30,3,300000,300000,1307.409541473056,900.0,407.4095414730559,7.18568137800321,V4,30,300000,8,0.02,0.005,0.05,1e-06,0.2,1.05,0.7,60,20,8,10,0.525,0.25,80.0,1e-12,False,3,4,0.5,True,False,1
2026-10-02T10:00:27+02:00,mem_pull__upper,mem_pull,upper,0.525,9,Multimodal,30,4,300000,300000,1210.2672458593895,900.0,310.2672458593895,7.337313834999804,V4,30,300000,8,0.02,0.005,0.05,1e-06,0.2,1.05,0.7,60,20,8,10,0.525,0.25,80.0,1e-12,False,3,4,0.5,True,False,1
2026-10-02T10:00:39+02:00,mem_pull__upper,mem_pull,upper,0.525,10,Multimodal,30,0,300000,300000,4093.796403370854,1000.0,3093.796403370854,12.670165339994128,V4,30,300000,8,0.02,0.005,0.05,1e-06,0.2,1.05,0.7,60,20,8,10,0.525,0.25,80.0,1e-12,False,3,4,0.5,True,False,1
2026-10-02T10:00:52+02:00,mem_pull__upper,mem_pull,upper,0.525,10,Multimodal,30,1,300000,300000,4700.798693986084,1000.0,3700.798693986084,12.498110194006586,V4,30,300000,8,0.02,0.005,0.05,1e-06,0.2,1.05,0.7,60,20,8,10,0.525,0.25,80.0,1e-12,False,3,4,0.5,True,False,1
2026-10-02T10:01:04+02:00,mem_pull__upper,mem_pull,upper,0.525,10,Multimodal,30,2,300000,300000,5146.692652726935,1000.0,4146.692652726935,12.370654126003501,V4,30,300000,8,0.02,0.005,0.05,1e-06,0.2,1.05,0.7,60,20,8,10,0.525,0.25,80.0,1e-12,False,3,4,0.5,True,False,1
2026-10-02T10:01:17+02:00,mem_pull__upper,mem_pull,upper,0.525,10,Multimodal,30,3,300000,300000,4163.293568827603,1000.0,3163.293568827603,12.818526641989592,V4,30,300000,8,0.02,0.005,0.05,1e-06,0.2,1.05,0.7,60,20,8,10,0.525,0.25,80.0,1e-12,False,3,4,0.5,True,False,1
2026-10-02T10:01:30+02:00,mem_pull__upper,mem_pull,upper,0.525,10,Multimodal,30,4,300000,300000,4074.331807528737,1000.0,3074.331807528737,12.481674924987601,V4,30,300000,8,0.02,0.005,0.05,1e-06,0.2,1.05,0.7,60,20,8,10,0.525,0.25,80.0,1e-12,False,3,4,0.5,True,False,1
2026-10-02T10:01:42+02:00,mem_pull__upper,mem_pull,upper,0.525,11,Multimodal,30,0,300000,300000,4461.948009061742,1100.0,3361.9480090617417,12.596275682008127,V4,30,300000,8,0.02,0.005,0.05,1e-06,0.2,1.05,0.7,60,20,8,10,0.525,0.25,80.0,1e-12,False,3,4,0.5,True,False,1
2026-10-02T10:01:55+02:00,mem_pull__upper,mem_pull,upper,0.525,11,Multimodal,30,1,300000,300000,5379.907343296638,1100.0,4279.907343296638,12.919200232005096,V4,30,300000,8,0.02,0.005,0.05,1e-06,0.2,1.05,0.7,60,20,8,10,0.525,0.25,80.0,1e-12,False,3,4,0.5,True,False,1
2026-10-02T10:02:08+02:00,mem_pull__upper,mem_pull,upper,0.525,11,Multimodal,30,2,300000,300000,5355.909985872029,1100.0,4255.909985872029,12.860283162008272,V4,30,300000,8,0.02,0.005,0.05,1e-06,0.2,1.05,0.7,60,20,8,10,0.525,0.25,80.0,1e-12,False,3,4,0.5,True,False,1
2026-10-02T10:02:21+02:00,mem_pull__upper,mem_pull,upper,0.525,11,Multimodal,30,3,300000,300000,4704.123388847573,1100.0,3604.1233888475726,13.02465786000539,V4,30,300000,8,0.02,0.005,0.05,1e-06,0.2,1.05,0.7,60,20,8,10,0.525,0.25,80.0,1e-12,False,3,4,0.5,True,False,1
2026-10-02T10:02:34+02:00,mem_pull__upper,mem_pull,upper,0.525,11,Multimodal,30,4,300000,300000,5360.361120713305,1100.0,4260.361120713305,12.86945592200209,V4,30,300000,8,0.02,0.005,0.05,1e-06,0.2,1.05,0.7,60,20,8,10,0.525,0.25,80.0,1e-12,False,3,4,0.5,True,False,1
2026-10-02T10:11:01+02:00,mem_pull__upper,mem_pull,upper,0.525,12,Multimodal,30,0,300000,300000,1200.8577663410902,1200.0,0.857766341090155,506.3828177260002,V4,30,300000,8,0.02,0.005,0.05,1e-06,0.2,1.05,0.7,60,20,8,10,0.525,0.25,80.0,1e-12,False,3,4,0.5,True,False,1
2026-10-02T10:19:46+02:00,mem_pull__upper,mem_pull,upper,0.525,12,Multimodal,30,1,300000,300000,1201.4184548527853,1200.0,1.4184548527853167,524.8868172729999,V4,30,300000,8,0.02,0.005,0.05,1e-06,0.2,1.05,0.7,60,20,8,10,0.525,0.25,80.0,1e-12,False,3,4,0.5,True,False,1
2026-10-02T10:28:12+02:00,mem_pull__upper,mem_pull,upper,0.525,12,Multimodal,30,2,300000,300000,1200.5588178470307,1200.0,0.5588178470306957,506.083747015,V4,30,300000,8,0.02,0.005,0.05,1e-06,0.2,1.05,0.7,60,20,8,10,0.525,0.25,80.0,1e-12,False,3,4,0.5,True,False,1
2026-10-02T10:36:26+02:00,mem_pull__upper,mem_pull,upper,0.525,12,Multimodal,30,3,300000,300000,1201.166526107895,1200.0,1.1665261078949243,494.31036075500015,V4,30,300000,8,0.02,0.005,0.05,1e-06,0.2,1.05,0.7,60,20,8,10,0.525,0.25,80.0,1e-12,False,3,4,0.5,True,False,1
2026-10-02T10:44:42+02:00,mem_pull__upper,mem_pull,upper,0.525,12,Multimodal,30,4,300000,300000,1201.0744992348941,1200.0,1.0744992348941196,496.40052365799784,V4,30,300000,8,0.02,0.005,0.05,1e-06,0.2,1.05,0.7,60,20,8,10,0.525,0.25,80.0,1e-12,False,3,4,0.5,True,False,1
2026-10-02T10:44:50+02:00,mem_pull__upper,mem_pull,upper,0.525,13,Multimodal,30,0,300000,300000,1300.2272366277477,1300.0,0.22723662774774311,7.47068658900389,V4,30,300000,8,0.02,0.005,0.05,1e-06,0.2,1.05,0.7,60,20,8,10,0.525,0.25,80.0,1e-12,False,3,4,0.5,True,False,1
2026-10-02T10:44:57+02:00,mem_pull__upper,mem_pull,upper,0.525,13,Multimodal,30,1,300000,300000,1300.3378128425575,1300.0,0.3378128425574687,7.355960786007927,V4,30,300000,8,0.02,0.005,0.05,1e-06,0.2,1.05,0.7,60,20,8,10,0.525,0.25,80.0,1e-12,False,3,4,0.5,True,False,1
2026-10-02T10:45:05+02:00,mem_pull__upper,mem_pull,upper,0.525,13,Multimodal,30,2,300000,300000,1300.2424668934098,1300.0,0.24246689340975536,7.501090582009056,V4,30,300000,8,0.02,0.005,0.05,1e-06,0.2,1.05,0.7,60,20,8,10,0.525,0.25,80.0,1e-12,False,3,4,0.5,True,False,1
2026-10-02T10:45:12+02:00,mem_pull__upper,mem_pull,upper,0.525,13,Multimodal,30,3,300000,300000,1300.3482074762212,1300.0,0.34820747622120507,7.532383914003731,V4,30,300000,8,0.02,0.005,0.05,1e-06,0.2,1.05,0.7,60,20,8,10,0.525,0.25,80.0,1e-12,False,3,4,0.5,True,False,1
2026-10-02T10:45:20+02:00,mem_pull__upper,mem_pull,upper,0.525,13,Multimodal,30,4,300000,300000,1300.1824553408098,1300.0,0.18245534080983816,7.554766581990407,V4,30,300000,8,0.02,0.005,0.05,1e-06,0.2,1.05,0.7,60,20,8,10,0.525,0.25,80.0,1e-12,False,3,4,0.5,True,False,1
2026-10-02T10:45:28+02:00,mem_pull__upper,mem_pull,upper,0.525,14,Multimodal,30,0,300000,300000,1400.4062464349577,1400.0,0.40624643495766577,7.4909008009999525,V4,30,300000,8,0.02,0.005,0.05,1e-06,0.2,1.05,0.7,60,20,8,10,0.525,0.25,80.0,1e-12,False,3,4,0.5,True,False,1
2026-10-02T10:45:35+02:00,mem_pull__upper,mem_pull,upper,0.525,14,Multimodal,30,1,300000,300000,1400.2572935762425,1400.0,0.2572935762425459,7.6256387399917,V4,30,300000,8,0.02,0.005,0.05,1e-06,0.2,1.05,0.7,60,20,8,10,0.525,0.25,80.0,1e-12,False,3,4,0.5,True,False,1
2026-10-02T10:45:43+02:00,mem_pull__upper,mem_pull,upper,0.525,14,Multimodal,30,2,300000,300000,1400.5325270332903,1400.0,0.5325270332903074,7.41930118399614,V4,30,300000,8,0.02,0.005,0.05,1e-06,0.2,1.05,0.7,60,20,8,10,0.525,0.25,80.0,1e-12,False,3,4,0.5,True,False,1
2026-10-02T10:45:50+02:00,mem_pull__upper,mem_pull,upper,0.525,14,Multimodal,30,3,300000,300000,1400.4574885871255,1400.0,0.4574885871254537,7.559040731997811,V4,30,300000,8,0.02,0.005,0.05,1e-06,0.2,1.05,0.7,60,20,8,10,0.525,0.25,80.0,1e-12,False,3,4,0.5,True,False,1
2026-10-02T10:45:58+02:00,mem_pull__upper,mem_pull,upper,0.525,14,Multimodal,30,4,300000,300000,1400.4577085180715,1400.0,0.457708518071513,7.428610524992109,V4,30,300000,8,0.02,0.005,0.05,1e-06,0.2,1.05,0.7,60,20,8,10,0.525,0.25,80.0,1e-12,False,3,4,0.5,True,False,1
2026-10-02T10:46:06+02:00,mem_pull__upper,mem_pull,upper,0.525,15,Multimodal,30,0,300000,300000,1517.0719559431277,1500.0,17.071955943127705,8.430880241998238,V4,30,300000,8,0.02,0.005,0.05,1e-06,0.2,1.05,0.7,60,20,8,10,0.525,0.25,80.0,1e-12,False,3,4,0.5,True,False,1
2026-10-02T10:46:15+02:00,mem_pull__upper,mem_pull,upper,0.525,15,Multimodal,30,1,300000,300000,1516.6320802193543,1500.0,16.632080219354293,8.28768691199366,V4,30,300000,8,0.02,0.005,0.05,1e-06,0.2,1.05,0.7,60,20,8,10,0.525,0.25,80.0,1e-12,False,3,4,0.5,True,False,1
2026-10-02T10:46:23+02:00,mem_pull__upper,mem_pull,upper,0.525,15,Multimodal,30,2,300000,300000,1513.6596098526932,1500.0,13.659609852693166,8.267431799002225,V4,30,300000,8,0.02,0.005,0.05,1e-06,0.2,1.05,0.7,60,20,8,10,0.525,0.25,80.0,1e-12,False,3,4,0.5,True,False,1
2026-10-02T10:46:31+02:00,mem_pull__upper,mem_pull,upper,0.525,15,Multimodal,30,3,300000,300000,1513.7304715350426,1500.0,13.730471535042625,8.483344973996282,V4,30,300000,8,0.02,0.005,0.05,1e-06,0.2,1.05,0.7,60,20,8,10,0.525,0.25,80.0,1e-12,False,3,4,0.5,True,False,1
2026-10-02T10:46:40+02:00,mem_pull__upper,mem_pull,upper,0.525,15,Multimodal,30,4,300000,300000,1516.3159554746799,1500.0,16.315955474679868,8.388422991993139,V4,30,300000,8,0.02,0.005,0.05,1e-06,0.2,1.05,0.7,60,20,8,10,0.525,0.25,80.0,1e-12,False,3,4,0.5,True,False,1
2026-10-02T10:47:24+02:00,mem_pull__upper,mem_pull,upper,0.525,16,Multimodal,30,0,300000,300000,1613.4811962584408,1600.0,13.481196258440832,43.69156783199287,V4,30,300000,8,0.02,0.005,0.05,1e-06,0.2,1.05,0.7,60,20,8,10,0.525,0.25,80.0,1e-12,False,3,4,0.5,True,False,1
2026-10-02T10:48:08+02:00,mem_pull__upper,mem_pull,upper,0.525,16,Multimodal,30,1,300000,300000,1613.5130365725483,1600.0,13.513036572548344,44.3384864450054,V4,30,300000,8,0.02,0.005,0.05,1e-06,0.2,1.05,0.7,60,20,8,10,0.525,0.25,80.0,1e-12,False,3,4,0.5,True,False,1
2026-10-02T10:48:52+02:00,mem_pull__upper,mem_pull,upper,0.525,16,Multimodal,30,2,300000,300000,1613.8701287122,1600.0,13.870128712200085,43.897835968004074,V4,30,300000,8,0.02,0.005,0.05,1e-06,0.2,1.05,0.7,60,20,8,10,0.525,0.25,80.0,1e-12,False,3,4,0.5,True,False,1
2026-10-02T10:49:36+02:00,mem_pull__upper,mem_pull,upper,0.525,16,Multimodal,30,3,300000,300000,1613.7513205198914,1600.0,13.751320519891351,44.44745021399285,V4,30,300000,8,0.02,0.005,0.05,1e-06,0.2,1.05,0.7,60,20,8,10,0.525,0.25,80.0,1e-12,False,3,4,0.5,True,False,1
2026-10-02T10:50:21+02:00,mem_pull__upper,mem_pull,upper,0.525,16,Multimodal,30,4,300000,300000,1613.3561665805578,1600.0,13.356166580557783,44.424356033006916,V4,30,300000,8,0.02,0.005,0.05,1e-06,0.2,1.05,0.7,60,20,8,10,0.525,0.25,80.0,1e-12,False,3,4,0.5,True,False,1
2026-10-02T10:50:35+02:00,mem_pull__upper,mem_pull,upper,0.525,17,Hybrid,30,0,300000,300000,181972.51883496516,1700.0,180272.51883496516,14.584939362001023,V4,30,300000,8,0.02,0.005,0.05,1e-06,0.2,1.05,0.7,60,20,8,10,0.525,0.25,80.0,1e-12,False,3,4,0.5,True,False,1
2026-10-02T10:50:51+02:00,mem_pull__upper,mem_pull,upper,0.525,17,Hybrid,30,1,300000,300000,112098.67214335434,1700.0,110398.67214335434,15.10101783099526,V4,30,300000,8,0.02,0.005,0.05,1e-06,0.2,1.05,0.7,60,20,8,10,0.525,0.25,80.0,1e-12,False,3,4,0.5,True,False,1
2026-10-02T10:51:06+02:00,mem_pull__upper,mem_pull,upper,0.525,17,Hybrid,30,2,300000,300000,167748.1948287447,1700.0,166048.1948287447,15.571057105000364,V4,30,300000,8,0.02,0.005,0.05,1e-06,0.2,1.05,0.7,60,20,8,10,0.525,0.25,80.0,1e-12,False,3,4,0.5,True,False,1
2026-10-02T10:51:22+02:00,mem_pull__upper,mem_pull,upper,0.525,17,Hybrid,30,3,300000,300000,135268.20569880056,1700.0,133568.20569880056,15.575546983003733,V4,30,300000,8,0.02,0.005,0.05,1e-06,0.2,1.05,0.7,60,20,8,10,0.525,0.25,80.0,1e-12,False,3,4,0.5,True,False,1
2026-10-02T10:51:37+02:00,mem_pull__upper,mem_pull,upper,0.525,17,Hybrid,30,4,300000,300000,148666.52624225337,1700.0,146966.52624225337,15.379091620998224,V4,30,300000,8,0.02,0.005,0.05,1e-06,0.2,1.05,0.7,60,20,8,10,0.525,0.25,80.0,1e-12,False,3,4,0.5,True,False,1
2026-10-02T10:51:47+02:00,mem_pull__upper,mem_pull,upper,0.525,18,Hybrid,30,0,300000,300000,76861.25790671153,1800.0,75061.25790671153,9.766582351003308,V4,30,300000,8,0.02,0.005,0.05,1e-06,0.2,1.05,0.7,60,20,8,10,0.525,0.25,80.0,1e-12,False,3,4,0.5,True,False,1
2026-10-02T10:51:57+02:00,mem_pull__upper,mem_pull,upper,0.525,18,Hybrid,30,1,300000,300000,114732.75494669205,1800.0,112932.75494669205,9.744385616999352,V4,30,300000,8,0.02,0.005,0.05,1e-06,0.2,1.05,0.7,60,20,8,10,0.525,0.25,80.0,1e-12,False,3,4,0.5,True,False,1
2026-10-02T10:52:06+02:00,mem_pull__upper,mem_pull,upper,0.525,18,Hybrid,30,2,300000,300000,96893.85297092353,1800.0,95093.85297092353,9.382878932010499,V4,30,300000,8,0.02,0.005,0.05,1e-06,0.2,1.05,0.7,60,20,8,10,0.525,0.25,80.0,1e-12,False,3,4,0.5,True,False,1
2026-10-02T10:52:16+02:00,mem_pull__upper,mem_pull,upper,0.525,18,Hybrid,30,3,300000,300000,88664.79490810103,1800.0,86864.79490810103,9.265025401007733,V4,30,300000,8,0.02,0.005,0.05,1e-06,0.2,1.05,0.7,60,20,8,10,0.525,0.25,80.0,1e-12,False,3,4,0.5,True,False,1
2026-10-02T10:52:25+02:00,mem_pull__upper,mem_pull,upper,0.525,18,Hybrid,30,4,300000,300000,98741.39663874128,1800.0,96941.39663874128,9.246467022996512,V4,30,300000,8,0.02,0.005,0.05,1e-06,0.2,1.05,0.7,60,20,8,10,0.525,0.25,80.0,1e-12,False,3,4,0.5,True,False,1
2026-10-02T10:52:57+02:00,mem_pull__upper,mem_pull,upper,0.525,19,Hybrid,30,0,300000,300000,1934.6297781629803,1900.0,34.6297781629803,31.600790511001833,V4,30,300000,8,0.02,0.005,0.05,1e-06,0.2,1.05,0.7,60,20,8,10,0.525,0.25,80.0,1e-12,False,3,4,0.5,True,False,1
2026-10-02T10:53:29+02:00,mem_pull__upper,mem_pull,upper,0.525,19,Hybrid,30,1,300000,300000,1930.3055028253796,1900.0,30.305502825379563,32.32084924199444,V4,30,300000,8,0.02,0.005,0.05,1e-06,0.2,1.05,0.7,60,20,8,10,0.525,0.25,80.0,1e-12,False,3,4,0.5,True,False,1
2026-10-02T10:54:02+02:00,mem_pull__upper,mem_pull,upper,0.525,19,Hybrid,30,2,300000,300000,1928.2438768790894,1900.0,28.243876879089385,32.984443227003794,V4,30,300000,8,0.02,0.005,0.05,1e-06,0.2,1.05,0.7,60,20,8,10,0.525,0.25,80.0,1e-12,False,3,4,0.5,True,False,1
2026-10-02T10:54:34+02:00,mem_pull__upper,mem_pull,upper,0.525,19,Hybrid,30,3,300000,300000,1934.331855256101,1900.0,34.33185525610111,32.44661662400176,V4,30,300000,8,0.02,0.005,0.05,1e-06,0.2,1.05,0.7,60,20,8,10,0.525,0.25,80.0,1e-12,False,3,4,0.5,True,False,1
2026-10-02T10:55:07+02:00,mem_pull__upper,mem_pull,upper,0.525,19,Hybrid,30,4,300000,300000,1935.5804664356654,1900.0,35.58046643566536,32.476139413993224,V4,30,300000,8,0.02,0.005,0.05,1e-06,0.2,1.05,0.7,60,20,8,10,0.525,0.25,80.0,1e-12,False,3,4,0.5,True,False,1
2026-10-02T10:55:19+02:00,mem_pull__upper,mem_pull,upper,0.525,20,Hybrid,30,0,300000,300000,20952.057846958938,2000.0,18952.057846958938,12.06236674801039,V4,30,300000,8,0.02,0.005,0.05,1e-06,0.2,1.05,0.7,60,20,8,10,0.525,0.25,80.0,1e-12,False,3,4,0.5,True,False,1
2026-10-02T10:55:31+02:00,mem_pull__upper,mem_pull,upper,0.525,20,Hybrid,30,1,300000,300000,39296.93443264502,2000.0,37296.93443264502,12.154826954996679,V4,30,300000,8,0.02,0.005,0.05,1e-06,0.2,1.05,0.7,60,20,8,10,0.525,0.25,80.0,1e-12,False,3,4,0.5,True,False,1
2026-10-02T10:55:43+02:00,mem_pull__upper,mem_pull,upper,0.525,20,Hybrid,30,2,300000,300000,28807.816834649817,2000.0,26807.816834649817,12.105641328002093,V4,30,300000,8,0.02,0.005,0.05,1e-06,0.2,1.05,0.7,60,20,8,10,0.525,0.25,80.0,1e-12,False,3,4,0.5,True,False,1
2026-10-02T10:55:55+02:00,mem_pull__upper,mem_pull,upper,0.525,20,Hybrid,30,3,300000,300000,32808.50590378132,2000.0,30808.50590378132,11.872371504010516,V4,30,300000,8,0.02,0.005,0.05,1e-06,0.2,1.05,0.7,60,20,8,10,0.525,0.25,80.0,1e-12,False,3,4,0.5,True,False,1
2026-10-02T10:56:08+02:00,mem_pull__upper,mem_pull,upper,0.525,20,Hybrid,30,4,300000,300000,28713.411454172056,2000.0,26713.411454172056,12.205572763006785,V4,30,300000,8,0.02,0.005,0.05,1e-06,0.2,1.05,0.7,60,20,8,10,0.525,0.25,80.0,1e-12,False,3,4,0.5,True,False,1
2026-10-02T10:56:31+02:00,mem_pull__upper,mem_pull,upper,0.525,21,Hybrid,30,0,300000,300000,65781.19906189258,2100.0,63681.19906189258,23.058598159987014,V4,30,300000,8,0.02,0.005,0.05,1e-06,0.2,1.05,0.7,60,20,8,10,0.525,0.25,80.0,1e-12,False,3,4,0.5,True,False,1
2026-10-02T10:56:54+02:00,mem_pull__upper,mem_pull,upper,0.525,21,Hybrid,30,1,300000,300000,44469.89506466198,2100.0,42369.89506466198,23.013136547000613,V4,30,300000,8,0.02,0.005,0.05,1e-06,0.2,1.05,0.7,60,20,8,10,0.525,0.25,80.0,1e-12,False,3,4,0.5,True,False,1
2026-10-02T10:57:16+02:00,mem_pull__upper,mem_pull,upper,0.525,21,Hybrid,30,2,300000,300000,42368.02746256115,2100.0,40268.02746256115,22.148852511993027,V4,30,300000,8,0.02,0.005,0.05,1e-06,0.2,1.05,0.7,60,20,8,10,0.525,0.25,80.0,1e-12,False,3,4,0.5,True,False,1
2026-10-02T10:57:38+02:00,mem_pull__upper,mem_pull,upper,0.525,21,Hybrid,30,3,300000,300000,38742.27880735816,2100.0,36642.27880735816,22.31707700100378,V4,30,300000,8,0.02,0.005,0.05,1e-06,0.2,1.05,0.7,60,20,8,10,0.525,0.25,80.0,1e-12,False,3,4,0.5,True,False,1
2026-10-02T10:58:01+02:00,mem_pull__upper,mem_pull,upper,0.525,21,Hybrid,30,4,300000,300000,40171.098780322594,2100.0,38071.098780322594,22.995471828005975,V4,30,300000,8,0.02,0.005,0.05,1e-06,0.2,1.05,0.7,60,20,8,10,0.525,0.25,80.0,1e-12,False,3,4,0.5,True,False,1
2026-10-02T10:59:12+02:00,mem_pull__upper,mem_pull,upper,0.525,22,Hybrid,30,0,300000,300000,3047.179870506519,2200.0,847.1798705065189,70.30400580599962,V4,30,300000,8,0.02,0.005,0.05,1e-06,0.2,1.05,0.7,60,20,8,10,0.525,0.25,80.0,1e-12,False,3,4,0.5,True,False,1
2026-10-02T11:00:22+02:00,mem_pull__upper,mem_pull,upper,0.525,22,Hybrid,30,1,300000,300000,2757.060003461571,2200.0,557.0600034615709,70.17407525100862,V4,30,300000,8,0.02,0.005,0.05,1e-06,0.2,1.05,0.7,60,20,8,10,0.525,0.25,80.0,1e-12,False,3,4,0.5,True,False,1
2026-10-02T11:01:32+02:00,mem_pull__upper,mem_pull,upper,0.525,22,Hybrid,30,2,300000,300000,2664.944764916384,2200.0,464.944764916384,69.59342752001248,V4,30,300000,8,0.02,0.005,0.05,1e-06,0.2,1.05,0.7,60,20,8,10,0.525,0.25,80.0,1e-12,False,3,4,0.5,True,False,1
2026-10-02T11:02:41+02:00,mem_pull__upper,mem_pull,upper,0.525,22,Hybrid,30,3,300000,300000,3719.242145684486,2200.0,1519.2421456844859,69.52293006899708,V4,30,300000,8,0.02,0.005,0.05,1e-06,0.2,1.05,0.7,60,20,8,10,0.525,0.25,80.0,1e-12,False,3,4,0.5,True,False,1
2026-10-02T11:03:52+02:00,mem_pull__upper,mem_pull,upper,0.525,22,Hybrid,30,4,300000,300000,2549.5042469062437,2200.0,349.5042469062437,70.46428965499217,V4,30,300000,8,0.02,0.005,0.05,1e-06,0.2,1.05,0.7,60,20,8,10,0.525,0.25,80.0,1e-12,False,3,4,0.5,True,False,1
2026-10-02T11:04:09+02:00,mem_pull__upper,mem_pull,upper,0.525,23,Composition,30,0,300000,300000,2522.8574735504744,2300.0,222.85747355047442,17.772808840993093,V4,30,300000,8,0.02,0.005,0.05,1e-06,0.2,1.05,0.7,60,20,8,10,0.525,0.25,80.0,1e-12,False,3,4,0.5,True,False,1
2026-10-02T11:04:28+02:00,mem_pull__upper,mem_pull,upper,0.525,23,Composition,30,1,300000,300000,2522.872402460591,2300.0,222.87240246059082,18.674792268997408,V4,30,300000,8,0.02,0.005,0.05,1e-06,0.2,1.05,0.7,60,20,8,10,0.525,0.25,80.0,1e-12,False,3,4,0.5,True,False,1
2026-10-02T11:04:46+02:00,mem_pull__upper,mem_pull,upper,0.525,23,Composition,30,2,300000,300000,2522.859321023821,2300.0,222.85932102382094,18.12728593299107,V4,30,300000,8,0.02,0.005,0.05,1e-06,0.2,1.05,0.7,60,20,8,10,0.525,0.25,80.0,1e-12,False,3,4,0.5,True,False,1
2026-10-02T11:05:05+02:00,mem_pull__upper,mem_pull,upper,0.525,23,Composition,30,3,300000,300000,2522.860666301045,2300.0,222.86066630104506,18.562109247010085,V4,30,300000,8,0.02,0.005,0.05,1e-06,0.2,1.05,0.7,60,20,8,10,0.525,0.25,80.0,1e-12,False,3,4,0.5,True,False,1
2026-10-02T11:05:23+02:00,mem_pull__upper,mem_pull,upper,0.525,23,Composition,30,4,300000,300000,2522.8622693685306,2300.0,222.86226936853063,17.955158405995462,V4,30,300000,8,0.02,0.005,0.05,1e-06,0.2,1.05,0.7,60,20,8,10,0.525,0.25,80.0,1e-12,False,3,4,0.5,True,False,1
2026-10-02T11:05:44+02:00,mem_pull__upper,mem_pull,upper,0.525,24,Composition,30,0,300000,300000,2627.115278926735,2400.0,227.11527892673485,20.663805898002465,V4,30,300000,8,0.02,0.005,0.05,1e-06,0.2,1.05,0.7,60,20,8,10,0.525,0.25,80.0,1e-12,False,3,4,0.5,True,False,1
2026-10-02T11:06:05+02:00,mem_pull__upper,mem_pull,upper,0.525,24,Composition,30,1,300000,300000,2628.4809468330914,2400.0,228.48094683309137,20.717301815995597,V4,30,300000,8,0.02,0.005,0.05,1e-06,0.2,1.05,0.7,60,20,8,10,0.525,0.25,80.0,1e-12,False,3,4,0.5,True,False,1
2026-10-02T11:06:26+02:00,mem_pull__upper,mem_pull,upper,0.525,24,Composition,30,2,300000,300000,2624.6810784647787,2400.0,224.6810784647787,20.942114058998413,V4,30,300000,8,0.02,0.005,0.05,1e-06,0.2,1.05,0.7,60,20,8,10,0.525,0.25,80.0,1e-12,False,3,4,0.5,True,False,1
2026-10-02T11:06:46+02:00,mem_pull__upper,mem_pull,upper,0.525,24,Composition,30,3,300000,300000,2640.6847979283098,2400.0,240.68479792830976,20.53752742501092,V4,30,300000,8,0.02,0.005,0.05,1e-06,0.2,1.05,0.7,60,20,8,10,0.525,0.25,80.0,1e-12,False,3,4,0.5,True,False,1
2026-10-02T11:07:07+02:00,mem_pull__upper,mem_pull,upper,0.525,24,Composition,30,4,300000,300000,2627.168317505425,2400.0,227.16831750542497,20.936787460988853,V4,30,300000,8,0.02,0.005,0.05,1e-06,0.2,1.05,0.7,60,20,8,10,0.525,0.25,80.0,1e-12,False,3,4,0.5,True,False,1
2026-10-02T11:07:28+02:00,mem_pull__upper,mem_pull,upper,0.525,25,Composition,30,0,300000,300000,2721.417705763526,2500.0,221.4177057635261,20.773477330993046,V4,30,300000,8,0.02,0.005,0.05,1e-06,0.2,1.05,0.7,60,20,8,10,0.525,0.25,80.0,1e-12,False,3,4,0.5,True,False,1
2026-10-02T11:07:49+02:00,mem_pull__upper,mem_pull,upper,0.525,25,Composition,30,1,300000,300000,2711.581928175256,2500.0,211.58192817525605,20.82434878499771,V4,30,300000,8,0.02,0.005,0.05,1e-06,0.2,1.05,0.7,60,20,8,10,0.525,0.25,80.0,1e-12,False,3,4,0.5,True,False,1
2026-10-02T11:08:10+02:00,mem_pull__upper,mem_pull,upper,0.525,25,Composition,30,2,300000,300000,2718.395170570466,2500.0,218.39517057046578,21.19452376299887,V4,30,300000,8,0.02,0.005,0.05,1e-06,0.2,1.05,0.7,60,20,8,10,0.525,0.25,80.0,1e-12,False,3,4,0.5,True,False,1
2026-10-02T11:08:31+02:00,mem_pull__upper,mem_pull,upper,0.525,25,Composition,30,3,300000,300000,2719.7652796989696,2500.0,219.7652796989696,20.899830648995703,V4,30,300000,8,0.02,0.005,0.05,1e-06,0.2,1.05,0.7,60,20,8,10,0.525,0.25,80.0,1e-12,False,3,4,0.5,True,False,1
2026-10-02T11:08:52+02:00,mem_pull__upper,mem_pull,upper,0.525,25,Composition,30,4,300000,300000,2717.644858406528,2500.0,217.64485840652787,20.833776569008478,V4,30,300000,8,0.02,0.005,0.05,1e-06,0.2,1.05,0.7,60,20,8,10,0.525,0.25,80.0,1e-12,False,3,4,0.5,True,False,1
2026-10-02T11:10:38+02:00,mem_pull__upper,mem_pull,upper,0.525,26,Composition,30,0,300000,300000,2800.1664084127765,2600.0,200.1664084127765,105.45049397500406,V4,30,300000,8,0.02,0.005,0.05,1e-06,0.2,1.05,0.7,60,20,8,10,0.525,0.25,80.0,1e-12,False,3,4,0.5,True,False,1
2026-10-02T11:12:25+02:00,mem_pull__upper,mem_pull,upper,0.525,26,Composition,30,1,300000,300000,2700.6295904824246,2600.0,100.62959048242465,107.0770194939978,V4,30,300000,8,0.02,0.005,0.05,1e-06,0.2,1.05,0.7,60,20,8,10,0.525,0.25,80.0,1e-12,False,3,4,0.5,True,False,1
2026-10-02T11:14:11+02:00,mem_pull__upper,mem_pull,upper,0.525,26,Composition,30,2,300000,300000,2800.183690319904,2600.0,200.18369031990414,105.64558609300002,V4,30,300000,8,0.02,0.005,0.05,1e-06,0.2,1.05,0.7,60,20,8,10,0.525,0.25,80.0,1e-12,False,3,4,0.5,True,False,1
2026-10-02T11:15:59+02:00,mem_pull__upper,mem_pull,upper,0.525,26,Composition,30,3,300000,300000,2800.1012152986623,2600.0,200.10121529866228,107.96866020299785,V4,30,300000,8,0.02,0.005,0.05,1e-06,0.2,1.05,0.7,60,20,8,10,0.525,0.25,80.0,1e-12,False,3,4,0.5,True,False,1
2026-10-02T11:17:45+02:00,mem_pull__upper,mem_pull,upper,0.525,26,Composition,30,4,300000,300000,2800.081070616301,2600.0,200.08107061630108,106.45954272900417,V4,30,300000,8,0.02,0.005,0.05,1e-06,0.2,1.05,0.7,60,20,8,10,0.525,0.25,80.0,1e-12,False,3,4,0.5,True,False,1
2026-10-02T11:19:33+02:00,mem_pull__upper,mem_pull,upper,0.525,27,Composition,30,0,300000,300000,3103.1695528786304,2700.0,403.1695528786304,108.19018709399097,V4,30,300000,8,0.02,0.005,0.05,1e-06,0.2,1.05,0.7,60,20,8,10,0.525,0.25,80.0,1e-12,False,3,4,0.5,True,False,1
2026-10-02T11:21:20+02:00,mem_pull__upper,mem_pull,upper,0.525,27,Composition,30,1,300000,300000,3104.804456476807,2700.0,404.804456476807,106.1749908930069,V4,30,300000,8,0.02,0.005,0.05,1e-06,0.2,1.05,0.7,60,20,8,10,0.525,0.25,80.0,1e-12,False,3,4,0.5,True,False,1
2026-10-02T11:23:08+02:00,mem_pull__upper,mem_pull,upper,0.525,27,Composition,30,2,300000,300000,3105.1156362897914,2700.0,405.1156362897914,108.28213380699162,V4,30,300000,8,0.02,0.005,0.05,1e-06,0.2,1.05,0.7,60,20,8,10,0.525,0.25,80.0,1e-12,False,3,4,0.5,True,False,1
2026-10-02T11:24:56+02:00,mem_pull__upper,mem_pull,upper,0.525,27,Composition,30,3,300000,300000,3101.9269248062483,2700.0,401.9269248062483,107.69024597600219,V4,30,300000,8,0.02,0.005,0.05,1e-06,0.2,1.05,0.7,60,20,8,10,0.525,0.25,80.0,1e-12,False,3,4,0.5,True,False,1
2026-10-02T11:26:42+02:00,mem_pull__upper,mem_pull,upper,0.525,27,Composition,30,4,300000,300000,3103.1261478979222,2700.0,403.12614789792224,105.72831260699604,V4,30,300000,8,0.02,0.005,0.05,1e-06,0.2,1.05,0.7,60,20,8,10,0.525,0.25,80.0,1e-12,False,3,4,0.5,True,False,1
2026-10-02T11:27:49+02:00,mem_pull__upper,mem_pull,upper,0.525,28,Composition,30,0,300000,300000,7453.0225123743985,2800.0,4653.0225123743985,66.91163701900223,V4,30,300000,8,0.02,0.005,0.05,1e-06,0.2,1.05,0.7,60,20,8,10,0.525,0.25,80.0,1e-12,False,3,4,0.5,True,False,1
2026-10-02T11:28:55+02:00,mem_pull__upper,mem_pull,upper,0.525,28,Composition,30,1,300000,300000,6924.845966078533,2800.0,4124.845966078533,65.83754314499674,V4,30,300000,8,0.02,0.005,0.05,1e-06,0.2,1.05,0.7,60,20,8,10,0.525,0.25,80.0,1e-12,False,3,4,0.5,True,False,1
2026-10-02T11:30:02+02:00,mem_pull__upper,mem_pull,upper,0.525,28,Composition,30,2,300000,300000,7561.467182053935,2800.0,4761.467182053935,67.7635497750016,V4,30,300000,8,0.02,0.005,0.05,1e-06,0.2,1.05,0.7,60,20,8,10,0.525,0.25,80.0,1e-12,False,3,4,0.5,True,False,1
2026-10-02T11:31:09+02:00,mem_pull__upper,mem_pull,upper,0.525,28,Composition,30,3,300000,300000,6091.509668160676,2800.0,3291.5096681606756,66.2202456810046,V4,30,300000,8,0.02,0.005,0.05,1e-06,0.2,1.05,0.7,60,20,8,10,0.525,0.25,80.0,1e-12,False,3,4,0.5,True,False,1
2026-10-02T11:32:15+02:00,mem_pull__upper,mem_pull,upper,0.525,28,Composition,30,4,300000,300000,7443.963583177185,2800.0,4643.963583177185,66.14332816400565,V4,30,300000,8,0.02,0.005,0.05,1e-06,0.2,1.05,0.7,60,20,8,10,0.525,0.25,80.0,1e-12,False,3,4,0.5,True,False,1
2026-10-02T11:33:07+02:00,mem_pull__upper,mem_pull,upper,0.525,29,Composition,30,0,300000,300000,24367.832427892015,2900.0,21467.832427892015,51.56915383900923,V4,30,300000,8,0.02,0.005,0.05,1e-06,0.2,1.05,0.7,60,20,8,10,0.525,0.25,80.0,1e-12,False,3,4,0.5,True,False,1
2026-10-02T11:33:58+02:00,mem_pull__upper,mem_pull,upper,0.525,29,Composition,30,1,300000,300000,40785.403050094144,2900.0,37885.403050094144,51.63729626999702,V4,30,300000,8,0.02,0.005,0.05,1e-06,0.2,1.05,0.7,60,20,8,10,0.525,0.25,80.0,1e-12,False,3,4,0.5,True,False,1
2026-10-02T11:34:50+02:00,mem_pull__upper,mem_pull,upper,0.525,29,Composition,30,2,300000,300000,11231.016749035083,2900.0,8331.016749035083,51.4905315060023,V4,30,300000,8,0.02,0.005,0.05,1e-06,0.2,1.05,0.7,60,20,8,10,0.525,0.25,80.0,1e-12,False,3,4,0.5,True,False,1
2026-10-02T11:35:42+02:00,mem_pull__upper,mem_pull,upper,0.525,29,Composition,30,3,300000,300000,13194.127152743407,2900.0,10294.127152743407,52.121384582002065,V4,30,300000,8,0.02,0.005,0.05,1e-06,0.2,1.05,0.7,60,20,8,10,0.525,0.25,80.0,1e-12,False,3,4,0.5,True,False,1
2026-10-02T11:36:34+02:00,mem_pull__upper,mem_pull,upper,0.525,29,Composition,30,4,300000,300000,13309.757927151782,2900.0,10409.757927151782,51.39820463299111,V4,30,300000,8,0.02,0.005,0.05,1e-06,0.2,1.05,0.7,60,20,8,10,0.525,0.25,80.0,1e-12,False,3,4,0.5,True,False,1
2026-10-02T11:38:13+02:00,mem_pull__upper,mem_pull,upper,0.525,30,Composition,30,0,300000,300000,20198.157166883462,3000.0,17198.157166883462,99.62500189901039,V4,30,300000,8,0.02,0.005,0.05,1e-06,0.2,1.05,0.7,60,20,8,10,0.525,0.25,80.0,1e-12,False,3,4,0.5,True,False,1
2026-10-02T11:39:54+02:00,mem_pull__upper,mem_pull,upper,0.525,30,Composition,30,1,300000,300000,39893.279738507015,3000.0,36893.279738507015,100.11348558099417,V4,30,300000,8,0.02,0.005,0.05,1e-06,0.2,1.05,0.7,60,20,8,10,0.525,0.25,80.0,1e-12,False,3,4,0.5,True,False,1
2026-10-02T11:41:34+02:00,mem_pull__upper,mem_pull,upper,0.525,30,Composition,30,2,300000,300000,18570.554992494195,3000.0,15570.554992494195,100.64451533700048,V4,30,300000,8,0.02,0.005,0.05,1e-06,0.2,1.05,0.7,60,20,8,10,0.525,0.25,80.0,1e-12,False,3,4,0.5,True,False,1
2026-10-02T11:43:14+02:00,mem_pull__upper,mem_pull,upper,0.525,30,Composition,30,3,300000,300000,25385.303592321812,3000.0,22385.303592321812,99.80318153300323,V4,30,300000,8,0.02,0.005,0.05,1e-06,0.2,1.05,0.7,60,20,8,10,0.525,0.25,80.0,1e-12,False,3,4,0.5,True,False,1
2026-10-02T11:44:55+02:00,mem_pull__upper,mem_pull,upper,0.525,30,Composition,30,4,300000,300000,28482.089198913032,3000.0,25482.089198913032,100.88629493500048,V4,30,300000,8,0.02,0.005,0.05,1e-06,0.2,1.05,0.7,60,20,8,10,0.525,0.25,80.0,1e-12,False,3,4,0.5,True,False,1
2026-10-02T11:45:02+02:00,mem_push__lower,mem_push,lower,0.125,1,Unimodal,30,0,300000,300000,4119793.623750714,100.0,4119693.623750714,7.2591275189915905,V4,30,300000,8,0.02,0.005,0.05,1e-06,0.2,1.05,0.7,60,20,8,10,0.35,0.125,80.0,1e-12,False,3,4,0.5,True,False,1
2026-10-02T11:45:10+02:00,mem_push__lower,mem_push,lower,0.125,1,Unimodal,30,1,300000,300000,7700492.185988564,100.0,7700392.185988564,7.261616386007518,V4,30,300000,8,0.02,0.005,0.05,1e-06,0.2,1.05,0.7,60,20,8,10,0.35,0.125,80.0,1e-12,False,3,4,0.5,True,False,1
2026-10-02T11:45:17+02:00,mem_push__lower,mem_push,lower,0.125,1,Unimodal,30,2,300000,300000,2337054.9514984833,100.0,2336954.9514984833,7.310305560997222,V4,30,300000,8,0.02,0.005,0.05,1e-06,0.2,1.05,0.7,60,20,8,10,0.35,0.125,80.0,1e-12,False,3,4,0.5,True,False,1
2026-10-02T11:45:24+02:00,mem_push__lower,mem_push,lower,0.125,1,Unimodal,30,3,300000,300000,9862210.791180968,100.0,9862110.791180968,7.271257353990222,V4,30,300000,8,0.02,0.005,0.05,1e-06,0.2,1.05,0.7,60,20,8,10,0.35,0.125,80.0,1e-12,False,3,4,0.5,True,False,1
2026-10-02T11:45:32+02:00,mem_push__lower,mem_push,lower,0.125,1,Unimodal,30,4,300000,300000,7861711.023121522,100.0,7861611.023121522,7.470129527995596,V4,30,300000,8,0.02,0.005,0.05,1e-06,0.2,1.05,0.7,60,20,8,10,0.35,0.125,80.0,1e-12,False,3,4,0.5,True,False,1
2026-10-02T11:45:38+02:00,mem_push__lower,mem_push,lower,0.125,2,Unimodal,30,0,300000,300000,741086.8217535961,200.0,740886.8217535961,6.5345422819955274,V4,30,300000,8,0.02,0.005,0.05,1e-06,0.2,1.05,0.7,60,20,8,10,0.35,0.125,80.0,1e-12,False,3,4,0.5,True,False,1
2026-10-02T11:45:45+02:00,mem_push__lower,mem_push,lower,0.125,2,Unimodal,30,1,300000,300000,382941.90952394006,200.0,382741.90952394006,6.390359045006335,V4,30,300000,8,0.02,0.005,0.05,1e-06,0.2,1.05,0.7,60,20,8,10,0.35,0.125,80.0,1e-12,False,3,4,0.5,True,False,1
2026-10-02T11:45:51+02:00,mem_push__lower,mem_push,lower,0.125,2,Unimodal,30,2,300000,300000,979149.7190628508,200.0,978949.7190628508,6.451876564009581,V4,30,300000,8,0.02,0.005,0.05,1e-06,0.2,1.05,0.7,60,20,8,10,0.35,0.125,80.0,1e-12,False,3,4,0.5,True,False,1
2026-10-02T11:45:58+02:00,mem_push__lower,mem_push,lower,0.125,2,Unimodal,30,3,300000,300000,1127026.9459279217,200.0,1126826.9459279217,6.283673711004667,V4,30,300000,8,0.02,0.005,0.05,1e-06,0.2,1.05,0.7,60,20,8,10,0.35,0.125,80.0,1e-12,False,3,4,0.5,True,False,1
2026-10-02T11:46:04+02:00,mem_push__lower,mem_push,lower,0.125,2,Unimodal,30,4,300000,300000,1067892.739144072,200.0,1067692.739144072,6.134966687008273,V4,30,300000,8,0.02,0.005,0.05,1e-06,0.2,1.05,0.7,60,20,8,10,0.35,0.125,80.0,1e-12,False,3,4,0.5,True,False,1
2026-10-02T11:46:10+02:00,mem_push__lower,mem_push,lower,0.125,3,Unimodal,30,0,300000,300000,31486.36742605412,300.0,31186.36742605412,6.568525296999724,V4,30,300000,8,0.02,0.005,0.05,1e-06,0.2,1.05,0.7,60,20,8,10,0.35,0.125,80.0,1e-12,False,3,4,0.5,True,False,1
2026-10-02T11:46:17+02:00,mem_push__lower,mem_push,lower,0.125,3,Unimodal,30,1,300000,300000,1667.9906272788041,300.0,1367.9906272788041,6.406976348007447,V4,30,300000,8,0.02,0.005,0.05,1e-06,0.2,1.05,0.7,60,20,8,10,0.35,0.125,80.0,1e-12,False,3,4,0.5,True,False,1
2026-10-02T11:46:23+02:00,mem_push__lower,mem_push,lower,0.125,3,Unimodal,30,2,300000,300000,8712.218088059344,300.0,8412.218088059344,6.441390741994837,V4,30,300000,8,0.02,0.005,0.05,1e-06,0.2,1.05,0.7,60,20,8,10,0.35,0.125,80.0,1e-12,False,3,4,0.5,True,False,1
2026-10-02T11:46:30+02:00,mem_push__lower,mem_push,lower,0.125,3,Unimodal,30,3,300000,300000,32430.116871758193,300.0,32130.116871758193,6.408960483997362,V4,30,300000,8,0.02,0.005,0.05,1e-06,0.2,1.05,0.7,60,20,8,10,0.35,0.125,80.0,1e-12,False,3,4,0.5,True,False,1
2026-10-02T11:46:36+02:00,mem_push__lower,mem_push,lower,0.125,3,Unimodal,30,4,300000,300000,664.7354355467842,300.0,364.7354355467842,6.342080739996163,V4,30,300000,8,0.02,0.005,0.05,1e-06,0.2,1.05,0.7,60,20,8,10,0.35,0.125,80.0,1e-12,False,3,4,0.5,True,False,1
2026-10-02T11:46:44+02:00,mem_push__lower,mem_push,lower,0.125,4,Multimodal,30,0,300000,300000,470.95672825602503,400.0,70.95672825602503,7.671101315994747,V4,30,300000,8,0.02,0.005,0.05,1e-06,0.2,1.05,0.7,60,20,8,10,0.35,0.125,80.0,1e-12,False,3,4,0.5,True,False,1
2026-10-02T11:46:52+02:00,mem_push__lower,mem_push,lower,0.125,4,Multimodal,30,1,300000,300000,468.9063412996415,400.0,68.9063412996415,7.606993036999484,V4,30,300000,8,0.02,0.005,0.05,1e-06,0.2,1.05,0.7,60,20,8,10,0.35,0.125,80.0,1e-12,False,3,4,0.5,True,False,1
2026-10-02T11:46:59+02:00,mem_push__lower,mem_push,lower,0.125,4,Multimodal,30,2,300000,300000,469.5919888639657,400.0,69.5919888639657,7.482352046994492,V4,30,300000,8,0.02,0.005,0.05,1e-06,0.2,1.05,0.7,60,20,8,10,0.35,0.125,80.0,1e-12,False,3,4,0.5,True,False,1
2026-10-02T11:47:07+02:00,mem_push__lower,mem_push,lower,0.125,4,Multimodal,30,3,300000,300000,475.6596629579143,400.0,75.65966295791429,7.785615789005533,V4,30,300000,8,0.02,0.005,0.05,1e-06,0.2,1.05,0.7,60,20,8,10,0.35,0.125,80.0,1e-12,False,3,4,0.5,True,False,1
2026-10-02T11:47:14+02:00,mem_push__lower,mem_push,lower,0.125,4,Multimodal,30,4,300000,300000,472.0815382983789,400.0,72.08153829837892,7.532076206000056,V4,30,300000,8,0.02,0.005,0.05,1e-06,0.2,1.05,0.7,60,20,8,10,0.35,0.125,80.0,1e-12,False,3,4,0.5,True,False,1
2026-10-02T11:47:22+02:00,mem_push__lower,mem_push,lower,0.125,5,Multimodal,30,0,300000,300000,521.291442319156,500.0,21.291442319155976,7.209679256004165,V4,30,300000,8,0.02,0.005,0.05,1e-06,0.2,1.05,0.7,60,20,8,10,0.35,0.125,80.0,1e-12,False,3,4,0.5,True,False,1
2026-10-02T11:47:29+02:00,mem_push__lower,mem_push,lower,0.125,5,Multimodal,30,1,300000,300000,521.36514650217,500.0,21.365146502169978,7.320791699006804,V4,30,300000,8,0.02,0.005,0.05,1e-06,0.2,1.05,0.7,60,20,8,10,0.35,0.125,80.0,1e-12,False,3,4,0.5,True,False,1
2026-10-02T11:47:37+02:00,mem_push__lower,mem_push,lower,0.125,5,Multimodal,30,2,300000,300000,521.1536462435205,500.0,21.153646243520484,7.536529438002617,V4,30,300000,8,0.02,0.005,0.05,1e-06,0.2,1.05,0.7,60,20,8,10,0.35,0.125,80.0,1e-12,False,3,4,0.5,True,False,1
2026-10-02T11:47:44+02:00,mem_push__lower,mem_push,lower,0.125,5,Multimodal,30,3,300000,300000,521.044423935238,500.0,21.044423935238,7.540734499998507,V4,30,300000,8,0.02,0.005,0.05,1e-06,0.2,1.05,0.7,60,20,8,10,0.35,0.125,80.0,1e-12,False,3,4,0.5,True,False,1
2026-10-02T11:47:52+02:00,mem_push__lower,mem_push,lower,0.125,5,Multimodal,30,4,300000,300000,521.5575703932043,500.0,21.557570393204287,7.566549945011502,V4,30,300000,8,0.02,0.005,0.05,1e-06,0.2,1.05,0.7,60,20,8,10,0.35,0.125,80.0,1e-12,False,3,4,0.5,True,False,1
2026-10-02T11:49:19+02:00,mem_push__lower,mem_push,lower,0.125,6,Multimodal,30,0,300000,300000,636.6941888056688,600.0,36.69418880566877,86.64874479200807,V4,30,300000,8,0.02,0.005,0.05,1e-06,0.2,1.05,0.7,60,20,8,10,0.35,0.125,80.0,1e-12,False,3,4,0.5,True,False,1
2026-10-02T11:50:45+02:00,mem_push__lower,mem_push,lower,0.125,6,Multimodal,30,1,300000,300000,639.1977509439371,600.0,39.19775094393708,86.18773060799867,V4,30,300000,8,0.02,0.005,0.05,1e-06,0.2,1.05,0.7,60,20,8,10,0.35,0.125,80.0,1e-12,False,3,4,0.5,True,False,1
2026-10-02T11:52:10+02:00,mem_push__lower,mem_push,lower,0.125,6,Multimodal,30,2,300000,300000,633.614529406014,600.0,33.61452940601396,85.29241153500334,V4,30,300000,8,0.02,0.005,0.05,1e-06,0.2,1.05,0.7,60,20,8,10,0.35,0.125,80.0,1e-12,False,3,4,0.5,True,False,1
2026-10-02T11:53:35+02:00,mem_push__lower,mem_push,lower,0.125,6,Multimodal,30,3,300000,300000,640.8606265175025,600.0,40.86062651750251,85.19290208999882,V4,30,300000,8,0.02,0.005,0.05,1e-06,0.2,1.05,0.7,60,20,8,10,0.35,0.125,80.0,1e-12,False,3,4,0.5,True,False,1
2026-10-02T11:55:01+02:00,mem_push__lower,mem_push,lower,0.125,6,Multimodal,30,4,300000,300000,634.4274687590604,600.0,34.42746875906039,85.84386448400619,V4,30,300000,8,0.02,0.005,0.05,1e-06,0.2,1.05,0.7,60,20,8,10,0.35,0.125,80.0,1e-12,False,3,4,0.5,True,False,1
2026-10-02T11:55:09+02:00,mem_push__lower,mem_push,lower,0.125,7,Multimodal,30,0,300000,300000,700.7568153658586,700.0,0.7568153658586425,7.362619927997002,V4,30,300000,8,0.02,0.005,0.05,1e-06,0.2,1.05,0.7,60,20,8,10,0.35,0.125,80.0,1e-12,False,3,4,0.5,True,False,1
2026-10-02T11:55:16+02:00,mem_push__lower,mem_push,lower,0.125,7,Multimodal,30,1,300000,300000,700.4339305053543,700.0,0.433930505354283,7.527019720990211,V4,30,300000,8,0.02,0.005,0.05,1e-06,0.2,1.05,0.7,60,20,8,10,0.35,0.125,80.0,1e-12,False,3,4,0.5,True,False,1
2026-10-02T11:55:24+02:00,mem_push__lower,mem_push,lower,0.125,7,Multimodal,30,2,300000,300000,700.1786020220603,700.0,0.17860202206031772,7.520969766002963,V4,30,300000,8,0.02,0.005,0.05,1e-06,0.2,1.05,0.7,60,20,8,10,0.35,0.125,80.0,1e-12,False,3,4,0.5,True,False,1
2026-10-02T11:55:31+02:00,mem_push__lower,mem_push,lower,0.125,7,Multimodal,30,3,300000,300000,700.5264269514755,700.0,0.5264269514755142,7.545831847004592,V4,30,300000,8,0.02,0.005,0.05,1e-06,0.2,1.05,0.7,60,20,8,10,0.35,0.125,80.0,1e-12,False,3,4,0.5,True,False,1
2026-10-02T11:55:39+02:00,mem_push__lower,mem_push,lower,0.125,7,Multimodal,30,4,300000,300000,700.3000205896846,700.0,0.30002058968455003,7.576630248004221,V4,30,300000,8,0.02,0.005,0.05,1e-06,0.2,1.05,0.7,60,20,8,10,0.35,0.125,80.0,1e-12,False,3,4,0.5,True,False,1
2026-10-02T11:55:46+02:00,mem_push__lower,mem_push,lower,0.125,8,Multimodal,30,0,300000,300000,1085.1219212368442,800.0,285.1219212368442,7.210649430999183,V4,30,300000,8,0.02,0.005,0.05,1e-06,0.2,1.05,0.7,60,20,8,10,0.35,0.125,80.0,1e-12,False,3,4,0.5,True,False,1
2026-10-02T11:55:53+02:00,mem_push__lower,mem_push,lower,0.125,8,Multimodal,30,1,300000,300000,1155.0817210496396,800.0,355.08172104963955,7.196485609005322,V4,30,300000,8,0.02,0.005,0.05,1e-06,0.2,1.05,0.7,60,20,8,10,0.35,0.125,80.0,1e-12,False,3,4,0.5,True,False,1
2026-10-02T11:56:01+02:00,mem_push__lower,mem_push,lower,0.125,8,Multimodal,30,2,300000,300000,1078.938802630491,800.0,278.93880263049095,7.064334077993408,V4,30,300000,8,0.02,0.005,0.05,1e-06,0.2,1.05,0.7,60,20,8,10,0.35,0.125,80.0,1e-12,False,3,4,0.5,True,False,1
2026-10-02T11:56:08+02:00,mem_push__lower,mem_push,lower,0.125,8,Multimodal,30,3,300000,300000,1106.5861893754868,800.0,306.5861893754868,7.168963439995423,V4,30,300000,8,0.02,0.005,0.05,1e-06,0.2,1.05,0.7,60,20,8,10,0.35,0.125,80.0,1e-12,False,3,4,0.5,True,False,1
2026-10-02T11:56:15+02:00,mem_push__lower,mem_push,lower,0.125,8,Multimodal,30,4,300000,300000,1077.598734913134,800.0,277.59873491313397,7.049032182010706,V4,30,300000,8,0.02,0.005,0.05,1e-06,0.2,1.05,0.7,60,20,8,10,0.35,0.125,80.0,1e-12,False,3,4,0.5,True,False,1
2026-10-02T11:56:22+02:00,mem_push__lower,mem_push,lower,0.125,9,Multimodal,30,0,300000,300000,1346.5244156700296,900.0,446.5244156700296,7.286447860999033,V4,30,300000,8,0.02,0.005,0.05,1e-06,0.2,1.05,0.7,60,20,8,10,0.35,0.125,80.0,1e-12,False,3,4,0.5,True,False,1
2026-10-02T11:56:30+02:00,mem_push__lower,mem_push,lower,0.125,9,Multimodal,30,1,300000,300000,1347.1753780693743,900.0,447.17537806937435,7.410041087001446,V4,30,300000,8,0.02,0.005,0.05,1e-06,0.2,1.05,0.7,60,20,8,10,0.35,0.125,80.0,1e-12,False,3,4,0.5,True,False,1
2026-10-02T11:56:37+02:00,mem_push__lower,mem_push,lower,0.125,9,Multimodal,30,2,300000,300000,1346.2944067931328,900.0,446.2944067931328,7.412988570999005,V4,30,300000,8,0.02,0.005,0.05,1e-06,0.2,1.05,0.7,60,20,8,10,0.35,0.125,80.0,1e-12,False,3,4,0.5,True,False,1
2026-10-02T11:56:44+02:00,mem_push__lower,mem_push,lower,0.125,9,Multimodal,30,3,300000,300000,1318.2572203771424,900.0,418.2572203771424,7.300365931994747,V4,30,300000,8,0.02,0.005,0.05,1e-06,0.2,1.05,0.7,60,20,8,10,0.35,0.125,80.0,1e-12,False,3,4,0.5,True,False,1
2026-10-02T11:56:52+02:00,mem_push__lower,mem_push,lower,0.125,9,Multimodal,30,4,300000,300000,1209.967579945772,900.0,309.96757994577206,7.172332093003206,V4,30,300000,8,0.02,0.005,0.05,1e-06,0.2,1.05,0.7,60,20,8,10,0.35,0.125,80.0,1e-12,False,3,4,0.5,True,False,1
2026-10-02T11:57:04+02:00,mem_push__lower,mem_push,lower,0.125,10,Multimodal,30,0,300000,300000,4090.684929341118,1000.0,3090.684929341118,12.52551852101169,V4,30,300000,8,0.02,0.005,0.05,1e-06,0.2,1.05,0.7,60,20,8,10,0.35,0.125,80.0,1e-12,False,3,4,0.5,True,False,1
2026-10-02T11:57:16+02:00,mem_push__lower,mem_push,lower,0.125,10,Multimodal,30,1,300000,300000,4102.700810207529,1000.0,3102.700810207529,12.224138609992224,V4,30,300000,8,0.02,0.005,0.05,1e-06,0.2,1.05,0.7,60,20,8,10,0.35,0.125,80.0,1e-12,False,3,4,0.5,True,False,1
2026-10-02T11:57:29+02:00,mem_push__lower,mem_push,lower,0.125,10,Multimodal,30,2,300000,300000,4466.440055119176,1000.0,3466.4400551191757,12.462366446998203,V4,30,300000,8,0.02,0.005,0.05,1e-06,0.2,1.05,0.7,60,20,8,10,0.35,0.125,80.0,1e-12,False,3,4,0.5,True,False,1
2026-10-02T11:57:41+02:00,mem_push__lower,mem_push,lower,0.125,10,Multimodal,30,3,300000,300000,4405.808407883591,1000.0,3405.808407883591,12.28889915200125,V4,30,300000,8,0.02,0.005,0.05,1e-06,0.2,1.05,0.7,60,20,8,10,0.35,0.125,80.0,1e-12,False,3,4,0.5,True,False,1
2026-10-02T11:57:54+02:00,mem_push__lower,mem_push,lower,0.125,10,Multimodal,30,4,300000,300000,4012.925433251199,1000.0,3012.925433251199,12.322780777001753,V4,30,300000,8,0.02,0.005,0.05,1e-06,0.2,1.05,0.7,60,20,8,10,0.35,0.125,80.0,1e-12,False,3,4,0.5,True,False,1
2026-10-02T11:58:06+02:00,mem_push__lower,mem_push,lower,0.125,11,Multimodal,30,0,300000,300000,4501.495190267404,1100.0,3401.495190267404,12.447229334007716,V4,30,300000,8,0.02,0.005,0.05,1e-06,0.2,1.05,0.7,60,20,8,10,0.35,0.125,80.0,1e-12,False,3,4,0.5,True,False,1
2026-10-02T11:58:19+02:00,mem_push__lower,mem_push,lower,0.125,11,Multimodal,30,1,300000,300000,5233.065261891808,1100.0,4133.065261891808,12.536462232994381,V4,30,300000,8,0.02,0.005,0.05,1e-06,0.2,1.05,0.7,60,20,8,10,0.35,0.125,80.0,1e-12,False,3,4,0.5,True,False,1
2026-10-02T11:58:31+02:00,mem_push__lower,mem_push,lower,0.125,11,Multimodal,30,2,300000,300000,4778.984460813006,1100.0,3678.984460813006,12.459162327999366,V4,30,300000,8,0.02,0.005,0.05,1e-06,0.2,1.05,0.7,60,20,8,10,0.35,0.125,80.0,1e-12,False,3,4,0.5,True,False,1
2026-10-02T11:58:44+02:00,mem_push__lower,mem_push,lower,0.125,11,Multimodal,30,3,300000,300000,4720.43225019839,1100.0,3620.4322501983897,12.534117556991987,V4,30,300000,8,0.02,0.005,0.05,1e-06,0.2,1.05,0.7,60,20,8,10,0.35,0.125,80.0,1e-12,False,3,4,0.5,True,False,1
2026-10-02T11:58:56+02:00,mem_push__lower,mem_push,lower,0.125,11,Multimodal,30,4,300000,300000,4885.76739086473,1100.0,3785.7673908647303,12.49628715700237,V4,30,300000,8,0.02,0.005,0.05,1e-06,0.2,1.05,0.7,60,20,8,10,0.35,0.125,80.0,1e-12,False,3,4,0.5,True,False,1
2026-10-02T12:07:13+02:00,mem_push__lower,mem_push,lower,0.125,12,Multimodal,30,0,300000,300000,1200.9867336521456,1200.0,0.9867336521456309,496.9698572549969,V4,30,300000,8,0.02,0.005,0.05,1e-06,0.2,1.05,0.7,60,20,8,10,0.35,0.125,80.0,1e-12,False,3,4,0.5,True,False,1
2026-10-02T12:15:27+02:00,mem_push__lower,mem_push,lower,0.125,12,Multimodal,30,1,300000,300000,1200.9080190626312,1200.0,0.9080190626311833,493.85460114000307,V4,30,300000,8,0.02,0.005,0.05,1e-06,0.2,1.05,0.7,60,20,8,10,0.35,0.125,80.0,1e-12,False,3,4,0.5,True,False,1
2026-10-02T12:23:42+02:00,mem_push__lower,mem_push,lower,0.125,12,Multimodal,30,2,300000,300000,1200.3624630692948,1200.0,0.36246306929479033,495.0176911419985,V4,30,300000,8,0.02,0.005,0.05,1e-06,0.2,1.05,0.7,60,20,8,10,0.35,0.125,80.0,1e-12,False,3,4,0.5,True,False,1
2026-10-02T12:31:56+02:00,mem_push__lower,mem_push,lower,0.125,12,Multimodal,30,3,300000,300000,1200.9882715311041,1200.0,0.9882715311041466,493.54190779899363,V4,30,300000,8,0.02,0.005,0.05,1e-06,0.2,1.05,0.7,60,20,8,10,0.35,0.125,80.0,1e-12,False,3,4,0.5,True,False,1
2026-10-02T12:40:12+02:00,mem_push__lower,mem_push,lower,0.125,12,Multimodal,30,4,300000,300000,1200.8928907301554,1200.0,0.8928907301553863,495.79174216199317,V4,30,300000,8,0.02,0.005,0.05,1e-06,0.2,1.05,0.7,60,20,8,10,0.35,0.125,80.0,1e-12,False,3,4,0.5,True,False,1
2026-10-02T12:40:19+02:00,mem_push__lower,mem_push,lower,0.125,13,Multimodal,30,0,300000,300000,1300.2900603787518,1300.0,0.2900603787518321,7.298765101993922,V4,30,300000,8,0.02,0.005,0.05,1e-06,0.2,1.05,0.7,60,20,8,10,0.35,0.125,80.0,1e-12,False,3,4,0.5,True,False,1
2026-10-02T12:40:27+02:00,mem_push__lower,mem_push,lower,0.125,13,Multimodal,30,1,300000,300000,1300.3787621296021,1300.0,0.37876212960213707,7.535617992994958,V4,30,300000,8,0.02,0.005,0.05,1e-06,0.2,1.05,0.7,60,20,8,10,0.35,0.125,80.0,1e-12,False,3,4,0.5,True,False,1
2026-10-02T12:40:34+02:00,mem_push__lower,mem_push,lower,0.125,13,Multimodal,30,2,300000,300000,1300.2757748314698,1300.0,0.2757748314697892,7.539303874000325,V4,30,300000,8,0.02,0.005,0.05,1e-06,0.2,1.05,0.7,60,20,8,10,0.35,0.125,80.0,1e-12,False,3,4,0.5,True,False,1
2026-10-02T12:40:42+02:00,mem_push__lower,mem_push,lower,0.125,13,Multimodal,30,3,300000,300000,1300.3770464796896,1300.0,0.3770464796896249,7.6948288900021,V4,30,300000,8,0.02,0.005,0.05,1e-06,0.2,1.05,0.7,60,20,8,10,0.35,0.125,80.0,1e-12,False,3,4,0.5,True,False,1
2026-10-02T12:40:49+02:00,mem_push__lower,mem_push,lower,0.125,13,Multimodal,30,4,300000,300000,1300.2567490820804,1300.0,0.25674908208043234,7.2429016350070015,V4,30,300000,8,0.02,0.005,0.05,1e-06,0.2,1.05,0.7,60,20,8,10,0.35,0.125,80.0,1e-12,False,3,4,0.5,True,False,1
2026-10-02T12:40:57+02:00,mem_push__lower,mem_push,lower,0.125,14,Multimodal,30,0,300000,300000,1400.3731802264576,1400.0,0.3731802264576345,7.316249023991986,V4,30,300000,8,0.02,0.005,0.05,1e-06,0.2,1.05,0.7,60,20,8,10,0.35,0.125,80.0,1e-12,False,3,4,0.5,True,False,1
2026-10-02T12:41:04+02:00,mem_push__lower,mem_push,lower,0.125,14,Multimodal,30,1,300000,300000,1400.4183411307001,1400.0,0.4183411307001279,7.224745145998895,V4,30,300000,8,0.02,0.005,0.05,1e-06,0.2,1.05,0.7,60,20,8,10,0.35,0.125,80.0,1e-12,False,3,4,0.5,True,False,1
2026-10-02T12:41:11+02:00,mem_push__lower,mem_push,lower,0.125,14,Multimodal,30,2,300000,300000,1400.4384653785971,1400.0,0.43846537859712953,7.367286328008049,V4,30,300000,8,0.02,0.005,0.05,1e-06,0.2,1.05,0.7,60,20,8,10,0.35,0.125,80.0,1e-12,False,3,4,0.5,True,False,1
2026-10-02T12:41:19+02:00,mem_push__lower,mem_push,lower,0.125,14,Multimodal,30,3,300000,300000,1400.5057646430218,1400.0,0.5057646430218483,7.573327705991687,V4,30,300000,8,0.02,0.005,0.05,1e-06,0.2,1.05,0.7,60,20,8,10,0.35,0.125,80.0,1e-12,False,3,4,0.5,True,False,1
2026-10-02T12:41:26+02:00,mem_push__lower,mem_push,lower,0.125,14,Multimodal,30,4,300000,300000,1400.3605758829515,1400.0,0.3605758829514798,7.5578045709989965,V4,30,300000,8,0.02,0.005,0.05,1e-06,0.2,1.05,0.7,60,20,8,10,0.35,0.125,80.0,1e-12,False,3,4,0.5,True,False,1
2026-10-02T12:41:35+02:00,mem_push__lower,mem_push,lower,0.125,15,Multimodal,30,0,300000,300000,1510.7968379188264,1500.0,10.79683791882644,8.368398595004692,V4,30,300000,8,0.02,0.005,0.05,1e-06,0.2,1.05,0.7,60,20,8,10,0.35,0.125,80.0,1e-12,False,3,4,0.5,True,False,1
2026-10-02T12:41:43+02:00,mem_push__lower,mem_push,lower,0.125,15,Multimodal,30,1,300000,300000,1509.0626967891644,1500.0,9.06269678916442,8.21245990099851,V4,30,300000,8,0.02,0.005,0.05,1e-06,0.2,1.05,0.7,60,20,8,10,0.35,0.125,80.0,1e-12,False,3,4,0.5,True,False,1
2026-10-02T12:41:52+02:00,mem_push__lower,mem_push,lower,0.125,15,Multimodal,30,2,300000,300000,1519.638322875691,1500.0,19.638322875691074,8.524143000002368,V4,30,300000,8,0.02,0.005,0.05,1e-06,0.2,1.05,0.7,60,20,8,10,0.35,0.125,80.0,1e-12,False,3,4,0.5,True,False,1
2026-10-02T12:42:00+02:00,mem_push__lower,mem_push,lower,0.125,15,Multimodal,30,3,300000,300000,1509.3403763863926,1500.0,9.340376386392563,8.395180787993013,V4,30,300000,8,0.02,0.005,0.05,1e-06,0.2,1.05,0.7,60,20,8,10,0.35,0.125,80.0,1e-12,False,3,4,0.5,True,False,1
2026-10-02T12:42:08+02:00,mem_push__lower,mem_push,lower,0.125,15,Multimodal,30,4,300000,300000,1507.4874029864031,1500.0,7.48740298640314,8.354509195007267,V4,30,300000,8,0.02,0.005,0.05,1e-06,0.2,1.05,0.7,60,20,8,10,0.35,0.125,80.0,1e-12,False,3,4,0.5,True,False,1
2026-10-02T12:42:53+02:00,mem_push__lower,mem_push,lower,0.125,16,Multimodal,30,0,300000,300000,1613.162679966029,1600.0,13.162679966028918,44.22907457400288,V4,30,300000,8,0.02,0.005,0.05,1e-06,0.2,1.05,0.7,60,20,8,10,0.35,0.125,80.0,1e-12,False,3,4,0.5,True,False,1
2026-10-02T12:43:36+02:00,mem_push__lower,mem_push,lower,0.125,16,Multimodal,30,1,300000,300000,1613.5136871844652,1600.0,13.513687184465198,43.297870385009446,V4,30,300000,8,0.02,0.005,0.05,1e-06,0.2,1.05,0.7,60,20,8,10,0.35,0.125,80.0,1e-12,False,3,4,0.5,True,False,1
2026-10-02T12:44:21+02:00,mem_push__lower,mem_push,lower,0.125,16,Multimodal,30,2,300000,300000,1613.774646421966,1600.0,13.774646421966054,44.48210588200891,V4,30,300000,8,0.02,0.005,0.05,1e-06,0.2,1.05,0.7,60,20,8,10,0.35,0.125,80.0,1e-12,False,3,4,0.5,True,False,1
2026-10-02T12:45:04+02:00,mem_push__lower,mem_push,lower,0.125,16,Multimodal,30,3,300000,300000,1613.641252749262,1600.0,13.641252749262094,43.53853537399846,V4,30,300000,8,0.02,0.005,0.05,1e-06,0.2,1.05,0.7,60,20,8,10,0.35,0.125,80.0,1e-12,False,3,4,0.5,True,False,1
2026-10-02T12:45:48+02:00,mem_push__lower,mem_push,lower,0.125,16,Multimodal,30,4,300000,300000,1613.3809987980715,1600.0,13.38099879807146,43.795405010998365,V4,30,300000,8,0.02,0.005,0.05,1e-06,0.2,1.05,0.7,60,20,8,10,0.35,0.125,80.0,1e-12,False,3,4,0.5,True,False,1
2026-10-02T12:46:03+02:00,mem_push__lower,mem_push,lower,0.125,17,Hybrid,30,0,300000,300000,158183.55771115984,1700.0,156483.55771115984,14.599663950008107,V4,30,300000,8,0.02,0.005,0.05,1e-06,0.2,1.05,0.7,60,20,8,10,0.35,0.125,80.0,1e-12,False,3,4,0.5,True,False,1
2026-10-02T12:46:18+02:00,mem_push__lower,mem_push,lower,0.125,17,Hybrid,30,1,300000,300000,266933.63793319825,1700.0,265233.63793319825,15.093074592004996,V4,30,300000,8,0.02,0.005,0.05,1e-06,0.2,1.05,0.7,60,20,8,10,0.35,0.125,80.0,1e-12,False,3,4,0.5,True,False,1
2026-10-02T12:46:33+02:00,mem_push__lower,mem_push,lower,0.125,17,Hybrid,30,2,300000,300000,292832.60192078,1700.0,291132.60192078,15.172001553000882,V4,30,300000,8,0.02,0.005,0.05,1e-06,0.2,1.05,0.7,60,20,8,10,0.35,0.125,80.0,1e-12,False,3,4,0.5,True,False,1
2026-10-02T12:46:48+02:00,mem_push__lower,mem_push,lower,0.125,17,Hybrid,30,3,300000,300000,282590.56130312703,1700.0,280890.56130312703,15.032013299001846,V4,30,300000,8,0.02,0.005,0.05,1e-06,0.2,1.05,0.7,60,20,8,10,0.35,0.125,80.0,1e-12,False,3,4,0.5,True,False,1
2026-10-02T12:47:03+02:00,mem_push__lower,mem_push,lower,0.125,17,Hybrid,30,4,300000,300000,107757.49521104046,1700.0,106057.49521104046,15.193100456002867,V4,30,300000,8,0.02,0.005,0.05,1e-06,0.2,1.05,0.7,60,20,8,10,0.35,0.125,80.0,1e-12,False,3,4,0.5,True,False,1
2026-10-02T12:47:13+02:00,mem_push__lower,mem_push,lower,0.125,18,Hybrid,30,0,300000,300000,78122.36140141852,1800.0,76322.36140141852,9.708270087998244,V4,30,300000,8,0.02,0.005,0.05,1e-06,0.2,1.05,0.7,60,20,8,10,0.35,0.125,80.0,1e-12,False,3,4,0.5,True,False,1
2026-10-02T12:47:23+02:00,mem_push__lower,mem_push,lower,0.125,18,Hybrid,30,1,300000,300000,36457.630528534835,1800.0,34657.630528534835,9.64730248900014,V4,30,300000,8,0.02,0.005,0.05,1e-06,0.2,1.05,0.7,60,20,8,10,0.35,0.125,80.0,1e-12,False,3,4,0.5,True,False,1
2026-10-02T12:47:33+02:00,mem_push__lower,mem_push,lower,0.125,18,Hybrid,30,2,300000,300000,90452.01657518288,1800.0,88652.01657518288,9.696736037003575,V4,30,300000,8,0.02,0.005,0.05,1e-06,0.2,1.05,0.7,60,20,8,10,0.35,0.125,80.0,1e-12,False,3,4,0.5,True,False,1
2026-10-02T12:47:42+02:00,mem_push__lower,mem_push,lower,0.125,18,Hybrid,30,3,300000,300000,65267.28148108772,1800.0,63467.28148108772,9.773422076003044,V4,30,300000,8,0.02,0.005,0.05,1e-06,0.2,1.05,0.7,60,20,8,10,0.35,0.125,80.0,1e-12,False,3,4,0.5,True,False,1
2026-10-02T12:47:52+02:00,mem_push__lower,mem_push,lower,0.125,18,Hybrid,30,4,300000,300000,92193.90406701036,1800.0,90393.90406701036,9.712241266999627,V4,30,300000,8,0.02,0.005,0.05,1e-06,0.2,1.05,0.7,60,20,8,10,0.35,0.125,80.0,1e-12,False,3,4,0.5,True,False,1
2026-10-02T12:48:25+02:00,mem_push__lower,mem_push,lower,0.125,19,Hybrid,30,0,300000,300000,1934.9074137375947,1900.0,34.90741373759465,32.411611532006646,V4,30,300000,8,0.02,0.005,0.05,1e-06,0.2,1.05,0.7,60,20,8,10,0.35,0.125,80.0,1e-12,False,3,4,0.5,True,False,1
2026-10-02T12:48:57+02:00,mem_push__lower,mem_push,lower,0.125,19,Hybrid,30,1,300000,300000,1930.2093048030715,1900.0,30.209304803071518,31.86953814700246,V4,30,300000,8,0.02,0.005,0.05,1e-06,0.2,1.05,0.7,60,20,8,10,0.35,0.125,80.0,1e-12,False,3,4,0.5,True,False,1
2026-10-02T12:49:29+02:00,mem_push__lower,mem_push,lower,0.125,19,Hybrid,30,2,300000,300000,1929.9164715372076,1900.0,29.9164715372076,32.0257971539977,V4,30,300000,8,0.02,0.005,0.05,1e-06,0.2,1.05,0.7,60,20,8,10,0.35,0.125,80.0,1e-12,False,3,4,0.5,True,False,1
2026-10-02T12:50:01+02:00,mem_push__lower,mem_push,lower,0.125,19,Hybrid,30,3,300000,300000,1927.8171233814166,1900.0,27.81712338141665,32.1572018010047,V4,30,300000,8,0.02,0.005,0.05,1e-06,0.2,1.05,0.7,60,20,8,10,0.35,0.125,80.0,1e-12,False,3,4,0.5,True,False,1
2026-10-02T12:50:33+02:00,mem_push__lower,mem_push,lower,0.125,19,Hybrid,30,4,300000,300000,1937.7992670127428,1900.0,37.7992670127428,32.29723529898911,V4,30,300000,8,0.02,0.005,0.05,1e-06,0.2,1.05,0.7,60,20,8,10,0.35,0.125,80.0,1e-12,False,3,4,0.5,True,False,1
2026-10-02T12:50:45+02:00,mem_push__lower,mem_push,lower,0.125,20,Hybrid,30,0,300000,300000,30182.129210794068,2000.0,28182.129210794068,12.159076816999004,V4,30,300000,8,0.02,0.005,0.05,1e-06,0.2,1.05,0.7,60,20,8,10,0.35,0.125,80.0,1e-12,False,3,4,0.5,True,False,1
2026-10-02T12:50:57+02:00,mem_push__lower,mem_push,lower,0.125,20,Hybrid,30,1,300000,300000,34091.309981746985,2000.0,32091.309981746985,12.01371074099734,V4,30,300000,8,0.02,0.005,0.05,1e-06,0.2,1.05,0.7,60,20,8,10,0.35,0.125,80.0,1e-12,False,3,4,0.5,True,False,1
2026-10-02T12:51:10+02:00,mem_push__lower,mem_push,lower,0.125,20,Hybrid,30,2,300000,300000,37068.40213790756,2000.0,35068.40213790756,12.092795171003672,V4,30,300000,8,0.02,0.005,0.05,1e-06,0.2,1.05,0.7,60,20,8,10,0.35,0.125,80.0,1e-12,False,3,4,0.5,True,False,1
2026-10-02T12:51:22+02:00,mem_push__lower,mem_push,lower,0.125,20,Hybrid,30,3,300000,300000,33839.95066431751,2000.0,31839.950664317512,12.058563056998537,V4,30,300000,8,0.02,0.005,0.05,1e-06,0.2,1.05,0.7,60,20,8,10,0.35,0.125,80.0,1e-12,False,3,4,0.5,True,False,1
2026-10-02T12:51:34+02:00,mem_push__lower,mem_push,lower,0.125,20,Hybrid,30,4,300000,300000,30895.99131136476,2000.0,28895.99131136476,12.294691490998957,V4,30,300000,8,0.02,0.005,0.05,1e-06,0.2,1.05,0.7,60,20,8,10,0.35,0.125,80.0,1e-12,False,3,4,0.5,True,False,1
2026-10-02T12:51:57+02:00,mem_push__lower,mem_push,lower,0.125,21,Hybrid,30,0,300000,300000,64439.04447102411,2100.0,62339.04447102411,22.63895953199244,V4,30,300000,8,0.02,0.005,0.05,1e-06,0.2,1.05,0.7,60,20,8,10,0.35,0.125,80.0,1e-12,False,3,4,0.5,True,False,1
2026-10-02T12:52:20+02:00,mem_push__lower,mem_push,lower,0.125,21,Hybrid,30,1,300000,300000,52562.982825369385,2100.0,50462.982825369385,22.89484222700412,V4,30,300000,8,0.02,0.005,0.05,1e-06,0.2,1.05,0.7,60,20,8,10,0.35,0.125,80.0,1e-12,False,3,4,0.5,True,False,1
2026-10-02T12:52:42+02:00,mem_push__lower,mem_push,lower,0.125,21,Hybrid,30,2,300000,300000,41682.236428571305,2100.0,39582.236428571305,22.34141280699987,V4,30,300000,8,0.02,0.005,0.05,1e-06,0.2,1.05,0.7,60,20,8,10,0.35,0.125,80.0,1e-12,False,3,4,0.5,True,False,1
2026-10-02T12:53:05+02:00,mem_push__lower,mem_push,lower,0.125,21,Hybrid,30,3,300000,300000,86804.3177435756,2100.0,84704.3177435756,22.580404232998262,V4,30,300000,8,0.02,0.005,0.05,1e-06,0.2,1.05,0.7,60,20,8,10,0.35,0.125,80.0,1e-12,False,3,4,0.5,True,False,1
2026-10-02T12:53:28+02:00,mem_push__lower,mem_push,lower,0.125,21,Hybrid,30,4,300000,300000,34742.74445812745,2100.0,32642.744458127447,22.899893167006667,V4,30,300000,8,0.02,0.005,0.05,1e-06,0.2,1.05,0.7,60,20,8,10,0.35,0.125,80.0,1e-12,False,3,4,0.5,True,False,1
2026-10-02T12:54:39+02:00,mem_push__lower,mem_push,lower,0.125,22,Hybrid,30,0,300000,300000,2623.9763233875346,2200.0,423.97632338753465,70.8986246860004,V4,30,300000,8,0.02,0.005,0.05,1e-06,0.2,1.05,0.7,60,20,8,10,0.35,0.125,80.0,1e-12,False,3,4,0.5,True,False,1
2026-10-02T12:55:49+02:00,mem_push__lower,mem_push,lower,0.125,22,Hybrid,30,1,300000,300000,2398.117987297269,2200.0,198.11798729726888,69.97235804500815,V4,30,300000,8,0.02,0.005,0.05,1e-06,0.2,1.05,0.7,60,20,8,10,0.35,0.125,80.0,1e-12,False,3,4,0.5,True,False,1
2026-10-02T12:56:58+02:00,mem_push__lower,mem_push,lower,0.125,22,Hybrid,30,2,300000,300000,2565.862393081444,2200.0,365.8623930814442,69.71897936800087,V4,30,300000,8,0.02,0.005,0.05,1e-06,0.2,1.05,0.7,60,20,8,10,0.35,0.125,80.0,1e-12,False,3,4,0.5,True,False,1
2026-10-02T12:58:09+02:00,mem_push__lower,mem_push,lower,0.125,22,Hybrid,30,3,300000,300000,2555.27472127409,2200.0,355.2747212740901,70.1387139790022,V4,30,300000,8,0.02,0.005,0.05,1e-06,0.2,1.05,0.7,60,20,8,10,0.35,0.125,80.0,1e-12,False,3,4,0.5,True,False,1
2026-10-02T12:59:19+02:00,mem_push__lower,mem_push,lower,0.125,22,Hybrid,30,4,300000,300000,2511.0288150525193,2200.0,311.02881505251935,70.17628255099407,V4,30,300000,8,0.02,0.005,0.05,1e-06,0.2,1.05,0.7,60,20,8,10,0.35,0.125,80.0,1e-12,False,3,4,0.5,True,False,1
2026-10-02T12:59:37+02:00,mem_push__lower,mem_push,lower,0.125,23,Composition,30,0,300000,300000,2522.8614809562423,2300.0,222.8614809562423,18.038842408990604,V4,30,300000,8,0.02,0.005,0.05,1e-06,0.2,1.05,0.7,60,20,8,10,0.35,0.125,80.0,1e-12,False,3,4,0.5,True,False,1
2026-10-02T12:59:55+02:00,mem_push__lower,mem_push,lower,0.125,23,Composition,30,1,300000,300000,2522.871823510504,2300.0,222.87182351050387,18.372772164992057,V4,30,300000,8,0.02,0.005,0.05,1e-06,0.2,1.05,0.7,60,20,8,10,0.35,0.125,80.0,1e-12,False,3,4,0.5,True,False,1
2026-10-02T13:00:14+02:00,mem_push__lower,mem_push,lower,0.125,23,Composition,30,2,300000,300000,2522.861343313014,2300.0,222.861343313014,18.29843502600852,V4,30,300000,8,0.02,0.005,0.05,1e-06,0.2,1.05,0.7,60,20,8,10,0.35,0.125,80.0,1e-12,False,3,4,0.5,True,False,1
2026-10-02T13:00:33+02:00,mem_push__lower,mem_push,lower,0.125,23,Composition,30,3,300000,300000,2522.8702566707584,2300.0,222.8702566707584,18.80706284000189,V4,30,300000,8,0.02,0.005,0.05,1e-06,0.2,1.05,0.7,60,20,8,10,0.35,0.125,80.0,1e-12,False,3,4,0.5,True,False,1
2026-10-02T13:00:51+02:00,mem_push__lower,mem_push,lower,0.125,23,Composition,30,4,300000,300000,2522.869057370794,2300.0,222.86905737079405,18.11324969600537,V4,30,300000,8,0.02,0.005,0.05,1e-06,0.2,1.05,0.7,60,20,8,10,0.35,0.125,80.0,1e-12,False,3,4,0.5,True,False,1
2026-10-02T13:01:12+02:00,mem_push__lower,mem_push,lower,0.125,24,Composition,30,0,300000,300000,2629.0925899228196,2400.0,229.09258992281957,21.03603968299285,V4,30,300000,8,0.02,0.005,0.05,1e-06,0.2,1.05,0.7,60,20,8,10,0.35,0.125,80.0,1e-12,False,3,4,0.5,True,False,1
2026-10-02T13:01:33+02:00,mem_push__lower,mem_push,lower,0.125,24,Composition,30,1,300000,300000,2628.0880990159526,2400.0,228.0880990159526,21.146265052011586,V4,30,300000,8,0.02,0.005,0.05,1e-06,0.2,1.05,0.7,60,20,8,10,0.35,0.125,80.0,1e-12,False,3,4,0.5,True,False,1
2026-10-02T13:01:54+02:00,mem_push__lower,mem_push,lower,0.125,24,Composition,30,2,300000,300000,2623.9189927054654,2400.0,223.91899270546537,21.050476474003517,V4,30,300000,8,0.02,0.005,0.05,1e-06,0.2,1.05,0.7,60,20,8,10,0.35,0.125,80.0,1e-12,False,3,4,0.5,True,False,1
2026-10-02T13:02:15+02:00,mem_push__lower,mem_push,lower,0.125,24,Composition,30,3,300000,300000,2630.40046556576,2400.0,230.40046556576,21.085607807006454,V4,30,300000,8,0.02,0.005,0.05,1e-06,0.2,1.05,0.7,60,20,8,10,0.35,0.125,80.0,1e-12,False,3,4,0.5,True,False,1
2026-10-02T13:02:36+02:00,mem_push__lower,mem_push,lower,0.125,24,Composition,30,4,300000,300000,2625.364628062536,2400.0,225.3646280625362,20.77370247199724,V4,30,300000,8,0.02,0.005,0.05,1e-06,0.2,1.05,0.7,60,20,8,10,0.35,0.125,80.0,1e-12,False,3,4,0.5,True,False,1
2026-10-02T13:02:58+02:00,mem_push__lower,mem_push,lower,0.125,25,Composition,30,0,300000,300000,2713.0141541751036,2500.0,213.0141541751036,21.35252341000887,V4,30,300000,8,0.02,0.005,0.05,1e-06,0.2,1.05,0.7,60,20,8,10,0.35,0.125,80.0,1e-12,False,3,4,0.5,True,False,1
2026-10-02T13:03:19+02:00,mem_push__lower,mem_push,lower,0.125,25,Composition,30,1,300000,300000,2715.5383441864765,2500.0,215.53834418647648,21.41488262701023,V4,30,300000,8,0.02,0.005,0.05,1e-06,0.2,1.05,0.7,60,20,8,10,0.35,0.125,80.0,1e-12,False,3,4,0.5,True,False,1
2026-10-02T13:03:40+02:00,mem_push__lower,mem_push,lower,0.125,25,Composition,30,2,300000,300000,2716.840170925656,2500.0,216.8401709256559,20.815178990000277,V4,30,300000,8,0.02,0.005,0.05,1e-06,0.2,1.05,0.7,60,20,8,10,0.35,0.125,80.0,1e-12,False,3,4,0.5,True,False,1
2026-10-02T13:04:02+02:00,mem_push__lower,mem_push,lower,0.125,25,Composition,30,3,300000,300000,2725.104415848959,2500.0,225.10441584895898,21.4860594960046,V4,30,300000,8,0.02,0.005,0.05,1e-06,0.2,1.05,0.7,60,20,8,10,0.35,0.125,80.0,1e-12,False,3,4,0.5,True,False,1
2026-10-02T13:04:22+02:00,mem_push__lower,mem_push,lower,0.125,25,Composition,30,4,300000,300000,2718.9231191585995,2500.0,218.92311915859955,20.68840005400125,V4,30,300000,8,0.02,0.005,0.05,1e-06,0.2,1.05,0.7,60,20,8,10,0.35,0.125,80.0,1e-12,False,3,4,0.5,True,False,1
2026-10-02T13:06:10+02:00,mem_push__lower,mem_push,lower,0.125,26,Composition,30,0,300000,300000,2800.184356900799,2600.0,200.18435690079878,107.72973242899752,V4,30,300000,8,0.02,0.005,0.05,1e-06,0.2,1.05,0.7,60,20,8,10,0.35,0.125,80.0,1e-12,False,3,4,0.5,True,False,1
2026-10-02T13:07:57+02:00,mem_push__lower,mem_push,lower,0.125,26,Composition,30,1,300000,300000,2700.3714878627948,2600.0,100.37148786279477,107.13972898099746,V4,30,300000,8,0.02,0.005,0.05,1e-06,0.2,1.05,0.7,60,20,8,10,0.35,0.125,80.0,1e-12,False,3,4,0.5,True,False,1
2026-10-02T13:09:44+02:00,mem_push__lower,mem_push,lower,0.125,26,Composition,30,2,300000,300000,2800.262931715587,2600.0,200.262931715587,106.78169153501221,V4,30,300000,8,0.02,0.005,0.05,1e-06,0.2,1.05,0.7,60,20,8,10,0.35,0.125,80.0,1e-12,False,3,4,0.5,True,False,1
2026-10-02T13:11:31+02:00,mem_push__lower,mem_push,lower,0.125,26,Composition,30,3,300000,300000,2800.3551551418163,2600.0,200.35515514181634,106.2539489799965,V4,30,300000,8,0.02,0.005,0.05,1e-06,0.2,1.05,0.7,60,20,8,10,0.35,0.125,80.0,1e-12,False,3,4,0.5,True,False,1
2026-10-02T13:13:18+02:00,mem_push__lower,mem_push,lower,0.125,26,Composition,30,4,300000,300000,2800.1859762603854,2600.0,200.18597626038536,107.02839689300163,V4,30,300000,8,0.02,0.005,0.05,1e-06,0.2,1.05,0.7,60,20,8,10,0.35,0.125,80.0,1e-12,False,3,4,0.5,True,False,1
2026-10-02T13:15:04+02:00,mem_push__lower,mem_push,lower,0.125,27,Composition,30,0,300000,300000,3103.5559565829417,2700.0,403.5559565829417,106.2344619630021,V4,30,300000,8,0.02,0.005,0.05,1e-06,0.2,1.05,0.7,60,20,8,10,0.35,0.125,80.0,1e-12,False,3,4,0.5,True,False,1
2026-10-02T13:16:52+02:00,mem_push__lower,mem_push,lower,0.125,27,Composition,30,1,300000,300000,3107.233288623368,2700.0,407.233288623368,107.99908585500089,V4,30,300000,8,0.02,0.005,0.05,1e-06,0.2,1.05,0.7,60,20,8,10,0.35,0.125,80.0,1e-12,False,3,4,0.5,True,False,1
2026-10-02T13:18:40+02:00,mem_push__lower,mem_push,lower,0.125,27,Composition,30,2,300000,300000,3104.0804244941824,2700.0,404.08042449418235,107.31525378901279,V4,30,300000,8,0.02,0.005,0.05,1e-06,0.2,1.05,0.7,60,20,8,10,0.35,0.125,80.0,1e-12,False,3,4,0.5,True,False,1
2026-10-02T13:20:27+02:00,mem_push__lower,mem_push,lower,0.125,27,Composition,30,3,300000,300000,3103.7168301836086,2700.0,403.71683018360864,106.82143508498848,V4,30,300000,8,0.02,0.005,0.05,1e-06,0.2,1.05,0.7,60,20,8,10,0.35,0.125,80.0,1e-12,False,3,4,0.5,True,False,1
2026-10-02T13:22:13+02:00,mem_push__lower,mem_push,lower,0.125,27,Composition,30,4,300000,300000,3104.867800885373,2700.0,404.8678008853731,106.60781755999778,V4,30,300000,8,0.02,0.005,0.05,1e-06,0.2,1.05,0.7,60,20,8,10,0.35,0.125,80.0,1e-12,False,3,4,0.5,True,False,1
2026-10-02T13:23:20+02:00,mem_push__lower,mem_push,lower,0.125,28,Composition,30,0,300000,300000,7324.54031234208,2800.0,4524.54031234208,67.03633469800116,V4,30,300000,8,0.02,0.005,0.05,1e-06,0.2,1.05,0.7,60,20,8,10,0.35,0.125,80.0,1e-12,False,3,4,0.5,True,False,1
2026-10-02T13:24:27+02:00,mem_push__lower,mem_push,lower,0.125,28,Composition,30,1,300000,300000,6994.521365074569,2800.0,4194.521365074569,66.17195434399764,V4,30,300000,8,0.02,0.005,0.05,1e-06,0.2,1.05,0.7,60,20,8,10,0.35,0.125,80.0,1e-12,False,3,4,0.5,True,False,1
2026-10-02T13:25:35+02:00,mem_push__lower,mem_push,lower,0.125,28,Composition,30,2,300000,300000,7607.4078813456335,2800.0,4807.4078813456335,68.01945955000701,V4,30,300000,8,0.02,0.005,0.05,1e-06,0.2,1.05,0.7,60,20,8,10,0.35,0.125,80.0,1e-12,False,3,4,0.5,True,False,1
2026-10-02T13:26:41+02:00,mem_push__lower,mem_push,lower,0.125,28,Composition,30,3,300000,300000,6364.5002216325065,2800.0,3564.5002216325065,66.349933452002,V4,30,300000,8,0.02,0.005,0.05,1e-06,0.2,1.05,0.7,60,20,8,10,0.35,0.125,80.0,1e-12,False,3,4,0.5,True,False,1
2026-10-02T13:27:48+02:00,mem_push__lower,mem_push,lower,0.125,28,Composition,30,4,300000,300000,7443.570485297816,2800.0,4643.570485297816,66.94929120400047,V4,30,300000,8,0.02,0.005,0.05,1e-06,0.2,1.05,0.7,60,20,8,10,0.35,0.125,80.0,1e-12,False,3,4,0.5,True,False,1
2026-10-02T13:28:40+02:00,mem_push__lower,mem_push,lower,0.125,29,Composition,30,0,300000,300000,11806.614957900712,2900.0,8906.614957900712,52.27663649200986,V4,30,300000,8,0.02,0.005,0.05,1e-06,0.2,1.05,0.7,60,20,8,10,0.35,0.125,80.0,1e-12,False,3,4,0.5,True,False,1
2026-10-02T13:29:33+02:00,mem_push__lower,mem_push,lower,0.125,29,Composition,30,1,300000,300000,12848.897178815369,2900.0,9948.897178815369,52.01121329799935,V4,30,300000,8,0.02,0.005,0.05,1e-06,0.2,1.05,0.7,60,20,8,10,0.35,0.125,80.0,1e-12,False,3,4,0.5,True,False,1
2026-10-02T13:30:24+02:00,mem_push__lower,mem_push,lower,0.125,29,Composition,30,2,300000,300000,24462.19538429431,2900.0,21562.19538429431,51.71033688200987,V4,30,300000,8,0.02,0.005,0.05,1e-06,0.2,1.05,0.7,60,20,8,10,0.35,0.125,80.0,1e-12,False,3,4,0.5,True,False,1
2026-10-02T13:31:16+02:00,mem_push__lower,mem_push,lower,0.125,29,Composition,30,3,300000,300000,22418.616124357428,2900.0,19518.616124357428,51.88215859499178,V4,30,300000,8,0.02,0.005,0.05,1e-06,0.2,1.05,0.7,60,20,8,10,0.35,0.125,80.0,1e-12,False,3,4,0.5,True,False,1
2026-10-02T13:32:09+02:00,mem_push__lower,mem_push,lower,0.125,29,Composition,30,4,300000,300000,23280.461523586073,2900.0,20380.461523586073,52.27723961599986,V4,30,300000,8,0.02,0.005,0.05,1e-06,0.2,1.05,0.7,60,20,8,10,0.35,0.125,80.0,1e-12,False,3,4,0.5,True,False,1
2026-10-02T13:33:49+02:00,mem_push__lower,mem_push,lower,0.125,30,Composition,30,0,300000,300000,39488.77616716227,3000.0,36488.77616716227,99.91980364899791,V4,30,300000,8,0.02,0.005,0.05,1e-06,0.2,1.05,0.7,60,20,8,10,0.35,0.125,80.0,1e-12,False,3,4,0.5,True,False,1
2026-10-02T13:35:30+02:00,mem_push__lower,mem_push,lower,0.125,30,Composition,30,1,300000,300000,31693.45123202821,3000.0,28693.45123202821,101.0904592339939,V4,30,300000,8,0.02,0.005,0.05,1e-06,0.2,1.05,0.7,60,20,8,10,0.35,0.125,80.0,1e-12,False,3,4,0.5,True,False,1
2026-10-02T13:37:10+02:00,mem_push__lower,mem_push,lower,0.125,30,Composition,30,2,300000,300000,36847.71386013357,3000.0,33847.71386013357,100.26564526099537,V4,30,300000,8,0.02,0.005,0.05,1e-06,0.2,1.05,0.7,60,20,8,10,0.35,0.125,80.0,1e-12,False,3,4,0.5,True,False,1
2026-10-02T13:38:51+02:00,mem_push__lower,mem_push,lower,0.125,30,Composition,30,3,300000,300000,34236.30398882509,3000.0,31236.303988825093,100.31681368799764,V4,30,300000,8,0.02,0.005,0.05,1e-06,0.2,1.05,0.7,60,20,8,10,0.35,0.125,80.0,1e-12,False,3,4,0.5,True,False,1
2026-10-02T13:40:32+02:00,mem_push__lower,mem_push,lower,0.125,30,Composition,30,4,300000,300000,32300.278481336056,3000.0,29300.278481336056,101.01713495799049,V4,30,300000,8,0.02,0.005,0.05,1e-06,0.2,1.05,0.7,60,20,8,10,0.35,0.125,80.0,1e-12,False,3,4,0.5,True,False,1
2026-10-02T13:40:39+02:00,mem_push__upper,mem_push,upper,0.375,1,Unimodal,30,0,300000,300000,1771207.7474987113,100.0,1771107.7474987113,7.358563180998317,V4,30,300000,8,0.02,0.005,0.05,1e-06,0.2,1.05,0.7,60,20,8,10,0.35,0.375,80.0,1e-12,False,3,4,0.5,True,False,1
2026-10-02T13:40:47+02:00,mem_push__upper,mem_push,upper,0.375,1,Unimodal,30,1,300000,300000,6371715.358381411,100.0,6371615.358381411,7.32220672701078,V4,30,300000,8,0.02,0.005,0.05,1e-06,0.2,1.05,0.7,60,20,8,10,0.35,0.375,80.0,1e-12,False,3,4,0.5,True,False,1
2026-10-02T13:40:54+02:00,mem_push__upper,mem_push,upper,0.375,1,Unimodal,30,2,300000,300000,7168123.430804405,100.0,7168023.430804405,7.2599778630101355,V4,30,300000,8,0.02,0.005,0.05,1e-06,0.2,1.05,0.7,60,20,8,10,0.35,0.375,80.0,1e-12,False,3,4,0.5,True,False,1
2026-10-02T13:41:01+02:00,mem_push__upper,mem_push,upper,0.375,1,Unimodal,30,3,300000,300000,4805999.065872808,100.0,4805899.065872808,7.461385721006081,V4,30,300000,8,0.02,0.005,0.05,1e-06,0.2,1.05,0.7,60,20,8,10,0.35,0.375,80.0,1e-12,False,3,4,0.5,True,False,1
2026-10-02T13:41:09+02:00,mem_push__upper,mem_push,upper,0.375,1,Unimodal,30,4,300000,300000,7388799.817837205,100.0,7388699.817837205,7.52888391900342,V4,30,300000,8,0.02,0.005,0.05,1e-06,0.2,1.05,0.7,60,20,8,10,0.35,0.375,80.0,1e-12,False,3,4,0.5,True,False,1
2026-10-02T13:41:15+02:00,mem_push__upper,mem_push,upper,0.375,2,Unimodal,30,0,300000,300000,942185.1534466483,200.0,941985.1534466483,6.560347167003783,V4,30,300000,8,0.02,0.005,0.05,1e-06,0.2,1.05,0.7,60,20,8,10,0.35,0.375,80.0,1e-12,False,3,4,0.5,True,False,1
2026-10-02T13:41:22+02:00,mem_push__upper,mem_push,upper,0.375,2,Unimodal,30,1,300000,300000,236380.74992529888,200.0,236180.74992529888,6.473917392009753,V4,30,300000,8,0.02,0.005,0.05,1e-06,0.2,1.05,0.7,60,20,8,10,0.35,0.375,80.0,1e-12,False,3,4,0.5,True,False,1
2026-10-02T13:41:29+02:00,mem_push__upper,mem_push,upper,0.375,2,Unimodal,30,2,300000,300000,946956.0774728884,200.0,946756.0774728884,6.457962549000513,V4,30,300000,8,0.02,0.005,0.05,1e-06,0.2,1.05,0.7,60,20,8,10,0.35,0.375,80.0,1e-12,False,3,4,0.5,True,False,1
2026-10-02T13:41:35+02:00,mem_push__upper,mem_push,upper,0.375,2,Unimodal,30,3,300000,300000,1584519.305842229,200.0,1584319.305842229,6.435129225006676,V4,30,300000,8,0.02,0.005,0.05,1e-06,0.2,1.05,0.7,60,20,8,10,0.35,0.375,80.0,1e-12,False,3,4,0.5,True,False,1
2026-10-02T13:41:41+02:00,mem_push__upper,mem_push,upper,0.375,2,Unimodal,30,4,300000,300000,568636.2117310405,200.0,568436.2117310405,6.470777127004112,V4,30,300000,8,0.02,0.005,0.05,1e-06,0.2,1.05,0.7,60,20,8,10,0.35,0.375,80.0,1e-12,False,3,4,0.5,True,False,1
2026-10-02T13:41:48+02:00,mem_push__upper,mem_push,upper,0.375,3,Unimodal,30,0,300000,300000,31947.336629214446,300.0,31647.336629214446,6.245481092992122,V4,30,300000,8,0.02,0.005,0.05,1e-06,0.2,1.05,0.7,60,20,8,10,0.35,0.375,80.0,1e-12,False,3,4,0.5,True,False,1
2026-10-02T13:41:54+02:00,mem_push__upper,mem_push,upper,0.375,3,Unimodal,30,1,300000,300000,1956.3605035639723,300.0,1656.3605035639723,6.335134113993263,V4,30,300000,8,0.02,0.005,0.05,1e-06,0.2,1.05,0.7,60,20,8,10,0.35,0.375,80.0,1e-12,False,3,4,0.5,True,False,1
2026-10-02T13:42:01+02:00,mem_push__upper,mem_push,upper,0.375,3,Unimodal,30,2,300000,300000,5009.9106153940265,300.0,4709.9106153940265,6.510160152000026,V4,30,300000,8,0.02,0.005,0.05,1e-06,0.2,1.05,0.7,60,20,8,10,0.35,0.375,80.0,1e-12,False,3,4,0.5,True,False,1
2026-10-02T13:42:07+02:00,mem_push__upper,mem_push,upper,0.375,3,Unimodal,30,3,300000,300000,32831.27853318166,300.0,32531.278533181663,6.518561417993624,V4,30,300000,8,0.02,0.005,0.05,1e-06,0.2,1.05,0.7,60,20,8,10,0.35,0.375,80.0,1e-12,False,3,4,0.5,True,False,1
2026-10-02T13:42:14+02:00,mem_push__upper,mem_push,upper,0.375,3,Unimodal,30,4,300000,300000,603.999345805134,300.0,303.999345805134,6.505047744998592,V4,30,300000,8,0.02,0.005,0.05,1e-06,0.2,1.05,0.7,60,20,8,10,0.35,0.375,80.0,1e-12,False,3,4,0.5,True,False,1
2026-10-02T13:42:22+02:00,mem_push__upper,mem_push,upper,0.375,4,Multimodal,30,0,300000,300000,468.5648783041138,400.0,68.56487830411379,7.754595129008521,V4,30,300000,8,0.02,0.005,0.05,1e-06,0.2,1.05,0.7,60,20,8,10,0.35,0.375,80.0,1e-12,False,3,4,0.5,True,False,1
2026-10-02T13:42:29+02:00,mem_push__upper,mem_push,upper,0.375,4,Multimodal,30,1,300000,300000,470.327760000264,400.0,70.32776000026399,7.615185232003569,V4,30,300000,8,0.02,0.005,0.05,1e-06,0.2,1.05,0.7,60,20,8,10,0.35,0.375,80.0,1e-12,False,3,4,0.5,True,False,1
2026-10-02T13:42:37+02:00,mem_push__upper,mem_push,upper,0.375,4,Multimodal,30,2,300000,300000,404.3455908703675,400.0,4.345590870367516,7.657674187008524,V4,30,300000,8,0.02,0.005,0.05,1e-06,0.2,1.05,0.7,60,20,8,10,0.35,0.375,80.0,1e-12,False,3,4,0.5,True,False,1
2026-10-02T13:42:45+02:00,mem_push__upper,mem_push,upper,0.375,4,Multimodal,30,3,300000,300000,474.45243914213887,400.0,74.45243914213887,7.533876703993883,V4,30,300000,8,0.02,0.005,0.05,1e-06,0.2,1.05,0.7,60,20,8,10,0.35,0.375,80.0,1e-12,False,3,4,0.5,True,False,1
2026-10-02T13:42:52+02:00,mem_push__upper,mem_push,upper,0.375,4,Multimodal,30,4,300000,300000,473.89305185336985,400.0,73.89305185336985,7.667460947996005,V4,30,300000,8,0.02,0.005,0.05,1e-06,0.2,1.05,0.7,60,20,8,10,0.35,0.375,80.0,1e-12,False,3,4,0.5,True,False,1
2026-10-02T13:43:00+02:00,mem_push__upper,mem_push,upper,0.375,5,Multimodal,30,0,300000,300000,521.2097133404616,500.0,21.209713340461576,7.412524445011513,V4,30,300000,8,0.02,0.005,0.05,1e-06,0.2,1.05,0.7,60,20,8,10,0.35,0.375,80.0,1e-12,False,3,4,0.5,True,False,1
2026-10-02T13:43:07+02:00,mem_push__upper,mem_push,upper,0.375,5,Multimodal,30,1,300000,300000,521.131601044453,500.0,21.131601044452964,7.471204178000335,V4,30,300000,8,0.02,0.005,0.05,1e-06,0.2,1.05,0.7,60,20,8,10,0.35,0.375,80.0,1e-12,False,3,4,0.5,True,False,1
2026-10-02T13:43:15+02:00,mem_push__upper,mem_push,upper,0.375,5,Multimodal,30,2,300000,300000,521.2108031546401,500.0,21.210803154640075,7.3866841919953,V4,30,300000,8,0.02,0.005,0.05,1e-06,0.2,1.05,0.7,60,20,8,10,0.35,0.375,80.0,1e-12,False,3,4,0.5,True,False,1
2026-10-02T13:43:22+02:00,mem_push__upper,mem_push,upper,0.375,5,Multimodal,30,3,300000,300000,521.0512786363654,500.0,21.051278636365396,7.510929255004157,V4,30,300000,8,0.02,0.005,0.05,1e-06,0.2,1.05,0.7,60,20,8,10,0.35,0.375,80.0,1e-12,False,3,4,0.5,True,False,1
2026-10-02T13:43:30+02:00,mem_push__upper,mem_push,upper,0.375,5,Multimodal,30,4,300000,300000,521.498364680526,500.0,21.498364680526038,7.676171108003473,V4,30,300000,8,0.02,0.005,0.05,1e-06,0.2,1.05,0.7,60,20,8,10,0.35,0.375,80.0,1e-12,False,3,4,0.5,True,False,1
2026-10-02T13:44:57+02:00,mem_push__upper,mem_push,upper,0.375,6,Multimodal,30,0,300000,300000,636.6967340557873,600.0,36.69673405578726,87.11407713899098,V4,30,300000,8,0.02,0.005,0.05,1e-06,0.2,1.05,0.7,60,20,8,10,0.35,0.375,80.0,1e-12,False,3,4,0.5,True,False,1
2026-10-02T13:46:24+02:00,mem_push__upper,mem_push,upper,0.375,6,Multimodal,30,1,300000,300000,635.004753069495,600.0,35.004753069494996,87.16256326800794,V4,30,300000,8,0.02,0.005,0.05,1e-06,0.2,1.05,0.7,60,20,8,10,0.35,0.375,80.0,1e-12,False,3,4,0.5,True,False,1
2026-10-02T13:47:52+02:00,mem_push__upper,mem_push,upper,0.375,6,Multimodal,30,2,300000,300000,635.725244358268,600.0,35.725244358268014,87.35298875298759,V4,30,300000,8,0.02,0.005,0.05,1e-06,0.2,1.05,0.7,60,20,8,10,0.35,0.375,80.0,1e-12,False,3,4,0.5,True,False,1
2026-10-02T13:49:19+02:00,mem_push__upper,mem_push,upper,0.375,6,Multimodal,30,3,300000,300000,632.7168913369452,600.0,32.716891336945196,87.27365731299506,V4,30,300000,8,0.02,0.005,0.05,1e-06,0.2,1.05,0.7,60,20,8,10,0.35,0.375,80.0,1e-12,False,3,4,0.5,True,False,1
2026-10-02T13:50:47+02:00,mem_push__upper,mem_push,upper,0.375,6,Multimodal,30,4,300000,300000,630.5425392031142,600.0,30.54253920311419,87.61062339199998,V4,30,300000,8,0.02,0.005,0.05,1e-06,0.2,1.05,0.7,60,20,8,10,0.35,0.375,80.0,1e-12,False,3,4,0.5,True,False,1
2026-10-02T13:50:54+02:00,mem_push__upper,mem_push,upper,0.375,7,Multimodal,30,0,300000,300000,700.2557404139835,700.0,0.2557404139835171,7.474090019997675,V4,30,300000,8,0.02,0.005,0.05,1e-06,0.2,1.05,0.7,60,20,8,10,0.35,0.375,80.0,1e-12,False,3,4,0.5,True,False,1
2026-10-02T13:51:02+02:00,mem_push__upper,mem_push,upper,0.375,7,Multimodal,30,1,300000,300000,700.7820243386732,700.0,0.7820243386731818,7.739547606004635,V4,30,300000,8,0.02,0.005,0.05,1e-06,0.2,1.05,0.7,60,20,8,10,0.35,0.375,80.0,1e-12,False,3,4,0.5,True,False,1
2026-10-02T13:51:10+02:00,mem_push__upper,mem_push,upper,0.375,7,Multimodal,30,2,300000,300000,700.2075383000209,700.0,0.20753830002092855,7.688082095992286,V4,30,300000,8,0.02,0.005,0.05,1e-06,0.2,1.05,0.7,60,20,8,10,0.35,0.375,80.0,1e-12,False,3,4,0.5,True,False,1
2026-10-02T13:51:18+02:00,mem_push__upper,mem_push,upper,0.375,7,Multimodal,30,3,300000,300000,700.3295170744947,700.0,0.3295170744946745,7.823013859000639,V4,30,300000,8,0.02,0.005,0.05,1e-06,0.2,1.05,0.7,60,20,8,10,0.35,0.375,80.0,1e-12,False,3,4,0.5,True,False,1
2026-10-02T13:51:25+02:00,mem_push__upper,mem_push,upper,0.375,7,Multimodal,30,4,300000,300000,700.5027008489495,700.0,0.5027008489495302,7.5682482669944875,V4,30,300000,8,0.02,0.005,0.05,1e-06,0.2,1.05,0.7,60,20,8,10,0.35,0.375,80.0,1e-12,False,3,4,0.5,True,False,1
2026-10-02T13:51:33+02:00,mem_push__upper,mem_push,upper,0.375,8,Multimodal,30,0,300000,300000,1137.1430825769748,800.0,337.14308257697485,7.3909643389924895,V4,30,300000,8,0.02,0.005,0.05,1e-06,0.2,1.05,0.7,60,20,8,10,0.35,0.375,80.0,1e-12,False,3,4,0.5,True,False,1
2026-10-02T13:51:40+02:00,mem_push__upper,mem_push,upper,0.375,8,Multimodal,30,1,300000,300000,1179.2673695616354,800.0,379.2673695616354,7.232212342991261,V4,30,300000,8,0.02,0.005,0.05,1e-06,0.2,1.05,0.7,60,20,8,10,0.35,0.375,80.0,1e-12,False,3,4,0.5,True,False,1
2026-10-02T13:51:47+02:00,mem_push__upper,mem_push,upper,0.375,8,Multimodal,30,2,300000,300000,1120.1460812731752,800.0,320.14608127317524,7.234738720988389,V4,30,300000,8,0.02,0.005,0.05,1e-06,0.2,1.05,0.7,60,20,8,10,0.35,0.375,80.0,1e-12,False,3,4,0.5,True,False,1
2026-10-02T13:51:54+02:00,mem_push__upper,mem_push,upper,0.375,8,Multimodal,30,3,300000,300000,1121.449116033236,800.0,321.4491160332359,6.963924926996697,V4,30,300000,8,0.02,0.005,0.05,1e-06,0.2,1.05,0.7,60,20,8,10,0.35,0.375,80.0,1e-12,False,3,4,0.5,True,False,1
2026-10-02T13:52:01+02:00,mem_push__upper,mem_push,upper,0.375,8,Multimodal,30,4,300000,300000,1159.6022739869188,800.0,359.6022739869188,7.277257691006525,V4,30,300000,8,0.02,0.005,0.05,1e-06,0.2,1.05,0.7,60,20,8,10,0.35,0.375,80.0,1e-12,False,3,4,0.5,True,False,1
2026-10-02T13:52:09+02:00,mem_push__upper,mem_push,upper,0.375,9,Multimodal,30,0,300000,300000,1366.3952097841186,900.0,466.3952097841186,7.6319336330052465,V4,30,300000,8,0.02,0.005,0.05,1e-06,0.2,1.05,0.7,60,20,8,10,0.35,0.375,80.0,1e-12,False,3,4,0.5,True,False,1
2026-10-02T13:52:17+02:00,mem_push__upper,mem_push,upper,0.375,9,Multimodal,30,1,300000,300000,1557.0288796839873,900.0,657.0288796839873,7.393591355998069,V4,30,300000,8,0.02,0.005,0.05,1e-06,0.2,1.05,0.7,60,20,8,10,0.35,0.375,80.0,1e-12,False,3,4,0.5,True,False,1
2026-10-02T13:52:24+02:00,mem_push__upper,mem_push,upper,0.375,9,Multimodal,30,2,300000,300000,1346.6307629426276,900.0,446.6307629426276,7.514421515006688,V4,30,300000,8,0.02,0.005,0.05,1e-06,0.2,1.05,0.7,60,20,8,10,0.35,0.375,80.0,1e-12,False,3,4,0.5,True,False,1
2026-10-02T13:52:32+02:00,mem_push__upper,mem_push,upper,0.375,9,Multimodal,30,3,300000,300000,1396.947400532113,900.0,496.9474005321131,7.54719079300412,V4,30,300000,8,0.02,0.005,0.05,1e-06,0.2,1.05,0.7,60,20,8,10,0.35,0.375,80.0,1e-12,False,3,4,0.5,True,False,1
2026-10-02T13:52:39+02:00,mem_push__upper,mem_push,upper,0.375,9,Multimodal,30,4,300000,300000,1273.4148437725414,900.0,373.4148437725414,7.58686206600396,V4,30,300000,8,0.02,0.005,0.05,1e-06,0.2,1.05,0.7,60,20,8,10,0.35,0.375,80.0,1e-12,False,3,4,0.5,True,False,1
2026-10-02T13:52:52+02:00,mem_push__upper,mem_push,upper,0.375,10,Multimodal,30,0,300000,300000,4308.599525191072,1000.0,3308.5995251910717,12.834865504992194,V4,30,300000,8,0.02,0.005,0.05,1e-06,0.2,1.05,0.7,60,20,8,10,0.35,0.375,80.0,1e-12,False,3,4,0.5,True,False,1
2026-10-02T13:53:05+02:00,mem_push__upper,mem_push,upper,0.375,10,Multimodal,30,1,300000,300000,4817.235462438974,1000.0,3817.2354624389736,12.374835219001397,V4,30,300000,8,0.02,0.005,0.05,1e-06,0.2,1.05,0.7,60,20,8,10,0.35,0.375,80.0,1e-12,False,3,4,0.5,True,False,1
2026-10-02T13:53:17+02:00,mem_push__upper,mem_push,upper,0.375,10,Multimodal,30,2,300000,300000,4278.305407163505,1000.0,3278.305407163505,12.456299664001563,V4,30,300000,8,0.02,0.005,0.05,1e-06,0.2,1.05,0.7,60,20,8,10,0.35,0.375,80.0,1e-12,False,3,4,0.5,True,False,1
2026-10-02T13:53:30+02:00,mem_push__upper,mem_push,upper,0.375,10,Multimodal,30,3,300000,300000,4409.853181037566,1000.0,3409.853181037566,12.419802538002841,V4,30,300000,8,0.02,0.005,0.05,1e-06,0.2,1.05,0.7,60,20,8,10,0.35,0.375,80.0,1e-12,False,3,4,0.5,True,False,1
2026-10-02T13:53:42+02:00,mem_push__upper,mem_push,upper,0.375,10,Multimodal,30,4,300000,300000,4047.68162966568,1000.0,3047.68162966568,12.62095915300597,V4,30,300000,8,0.02,0.005,0.05,1e-06,0.2,1.05,0.7,60,20,8,10,0.35,0.375,80.0,1e-12,False,3,4,0.5,True,False,1
2026-10-02T13:53:55+02:00,mem_push__upper,mem_push,upper,0.375,11,Multimodal,30,0,300000,300000,6504.561950899243,1100.0,5404.561950899243,13.02194225200219,V4,30,300000,8,0.02,0.005,0.05,1e-06,0.2,1.05,0.7,60,20,8,10,0.35,0.375,80.0,1e-12,False,3,4,0.5,True,False,1
2026-10-02T13:54:08+02:00,mem_push__upper,mem_push,upper,0.375,11,Multimodal,30,1,300000,300000,5409.614174938462,1100.0,4309.614174938462,13.072924805994262,V4,30,300000,8,0.02,0.005,0.05,1e-06,0.2,1.05,0.7,60,20,8,10,0.35,0.375,80.0,1e-12,False,3,4,0.5,True,False,1
2026-10-02T13:54:21+02:00,mem_push__upper,mem_push,upper,0.375,11,Multimodal,30,2,300000,300000,5286.787526281421,1100.0,4186.787526281421,12.427448674992775,V4,30,300000,8,0.02,0.005,0.05,1e-06,0.2,1.05,0.7,60,20,8,10,0.35,0.375,80.0,1e-12,False,3,4,0.5,True,False,1
2026-10-02T13:54:34+02:00,mem_push__upper,mem_push,upper,0.375,11,Multimodal,30,3,300000,300000,4702.029360434788,1100.0,3602.029360434788,12.712688685001922,V4,30,300000,8,0.02,0.005,0.05,1e-06,0.2,1.05,0.7,60,20,8,10,0.35,0.375,80.0,1e-12,False,3,4,0.5,True,False,1
2026-10-02T13:54:46+02:00,mem_push__upper,mem_push,upper,0.375,11,Multimodal,30,4,300000,300000,5539.1036650362075,1100.0,4439.1036650362075,12.833449148994987,V4,30,300000,8,0.02,0.005,0.05,1e-06,0.2,1.05,0.7,60,20,8,10,0.35,0.375,80.0,1e-12,False,3,4,0.5,True,False,1
2026-10-02T14:03:11+02:00,mem_push__upper,mem_push,upper,0.375,12,Multimodal,30,0,300000,300000,1201.0627906710888,1200.0,1.0627906710888055,504.11010016399086,V4,30,300000,8,0.02,0.005,0.05,1e-06,0.2,1.05,0.7,60,20,8,10,0.35,0.375,80.0,1e-12,False,3,4,0.5,True,False,1
2026-10-02T14:11:29+02:00,mem_push__upper,mem_push,upper,0.375,12,Multimodal,30,1,300000,300000,1200.5662807387828,1200.0,0.5662807387827797,498.42752641500556,V4,30,300000,8,0.02,0.005,0.05,1e-06,0.2,1.05,0.7,60,20,8,10,0.35,0.375,80.0,1e-12,False,3,4,0.5,True,False,1
2026-10-02T14:19:46+02:00,mem_push__upper,mem_push,upper,0.375,12,Multimodal,30,2,300000,300000,1201.4466671057617,1200.0,1.4466671057616622,496.72947357900557,V4,30,300000,8,0.02,0.005,0.05,1e-06,0.2,1.05,0.7,60,20,8,10,0.35,0.375,80.0,1e-12,False,3,4,0.5,True,False,1
2026-10-02T14:28:10+02:00,mem_push__upper,mem_push,upper,0.375,12,Multimodal,30,3,300000,300000,1200.6618761978368,1200.0,0.6618761978368184,504.45255278699915,V4,30,300000,8,0.02,0.005,0.05,1e-06,0.2,1.05,0.7,60,20,8,10,0.35,0.375,80.0,1e-12,False,3,4,0.5,True,False,1
2026-10-02T14:49:36+02:00,mem_push__upper,mem_push,upper,0.375,12,Multimodal,30,4,300000,300000,1200.4587106230551,1200.0,0.4587106230551399,508.0557714269962,V4,30,300000,8,0.02,0.005,0.05,1e-06,0.2,1.05,0.7,60,20,8,10,0.35,0.375,80.0,1e-12,False,3,4,0.5,True,False,1
2026-10-02T14:49:43+02:00,mem_push__upper,mem_push,upper,0.375,13,Multimodal,30,0,300000,300000,1300.3015586434944,1300.0,0.3015586434944453,7.581236255005933,V4,30,300000,8,0.02,0.005,0.05,1e-06,0.2,1.05,0.7,60,20,8,10,0.35,0.375,80.0,1e-12,False,3,4,0.5,True,False,1
2026-10-02T14:49:51+02:00,mem_push__upper,mem_push,upper,0.375,13,Multimodal,30,1,300000,300000,1300.3461912781308,1300.0,0.3461912781308456,7.774087634999887,V4,30,300000,8,0.02,0.005,0.05,1e-06,0.2,1.05,0.7,60,20,8,10,0.35,0.375,80.0,1e-12,False,3,4,0.5,True,False,1
2026-10-02T14:49:59+02:00,mem_push__upper,mem_push,upper,0.375,13,Multimodal,30,2,300000,300000,1300.238480466817,1300.0,0.23848046681700907,7.831178270003875,V4,30,300000,8,0.02,0.005,0.05,1e-06,0.2,1.05,0.7,60,20,8,10,0.35,0.375,80.0,1e-12,False,3,4,0.5,True,False,1
2026-10-02T14:50:07+02:00,mem_push__upper,mem_push,upper,0.375,13,Multimodal,30,3,300000,300000,1300.285814240008,1300.0,0.28581424000799416,7.766009844999644,V4,30,300000,8,0.02,0.005,0.05,1e-06,0.2,1.05,0.7,60,20,8,10,0.35,0.375,80.0,1e-12,False,3,4,0.5,True,False,1
2026-10-02T14:50:15+02:00,mem_push__upper,mem_push,upper,0.375,13,Multimodal,30,4,300000,300000,1300.2153733933794,1300.0,0.21537339337942285,8.116862873997889,V4,30,300000,8,0.02,0.005,0.05,1e-06,0.2,1.05,0.7,60,20,8,10,0.35,0.375,80.0,1e-12,False,3,4,0.5,True,False,1
2026-10-02T14:50:23+02:00,mem_push__upper,mem_push,upper,0.375,14,Multimodal,30,0,300000,300000,1400.2734463688278,1400.0,0.27344636882776285,7.582027031006874,V4,30,300000,8,0.02,0.005,0.05,1e-06,0.2,1.05,0.7,60,20,8,10,0.35,0.375,80.0,1e-12,False,3,4,0.5,True,False,1
2026-10-02T14:50:30+02:00,mem_push__upper,mem_push,upper,0.375,14,Multimodal,30,1,300000,300000,1400.3666302502384,1400.0,0.3666302502383587,7.689035101997433,V4,30,300000,8,0.02,0.005,0.05,1e-06,0.2,1.05,0.7,60,20,8,10,0.35,0.375,80.0,1e-12,False,3,4,0.5,True,False,1
2026-10-02T14:50:38+02:00,mem_push__upper,mem_push,upper,0.375,14,Multimodal,30,2,300000,300000,1400.2680062241536,1400.0,0.2680062241536234,7.841312251010095,V4,30,300000,8,0.02,0.005,0.05,1e-06,0.2,1.05,0.7,60,20,8,10,0.35,0.375,80.0,1e-12,False,3,4,0.5,True,False,1
2026-10-02T14:50:46+02:00,mem_push__upper,mem_push,upper,0.375,14,Multimodal,30,3,300000,300000,1400.4342102343078,1400.0,0.43421023430778405,7.622727879002923,V4,30,300000,8,0.02,0.005,0.05,1e-06,0.2,1.05,0.7,60,20,8,10,0.35,0.375,80.0,1e-12,False,3,4,0.5,True,False,1
2026-10-02T14:50:54+02:00,mem_push__upper,mem_push,upper,0.375,14,Multimodal,30,4,300000,300000,1400.2963886686787,1400.0,0.29638866867867364,7.602761179994559,V4,30,300000,8,0.02,0.005,0.05,1e-06,0.2,1.05,0.7,60,20,8,10,0.35,0.375,80.0,1e-12,False,3,4,0.5,True,False,1
2026-10-02T14:51:02+02:00,mem_push__upper,mem_push,upper,0.375,15,Multimodal,30,0,300000,300000,1515.2189083830037,1500.0,15.218908383003736,8.810083718999522,V4,30,300000,8,0.02,0.005,0.05,1e-06,0.2,1.05,0.7,60,20,8,10,0.35,0.375,80.0,1e-12,False,3,4,0.5,True,False,1
2026-10-02T14:51:11+02:00,mem_push__upper,mem_push,upper,0.375,15,Multimodal,30,1,300000,300000,1528.3929737573367,1500.0,28.392973757336676,8.361138919994119,V4,30,300000,8,0.02,0.005,0.05,1e-06,0.2,1.05,0.7,60,20,8,10,0.35,0.375,80.0,1e-12,False,3,4,0.5,True,False,1
2026-10-02T14:51:20+02:00,mem_push__upper,mem_push,upper,0.375,15,Multimodal,30,2,300000,300000,1517.5853947943706,1500.0,17.585394794370586,8.669122631996288,V4,30,300000,8,0.02,0.005,0.05,1e-06,0.2,1.05,0.7,60,20,8,10,0.35,0.375,80.0,1e-12,False,3,4,0.5,True,False,1
2026-10-02T14:51:28+02:00,mem_push__upper,mem_push,upper,0.375,15,Multimodal,30,3,300000,300000,1516.1484837677756,1500.0,16.148483767775588,8.665351290008402,V4,30,300000,8,0.02,0.005,0.05,1e-06,0.2,1.05,0.7,60,20,8,10,0.35,0.375,80.0,1e-12,False,3,4,0.5,True,False,1
2026-10-02T14:51:37+02:00,mem_push__upper,mem_push,upper,0.375,15,Multimodal,30,4,300000,300000,1511.8946541930661,1500.0,11.894654193066117,8.594871645997046,V4,30,300000,8,0.02,0.005,0.05,1e-06,0.2,1.05,0.7,60,20,8,10,0.35,0.375,80.0,1e-12,False,3,4,0.5,True,False,1
2026-10-02T14:52:21+02:00,mem_push__upper,mem_push,upper,0.375,16,Multimodal,30,0,300000,300000,1614.0886785946811,1600.0,14.088678594681141,44.47356452100212,V4,30,300000,8,0.02,0.005,0.05,1e-06,0.2,1.05,0.7,60,20,8,10,0.35,0.375,80.0,1e-12,False,3,4,0.5,True,False,1
2026-10-02T14:53:07+02:00,mem_push__upper,mem_push,upper,0.375,16,Multimodal,30,1,300000,300000,1614.4307972169129,1600.0,14.430797216912879,45.143680668988964,V4,30,300000,8,0.02,0.005,0.05,1e-06,0.2,1.05,0.7,60,20,8,10,0.35,0.375,80.0,1e-12,False,3,4,0.5,True,False,1
2026-10-02T14:53:53+02:00,mem_push__upper,mem_push,upper,0.375,16,Multimodal,30,2,300000,300000,1613.799738698483,1600.0,13.799738698482997,46.17266094699153,V4,30,300000,8,0.02,0.005,0.05,1e-06,0.2,1.05,0.7,60,20,8,10,0.35,0.375,80.0,1e-12,False,3,4,0.5,True,False,1
2026-10-02T14:54:39+02:00,mem_push__upper,mem_push,upper,0.375,16,Multimodal,30,3,300000,300000,1613.9011762028163,1600.0,13.90117620281626,46.55197768101061,V4,30,300000,8,0.02,0.005,0.05,1e-06,0.2,1.05,0.7,60,20,8,10,0.35,0.375,80.0,1e-12,False,3,4,0.5,True,False,1
2026-10-02T14:55:23+02:00,mem_push__upper,mem_push,upper,0.375,16,Multimodal,30,4,300000,300000,1614.093974931645,1600.0,14.093974931645107,44.02123130299151,V4,30,300000,8,0.02,0.005,0.05,1e-06,0.2,1.05,0.7,60,20,8,10,0.35,0.375,80.0,1e-12,False,3,4,0.5,True,False,1
2026-10-02T14:55:38+02:00,mem_push__upper,mem_push,upper,0.375,17,Hybrid,30,0,300000,300000,69366.09711610217,1700.0,67666.09711610217,14.917540346999886,V4,30,300000,8,0.02,0.005,0.05,1e-06,0.2,1.05,0.7,60,20,8,10,0.35,0.375,80.0,1e-12,False,3,4,0.5,True,False,1
2026-10-02T14:55:54+02:00,mem_push__upper,mem_push,upper,0.375,17,Hybrid,30,1,300000,300000,232592.37423484947,1700.0,230892.37423484947,15.631017696010531,V4,30,300000,8,0.02,0.005,0.05,1e-06,0.2,1.05,0.7,60,20,8,10,0.35,0.375,80.0,1e-12,False,3,4,0.5,True,False,1
2026-10-02T14:56:10+02:00,mem_push__upper,mem_push,upper,0.375,17,Hybrid,30,2,300000,300000,222506.5508525942,1700.0,220806.5508525942,15.751653202998568,V4,30,300000,8,0.02,0.005,0.05,1e-06,0.2,1.05,0.7,60,20,8,10,0.35,0.375,80.0,1e-12,False,3,4,0.5,True,False,1
2026-10-02T14:56:26+02:00,mem_push__upper,mem_push,upper,0.375,17,Hybrid,30,3,300000,300000,233803.1379059053,1700.0,232103.1379059053,15.991700671991566,V4,30,300000,8,0.02,0.005,0.05,1e-06,0.2,1.05,0.7,60,20,8,10,0.35,0.375,80.0,1e-12,False,3,4,0.5,True,False,1
2026-10-02T14:56:41+02:00,mem_push__upper,mem_push,upper,0.375,17,Hybrid,30,4,300000,300000,111160.6598825891,1700.0,109460.6598825891,14.847406752989627,V4,30,300000,8,0.02,0.005,0.05,1e-06,0.2,1.05,0.7,60,20,8,10,0.35,0.375,80.0,1e-12,False,3,4,0.5,True,False,1
2026-10-02T14:56:50+02:00,mem_push__upper,mem_push,upper,0.375,18,Hybrid,30,0,300000,300000,90258.3295007587,1800.0,88458.3295007587,9.543121854992933,V4,30,300000,8,0.02,0.005,0.05,1e-06,0.2,1.05,0.7,60,20,8,10,0.35,0.375,80.0,1e-12,False,3,4,0.5,True,False,1
2026-10-02T14:57:00+02:00,mem_push__upper,mem_push,upper,0.375,18,Hybrid,30,1,300000,300000,82392.78275803874,1800.0,80592.78275803874,9.57759483299742,V4,30,300000,8,0.02,0.005,0.05,1e-06,0.2,1.05,0.7,60,20,8,10,0.35,0.375,80.0,1e-12,False,3,4,0.5,True,False,1
2026-10-02T14:57:09+02:00,mem_push__upper,mem_push,upper,0.375,18,Hybrid,30,2,300000,300000,86303.63776282933,1800.0,84503.63776282933,9.384593807000783,V4,30,300000,8,0.02,0.005,0.05,1e-06,0.2,1.05,0.7,60,20,8,10,0.35,0.375,80.0,1e-12,False,3,4,0.5,True,False,1
2026-10-02T14:57:19+02:00,mem_push__upper,mem_push,upper,0.375,18,Hybrid,30,3,300000,300000,92291.33176752832,1800.0,90491.33176752832,9.592674796993379,V4,30,300000,8,0.02,0.005,0.05,1e-06,0.2,1.05,0.7,60,20,8,10,0.35,0.375,80.0,1e-12,False,3,4,0.5,True,False,1
2026-10-02T14:57:29+02:00,mem_push__upper,mem_push,upper,0.375,18,Hybrid,30,4,300000,300000,94908.57062921865,1800.0,93108.57062921865,9.648041760010528,V4,30,300000,8,0.02,0.005,0.05,1e-06,0.2,1.05,0.7,60,20,8,10,0.35,0.375,80.0,1e-12,False,3,4,0.5,True,False,1
2026-10-02T14:58:01+02:00,mem_push__upper,mem_push,upper,0.375,19,Hybrid,30,0,300000,300000,1938.17072779964,1900.0,38.17072779963996,32.08450019299926,V4,30,300000,8,0.02,0.005,0.05,1e-06,0.2,1.05,0.7,60,20,8,10,0.35,0.375,80.0,1e-12,False,3,4,0.5,True,False,1
2026-10-02T14:58:34+02:00,mem_push__upper,mem_push,upper,0.375,19,Hybrid,30,1,300000,300000,1942.9758503214368,1900.0,42.97585032143684,32.999900783994235,V4,30,300000,8,0.02,0.005,0.05,1e-06,0.2,1.05,0.7,60,20,8,10,0.35,0.375,80.0,1e-12,False,3,4,0.5,True,False,1
2026-10-02T14:59:06+02:00,mem_push__upper,mem_push,upper,0.375,19,Hybrid,30,2,300000,300000,1938.4391376333508,1900.0,38.43913763335081,31.629440578995855,V4,30,300000,8,0.02,0.005,0.05,1e-06,0.2,1.05,0.7,60,20,8,10,0.35,0.375,80.0,1e-12,False,3,4,0.5,True,False,1
2026-10-02T14:59:38+02:00,mem_push__upper,mem_push,upper,0.375,19,Hybrid,30,3,300000,300000,1933.5198520497447,1900.0,33.51985204974471,32.12980318500195,V4,30,300000,8,0.02,0.005,0.05,1e-06,0.2,1.05,0.7,60,20,8,10,0.35,0.375,80.0,1e-12,False,3,4,0.5,True,False,1
2026-10-02T15:00:09+02:00,mem_push__upper,mem_push,upper,0.375,19,Hybrid,30,4,300000,300000,1943.6003916875063,1900.0,43.60039168750632,31.590173591001076,V4,30,300000,8,0.02,0.005,0.05,1e-06,0.2,1.05,0.7,60,20,8,10,0.35,0.375,80.0,1e-12,False,3,4,0.5,True,False,1
2026-10-02T15:00:22+02:00,mem_push__upper,mem_push,upper,0.375,20,Hybrid,30,0,300000,300000,67295.86739280811,2000.0,65295.86739280811,12.205492652996327,V4,30,300000,8,0.02,0.005,0.05,1e-06,0.2,1.05,0.7,60,20,8,10,0.35,0.375,80.0,1e-12,False,3,4,0.5,True,False,1
2026-10-02T15:00:34+02:00,mem_push__upper,mem_push,upper,0.375,20,Hybrid,30,1,300000,300000,36742.77917491831,2000.0,34742.77917491831,12.357508738001343,V4,30,300000,8,0.02,0.005,0.05,1e-06,0.2,1.05,0.7,60,20,8,10,0.35,0.375,80.0,1e-12,False,3,4,0.5,True,False,1
2026-10-02T15:00:46+02:00,mem_push__upper,mem_push,upper,0.375,20,Hybrid,30,2,300000,300000,31551.80926492522,2000.0,29551.80926492522,11.990040022996254,V4,30,300000,8,0.02,0.005,0.05,1e-06,0.2,1.05,0.7,60,20,8,10,0.35,0.375,80.0,1e-12,False,3,4,0.5,True,False,1
2026-10-02T15:00:58+02:00,mem_push__upper,mem_push,upper,0.375,20,Hybrid,30,3,300000,300000,31653.748691757013,2000.0,29653.748691757013,12.067559695991804,V4,30,300000,8,0.02,0.005,0.05,1e-06,0.2,1.05,0.7,60,20,8,10,0.35,0.375,80.0,1e-12,False,3,4,0.5,True,False,1
2026-10-02T15:01:11+02:00,mem_push__upper,mem_push,upper,0.375,20,Hybrid,30,4,300000,300000,36779.9361451903,2000.0,34779.9361451903,12.439705413999036,V4,30,300000,8,0.02,0.005,0.05,1e-06,0.2,1.05,0.7,60,20,8,10,0.35,0.375,80.0,1e-12,False,3,4,0.5,True,False,1
2026-10-02T15:01:33+02:00,mem_push__upper,mem_push,upper,0.375,21,Hybrid,30,0,300000,300000,26650.595861873775,2100.0,24550.595861873775,22.55651355399459,V4,30,300000,8,0.02,0.005,0.05,1e-06,0.2,1.05,0.7,60,20,8,10,0.35,0.375,80.0,1e-12,False,3,4,0.5,True,False,1
2026-10-02T15:01:56+02:00,mem_push__upper,mem_push,upper,0.375,21,Hybrid,30,1,300000,300000,48758.679874478905,2100.0,46658.679874478905,23.058688468998298,V4,30,300000,8,0.02,0.005,0.05,1e-06,0.2,1.05,0.7,60,20,8,10,0.35,0.375,80.0,1e-12,False,3,4,0.5,True,False,1
2026-10-02T15:02:18+02:00,mem_push__upper,mem_push,upper,0.375,21,Hybrid,30,2,300000,300000,46671.85696733027,2100.0,44571.85696733027,21.66375521699956,V4,30,300000,8,0.02,0.005,0.05,1e-06,0.2,1.05,0.7,60,20,8,10,0.35,0.375,80.0,1e-12,False,3,4,0.5,True,False,1
2026-10-02T15:02:40+02:00,mem_push__upper,mem_push,upper,0.375,21,Hybrid,30,3,300000,300000,69155.17097216955,2100.0,67055.17097216955,21.990157414998976,V4,30,300000,8,0.02,0.005,0.05,1e-06,0.2,1.05,0.7,60,20,8,10,0.35,0.375,80.0,1e-12,False,3,4,0.5,True,False,1
2026-10-02T15:03:03+02:00,mem_push__upper,mem_push,upper,0.375,21,Hybrid,30,4,300000,300000,26855.793760199685,2100.0,24755.793760199685,22.78833493599086,V4,30,300000,8,0.02,0.005,0.05,1e-06,0.2,1.05,0.7,60,20,8,10,0.35,0.375,80.0,1e-12,False,3,4,0.5,True,False,1
2026-10-02T15:04:13+02:00,mem_push__upper,mem_push,upper,0.375,22,Hybrid,30,0,300000,300000,2644.3755087620407,2200.0,444.3755087620407,70.13297765000607,V4,30,300000,8,0.02,0.005,0.05,1e-06,0.2,1.05,0.7,60,20,8,10,0.35,0.375,80.0,1e-12,False,3,4,0.5,True,False,1
2026-10-02T15:05:24+02:00,mem_push__upper,mem_push,upper,0.375,22,Hybrid,30,1,300000,300000,2596.417055122389,2200.0,396.4170551223888,70.63938521800446,V4,30,300000,8,0.02,0.005,0.05,1e-06,0.2,1.05,0.7,60,20,8,10,0.35,0.375,80.0,1e-12,False,3,4,0.5,True,False,1
2026-10-02T15:06:35+02:00,mem_push__upper,mem_push,upper,0.375,22,Hybrid,30,2,300000,300000,2630.5871875232688,2200.0,430.58718752326877,70.91385675300262,V4,30,300000,8,0.02,0.005,0.05,1e-06,0.2,1.05,0.7,60,20,8,10,0.35,0.375,80.0,1e-12,False,3,4,0.5,True,False,1
2026-10-02T15:07:45+02:00,mem_push__upper,mem_push,upper,0.375,22,Hybrid,30,3,300000,300000,2792.2770507050336,2200.0,592.2770507050336,70.1561216479895,V4,30,300000,8,0.02,0.005,0.05,1e-06,0.2,1.05,0.7,60,20,8,10,0.35,0.375,80.0,1e-12,False,3,4,0.5,True,False,1
2026-10-02T15:08:55+02:00,mem_push__upper,mem_push,upper,0.375,22,Hybrid,30,4,300000,300000,3626.6409463247737,2200.0,1426.6409463247737,70.26356315999874,V4,30,300000,8,0.02,0.005,0.05,1e-06,0.2,1.05,0.7,60,20,8,10,0.35,0.375,80.0,1e-12,False,3,4,0.5,True,False,1
2026-10-02T15:09:14+02:00,mem_push__upper,mem_push,upper,0.375,23,Composition,30,0,300000,300000,2522.8524954248933,2300.0,222.85249542489328,18.292455122995307,V4,30,300000,8,0.02,0.005,0.05,1e-06,0.2,1.05,0.7,60,20,8,10,0.35,0.375,80.0,1e-12,False,3,4,0.5,True,False,1
2026-10-02T15:09:32+02:00,mem_push__upper,mem_push,upper,0.375,23,Composition,30,1,300000,300000,2522.856953698577,2300.0,222.85695369857694,18.717620948998956,V4,30,300000,8,0.02,0.005,0.05,1e-06,0.2,1.05,0.7,60,20,8,10,0.35,0.375,80.0,1e-12,False,3,4,0.5,True,False,1
2026-10-02T15:09:51+02:00,mem_push__upper,mem_push,upper,0.375,23,Composition,30,2,300000,300000,2522.8642213180747,2300.0,222.86422131807467,18.824743498000316,V4,30,300000,8,0.02,0.005,0.05,1e-06,0.2,1.05,0.7,60,20,8,10,0.35,0.375,80.0,1e-12,False,3,4,0.5,True,False,1
2026-10-02T15:10:10+02:00,mem_push__upper,mem_push,upper,0.375,23,Composition,30,3,300000,300000,2522.8592013743796,2300.0,222.8592013743796,18.519287885006634,V4,30,300000,8,0.02,0.005,0.05,1e-06,0.2,1.05,0.7,60,20,8,10,0.35,0.375,80.0,1e-12,False,3,4,0.5,True,False,1
2026-10-02T15:10:28+02:00,mem_push__upper,mem_push,upper,0.375,23,Composition,30,4,300000,300000,2522.8524778971832,2300.0,222.85247789718323,18.412004258003435,V4,30,300000,8,0.02,0.005,0.05,1e-06,0.2,1.05,0.7,60,20,8,10,0.35,0.375,80.0,1e-12,False,3,4,0.5,True,False,1
2026-10-02T15:10:49+02:00,mem_push__upper,mem_push,upper,0.375,24,Composition,30,0,300000,300000,2628.292676234453,2400.0,228.2926762344532,20.999631889004377,V4,30,300000,8,0.02,0.005,0.05,1e-06,0.2,1.05,0.7,60,20,8,10,0.35,0.375,80.0,1e-12,False,3,4,0.5,True,False,1
2026-10-02T15:11:11+02:00,mem_push__upper,mem_push,upper,0.375,24,Composition,30,1,300000,300000,2626.9186614693886,2400.0,226.91866146938855,21.037696799001424,V4,30,300000,8,0.02,0.005,0.05,1e-06,0.2,1.05,0.7,60,20,8,10,0.35,0.375,80.0,1e-12,False,3,4,0.5,True,False,1
2026-10-02T15:11:32+02:00,mem_push__upper,mem_push,upper,0.375,24,Composition,30,2,300000,300000,2645.7587078261076,2400.0,245.75870782610764,20.920689513994148,V4,30,300000,8,0.02,0.005,0.05,1e-06,0.2,1.05,0.7,60,20,8,10,0.35,0.375,80.0,1e-12,False,3,4,0.5,True,False,1
2026-10-02T15:11:52+02:00,mem_push__upper,mem_push,upper,0.375,24,Composition,30,3,300000,300000,2633.6527151147156,2400.0,233.65271511471565,20.16348283700063,V4,30,300000,8,0.02,0.005,0.05,1e-06,0.2,1.05,0.7,60,20,8,10,0.35,0.375,80.0,1e-12,False,3,4,0.5,True,False,1
2026-10-02T15:12:13+02:00,mem_push__upper,mem_push,upper,0.375,24,Composition,30,4,300000,300000,2627.5952745864342,2400.0,227.59527458643424,20.721244443004252,V4,30,300000,8,0.02,0.005,0.05,1e-06,0.2,1.05,0.7,60,20,8,10,0.35,0.375,80.0,1e-12,False,3,4,0.5,True,False,1
2026-10-02T15:12:34+02:00,mem_push__upper,mem_push,upper,0.375,25,Composition,30,0,300000,300000,2718.640431261025,2500.0,218.6404312610248,21.23261700999865,V4,30,300000,8,0.02,0.005,0.05,1e-06,0.2,1.05,0.7,60,20,8,10,0.35,0.375,80.0,1e-12,False,3,4,0.5,True,False,1
2026-10-02T15:12:55+02:00,mem_push__upper,mem_push,upper,0.375,25,Composition,30,1,300000,300000,2713.0458028863804,2500.0,213.04580288638044,21.242078348994255,V4,30,300000,8,0.02,0.005,0.05,1e-06,0.2,1.05,0.7,60,20,8,10,0.35,0.375,80.0,1e-12,False,3,4,0.5,True,False,1
2026-10-02T15:13:16+02:00,mem_push__upper,mem_push,upper,0.375,25,Composition,30,2,300000,300000,2752.9978065711084,2500.0,252.9978065711084,21.04556473699631,V4,30,300000,8,0.02,0.005,0.05,1e-06,0.2,1.05,0.7,60,20,8,10,0.35,0.375,80.0,1e-12,False,3,4,0.5,True,False,1
2026-10-02T15:13:37+02:00,mem_push__upper,mem_push,upper,0.375,25,Composition,30,3,300000,300000,2763.1785719702707,2500.0,263.1785719702707,20.873820505003096,V4,30,300000,8,0.02,0.005,0.05,1e-06,0.2,1.05,0.7,60,20,8,10,0.35,0.375,80.0,1e-12,False,3,4,0.5,True,False,1
2026-10-02T15:13:59+02:00,mem_push__upper,mem_push,upper,0.375,25,Composition,30,4,300000,300000,2721.6755802151997,2500.0,221.67558021519972,21.589501656999346,V4,30,300000,8,0.02,0.005,0.05,1e-06,0.2,1.05,0.7,60,20,8,10,0.35,0.375,80.0,1e-12,False,3,4,0.5,True,False,1
2026-10-02T15:15:47+02:00,mem_push__upper,mem_push,upper,0.375,26,Composition,30,0,300000,300000,2800.2207430090743,2600.0,200.22074300907434,107.57269443299447,V4,30,300000,8,0.02,0.005,0.05,1e-06,0.2,1.05,0.7,60,20,8,10,0.35,0.375,80.0,1e-12,False,3,4,0.5,True,False,1
2026-10-02T15:17:33+02:00,mem_push__upper,mem_push,upper,0.375,26,Composition,30,1,300000,300000,2700.3597902224205,2600.0,100.35979022242054,106.68373416700342,V4,30,300000,8,0.02,0.005,0.05,1e-06,0.2,1.05,0.7,60,20,8,10,0.35,0.375,80.0,1e-12,False,3,4,0.5,True,False,1
2026-10-02T15:19:22+02:00,mem_push__upper,mem_push,upper,0.375,26,Composition,30,2,300000,300000,2800.2147640925787,2600.0,200.21476409257866,108.11228303200915,V4,30,300000,8,0.02,0.005,0.05,1e-06,0.2,1.05,0.7,60,20,8,10,0.35,0.375,80.0,1e-12,False,3,4,0.5,True,False,1
2026-10-02T15:21:09+02:00,mem_push__upper,mem_push,upper,0.375,26,Composition,30,3,300000,300000,2800.241422829428,2600.0,200.24142282942785,107.50426683599653,V4,30,300000,8,0.02,0.005,0.05,1e-06,0.2,1.05,0.7,60,20,8,10,0.35,0.375,80.0,1e-12,False,3,4,0.5,True,False,1
2026-10-02T15:22:58+02:00,mem_push__upper,mem_push,upper,0.375,26,Composition,30,4,300000,300000,2800.09291943799,2600.0,200.09291943799008,108.52948384599586,V4,30,300000,8,0.02,0.005,0.05,1e-06,0.2,1.05,0.7,60,20,8,10,0.35,0.375,80.0,1e-12,False,3,4,0.5,True,False,1
2026-10-02T15:24:45+02:00,mem_push__upper,mem_push,upper,0.375,27,Composition,30,0,300000,300000,3103.7418286451593,2700.0,403.74182864515933,107.0511732360028,V4,30,300000,8,0.02,0.005,0.05,1e-06,0.2,1.05,0.7,60,20,8,10,0.35,0.375,80.0,1e-12,False,3,4,0.5,True,False,1
2026-10-02T15:26:34+02:00,mem_push__upper,mem_push,upper,0.375,27,Composition,30,1,300000,300000,3106.5269498499965,2700.0,406.5269498499965,108.9295297130011,V4,30,300000,8,0.02,0.005,0.05,1e-06,0.2,1.05,0.7,60,20,8,10,0.35,0.375,80.0,1e-12,False,3,4,0.5,True,False,1
2026-10-02T15:28:21+02:00,mem_push__upper,mem_push,upper,0.375,27,Composition,30,2,300000,300000,3105.276691899507,2700.0,405.2766918995071,106.76546455499192,V4,30,300000,8,0.02,0.005,0.05,1e-06,0.2,1.05,0.7,60,20,8,10,0.35,0.375,80.0,1e-12,False,3,4,0.5,True,False,1
2026-10-02T15:30:06+02:00,mem_push__upper,mem_push,upper,0.375,27,Composition,30,3,300000,300000,3103.4989491112315,2700.0,403.49894911123147,105.37474501300312,V4,30,300000,8,0.02,0.005,0.05,1e-06,0.2,1.05,0.7,60,20,8,10,0.35,0.375,80.0,1e-12,False,3,4,0.5,True,False,1
2026-10-02T15:31:53+02:00,mem_push__upper,mem_push,upper,0.375,27,Composition,30,4,300000,300000,3104.2656398343147,2700.0,404.2656398343147,106.42762033900362,V4,30,300000,8,0.02,0.005,0.05,1e-06,0.2,1.05,0.7,60,20,8,10,0.35,0.375,80.0,1e-12,False,3,4,0.5,True,False,1
2026-10-02T15:32:59+02:00,mem_push__upper,mem_push,upper,0.375,28,Composition,30,0,300000,300000,7424.368582752754,2800.0,4624.368582752754,66.33495450799819,V4,30,300000,8,0.02,0.005,0.05,1e-06,0.2,1.05,0.7,60,20,8,10,0.35,0.375,80.0,1e-12,False,3,4,0.5,True,False,1
2026-10-02T15:34:06+02:00,mem_push__upper,mem_push,upper,0.375,28,Composition,30,1,300000,300000,7879.043291129672,2800.0,5079.043291129672,66.9254316919978,V4,30,300000,8,0.02,0.005,0.05,1e-06,0.2,1.05,0.7,60,20,8,10,0.35,0.375,80.0,1e-12,False,3,4,0.5,True,False,1
2026-10-02T15:35:15+02:00,mem_push__upper,mem_push,upper,0.375,28,Composition,30,2,300000,300000,8659.666391556013,2800.0,5859.666391556013,68.84751888399478,V4,30,300000,8,0.02,0.005,0.05,1e-06,0.2,1.05,0.7,60,20,8,10,0.35,0.375,80.0,1e-12,False,3,4,0.5,True,False,1
2026-10-02T15:36:21+02:00,mem_push__upper,mem_push,upper,0.375,28,Composition,30,3,300000,300000,5895.885898625938,2800.0,3095.8858986259384,65.80047606199514,V4,30,300000,8,0.02,0.005,0.05,1e-06,0.2,1.05,0.7,60,20,8,10,0.35,0.375,80.0,1e-12,False,3,4,0.5,True,False,1
2026-10-02T15:37:28+02:00,mem_push__upper,mem_push,upper,0.375,28,Composition,30,4,300000,300000,7445.900151115338,2800.0,4645.900151115338,66.93950423899514,V4,30,300000,8,0.02,0.005,0.05,1e-06,0.2,1.05,0.7,60,20,8,10,0.35,0.375,80.0,1e-12,False,3,4,0.5,True,False,1
2026-10-02T15:38:20+02:00,mem_push__upper,mem_push,upper,0.375,29,Composition,30,0,300000,300000,19357.543432702816,2900.0,16457.543432702816,51.960518312000204,V4,30,300000,8,0.02,0.005,0.05,1e-06,0.2,1.05,0.7,60,20,8,10,0.35,0.375,80.0,1e-12,False,3,4,0.5,True,False,1
2026-10-02T15:39:13+02:00,mem_push__upper,mem_push,upper,0.375,29,Composition,30,1,300000,300000,21689.47619113083,2900.0,18789.47619113083,53.40296024498821,V4,30,300000,8,0.02,0.005,0.05,1e-06,0.2,1.05,0.7,60,20,8,10,0.35,0.375,80.0,1e-12,False,3,4,0.5,True,False,1
2026-10-02T15:40:06+02:00,mem_push__upper,mem_push,upper,0.375,29,Composition,30,2,300000,300000,17110.16784301579,2900.0,14210.167843015792,52.078571023012046,V4,30,300000,8,0.02,0.005,0.05,1e-06,0.2,1.05,0.7,60,20,8,10,0.35,0.375,80.0,1e-12,False,3,4,0.5,True,False,1
2026-10-02T15:40:57+02:00,mem_push__upper,mem_push,upper,0.375,29,Composition,30,3,300000,300000,19375.800527245883,2900.0,16475.800527245883,51.67698214200209,V4,30,300000,8,0.02,0.005,0.05,1e-06,0.2,1.05,0.7,60,20,8,10,0.35,0.375,80.0,1e-12,False,3,4,0.5,True,False,1
2026-10-02T15:41:50+02:00,mem_push__upper,mem_push,upper,0.375,29,Composition,30,4,300000,300000,20560.529213361788,2900.0,17660.529213361788,52.47915614399244,V4,30,300000,8,0.02,0.005,0.05,1e-06,0.2,1.05,0.7,60,20,8,10,0.35,0.375,80.0,1e-12,False,3,4,0.5,True,False,1
2026-10-02T15:43:31+02:00,mem_push__upper,mem_push,upper,0.375,30,Composition,30,0,300000,300000,35453.72944192619,3000.0,32453.72944192619,100.52931495499797,V4,30,300000,8,0.02,0.005,0.05,1e-06,0.2,1.05,0.7,60,20,8,10,0.35,0.375,80.0,1e-12,False,3,4,0.5,True,False,1
2026-10-02T15:45:11+02:00,mem_push__upper,mem_push,upper,0.375,30,Composition,30,1,300000,300000,19718.759574190735,3000.0,16718.759574190735,100.7255558869947,V4,30,300000,8,0.02,0.005,0.05,1e-06,0.2,1.05,0.7,60,20,8,10,0.35,0.375,80.0,1e-12,False,3,4,0.5,True,False,1
2026-10-02T15:46:51+02:00,mem_push__upper,mem_push,upper,0.375,30,Composition,30,2,300000,300000,19901.661093667357,3000.0,16901.661093667357,99.67854915600037,V4,30,300000,8,0.02,0.005,0.05,1e-06,0.2,1.05,0.7,60,20,8,10,0.35,0.375,80.0,1e-12,False,3,4,0.5,True,False,1
2026-10-02T15:48:31+02:00,mem_push__upper,mem_push,upper,0.375,30,Composition,30,3,300000,300000,31419.50169952056,3000.0,28419.50169952056,100.22990925901104,V4,30,300000,8,0.02,0.005,0.05,1e-06,0.2,1.05,0.7,60,20,8,10,0.35,0.375,80.0,1e-12,False,3,4,0.5,True,False,1
2026-10-02T15:50:11+02:00,mem_push__upper,mem_push,upper,0.375,30,Composition,30,4,300000,300000,55113.29040222947,3000.0,52113.29040222947,99.74958365199564,V4,30,300000,8,0.02,0.005,0.05,1e-06,0.2,1.05,0.7,60,20,8,10,0.35,0.375,80.0,1e-12,False,3,4,0.5,True,False,1
2026-10-02T15:50:19+02:00,gate_stag_scale__lower,gate_stag_scale,lower,40.0,1,Unimodal,30,0,300000,300000,2741168.208490484,100.0,2741068.208490484,7.534042576997308,V4,30,300000,8,0.02,0.005,0.05,1e-06,0.2,1.05,0.7,60,20,8,10,0.35,0.25,40.0,1e-12,False,3,4,0.5,True,False,1
2026-10-02T15:50:26+02:00,gate_stag_scale__lower,gate_stag_scale,lower,40.0,1,Unimodal,30,1,300000,300000,11350728.93235286,100.0,11350628.93235286,7.5071150380099425,V4,30,300000,8,0.02,0.005,0.05,1e-06,0.2,1.05,0.7,60,20,8,10,0.35,0.25,40.0,1e-12,False,3,4,0.5,True,False,1
2026-10-02T15:50:34+02:00,gate_stag_scale__lower,gate_stag_scale,lower,40.0,1,Unimodal,30,2,300000,300000,2217126.769793195,100.0,2217026.769793195,7.651476377999643,V4,30,300000,8,0.02,0.005,0.05,1e-06,0.2,1.05,0.7,60,20,8,10,0.35,0.25,40.0,1e-12,False,3,4,0.5,True,False,1
2026-10-02T15:50:41+02:00,gate_stag_scale__lower,gate_stag_scale,lower,40.0,1,Unimodal,30,3,300000,300000,6550611.091195358,100.0,6550511.091195358,7.267347692002659,V4,30,300000,8,0.02,0.005,0.05,1e-06,0.2,1.05,0.7,60,20,8,10,0.35,0.25,40.0,1e-12,False,3,4,0.5,True,False,1
2026-10-02T15:50:49+02:00,gate_stag_scale__lower,gate_stag_scale,lower,40.0,1,Unimodal,30,4,300000,300000,8549226.386275357,100.0,8549126.386275357,7.413992467991193,V4,30,300000,8,0.02,0.005,0.05,1e-06,0.2,1.05,0.7,60,20,8,10,0.35,0.25,40.0,1e-12,False,3,4,0.5,True,False,1
2026-10-02T15:50:55+02:00,gate_stag_scale__lower,gate_stag_scale,lower,40.0,2,Unimodal,30,0,300000,300000,622697.106651581,200.0,622497.106651581,6.408231984998565,V4,30,300000,8,0.02,0.005,0.05,1e-06,0.2,1.05,0.7,60,20,8,10,0.35,0.25,40.0,1e-12,False,3,4,0.5,True,False,1
2026-10-02T15:51:02+02:00,gate_stag_scale__lower,gate_stag_scale,lower,40.0,2,Unimodal,30,1,300000,300000,653979.414895236,200.0,653779.414895236,6.510864049007068,V4,30,300000,8,0.02,0.005,0.05,1e-06,0.2,1.05,0.7,60,20,8,10,0.35,0.25,40.0,1e-12,False,3,4,0.5,True,False,1
2026-10-02T15:51:08+02:00,gate_stag_scale__lower,gate_stag_scale,lower,40.0,2,Unimodal,30,2,300000,300000,531713.3129910565,200.0,531513.3129910565,6.431923241994809,V4,30,300000,8,0.02,0.005,0.05,1e-06,0.2,1.05,0.7,60,20,8,10,0.35,0.25,40.0,1e-12,False,3,4,0.5,True,False,1
2026-10-02T15:51:15+02:00,gate_stag_scale__lower,gate_stag_scale,lower,40.0,2,Unimodal,30,3,300000,300000,1207636.4260224726,200.0,1207436.4260224726,6.222114264004631,V4,30,300000,8,0.02,0.005,0.05,1e-06,0.2,1.05,0.7,60,20,8,10,0.35,0.25,40.0,1e-12,False,3,4,0.5,True,False,1
2026-10-02T15:51:21+02:00,gate_stag_scale__lower,gate_stag_scale,lower,40.0,2,Unimodal,30,4,300000,300000,556410.5857836594,200.0,556210.5857836594,6.19243102800101,V4,30,300000,8,0.02,0.005,0.05,1e-06,0.2,1.05,0.7,60,20,8,10,0.35,0.25,40.0,1e-12,False,3,4,0.5,True,False,1
2026-10-02T15:51:27+02:00,gate_stag_scale__lower,gate_stag_scale,lower,40.0,3,Unimodal,30,0,300000,300000,33754.484528410634,300.0,33454.484528410634,6.259757406005519,V4,30,300000,8,0.02,0.005,0.05,1e-06,0.2,1.05,0.7,60,20,8,10,0.35,0.25,40.0,1e-12,False,3,4,0.5,True,False,1
2026-10-02T15:51:33+02:00,gate_stag_scale__lower,gate_stag_scale,lower,40.0,3,Unimodal,30,1,300000,300000,1670.3269126806026,300.0,1370.3269126806026,6.399608437990537,V4,30,300000,8,0.02,0.005,0.05,1e-06,0.2,1.05,0.7,60,20,8,10,0.35,0.25,40.0,1e-12,False,3,4,0.5,True,False,1
2026-10-02T15:51:40+02:00,gate_stag_scale__lower,gate_stag_scale,lower,40.0,3,Unimodal,30,2,300000,300000,7086.367573026665,300.0,6786.367573026665,6.429883614007849,V4,30,300000,8,0.02,0.005,0.05,1e-06,0.2,1.05,0.7,60,20,8,10,0.35,0.25,40.0,1e-12,False,3,4,0.5,True,False,1
2026-10-02T15:51:47+02:00,gate_stag_scale__lower,gate_stag_scale,lower,40.0,3,Unimodal,30,3,300000,300000,35768.58362086585,300.0,35468.58362086585,6.65229562400782,V4,30,300000,8,0.02,0.005,0.05,1e-06,0.2,1.05,0.7,60,20,8,10,0.35,0.25,40.0,1e-12,False,3,4,0.5,True,False,1
2026-10-02T15:51:53+02:00,gate_stag_scale__lower,gate_stag_scale,lower,40.0,3,Unimodal,30,4,300000,300000,4264.339611955849,300.0,3964.3396119558493,6.571804356994107,V4,30,300000,8,0.02,0.005,0.05,1e-06,0.2,1.05,0.7,60,20,8,10,0.35,0.25,40.0,1e-12,False,3,4,0.5,True,False,1
2026-10-02T15:52:01+02:00,gate_stag_scale__lower,gate_stag_scale,lower,40.0,4,Multimodal,30,0,300000,300000,403.57306407728873,400.0,3.573064077288734,7.497214338989579,V4,30,300000,8,0.02,0.005,0.05,1e-06,0.2,1.05,0.7,60,20,8,10,0.35,0.25,40.0,1e-12,False,3,4,0.5,True,False,1
2026-10-02T15:52:08+02:00,gate_stag_scale__lower,gate_stag_scale,lower,40.0,4,Multimodal,30,1,300000,300000,472.99343765182493,400.0,72.99343765182493,7.532973043998936,V4,30,300000,8,0.02,0.005,0.05,1e-06,0.2,1.05,0.7,60,20,8,10,0.35,0.25,40.0,1e-12,False,3,4,0.5,True,False,1
2026-10-02T15:52:16+02:00,gate_stag_scale__lower,gate_stag_scale,lower,40.0,4,Multimodal,30,2,300000,300000,467.6636457023444,400.0,67.66364570234441,7.683415007995791,V4,30,300000,8,0.02,0.005,0.05,1e-06,0.2,1.05,0.7,60,20,8,10,0.35,0.25,40.0,1e-12,False,3,4,0.5,True,False,1
2026-10-02T15:52:24+02:00,gate_stag_scale__lower,gate_stag_scale,lower,40.0,4,Multimodal,30,3,300000,300000,476.1293734244139,400.0,76.12937342441393,7.619732530001784,V4,30,300000,8,0.02,0.005,0.05,1e-06,0.2,1.05,0.7,60,20,8,10,0.35,0.25,40.0,1e-12,False,3,4,0.5,True,False,1
2026-10-02T15:52:31+02:00,gate_stag_scale__lower,gate_stag_scale,lower,40.0,4,Multimodal,30,4,300000,300000,472.180913498382,400.0,72.18091349838198,7.35941588699643,V4,30,300000,8,0.02,0.005,0.05,1e-06,0.2,1.05,0.7,60,20,8,10,0.35,0.25,40.0,1e-12,False,3,4,0.5,True,False,1
2026-10-02T15:52:39+02:00,gate_stag_scale__lower,gate_stag_scale,lower,40.0,5,Multimodal,30,0,300000,300000,521.2587655705527,500.0,21.25876557055267,7.392364888000884,V4,30,300000,8,0.02,0.005,0.05,1e-06,0.2,1.05,0.7,60,20,8,10,0.35,0.25,40.0,1e-12,False,3,4,0.5,True,False,1
2026-10-02T15:52:46+02:00,gate_stag_scale__lower,gate_stag_scale,lower,40.0,5,Multimodal,30,1,300000,300000,521.3874745918165,500.0,21.3874745918165,7.143174847995397,V4,30,300000,8,0.02,0.005,0.05,1e-06,0.2,1.05,0.7,60,20,8,10,0.35,0.25,40.0,1e-12,False,3,4,0.5,True,False,1
2026-10-02T15:52:53+02:00,gate_stag_scale__lower,gate_stag_scale,lower,40.0,5,Multimodal,30,2,300000,300000,521.1953937601036,500.0,21.19539376010357,7.32371261199296,V4,30,300000,8,0.02,0.005,0.05,1e-06,0.2,1.05,0.7,60,20,8,10,0.35,0.25,40.0,1e-12,False,3,4,0.5,True,False,1
2026-10-02T15:53:01+02:00,gate_stag_scale__lower,gate_stag_scale,lower,40.0,5,Multimodal,30,3,300000,300000,521.4661859904601,500.0,21.466185990460076,7.3769701330020325,V4,30,300000,8,0.02,0.005,0.05,1e-06,0.2,1.05,0.7,60,20,8,10,0.35,0.25,40.0,1e-12,False,3,4,0.5,True,False,1
2026-10-02T15:53:08+02:00,gate_stag_scale__lower,gate_stag_scale,lower,40.0,5,Multimodal,30,4,300000,300000,521.1867240811771,500.0,21.18672408117709,7.523300613000174,V4,30,300000,8,0.02,0.005,0.05,1e-06,0.2,1.05,0.7,60,20,8,10,0.35,0.25,40.0,1e-12,False,3,4,0.5,True,False,1
2026-10-02T15:54:36+02:00,gate_stag_scale__lower,gate_stag_scale,lower,40.0,6,Multimodal,30,0,300000,300000,638.7557423243563,600.0,38.75574232435633,87.64935533700918,V4,30,300000,8,0.02,0.005,0.05,1e-06,0.2,1.05,0.7,60,20,8,10,0.35,0.25,40.0,1e-12,False,3,4,0.5,True,False,1
2026-10-02T15:56:02+02:00,gate_stag_scale__lower,gate_stag_scale,lower,40.0,6,Multimodal,30,1,300000,300000,635.703591660262,600.0,35.703591660261964,86.20589970699803,V4,30,300000,8,0.02,0.005,0.05,1e-06,0.2,1.05,0.7,60,20,8,10,0.35,0.25,40.0,1e-12,False,3,4,0.5,True,False,1
2026-10-02T15:57:28+02:00,gate_stag_scale__lower,gate_stag_scale,lower,40.0,6,Multimodal,30,2,300000,300000,636.1000089706168,600.0,36.10000897061684,86.0964908189926,V4,30,300000,8,0.02,0.005,0.05,1e-06,0.2,1.05,0.7,60,20,8,10,0.35,0.25,40.0,1e-12,False,3,4,0.5,True,False,1
2026-10-02T15:58:54+02:00,gate_stag_scale__lower,gate_stag_scale,lower,40.0,6,Multimodal,30,3,300000,300000,631.5048597842339,600.0,31.504859784233872,85.81394519000605,V4,30,300000,8,0.02,0.005,0.05,1e-06,0.2,1.05,0.7,60,20,8,10,0.35,0.25,40.0,1e-12,False,3,4,0.5,True,False,1
2026-10-02T16:00:20+02:00,gate_stag_scale__lower,gate_stag_scale,lower,40.0,6,Multimodal,30,4,300000,300000,640.9321101615308,600.0,40.93211016153077,86.2787254480063,V4,30,300000,8,0.02,0.005,0.05,1e-06,0.2,1.05,0.7,60,20,8,10,0.35,0.25,40.0,1e-12,False,3,4,0.5,True,False,1
2026-10-02T16:00:28+02:00,gate_stag_scale__lower,gate_stag_scale,lower,40.0,7,Multimodal,30,0,300000,300000,700.512099690435,700.0,0.5120996904349795,7.596478624996962,V4,30,300000,8,0.02,0.005,0.05,1e-06,0.2,1.05,0.7,60,20,8,10,0.35,0.25,40.0,1e-12,False,3,4,0.5,True,False,1
2026-10-02T16:00:36+02:00,gate_stag_scale__lower,gate_stag_scale,lower,40.0,7,Multimodal,30,1,300000,300000,700.6857744420838,700.0,0.6857744420838117,7.538055964992964,V4,30,300000,8,0.02,0.005,0.05,1e-06,0.2,1.05,0.7,60,20,8,10,0.35,0.25,40.0,1e-12,False,3,4,0.5,True,False,1
2026-10-02T16:00:43+02:00,gate_stag_scale__lower,gate_stag_scale,lower,40.0,7,Multimodal,30,2,300000,300000,700.1856288198042,700.0,0.18562881980415114,7.836594740001601,V4,30,300000,8,0.02,0.005,0.05,1e-06,0.2,1.05,0.7,60,20,8,10,0.35,0.25,40.0,1e-12,False,3,4,0.5,True,False,1
2026-10-02T16:00:51+02:00,gate_stag_scale__lower,gate_stag_scale,lower,40.0,7,Multimodal,30,3,300000,300000,700.1912176910913,700.0,0.19121769109131037,7.37427370599471,V4,30,300000,8,0.02,0.005,0.05,1e-06,0.2,1.05,0.7,60,20,8,10,0.35,0.25,40.0,1e-12,False,3,4,0.5,True,False,1
2026-10-02T16:00:59+02:00,gate_stag_scale__lower,gate_stag_scale,lower,40.0,7,Multimodal,30,4,300000,300000,700.0932836678691,700.0,0.09328366786905917,7.791243517989642,V4,30,300000,8,0.02,0.005,0.05,1e-06,0.2,1.05,0.7,60,20,8,10,0.35,0.25,40.0,1e-12,False,3,4,0.5,True,False,1
2026-10-02T16:01:06+02:00,gate_stag_scale__lower,gate_stag_scale,lower,40.0,8,Multimodal,30,0,300000,300000,1065.435612970436,800.0,265.43561297043607,7.015023514992208,V4,30,300000,8,0.02,0.005,0.05,1e-06,0.2,1.05,0.7,60,20,8,10,0.35,0.25,40.0,1e-12,False,3,4,0.5,True,False,1
2026-10-02T16:01:13+02:00,gate_stag_scale__lower,gate_stag_scale,lower,40.0,8,Multimodal,30,1,300000,300000,1097.158866718442,800.0,297.1588667184419,7.414925425997353,V4,30,300000,8,0.02,0.005,0.05,1e-06,0.2,1.05,0.7,60,20,8,10,0.35,0.25,40.0,1e-12,False,3,4,0.5,True,False,1
2026-10-02T16:01:20+02:00,gate_stag_scale__lower,gate_stag_scale,lower,40.0,8,Multimodal,30,2,300000,300000,1088.678543113197,800.0,288.67854311319707,7.207143624997116,V4,30,300000,8,0.02,0.005,0.05,1e-06,0.2,1.05,0.7,60,20,8,10,0.35,0.25,40.0,1e-12,False,3,4,0.5,True,False,1
2026-10-02T16:01:28+02:00,gate_stag_scale__lower,gate_stag_scale,lower,40.0,8,Multimodal,30,3,300000,300000,1080.8170406730683,800.0,280.8170406730683,7.310048727988033,V4,30,300000,8,0.02,0.005,0.05,1e-06,0.2,1.05,0.7,60,20,8,10,0.35,0.25,40.0,1e-12,False,3,4,0.5,True,False,1
2026-10-02T16:01:35+02:00,gate_stag_scale__lower,gate_stag_scale,lower,40.0,8,Multimodal,30,4,300000,300000,1115.392476946016,800.0,315.3924769460159,7.162874298999668,V4,30,300000,8,0.02,0.005,0.05,1e-06,0.2,1.05,0.7,60,20,8,10,0.35,0.25,40.0,1e-12,False,3,4,0.5,True,False,1
2026-10-02T16:01:42+02:00,gate_stag_scale__lower,gate_stag_scale,lower,40.0,9,Multimodal,30,0,300000,300000,1369.8145249113682,900.0,469.81452491136815,7.4648660689999815,V4,30,300000,8,0.02,0.005,0.05,1e-06,0.2,1.05,0.7,60,20,8,10,0.35,0.25,40.0,1e-12,False,3,4,0.5,True,False,1
2026-10-02T16:01:50+02:00,gate_stag_scale__lower,gate_stag_scale,lower,40.0,9,Multimodal,30,1,300000,300000,1186.78806405673,900.0,286.78806405673004,7.286777005996555,V4,30,300000,8,0.02,0.005,0.05,1e-06,0.2,1.05,0.7,60,20,8,10,0.35,0.25,40.0,1e-12,False,3,4,0.5,True,False,1
2026-10-02T16:01:57+02:00,gate_stag_scale__lower,gate_stag_scale,lower,40.0,9,Multimodal,30,2,300000,300000,1346.2256764540566,900.0,446.2256764540566,7.466427268998814,V4,30,300000,8,0.02,0.005,0.05,1e-06,0.2,1.05,0.7,60,20,8,10,0.35,0.25,40.0,1e-12,False,3,4,0.5,True,False,1
2026-10-02T16:02:04+02:00,gate_stag_scale__lower,gate_stag_scale,lower,40.0,9,Multimodal,30,3,300000,300000,1317.519949679035,900.0,417.5199496790351,7.173311342994566,V4,30,300000,8,0.02,0.005,0.05,1e-06,0.2,1.05,0.7,60,20,8,10,0.35,0.25,40.0,1e-12,False,3,4,0.5,True,False,1
2026-10-02T16:02:12+02:00,gate_stag_scale__lower,gate_stag_scale,lower,40.0,9,Multimodal,30,4,300000,300000,1209.1580794081217,900.0,309.1580794081217,7.322394085989799,V4,30,300000,8,0.02,0.005,0.05,1e-06,0.2,1.05,0.7,60,20,8,10,0.35,0.25,40.0,1e-12,False,3,4,0.5,True,False,1
2026-10-02T16:02:25+02:00,gate_stag_scale__lower,gate_stag_scale,lower,40.0,10,Multimodal,30,0,300000,300000,4094.057994883746,1000.0,3094.057994883746,12.757861187987146,V4,30,300000,8,0.02,0.005,0.05,1e-06,0.2,1.05,0.7,60,20,8,10,0.35,0.25,40.0,1e-12,False,3,4,0.5,True,False,1
2026-10-02T16:02:37+02:00,gate_stag_scale__lower,gate_stag_scale,lower,40.0,10,Multimodal,30,1,300000,300000,4249.741568483194,1000.0,3249.741568483194,12.237940302002244,V4,30,300000,8,0.02,0.005,0.05,1e-06,0.2,1.05,0.7,60,20,8,10,0.35,0.25,40.0,1e-12,False,3,4,0.5,True,False,1
2026-10-02T16:02:49+02:00,gate_stag_scale__lower,gate_stag_scale,lower,40.0,10,Multimodal,30,2,300000,300000,4287.075875993411,1000.0,3287.0758759934106,12.597881483001402,V4,30,300000,8,0.02,0.005,0.05,1e-06,0.2,1.05,0.7,60,20,8,10,0.35,0.25,40.0,1e-12,False,3,4,0.5,True,False,1
2026-10-02T16:03:02+02:00,gate_stag_scale__lower,gate_stag_scale,lower,40.0,10,Multimodal,30,3,300000,300000,4333.29514766291,1000.0,3333.2951476629096,12.66661409700464,V4,30,300000,8,0.02,0.005,0.05,1e-06,0.2,1.05,0.7,60,20,8,10,0.35,0.25,40.0,1e-12,False,3,4,0.5,True,False,1
2026-10-02T16:03:15+02:00,gate_stag_scale__lower,gate_stag_scale,lower,40.0,10,Multimodal,30,4,300000,300000,3890.541606436658,1000.0,2890.541606436658,12.765237236992107,V4,30,300000,8,0.02,0.005,0.05,1e-06,0.2,1.05,0.7,60,20,8,10,0.35,0.25,40.0,1e-12,False,3,4,0.5,True,False,1
2026-10-02T16:03:28+02:00,gate_stag_scale__lower,gate_stag_scale,lower,40.0,11,Multimodal,30,0,300000,300000,4776.333000504981,1100.0,3676.333000504981,12.733018356011598,V4,30,300000,8,0.02,0.005,0.05,1e-06,0.2,1.05,0.7,60,20,8,10,0.35,0.25,40.0,1e-12,False,3,4,0.5,True,False,1
2026-10-02T16:03:40+02:00,gate_stag_scale__lower,gate_stag_scale,lower,40.0,11,Multimodal,30,1,300000,300000,5174.825574204133,1100.0,4074.825574204133,12.62368366100418,V4,30,300000,8,0.02,0.005,0.05,1e-06,0.2,1.05,0.7,60,20,8,10,0.35,0.25,40.0,1e-12,False,3,4,0.5,True,False,1
2026-10-02T16:03:53+02:00,gate_stag_scale__lower,gate_stag_scale,lower,40.0,11,Multimodal,30,2,300000,300000,4774.6325760210275,1100.0,3674.6325760210275,12.845911475989851,V4,30,300000,8,0.02,0.005,0.05,1e-06,0.2,1.05,0.7,60,20,8,10,0.35,0.25,40.0,1e-12,False,3,4,0.5,True,False,1
2026-10-02T16:04:06+02:00,gate_stag_scale__lower,gate_stag_scale,lower,40.0,11,Multimodal,30,3,300000,300000,4706.57789639435,1100.0,3606.5778963943503,13.067882126997574,V4,30,300000,8,0.02,0.005,0.05,1e-06,0.2,1.05,0.7,60,20,8,10,0.35,0.25,40.0,1e-12,False,3,4,0.5,True,False,1
2026-10-02T16:04:19+02:00,gate_stag_scale__lower,gate_stag_scale,lower,40.0,11,Multimodal,30,4,300000,300000,5020.240091814303,1100.0,3920.240091814303,12.59940035600448,V4,30,300000,8,0.02,0.005,0.05,1e-06,0.2,1.05,0.7,60,20,8,10,0.35,0.25,40.0,1e-12,False,3,4,0.5,True,False,1
2026-10-02T16:12:40+02:00,gate_stag_scale__lower,gate_stag_scale,lower,40.0,12,Multimodal,30,0,300000,300000,1200.823592724264,1200.0,0.8235927242640173,501.28577657500864,V4,30,300000,8,0.02,0.005,0.05,1e-06,0.2,1.05,0.7,60,20,8,10,0.35,0.25,40.0,1e-12,False,3,4,0.5,True,False,1
2026-10-02T16:21:04+02:00,gate_stag_scale__lower,gate_stag_scale,lower,40.0,12,Multimodal,30,1,300000,300000,1200.6639956532108,1200.0,0.6639956532108044,503.46102962299483,V4,30,300000,8,0.02,0.005,0.05,1e-06,0.2,1.05,0.7,60,20,8,10,0.35,0.25,40.0,1e-12,False,3,4,0.5,True,False,1
2026-10-02T16:29:22+02:00,gate_stag_scale__lower,gate_stag_scale,lower,40.0,12,Multimodal,30,2,300000,300000,1200.9162274339378,1200.0,0.91622743393782,498.13811564999924,V4,30,300000,8,0.02,0.005,0.05,1e-06,0.2,1.05,0.7,60,20,8,10,0.35,0.25,40.0,1e-12,False,3,4,0.5,True,False,1
2026-10-02T16:37:45+02:00,gate_stag_scale__lower,gate_stag_scale,lower,40.0,12,Multimodal,30,3,300000,300000,1200.6032806326996,1200.0,0.6032806326995797,503.3539038119925,V4,30,300000,8,0.02,0.005,0.05,1e-06,0.2,1.05,0.7,60,20,8,10,0.35,0.25,40.0,1e-12,False,3,4,0.5,True,False,1
2026-10-02T16:46:09+02:00,gate_stag_scale__lower,gate_stag_scale,lower,40.0,12,Multimodal,30,4,300000,300000,1200.755109888185,1200.0,0.7551098881849612,503.7414429950004,V4,30,300000,8,0.02,0.005,0.05,1e-06,0.2,1.05,0.7,60,20,8,10,0.35,0.25,40.0,1e-12,False,3,4,0.5,True,False,1
2026-10-02T16:46:17+02:00,gate_stag_scale__lower,gate_stag_scale,lower,40.0,13,Multimodal,30,0,300000,300000,1300.2783661754197,1300.0,0.27836617541970554,7.54753259899735,V4,30,300000,8,0.02,0.005,0.05,1e-06,0.2,1.05,0.7,60,20,8,10,0.35,0.25,40.0,1e-12,False,3,4,0.5,True,False,1
2026-10-02T16:46:24+02:00,gate_stag_scale__lower,gate_stag_scale,lower,40.0,13,Multimodal,30,1,300000,300000,1300.3327405391847,1300.0,0.3327405391846696,7.291835843992885,V4,30,300000,8,0.02,0.005,0.05,1e-06,0.2,1.05,0.7,60,20,8,10,0.35,0.25,40.0,1e-12,False,3,4,0.5,True,False,1
2026-10-02T16:46:32+02:00,gate_stag_scale__lower,gate_stag_scale,lower,40.0,13,Multimodal,30,2,300000,300000,1300.2567276993414,1300.0,0.2567276993413543,7.546228813997004,V4,30,300000,8,0.02,0.005,0.05,1e-06,0.2,1.05,0.7,60,20,8,10,0.35,0.25,40.0,1e-12,False,3,4,0.5,True,False,1
2026-10-02T16:46:39+02:00,gate_stag_scale__lower,gate_stag_scale,lower,40.0,13,Multimodal,30,3,300000,300000,1300.4867444952756,1300.0,0.4867444952756159,7.6828308120020665,V4,30,300000,8,0.02,0.005,0.05,1e-06,0.2,1.05,0.7,60,20,8,10,0.35,0.25,40.0,1e-12,False,3,4,0.5,True,False,1
2026-10-02T16:46:47+02:00,gate_stag_scale__lower,gate_stag_scale,lower,40.0,13,Multimodal,30,4,300000,300000,1300.3357240918538,1300.0,0.33572409185376273,7.370029603989678,V4,30,300000,8,0.02,0.005,0.05,1e-06,0.2,1.05,0.7,60,20,8,10,0.35,0.25,40.0,1e-12,False,3,4,0.5,True,False,1
2026-10-02T16:46:55+02:00,gate_stag_scale__lower,gate_stag_scale,lower,40.0,14,Multimodal,30,0,300000,300000,1400.4086821052701,1400.0,0.40868210527014526,7.667813747990294,V4,30,300000,8,0.02,0.005,0.05,1e-06,0.2,1.05,0.7,60,20,8,10,0.35,0.25,40.0,1e-12,False,3,4,0.5,True,False,1
2026-10-02T16:47:02+02:00,gate_stag_scale__lower,gate_stag_scale,lower,40.0,14,Multimodal,30,1,300000,300000,1400.4077241781958,1400.0,0.40772417819584916,7.523100643986254,V4,30,300000,8,0.02,0.005,0.05,1e-06,0.2,1.05,0.7,60,20,8,10,0.35,0.25,40.0,1e-12,False,3,4,0.5,True,False,1
2026-10-02T16:47:10+02:00,gate_stag_scale__lower,gate_stag_scale,lower,40.0,14,Multimodal,30,2,300000,300000,1400.3598292614747,1400.0,0.35982926147471517,7.6427043069998035,V4,30,300000,8,0.02,0.005,0.05,1e-06,0.2,1.05,0.7,60,20,8,10,0.35,0.25,40.0,1e-12,False,3,4,0.5,True,False,1
2026-10-02T16:47:17+02:00,gate_stag_scale__lower,gate_stag_scale,lower,40.0,14,Multimodal,30,3,300000,300000,1400.3584847774346,1400.0,0.35848477743456897,7.425347805998172,V4,30,300000,8,0.02,0.005,0.05,1e-06,0.2,1.05,0.7,60,20,8,10,0.35,0.25,40.0,1e-12,False,3,4,0.5,True,False,1
2026-10-02T16:47:25+02:00,gate_stag_scale__lower,gate_stag_scale,lower,40.0,14,Multimodal,30,4,300000,300000,1400.3669332350617,1400.0,0.36693323506165143,7.68255127199518,V4,30,300000,8,0.02,0.005,0.05,1e-06,0.2,1.05,0.7,60,20,8,10,0.35,0.25,40.0,1e-12,False,3,4,0.5,True,False,1
2026-10-02T16:47:34+02:00,gate_stag_scale__lower,gate_stag_scale,lower,40.0,15,Multimodal,30,0,300000,300000,1514.5759454230913,1500.0,14.575945423091298,8.411631777009461,V4,30,300000,8,0.02,0.005,0.05,1e-06,0.2,1.05,0.7,60,20,8,10,0.35,0.25,40.0,1e-12,False,3,4,0.5,True,False,1
2026-10-02T16:47:42+02:00,gate_stag_scale__lower,gate_stag_scale,lower,40.0,15,Multimodal,30,1,300000,300000,1511.619273548828,1500.0,11.619273548828005,8.767974094007513,V4,30,300000,8,0.02,0.005,0.05,1e-06,0.2,1.05,0.7,60,20,8,10,0.35,0.25,40.0,1e-12,False,3,4,0.5,True,False,1
2026-10-02T16:47:51+02:00,gate_stag_scale__lower,gate_stag_scale,lower,40.0,15,Multimodal,30,2,300000,300000,1514.8311534527097,1500.0,14.831153452709714,8.569283536999137,V4,30,300000,8,0.02,0.005,0.05,1e-06,0.2,1.05,0.7,60,20,8,10,0.35,0.25,40.0,1e-12,False,3,4,0.5,True,False,1
2026-10-02T16:47:59+02:00,gate_stag_scale__lower,gate_stag_scale,lower,40.0,15,Multimodal,30,3,300000,300000,1518.392929543867,1500.0,18.392929543867012,8.294209589992533,V4,30,300000,8,0.02,0.005,0.05,1e-06,0.2,1.05,0.7,60,20,8,10,0.35,0.25,40.0,1e-12,False,3,4,0.5,True,False,1
2026-10-02T16:48:08+02:00,gate_stag_scale__lower,gate_stag_scale,lower,40.0,15,Multimodal,30,4,300000,300000,1515.2440985998842,1500.0,15.244098599884182,8.634694329011836,V4,30,300000,8,0.02,0.005,0.05,1e-06,0.2,1.05,0.7,60,20,8,10,0.35,0.25,40.0,1e-12,False,3,4,0.5,True,False,1
2026-10-02T16:48:53+02:00,gate_stag_scale__lower,gate_stag_scale,lower,40.0,16,Multimodal,30,0,300000,300000,1613.2324095828822,1600.0,13.232409582882156,44.70191312399402,V4,30,300000,8,0.02,0.005,0.05,1e-06,0.2,1.05,0.7,60,20,8,10,0.35,0.25,40.0,1e-12,False,3,4,0.5,True,False,1
2026-10-02T16:49:38+02:00,gate_stag_scale__lower,gate_stag_scale,lower,40.0,16,Multimodal,30,1,300000,300000,1613.4952399879046,1600.0,13.495239987904597,44.95641723599692,V4,30,300000,8,0.02,0.005,0.05,1e-06,0.2,1.05,0.7,60,20,8,10,0.35,0.25,40.0,1e-12,False,3,4,0.5,True,False,1
2026-10-02T16:50:22+02:00,gate_stag_scale__lower,gate_stag_scale,lower,40.0,16,Multimodal,30,2,300000,300000,1613.8583747753767,1600.0,13.85837477537666,44.21777702899999,V4,30,300000,8,0.02,0.005,0.05,1e-06,0.2,1.05,0.7,60,20,8,10,0.35,0.25,40.0,1e-12,False,3,4,0.5,True,False,1
2026-10-02T16:51:06+02:00,gate_stag_scale__lower,gate_stag_scale,lower,40.0,16,Multimodal,30,3,300000,300000,1613.632303696748,1600.0,13.632303696748068,44.028900923993206,V4,30,300000,8,0.02,0.005,0.05,1e-06,0.2,1.05,0.7,60,20,8,10,0.35,0.25,40.0,1e-12,False,3,4,0.5,True,False,1
2026-10-02T16:51:50+02:00,gate_stag_scale__lower,gate_stag_scale,lower,40.0,16,Multimodal,30,4,300000,300000,1613.2773041597784,1600.0,13.277304159778396,44.205633111007046,V4,30,300000,8,0.02,0.005,0.05,1e-06,0.2,1.05,0.7,60,20,8,10,0.35,0.25,40.0,1e-12,False,3,4,0.5,True,False,1
2026-10-02T16:52:05+02:00,gate_stag_scale__lower,gate_stag_scale,lower,40.0,17,Hybrid,30,0,300000,300000,107326.05124439804,1700.0,105626.05124439804,14.698291740001878,V4,30,300000,8,0.02,0.005,0.05,1e-06,0.2,1.05,0.7,60,20,8,10,0.35,0.25,40.0,1e-12,False,3,4,0.5,True,False,1
2026-10-02T16:52:20+02:00,gate_stag_scale__lower,gate_stag_scale,lower,40.0,17,Hybrid,30,1,300000,300000,143882.6713972048,1700.0,142182.6713972048,15.198203918000218,V4,30,300000,8,0.02,0.005,0.05,1e-06,0.2,1.05,0.7,60,20,8,10,0.35,0.25,40.0,1e-12,False,3,4,0.5,True,False,1
2026-10-02T16:52:36+02:00,gate_stag_scale__lower,gate_stag_scale,lower,40.0,17,Hybrid,30,2,300000,300000,261544.57739789184,1700.0,259844.57739789184,15.489344140005414,V4,30,300000,8,0.02,0.005,0.05,1e-06,0.2,1.05,0.7,60,20,8,10,0.35,0.25,40.0,1e-12,False,3,4,0.5,True,False,1
2026-10-02T16:52:52+02:00,gate_stag_scale__lower,gate_stag_scale,lower,40.0,17,Hybrid,30,3,300000,300000,311743.1341180516,1700.0,310043.1341180516,15.902528849997907,V4,30,300000,8,0.02,0.005,0.05,1e-06,0.2,1.05,0.7,60,20,8,10,0.35,0.25,40.0,1e-12,False,3,4,0.5,True,False,1
2026-10-02T16:53:07+02:00,gate_stag_scale__lower,gate_stag_scale,lower,40.0,17,Hybrid,30,4,300000,300000,116074.08363226571,1700.0,114374.08363226571,15.148807293997379,V4,30,300000,8,0.02,0.005,0.05,1e-06,0.2,1.05,0.7,60,20,8,10,0.35,0.25,40.0,1e-12,False,3,4,0.5,True,False,1
2026-10-02T16:53:17+02:00,gate_stag_scale__lower,gate_stag_scale,lower,40.0,18,Hybrid,30,0,300000,300000,88521.49222525998,1800.0,86721.49222525998,9.61222095300036,V4,30,300000,8,0.02,0.005,0.05,1e-06,0.2,1.05,0.7,60,20,8,10,0.35,0.25,40.0,1e-12,False,3,4,0.5,True,False,1
2026-10-02T16:53:26+02:00,gate_stag_scale__lower,gate_stag_scale,lower,40.0,18,Hybrid,30,1,300000,300000,73806.16821643992,1800.0,72006.16821643992,9.398354627002846,V4,30,300000,8,0.02,0.005,0.05,1e-06,0.2,1.05,0.7,60,20,8,10,0.35,0.25,40.0,1e-12,False,3,4,0.5,True,False,1
2026-10-02T16:53:35+02:00,gate_stag_scale__lower,gate_stag_scale,lower,40.0,18,Hybrid,30,2,300000,300000,122265.85593454668,1800.0,120465.85593454668,9.28485943900887,V4,30,300000,8,0.02,0.005,0.05,1e-06,0.2,1.05,0.7,60,20,8,10,0.35,0.25,40.0,1e-12,False,3,4,0.5,True,False,1
2026-10-02T16:53:45+02:00,gate_stag_scale__lower,gate_stag_scale,lower,40.0,18,Hybrid,30,3,300000,300000,47461.30564882302,1800.0,45661.30564882302,9.454955029999837,V4,30,300000,8,0.02,0.005,0.05,1e-06,0.2,1.05,0.7,60,20,8,10,0.35,0.25,40.0,1e-12,False,3,4,0.5,True,False,1
2026-10-02T16:53:55+02:00,gate_stag_scale__lower,gate_stag_scale,lower,40.0,18,Hybrid,30,4,300000,300000,60612.68290118062,1800.0,58812.68290118062,9.681084242998622,V4,30,300000,8,0.02,0.005,0.05,1e-06,0.2,1.05,0.7,60,20,8,10,0.35,0.25,40.0,1e-12,False,3,4,0.5,True,False,1
2026-10-02T16:54:27+02:00,gate_stag_scale__lower,gate_stag_scale,lower,40.0,19,Hybrid,30,0,300000,300000,1932.4272614501056,1900.0,32.42726145010556,31.843627462003496,V4,30,300000,8,0.02,0.005,0.05,1e-06,0.2,1.05,0.7,60,20,8,10,0.35,0.25,40.0,1e-12,False,3,4,0.5,True,False,1
2026-10-02T16:54:59+02:00,gate_stag_scale__lower,gate_stag_scale,lower,40.0,19,Hybrid,30,1,300000,300000,1931.1600363451237,1900.0,31.16003634512367,32.667112436000025,V4,30,300000,8,0.02,0.005,0.05,1e-06,0.2,1.05,0.7,60,20,8,10,0.35,0.25,40.0,1e-12,False,3,4,0.5,True,False,1
2026-10-02T16:55:32+02:00,gate_stag_scale__lower,gate_stag_scale,lower,40.0,19,Hybrid,30,2,300000,300000,1939.1191284422093,1900.0,39.11912844220933,32.45115334200091,V4,30,300000,8,0.02,0.005,0.05,1e-06,0.2,1.05,0.7,60,20,8,10,0.35,0.25,40.0,1e-12,False,3,4,0.5,True,False,1
2026-10-02T16:56:04+02:00,gate_stag_scale__lower,gate_stag_scale,lower,40.0,19,Hybrid,30,3,300000,300000,1934.188139623773,1900.0,34.18813962377294,32.13315385900205,V4,30,300000,8,0.02,0.005,0.05,1e-06,0.2,1.05,0.7,60,20,8,10,0.35,0.25,40.0,1e-12,False,3,4,0.5,True,False,1
2026-10-02T16:56:36+02:00,gate_stag_scale__lower,gate_stag_scale,lower,40.0,19,Hybrid,30,4,300000,300000,1936.9579264163601,1900.0,36.957926416360124,32.46503746700182,V4,30,300000,8,0.02,0.005,0.05,1e-06,0.2,1.05,0.7,60,20,8,10,0.35,0.25,40.0,1e-12,False,3,4,0.5,True,False,1
2026-10-02T16:56:49+02:00,gate_stag_scale__lower,gate_stag_scale,lower,40.0,20,Hybrid,30,0,300000,300000,12039.201581932817,2000.0,10039.201581932817,12.058679877998657,V4,30,300000,8,0.02,0.005,0.05,1e-06,0.2,1.05,0.7,60,20,8,10,0.35,0.25,40.0,1e-12,False,3,4,0.5,True,False,1
2026-10-02T16:57:01+02:00,gate_stag_scale__lower,gate_stag_scale,lower,40.0,20,Hybrid,30,1,300000,300000,29410.731625007174,2000.0,27410.731625007174,11.997464501007926,V4,30,300000,8,0.02,0.005,0.05,1e-06,0.2,1.05,0.7,60,20,8,10,0.35,0.25,40.0,1e-12,False,3,4,0.5,True,False,1
2026-10-02T16:57:12+02:00,gate_stag_scale__lower,gate_stag_scale,lower,40.0,20,Hybrid,30,2,300000,300000,32156.24568219383,2000.0,30156.24568219383,11.818798180000158,V4,30,300000,8,0.02,0.005,0.05,1e-06,0.2,1.05,0.7,60,20,8,10,0.35,0.25,40.0,1e-12,False,3,4,0.5,True,False,1
2026-10-02T16:57:25+02:00,gate_stag_scale__lower,gate_stag_scale,lower,40.0,20,Hybrid,30,3,300000,300000,36683.24082619723,2000.0,34683.24082619723,12.016486456996063,V4,30,300000,8,0.02,0.005,0.05,1e-06,0.2,1.05,0.7,60,20,8,10,0.35,0.25,40.0,1e-12,False,3,4,0.5,True,False,1
2026-10-02T16:57:37+02:00,gate_stag_scale__lower,gate_stag_scale,lower,40.0,20,Hybrid,30,4,300000,300000,34890.72642294407,2000.0,32890.72642294407,12.331728411998483,V4,30,300000,8,0.02,0.005,0.05,1e-06,0.2,1.05,0.7,60,20,8,10,0.35,0.25,40.0,1e-12,False,3,4,0.5,True,False,1
2026-10-02T16:58:00+02:00,gate_stag_scale__lower,gate_stag_scale,lower,40.0,21,Hybrid,30,0,300000,300000,64298.4398150458,2100.0,62198.4398150458,22.730535223003244,V4,30,300000,8,0.02,0.005,0.05,1e-06,0.2,1.05,0.7,60,20,8,10,0.35,0.25,40.0,1e-12,False,3,4,0.5,True,False,1
2026-10-02T16:58:22+02:00,gate_stag_scale__lower,gate_stag_scale,lower,40.0,21,Hybrid,30,1,300000,300000,52760.243720968814,2100.0,50660.243720968814,22.76331763100461,V4,30,300000,8,0.02,0.005,0.05,1e-06,0.2,1.05,0.7,60,20,8,10,0.35,0.25,40.0,1e-12,False,3,4,0.5,True,False,1
2026-10-02T16:58:45+02:00,gate_stag_scale__lower,gate_stag_scale,lower,40.0,21,Hybrid,30,2,300000,300000,56268.84841599284,2100.0,54168.84841599284,22.777998104007565,V4,30,300000,8,0.02,0.005,0.05,1e-06,0.2,1.05,0.7,60,20,8,10,0.35,0.25,40.0,1e-12,False,3,4,0.5,True,False,1
2026-10-02T16:59:08+02:00,gate_stag_scale__lower,gate_stag_scale,lower,40.0,21,Hybrid,30,3,300000,300000,45720.47910195213,2100.0,43620.47910195213,22.607295933004934,V4,30,300000,8,0.02,0.005,0.05,1e-06,0.2,1.05,0.7,60,20,8,10,0.35,0.25,40.0,1e-12,False,3,4,0.5,True,False,1
2026-10-02T16:59:30+02:00,gate_stag_scale__lower,gate_stag_scale,lower,40.0,21,Hybrid,30,4,300000,300000,35890.27576156943,2100.0,33790.27576156943,22.35043945199868,V4,30,300000,8,0.02,0.005,0.05,1e-06,0.2,1.05,0.7,60,20,8,10,0.35,0.25,40.0,1e-12,False,3,4,0.5,True,False,1
2026-10-02T17:00:41+02:00,gate_stag_scale__lower,gate_stag_scale,lower,40.0,22,Hybrid,30,0,300000,300000,3051.364867048086,2200.0,851.3648670480861,70.14287309598876,V4,30,300000,8,0.02,0.005,0.05,1e-06,0.2,1.05,0.7,60,20,8,10,0.35,0.25,40.0,1e-12,False,3,4,0.5,True,False,1
2026-10-02T17:01:52+02:00,gate_stag_scale__lower,gate_stag_scale,lower,40.0,22,Hybrid,30,1,300000,300000,2403.4943284022856,2200.0,203.49432840228565,71.15921617700951,V4,30,300000,8,0.02,0.005,0.05,1e-06,0.2,1.05,0.7,60,20,8,10,0.35,0.25,40.0,1e-12,False,3,4,0.5,True,False,1
2026-10-02T17:03:02+02:00,gate_stag_scale__lower,gate_stag_scale,lower,40.0,22,Hybrid,30,2,300000,300000,2958.921763425741,2200.0,758.9217634257411,69.80743749400426,V4,30,300000,8,0.02,0.005,0.05,1e-06,0.2,1.05,0.7,60,20,8,10,0.35,0.25,40.0,1e-12,False,3,4,0.5,True,False,1
2026-10-02T17:04:12+02:00,gate_stag_scale__lower,gate_stag_scale,lower,40.0,22,Hybrid,30,3,300000,300000,2532.694921452694,2200.0,332.69492145269396,70.25103355699684,V4,30,300000,8,0.02,0.005,0.05,1e-06,0.2,1.05,0.7,60,20,8,10,0.35,0.25,40.0,1e-12,False,3,4,0.5,True,False,1
2026-10-02T17:05:22+02:00,gate_stag_scale__lower,gate_stag_scale,lower,40.0,22,Hybrid,30,4,300000,300000,2630.0913346453126,2200.0,430.0913346453126,69.89528570399852,V4,30,300000,8,0.02,0.005,0.05,1e-06,0.2,1.05,0.7,60,20,8,10,0.35,0.25,40.0,1e-12,False,3,4,0.5,True,False,1
2026-10-02T17:05:40+02:00,gate_stag_scale__lower,gate_stag_scale,lower,40.0,23,Composition,30,0,300000,300000,2522.8628621671705,2300.0,222.86286216717053,18.444632116996218,V4,30,300000,8,0.02,0.005,0.05,1e-06,0.2,1.05,0.7,60,20,8,10,0.35,0.25,40.0,1e-12,False,3,4,0.5,True,False,1
2026-10-02T17:05:59+02:00,gate_stag_scale__lower,gate_stag_scale,lower,40.0,23,Composition,30,1,300000,300000,2522.863225632132,2300.0,222.86322563213207,18.49182715099596,V4,30,300000,8,0.02,0.005,0.05,1e-06,0.2,1.05,0.7,60,20,8,10,0.35,0.25,40.0,1e-12,False,3,4,0.5,True,False,1
2026-10-02T17:06:17+02:00,gate_stag_scale__lower,gate_stag_scale,lower,40.0,23,Composition,30,2,300000,300000,2522.8653661160624,2300.0,222.86536611606243,18.311014827995677,V4,30,300000,8,0.02,0.005,0.05,1e-06,0.2,1.05,0.7,60,20,8,10,0.35,0.25,40.0,1e-12,False,3,4,0.5,True,False,1
2026-10-02T17:06:36+02:00,gate_stag_scale__lower,gate_stag_scale,lower,40.0,23,Composition,30,3,300000,300000,2522.8688824987294,2300.0,222.86888249872936,18.229201592999743,V4,30,300000,8,0.02,0.005,0.05,1e-06,0.2,1.05,0.7,60,20,8,10,0.35,0.25,40.0,1e-12,False,3,4,0.5,True,False,1
2026-10-02T17:06:54+02:00,gate_stag_scale__lower,gate_stag_scale,lower,40.0,23,Composition,30,4,300000,300000,2522.858536619727,2300.0,222.85853661972715,18.394964467006503,V4,30,300000,8,0.02,0.005,0.05,1e-06,0.2,1.05,0.7,60,20,8,10,0.35,0.25,40.0,1e-12,False,3,4,0.5,True,False,1
2026-10-02T17:07:15+02:00,gate_stag_scale__lower,gate_stag_scale,lower,40.0,24,Composition,30,0,300000,300000,2628.0062594531882,2400.0,228.00625945318825,20.756003595000948,V4,30,300000,8,0.02,0.005,0.05,1e-06,0.2,1.05,0.7,60,20,8,10,0.35,0.25,40.0,1e-12,False,3,4,0.5,True,False,1
2026-10-02T17:07:36+02:00,gate_stag_scale__lower,gate_stag_scale,lower,40.0,24,Composition,30,1,300000,300000,2627.732097987361,2400.0,227.73209798736116,20.705144724008278,V4,30,300000,8,0.02,0.005,0.05,1e-06,0.2,1.05,0.7,60,20,8,10,0.35,0.25,40.0,1e-12,False,3,4,0.5,True,False,1
2026-10-02T17:07:57+02:00,gate_stag_scale__lower,gate_stag_scale,lower,40.0,24,Composition,30,2,300000,300000,2631.1070407233065,2400.0,231.10704072330645,21.149357303002034,V4,30,300000,8,0.02,0.005,0.05,1e-06,0.2,1.05,0.7,60,20,8,10,0.35,0.25,40.0,1e-12,False,3,4,0.5,True,False,1
2026-10-02T17:08:18+02:00,gate_stag_scale__lower,gate_stag_scale,lower,40.0,24,Composition,30,3,300000,300000,2630.2684387735594,2400.0,230.2684387735594,21.093026514005032,V4,30,300000,8,0.02,0.005,0.05,1e-06,0.2,1.05,0.7,60,20,8,10,0.35,0.25,40.0,1e-12,False,3,4,0.5,True,False,1
2026-10-02T17:08:39+02:00,gate_stag_scale__lower,gate_stag_scale,lower,40.0,24,Composition,30,4,300000,300000,2627.565573827758,2400.0,227.56557382775782,21.2785715850041,V4,30,300000,8,0.02,0.005,0.05,1e-06,0.2,1.05,0.7,60,20,8,10,0.35,0.25,40.0,1e-12,False,3,4,0.5,True,False,1
2026-10-02T17:09:00+02:00,gate_stag_scale__lower,gate_stag_scale,lower,40.0,25,Composition,30,0,300000,300000,2714.344714383018,2500.0,214.34471438301807,20.973870351997903,V4,30,300000,8,0.02,0.005,0.05,1e-06,0.2,1.05,0.7,60,20,8,10,0.35,0.25,40.0,1e-12,False,3,4,0.5,True,False,1
2026-10-02T17:09:21+02:00,gate_stag_scale__lower,gate_stag_scale,lower,40.0,25,Composition,30,1,300000,300000,2715.0015120662933,2500.0,215.00151206629334,20.972945999004878,V4,30,300000,8,0.02,0.005,0.05,1e-06,0.2,1.05,0.7,60,20,8,10,0.35,0.25,40.0,1e-12,False,3,4,0.5,True,False,1
2026-10-02T17:09:43+02:00,gate_stag_scale__lower,gate_stag_scale,lower,40.0,25,Composition,30,2,300000,300000,2720.8090898958717,2500.0,220.8090898958717,21.22059409999929,V4,30,300000,8,0.02,0.005,0.05,1e-06,0.2,1.05,0.7,60,20,8,10,0.35,0.25,40.0,1e-12,False,3,4,0.5,True,False,1
2026-10-02T17:10:04+02:00,gate_stag_scale__lower,gate_stag_scale,lower,40.0,25,Composition,30,3,300000,300000,2718.58963245286,2500.0,218.58963245285986,21.2677949469944,V4,30,300000,8,0.02,0.005,0.05,1e-06,0.2,1.05,0.7,60,20,8,10,0.35,0.25,40.0,1e-12,False,3,4,0.5,True,False,1
2026-10-02T17:10:25+02:00,gate_stag_scale__lower,gate_stag_scale,lower,40.0,25,Composition,30,4,300000,300000,2723.884372949013,2500.0,223.88437294901314,20.95084775799478,V4,30,300000,8,0.02,0.005,0.05,1e-06,0.2,1.05,0.7,60,20,8,10,0.35,0.25,40.0,1e-12,False,3,4,0.5,True,False,1
2026-10-02T17:12:12+02:00,gate_stag_scale__lower,gate_stag_scale,lower,40.0,26,Composition,30,0,300000,300000,2800.245770877306,2600.0,200.24577087730586,106.93183838200639,V4,30,300000,8,0.02,0.005,0.05,1e-06,0.2,1.05,0.7,60,20,8,10,0.35,0.25,40.0,1e-12,False,3,4,0.5,True,False,1
2026-10-02T17:13:59+02:00,gate_stag_scale__lower,gate_stag_scale,lower,40.0,26,Composition,30,1,300000,300000,2700.338070256158,2600.0,100.33807025615806,106.7516379019944,V4,30,300000,8,0.02,0.005,0.05,1e-06,0.2,1.05,0.7,60,20,8,10,0.35,0.25,40.0,1e-12,False,3,4,0.5,True,False,1
2026-10-02T17:15:46+02:00,gate_stag_scale__lower,gate_stag_scale,lower,40.0,26,Composition,30,2,300000,300000,2800.113052057451,2600.0,200.1130520574511,106.94641202200728,V4,30,300000,8,0.02,0.005,0.05,1e-06,0.2,1.05,0.7,60,20,8,10,0.35,0.25,40.0,1e-12,False,3,4,0.5,True,False,1
2026-10-02T17:17:34+02:00,gate_stag_scale__lower,gate_stag_scale,lower,40.0,26,Composition,30,3,300000,300000,2800.301230006223,2600.0,200.3012300062228,108.13440468600311,V4,30,300000,8,0.02,0.005,0.05,1e-06,0.2,1.05,0.7,60,20,8,10,0.35,0.25,40.0,1e-12,False,3,4,0.5,True,False,1
2026-10-02T17:19:23+02:00,gate_stag_scale__lower,gate_stag_scale,lower,40.0,26,Composition,30,4,300000,300000,2800.131953894632,2600.0,200.1319538946318,109.02248736200272,V4,30,300000,8,0.02,0.005,0.05,1e-06,0.2,1.05,0.7,60,20,8,10,0.35,0.25,40.0,1e-12,False,3,4,0.5,True,False,1
2026-10-02T17:21:10+02:00,gate_stag_scale__lower,gate_stag_scale,lower,40.0,27,Composition,30,0,300000,300000,3102.896071212377,2700.0,402.89607121237714,106.3910206349974,V4,30,300000,8,0.02,0.005,0.05,1e-06,0.2,1.05,0.7,60,20,8,10,0.35,0.25,40.0,1e-12,False,3,4,0.5,True,False,1
2026-10-02T17:22:59+02:00,gate_stag_scale__lower,gate_stag_scale,lower,40.0,27,Composition,30,1,300000,300000,3107.2092280072634,2700.0,407.2092280072634,108.76747051801067,V4,30,300000,8,0.02,0.005,0.05,1e-06,0.2,1.05,0.7,60,20,8,10,0.35,0.25,40.0,1e-12,False,3,4,0.5,True,False,1
2026-10-02T17:24:45+02:00,gate_stag_scale__lower,gate_stag_scale,lower,40.0,27,Composition,30,2,300000,300000,3104.4157017987377,2700.0,404.4157017987377,106.0803810350044,V4,30,300000,8,0.02,0.005,0.05,1e-06,0.2,1.05,0.7,60,20,8,10,0.35,0.25,40.0,1e-12,False,3,4,0.5,True,False,1
2026-10-02T17:26:33+02:00,gate_stag_scale__lower,gate_stag_scale,lower,40.0,27,Composition,30,3,300000,300000,3104.191126936609,2700.0,404.1911269366092,108.31134068100073,V4,30,300000,8,0.02,0.005,0.05,1e-06,0.2,1.05,0.7,60,20,8,10,0.35,0.25,40.0,1e-12,False,3,4,0.5,True,False,1
2026-10-02T17:28:20+02:00,gate_stag_scale__lower,gate_stag_scale,lower,40.0,27,Composition,30,4,300000,300000,3103.5520004875534,2700.0,403.5520004875534,106.7389045279997,V4,30,300000,8,0.02,0.005,0.05,1e-06,0.2,1.05,0.7,60,20,8,10,0.35,0.25,40.0,1e-12,False,3,4,0.5,True,False,1
2026-10-02T17:29:28+02:00,gate_stag_scale__lower,gate_stag_scale,lower,40.0,28,Composition,30,0,300000,300000,7331.3030276146665,2800.0,4531.3030276146665,67.90444351299084,V4,30,300000,8,0.02,0.005,0.05,1e-06,0.2,1.05,0.7,60,20,8,10,0.35,0.25,40.0,1e-12,False,3,4,0.5,True,False,1
2026-10-02T17:30:35+02:00,gate_stag_scale__lower,gate_stag_scale,lower,40.0,28,Composition,30,1,300000,300000,6608.453949224886,2800.0,3808.453949224886,67.35039727900585,V4,30,300000,8,0.02,0.005,0.05,1e-06,0.2,1.05,0.7,60,20,8,10,0.35,0.25,40.0,1e-12,False,3,4,0.5,True,False,1
2026-10-02T17:31:44+02:00,gate_stag_scale__lower,gate_stag_scale,lower,40.0,28,Composition,30,2,300000,300000,7583.759250558257,2800.0,4783.759250558257,68.11229439098679,V4,30,300000,8,0.02,0.005,0.05,1e-06,0.2,1.05,0.7,60,20,8,10,0.35,0.25,40.0,1e-12,False,3,4,0.5,True,False,1
2026-10-02T17:32:51+02:00,gate_stag_scale__lower,gate_stag_scale,lower,40.0,28,Composition,30,3,300000,300000,6088.2312294569465,2800.0,3288.2312294569465,67.20714004000183,V4,30,300000,8,0.02,0.005,0.05,1e-06,0.2,1.05,0.7,60,20,8,10,0.35,0.25,40.0,1e-12,False,3,4,0.5,True,False,1
2026-10-02T17:33:57+02:00,gate_stag_scale__lower,gate_stag_scale,lower,40.0,28,Composition,30,4,300000,300000,7444.518448207785,2800.0,4644.518448207785,65.86848064798687,V4,30,300000,8,0.02,0.005,0.05,1e-06,0.2,1.05,0.7,60,20,8,10,0.35,0.25,40.0,1e-12,False,3,4,0.5,True,False,1
2026-10-02T17:34:49+02:00,gate_stag_scale__lower,gate_stag_scale,lower,40.0,29,Composition,30,0,300000,300000,20995.597620419772,2900.0,18095.597620419772,51.758996785996715,V4,30,300000,8,0.02,0.005,0.05,1e-06,0.2,1.05,0.7,60,20,8,10,0.35,0.25,40.0,1e-12,False,3,4,0.5,True,False,1
2026-10-02T17:35:42+02:00,gate_stag_scale__lower,gate_stag_scale,lower,40.0,29,Composition,30,1,300000,300000,22117.864691726776,2900.0,19217.864691726776,52.8593793129985,V4,30,300000,8,0.02,0.005,0.05,1e-06,0.2,1.05,0.7,60,20,8,10,0.35,0.25,40.0,1e-12,False,3,4,0.5,True,False,1
2026-10-02T17:36:33+02:00,gate_stag_scale__lower,gate_stag_scale,lower,40.0,29,Composition,30,2,300000,300000,16431.649096438432,2900.0,13531.649096438432,51.298601810995024,V4,30,300000,8,0.02,0.005,0.05,1e-06,0.2,1.05,0.7,60,20,8,10,0.35,0.25,40.0,1e-12,False,3,4,0.5,True,False,1
2026-10-02T17:37:25+02:00,gate_stag_scale__lower,gate_stag_scale,lower,40.0,29,Composition,30,3,300000,300000,10073.113025612509,2900.0,7173.113025612509,51.51842578800279,V4,30,300000,8,0.02,0.005,0.05,1e-06,0.2,1.05,0.7,60,20,8,10,0.35,0.25,40.0,1e-12,False,3,4,0.5,True,False,1
2026-10-02T17:38:17+02:00,gate_stag_scale__lower,gate_stag_scale,lower,40.0,29,Composition,30,4,300000,300000,19560.040737593583,2900.0,16660.040737593583,52.37045224000758,V4,30,300000,8,0.02,0.005,0.05,1e-06,0.2,1.05,0.7,60,20,8,10,0.35,0.25,40.0,1e-12,False,3,4,0.5,True,False,1
2026-10-02T17:39:58+02:00,gate_stag_scale__lower,gate_stag_scale,lower,40.0,30,Composition,30,0,300000,300000,38651.74902432009,3000.0,35651.74902432009,101.26621216899366,V4,30,300000,8,0.02,0.005,0.05,1e-06,0.2,1.05,0.7,60,20,8,10,0.35,0.25,40.0,1e-12,False,3,4,0.5,True,False,1
2026-10-02T17:41:40+02:00,gate_stag_scale__lower,gate_stag_scale,lower,40.0,30,Composition,30,1,300000,300000,21426.463531733603,3000.0,18426.463531733603,101.34181217500009,V4,30,300000,8,0.02,0.005,0.05,1e-06,0.2,1.05,0.7,60,20,8,10,0.35,0.25,40.0,1e-12,False,3,4,0.5,True,False,1
2026-10-02T17:43:20+02:00,gate_stag_scale__lower,gate_stag_scale,lower,40.0,30,Composition,30,2,300000,300000,30353.521262025384,3000.0,27353.521262025384,100.3650388459937,V4,30,300000,8,0.02,0.005,0.05,1e-06,0.2,1.05,0.7,60,20,8,10,0.35,0.25,40.0,1e-12,False,3,4,0.5,True,False,1
2026-10-02T17:45:00+02:00,gate_stag_scale__lower,gate_stag_scale,lower,40.0,30,Composition,30,3,300000,300000,18803.90062338877,3000.0,15803.90062338877,99.28086819499731,V4,30,300000,8,0.02,0.005,0.05,1e-06,0.2,1.05,0.7,60,20,8,10,0.35,0.25,40.0,1e-12,False,3,4,0.5,True,False,1
2026-10-02T17:46:40+02:00,gate_stag_scale__lower,gate_stag_scale,lower,40.0,30,Composition,30,4,300000,300000,55187.40284173901,3000.0,52187.40284173901,100.38026062499557,V4,30,300000,8,0.02,0.005,0.05,1e-06,0.2,1.05,0.7,60,20,8,10,0.35,0.25,40.0,1e-12,False,3,4,0.5,True,False,1
2026-10-02T17:46:47+02:00,gate_stag_scale__upper,gate_stag_scale,upper,160.0,1,Unimodal,30,0,300000,300000,4505659.377834237,100.0,4505559.377834237,7.372486702995957,V4,30,300000,8,0.02,0.005,0.05,1e-06,0.2,1.05,0.7,60,20,8,10,0.35,0.25,160.0,1e-12,False,3,4,0.5,True,False,1
2026-10-02T17:46:55+02:00,gate_stag_scale__upper,gate_stag_scale,upper,160.0,1,Unimodal,30,1,300000,300000,6878182.575324516,100.0,6878082.575324516,7.21237872200436,V4,30,300000,8,0.02,0.005,0.05,1e-06,0.2,1.05,0.7,60,20,8,10,0.35,0.25,160.0,1e-12,False,3,4,0.5,True,False,1
2026-10-02T17:47:02+02:00,gate_stag_scale__upper,gate_stag_scale,upper,160.0,1,Unimodal,30,2,300000,300000,1068754.2334528905,100.0,1068654.2334528905,7.278402865995304,V4,30,300000,8,0.02,0.005,0.05,1e-06,0.2,1.05,0.7,60,20,8,10,0.35,0.25,160.0,1e-12,False,3,4,0.5,True,False,1
2026-10-02T17:47:09+02:00,gate_stag_scale__upper,gate_stag_scale,upper,160.0,1,Unimodal,30,3,300000,300000,5022406.90469877,100.0,5022306.90469877,7.452372172992909,V4,30,300000,8,0.02,0.005,0.05,1e-06,0.2,1.05,0.7,60,20,8,10,0.35,0.25,160.0,1e-12,False,3,4,0.5,True,False,1
2026-10-02T17:47:17+02:00,gate_stag_scale__upper,gate_stag_scale,upper,160.0,1,Unimodal,30,4,300000,300000,3643367.900176288,100.0,3643267.900176288,7.493020635010907,V4,30,300000,8,0.02,0.005,0.05,1e-06,0.2,1.05,0.7,60,20,8,10,0.35,0.25,160.0,1e-12,False,3,4,0.5,True,False,1
2026-10-02T17:47:23+02:00,gate_stag_scale__upper,gate_stag_scale,upper,160.0,2,Unimodal,30,0,300000,300000,657349.9430938,200.0,657149.9430938,6.389805396989686,V4,30,300000,8,0.02,0.005,0.05,1e-06,0.2,1.05,0.7,60,20,8,10,0.35,0.25,160.0,1e-12,False,3,4,0.5,True,False,1
2026-10-02T17:47:30+02:00,gate_stag_scale__upper,gate_stag_scale,upper,160.0,2,Unimodal,30,1,300000,300000,278889.8129770437,200.0,278689.8129770437,6.332582639006432,V4,30,300000,8,0.02,0.005,0.05,1e-06,0.2,1.05,0.7,60,20,8,10,0.35,0.25,160.0,1e-12,False,3,4,0.5,True,False,1
2026-10-02T17:47:36+02:00,gate_stag_scale__upper,gate_stag_scale,upper,160.0,2,Unimodal,30,2,300000,300000,743155.6981205177,200.0,742955.6981205177,6.4933408979995875,V4,30,300000,8,0.02,0.005,0.05,1e-06,0.2,1.05,0.7,60,20,8,10,0.35,0.25,160.0,1e-12,False,3,4,0.5,True,False,1
2026-10-02T17:47:43+02:00,gate_stag_scale__upper,gate_stag_scale,upper,160.0,2,Unimodal,30,3,300000,300000,566450.9662372487,200.0,566250.9662372487,6.532884142987314,V4,30,300000,8,0.02,0.005,0.05,1e-06,0.2,1.05,0.7,60,20,8,10,0.35,0.25,160.0,1e-12,False,3,4,0.5,True,False,1
2026-10-02T17:47:50+02:00,gate_stag_scale__upper,gate_stag_scale,upper,160.0,2,Unimodal,30,4,300000,300000,914691.6712293883,200.0,914491.6712293883,6.639921908004908,V4,30,300000,8,0.02,0.005,0.05,1e-06,0.2,1.05,0.7,60,20,8,10,0.35,0.25,160.0,1e-12,False,3,4,0.5,True,False,1
2026-10-02T17:47:56+02:00,gate_stag_scale__upper,gate_stag_scale,upper,160.0,3,Unimodal,30,0,300000,300000,31946.355850139713,300.0,31646.355850139713,6.258872733000317,V4,30,300000,8,0.02,0.005,0.05,1e-06,0.2,1.05,0.7,60,20,8,10,0.35,0.25,160.0,1e-12,False,3,4,0.5,True,False,1
2026-10-02T17:48:02+02:00,gate_stag_scale__upper,gate_stag_scale,upper,160.0,3,Unimodal,30,1,300000,300000,1707.013784430583,300.0,1407.013784430583,6.580862953007454,V4,30,300000,8,0.02,0.005,0.05,1e-06,0.2,1.05,0.7,60,20,8,10,0.35,0.25,160.0,1e-12,False,3,4,0.5,True,False,1
2026-10-02T17:48:09+02:00,gate_stag_scale__upper,gate_stag_scale,upper,160.0,3,Unimodal,30,2,300000,300000,9505.469993025623,300.0,9205.469993025623,6.591802251001354,V4,30,300000,8,0.02,0.005,0.05,1e-06,0.2,1.05,0.7,60,20,8,10,0.35,0.25,160.0,1e-12,False,3,4,0.5,True,False,1
2026-10-02T17:48:16+02:00,gate_stag_scale__upper,gate_stag_scale,upper,160.0,3,Unimodal,30,3,300000,300000,33057.163139952405,300.0,32757.163139952405,6.5388605580083095,V4,30,300000,8,0.02,0.005,0.05,1e-06,0.2,1.05,0.7,60,20,8,10,0.35,0.25,160.0,1e-12,False,3,4,0.5,True,False,1
2026-10-02T17:48:22+02:00,gate_stag_scale__upper,gate_stag_scale,upper,160.0,3,Unimodal,30,4,300000,300000,1189.1784215660482,300.0,889.1784215660482,6.545958045011503,V4,30,300000,8,0.02,0.005,0.05,1e-06,0.2,1.05,0.7,60,20,8,10,0.35,0.25,160.0,1e-12,False,3,4,0.5,True,False,1
2026-10-02T17:48:30+02:00,gate_stag_scale__upper,gate_stag_scale,upper,160.0,4,Multimodal,30,0,300000,300000,403.6557969073693,400.0,3.655796907369279,7.673638577995007,V4,30,300000,8,0.02,0.005,0.05,1e-06,0.2,1.05,0.7,60,20,8,10,0.35,0.25,160.0,1e-12,False,3,4,0.5,True,False,1
2026-10-02T17:48:37+02:00,gate_stag_scale__upper,gate_stag_scale,upper,160.0,4,Multimodal,30,1,300000,300000,473.43437926767285,400.0,73.43437926767285,7.460441433999222,V4,30,300000,8,0.02,0.005,0.05,1e-06,0.2,1.05,0.7,60,20,8,10,0.35,0.25,160.0,1e-12,False,3,4,0.5,True,False,1
2026-10-02T17:48:45+02:00,gate_stag_scale__upper,gate_stag_scale,upper,160.0,4,Multimodal,30,2,300000,300000,401.84193081559766,400.0,1.8419308155976637,7.728154224998434,V4,30,300000,8,0.02,0.005,0.05,1e-06,0.2,1.05,0.7,60,20,8,10,0.35,0.25,160.0,1e-12,False,3,4,0.5,True,False,1
2026-10-02T17:48:53+02:00,gate_stag_scale__upper,gate_stag_scale,upper,160.0,4,Multimodal,30,3,300000,300000,469.5333773868461,400.0,69.5333773868461,7.538444796009571,V4,30,300000,8,0.02,0.005,0.05,1e-06,0.2,1.05,0.7,60,20,8,10,0.35,0.25,160.0,1e-12,False,3,4,0.5,True,False,1
2026-10-02T17:49:00+02:00,gate_stag_scale__upper,gate_stag_scale,upper,160.0,4,Multimodal,30,4,300000,300000,475.5255506609838,400.0,75.52555066098381,7.496664015998249,V4,30,300000,8,0.02,0.005,0.05,1e-06,0.2,1.05,0.7,60,20,8,10,0.35,0.25,160.0,1e-12,False,3,4,0.5,True,False,1
2026-10-02T17:49:08+02:00,gate_stag_scale__upper,gate_stag_scale,upper,160.0,5,Multimodal,30,0,300000,300000,520.9989770800175,500.0,20.99897708001754,7.4572635350050405,V4,30,300000,8,0.02,0.005,0.05,1e-06,0.2,1.05,0.7,60,20,8,10,0.35,0.25,160.0,1e-12,False,3,4,0.5,True,False,1
2026-10-02T17:49:15+02:00,gate_stag_scale__upper,gate_stag_scale,upper,160.0,5,Multimodal,30,1,300000,300000,521.115814927438,500.0,21.11581492743801,7.463138273989898,V4,30,300000,8,0.02,0.005,0.05,1e-06,0.2,1.05,0.7,60,20,8,10,0.35,0.25,160.0,1e-12,False,3,4,0.5,True,False,1
2026-10-02T17:49:23+02:00,gate_stag_scale__upper,gate_stag_scale,upper,160.0,5,Multimodal,30,2,300000,300000,521.1317311458142,500.0,21.13173114581423,7.331059749005362,V4,30,300000,8,0.02,0.005,0.05,1e-06,0.2,1.05,0.7,60,20,8,10,0.35,0.25,160.0,1e-12,False,3,4,0.5,True,False,1
2026-10-02T17:49:30+02:00,gate_stag_scale__upper,gate_stag_scale,upper,160.0,5,Multimodal,30,3,300000,300000,521.164685773192,500.0,21.16468577319199,7.211282835996826,V4,30,300000,8,0.02,0.005,0.05,1e-06,0.2,1.05,0.7,60,20,8,10,0.35,0.25,160.0,1e-12,False,3,4,0.5,True,False,1
2026-10-02T17:49:37+02:00,gate_stag_scale__upper,gate_stag_scale,upper,160.0,5,Multimodal,30,4,300000,300000,521.2848979632955,500.0,21.28489796329552,7.336921305992291,V4,30,300000,8,0.02,0.005,0.05,1e-06,0.2,1.05,0.7,60,20,8,10,0.35,0.25,160.0,1e-12,False,3,4,0.5,True,False,1
2026-10-02T17:51:04+02:00,gate_stag_scale__upper,gate_stag_scale,upper,160.0,6,Multimodal,30,0,300000,300000,636.4436035091032,600.0,36.44360350910324,86.62026211200282,V4,30,300000,8,0.02,0.005,0.05,1e-06,0.2,1.05,0.7,60,20,8,10,0.35,0.25,160.0,1e-12,False,3,4,0.5,True,False,1
2026-10-02T17:52:31+02:00,gate_stag_scale__upper,gate_stag_scale,upper,160.0,6,Multimodal,30,1,300000,300000,636.3467353959962,600.0,36.346735395996234,86.87372560500808,V4,30,300000,8,0.02,0.005,0.05,1e-06,0.2,1.05,0.7,60,20,8,10,0.35,0.25,160.0,1e-12,False,3,4,0.5,True,False,1
2026-10-02T17:53:57+02:00,gate_stag_scale__upper,gate_stag_scale,upper,160.0,6,Multimodal,30,2,300000,300000,633.8768152207359,600.0,33.87681522073592,86.14427240099758,V4,30,300000,8,0.02,0.005,0.05,1e-06,0.2,1.05,0.7,60,20,8,10,0.35,0.25,160.0,1e-12,False,3,4,0.5,True,False,1
2026-10-02T17:55:24+02:00,gate_stag_scale__upper,gate_stag_scale,upper,160.0,6,Multimodal,30,3,300000,300000,636.6829570156948,600.0,36.6829570156948,86.67505151599471,V4,30,300000,8,0.02,0.005,0.05,1e-06,0.2,1.05,0.7,60,20,8,10,0.35,0.25,160.0,1e-12,False,3,4,0.5,True,False,1
2026-10-02T17:56:50+02:00,gate_stag_scale__upper,gate_stag_scale,upper,160.0,6,Multimodal,30,4,300000,300000,635.3773652743771,600.0,35.3773652743771,86.47074729501037,V4,30,300000,8,0.02,0.005,0.05,1e-06,0.2,1.05,0.7,60,20,8,10,0.35,0.25,160.0,1e-12,False,3,4,0.5,True,False,1
2026-10-02T17:56:58+02:00,gate_stag_scale__upper,gate_stag_scale,upper,160.0,7,Multimodal,30,0,300000,300000,700.7317099835061,700.0,0.7317099835061072,7.482774469011929,V4,30,300000,8,0.02,0.005,0.05,1e-06,0.2,1.05,0.7,60,20,8,10,0.35,0.25,160.0,1e-12,False,3,4,0.5,True,False,1
2026-10-02T17:57:06+02:00,gate_stag_scale__upper,gate_stag_scale,upper,160.0,7,Multimodal,30,1,300000,300000,700.7823756170498,700.0,0.7823756170497518,7.816392706998158,V4,30,300000,8,0.02,0.005,0.05,1e-06,0.2,1.05,0.7,60,20,8,10,0.35,0.25,160.0,1e-12,False,3,4,0.5,True,False,1
2026-10-02T17:57:13+02:00,gate_stag_scale__upper,gate_stag_scale,upper,160.0,7,Multimodal,30,2,300000,300000,700.255840659321,700.0,0.25584065932105204,7.492727909004316,V4,30,300000,8,0.02,0.005,0.05,1e-06,0.2,1.05,0.7,60,20,8,10,0.35,0.25,160.0,1e-12,False,3,4,0.5,True,False,1
2026-10-02T17:57:21+02:00,gate_stag_scale__upper,gate_stag_scale,upper,160.0,7,Multimodal,30,3,300000,300000,700.6149946078717,700.0,0.6149946078717221,7.428168440004811,V4,30,300000,8,0.02,0.005,0.05,1e-06,0.2,1.05,0.7,60,20,8,10,0.35,0.25,160.0,1e-12,False,3,4,0.5,True,False,1
2026-10-02T17:57:28+02:00,gate_stag_scale__upper,gate_stag_scale,upper,160.0,7,Multimodal,30,4,300000,300000,700.4353215426119,700.0,0.4353215426118595,7.40250361400831,V4,30,300000,8,0.02,0.005,0.05,1e-06,0.2,1.05,0.7,60,20,8,10,0.35,0.25,160.0,1e-12,False,3,4,0.5,True,False,1
2026-10-02T17:57:36+02:00,gate_stag_scale__upper,gate_stag_scale,upper,160.0,8,Multimodal,30,0,300000,300000,1085.2990029798978,800.0,285.29900297989775,7.345988043001853,V4,30,300000,8,0.02,0.005,0.05,1e-06,0.2,1.05,0.7,60,20,8,10,0.35,0.25,160.0,1e-12,False,3,4,0.5,True,False,1
2026-10-02T17:57:43+02:00,gate_stag_scale__upper,gate_stag_scale,upper,160.0,8,Multimodal,30,1,300000,300000,1096.7614476114275,800.0,296.76144761142746,7.202461994995247,V4,30,300000,8,0.02,0.005,0.05,1e-06,0.2,1.05,0.7,60,20,8,10,0.35,0.25,160.0,1e-12,False,3,4,0.5,True,False,1
2026-10-02T17:57:50+02:00,gate_stag_scale__upper,gate_stag_scale,upper,160.0,8,Multimodal,30,2,300000,300000,1088.496149980275,800.0,288.49614998027505,7.085117265000008,V4,30,300000,8,0.02,0.005,0.05,1e-06,0.2,1.05,0.7,60,20,8,10,0.35,0.25,160.0,1e-12,False,3,4,0.5,True,False,1
2026-10-02T17:57:57+02:00,gate_stag_scale__upper,gate_stag_scale,upper,160.0,8,Multimodal,30,3,300000,300000,1081.3733624054853,800.0,281.3733624054853,7.430503843002953,V4,30,300000,8,0.02,0.005,0.05,1e-06,0.2,1.05,0.7,60,20,8,10,0.35,0.25,160.0,1e-12,False,3,4,0.5,True,False,1
2026-10-02T17:58:05+02:00,gate_stag_scale__upper,gate_stag_scale,upper,160.0,8,Multimodal,30,4,300000,300000,1078.192413988014,800.0,278.1924139880141,7.210285918001318,V4,30,300000,8,0.02,0.005,0.05,1e-06,0.2,1.05,0.7,60,20,8,10,0.35,0.25,160.0,1e-12,False,3,4,0.5,True,False,1
2026-10-02T17:58:12+02:00,gate_stag_scale__upper,gate_stag_scale,upper,160.0,9,Multimodal,30,0,300000,300000,1368.1575822547743,900.0,468.1575822547743,7.452502036001533,V4,30,300000,8,0.02,0.005,0.05,1e-06,0.2,1.05,0.7,60,20,8,10,0.35,0.25,160.0,1e-12,False,3,4,0.5,True,False,1
2026-10-02T17:58:19+02:00,gate_stag_scale__upper,gate_stag_scale,upper,160.0,9,Multimodal,30,1,300000,300000,1254.089245553297,900.0,354.0892455532969,7.268758389996947,V4,30,300000,8,0.02,0.005,0.05,1e-06,0.2,1.05,0.7,60,20,8,10,0.35,0.25,160.0,1e-12,False,3,4,0.5,True,False,1
2026-10-02T17:58:27+02:00,gate_stag_scale__upper,gate_stag_scale,upper,160.0,9,Multimodal,30,2,300000,300000,1346.2179186617705,900.0,446.21791866177045,7.5482741559972055,V4,30,300000,8,0.02,0.005,0.05,1e-06,0.2,1.05,0.7,60,20,8,10,0.35,0.25,160.0,1e-12,False,3,4,0.5,True,False,1
2026-10-02T17:58:34+02:00,gate_stag_scale__upper,gate_stag_scale,upper,160.0,9,Multimodal,30,3,300000,300000,1317.5189186500957,900.0,417.51891865009566,7.450986244002706,V4,30,300000,8,0.02,0.005,0.05,1e-06,0.2,1.05,0.7,60,20,8,10,0.35,0.25,160.0,1e-12,False,3,4,0.5,True,False,1
2026-10-02T17:58:42+02:00,gate_stag_scale__upper,gate_stag_scale,upper,160.0,9,Multimodal,30,4,300000,300000,1209.778231469318,900.0,309.7782314693179,7.418456704996061,V4,30,300000,8,0.02,0.005,0.05,1e-06,0.2,1.05,0.7,60,20,8,10,0.35,0.25,160.0,1e-12,False,3,4,0.5,True,False,1
2026-10-02T17:58:55+02:00,gate_stag_scale__upper,gate_stag_scale,upper,160.0,10,Multimodal,30,0,300000,300000,4094.0210421242064,1000.0,3094.0210421242064,12.688648422001279,V4,30,300000,8,0.02,0.005,0.05,1e-06,0.2,1.05,0.7,60,20,8,10,0.35,0.25,160.0,1e-12,False,3,4,0.5,True,False,1
2026-10-02T17:59:07+02:00,gate_stag_scale__upper,gate_stag_scale,upper,160.0,10,Multimodal,30,1,300000,300000,4248.782013827127,1000.0,3248.7820138271272,12.856508801996824,V4,30,300000,8,0.02,0.005,0.05,1e-06,0.2,1.05,0.7,60,20,8,10,0.35,0.25,160.0,1e-12,False,3,4,0.5,True,False,1
2026-10-02T17:59:20+02:00,gate_stag_scale__upper,gate_stag_scale,upper,160.0,10,Multimodal,30,2,300000,300000,4287.235448194324,1000.0,3287.235448194324,12.548982852997142,V4,30,300000,8,0.02,0.005,0.05,1e-06,0.2,1.05,0.7,60,20,8,10,0.35,0.25,160.0,1e-12,False,3,4,0.5,True,False,1
2026-10-02T17:59:33+02:00,gate_stag_scale__upper,gate_stag_scale,upper,160.0,10,Multimodal,30,3,300000,300000,4408.71311323535,1000.0,3408.7131132353497,12.438393175994861,V4,30,300000,8,0.02,0.005,0.05,1e-06,0.2,1.05,0.7,60,20,8,10,0.35,0.25,160.0,1e-12,False,3,4,0.5,True,False,1
2026-10-02T17:59:45+02:00,gate_stag_scale__upper,gate_stag_scale,upper,160.0,10,Multimodal,30,4,300000,300000,3677.313863342113,1000.0,2677.313863342113,12.458038574986858,V4,30,300000,8,0.02,0.005,0.05,1e-06,0.2,1.05,0.7,60,20,8,10,0.35,0.25,160.0,1e-12,False,3,4,0.5,True,False,1
2026-10-02T17:59:58+02:00,gate_stag_scale__upper,gate_stag_scale,upper,160.0,11,Multimodal,30,0,300000,300000,4800.841981270974,1100.0,3700.8419812709744,12.816583955005626,V4,30,300000,8,0.02,0.005,0.05,1e-06,0.2,1.05,0.7,60,20,8,10,0.35,0.25,160.0,1e-12,False,3,4,0.5,True,False,1
2026-10-02T18:00:11+02:00,gate_stag_scale__upper,gate_stag_scale,upper,160.0,11,Multimodal,30,1,300000,300000,5599.141734021026,1100.0,4499.141734021026,12.682935650998843,V4,30,300000,8,0.02,0.005,0.05,1e-06,0.2,1.05,0.7,60,20,8,10,0.35,0.25,160.0,1e-12,False,3,4,0.5,True,False,1
2026-10-02T18:00:23+02:00,gate_stag_scale__upper,gate_stag_scale,upper,160.0,11,Multimodal,30,2,300000,300000,4650.8303874121575,1100.0,3550.8303874121575,12.569258543997421,V4,30,300000,8,0.02,0.005,0.05,1e-06,0.2,1.05,0.7,60,20,8,10,0.35,0.25,160.0,1e-12,False,3,4,0.5,True,False,1
2026-10-02T18:00:36+02:00,gate_stag_scale__upper,gate_stag_scale,upper,160.0,11,Multimodal,30,3,300000,300000,4706.525994356962,1100.0,3606.5259943569617,12.724092674005078,V4,30,300000,8,0.02,0.005,0.05,1e-06,0.2,1.05,0.7,60,20,8,10,0.35,0.25,160.0,1e-12,False,3,4,0.5,True,False,1
2026-10-02T18:00:49+02:00,gate_stag_scale__upper,gate_stag_scale,upper,160.0,11,Multimodal,30,4,300000,300000,5020.948437421708,1100.0,3920.948437421708,12.863264329993399,V4,30,300000,8,0.02,0.005,0.05,1e-06,0.2,1.05,0.7,60,20,8,10,0.35,0.25,160.0,1e-12,False,3,4,0.5,True,False,1
2026-10-02T18:09:12+02:00,gate_stag_scale__upper,gate_stag_scale,upper,160.0,12,Multimodal,30,0,300000,300000,1200.7291312781335,1200.0,0.7291312781335364,502.71843012599857,V4,30,300000,8,0.02,0.005,0.05,1e-06,0.2,1.05,0.7,60,20,8,10,0.35,0.25,160.0,1e-12,False,3,4,0.5,True,False,1
2026-10-02T18:17:38+02:00,gate_stag_scale__upper,gate_stag_scale,upper,160.0,12,Multimodal,30,1,300000,300000,1200.6245962577682,1200.0,0.6245962577681894,506.04695821899804,V4,30,300000,8,0.02,0.005,0.05,1e-06,0.2,1.05,0.7,60,20,8,10,0.35,0.25,160.0,1e-12,False,3,4,0.5,True,False,1
2026-10-02T18:26:06+02:00,gate_stag_scale__upper,gate_stag_scale,upper,160.0,12,Multimodal,30,2,300000,300000,1200.8903401148698,1200.0,0.8903401148697867,508.12661534699146,V4,30,300000,8,0.02,0.005,0.05,1e-06,0.2,1.05,0.7,60,20,8,10,0.35,0.25,160.0,1e-12,False,3,4,0.5,True,False,1
2026-10-02T18:34:28+02:00,gate_stag_scale__upper,gate_stag_scale,upper,160.0,12,Multimodal,30,3,300000,300000,1200.9984494262646,1200.0,0.9984494262646422,501.686696328994,V4,30,300000,8,0.02,0.005,0.05,1e-06,0.2,1.05,0.7,60,20,8,10,0.35,0.25,160.0,1e-12,False,3,4,0.5,True,False,1
2026-10-02T18:42:50+02:00,gate_stag_scale__upper,gate_stag_scale,upper,160.0,12,Multimodal,30,4,300000,300000,1200.336780839264,1200.0,0.33678083926406543,502.11861277099524,V4,30,300000,8,0.02,0.005,0.05,1e-06,0.2,1.05,0.7,60,20,8,10,0.35,0.25,160.0,1e-12,False,3,4,0.5,True,False,1
2026-10-02T18:42:57+02:00,gate_stag_scale__upper,gate_stag_scale,upper,160.0,13,Multimodal,30,0,300000,300000,1300.3181263938395,1300.0,0.31812639383952046,7.5137512590008555,V4,30,300000,8,0.02,0.005,0.05,1e-06,0.2,1.05,0.7,60,20,8,10,0.35,0.25,160.0,1e-12,False,3,4,0.5,True,False,1
2026-10-02T18:43:05+02:00,gate_stag_scale__upper,gate_stag_scale,upper,160.0,13,Multimodal,30,1,300000,300000,1300.29216442496,1300.0,0.2921644249599922,7.328130676003639,V4,30,300000,8,0.02,0.005,0.05,1e-06,0.2,1.05,0.7,60,20,8,10,0.35,0.25,160.0,1e-12,False,3,4,0.5,True,False,1
2026-10-02T18:43:12+02:00,gate_stag_scale__upper,gate_stag_scale,upper,160.0,13,Multimodal,30,2,300000,300000,1300.370032458094,1300.0,0.37003245809410146,7.442226193001261,V4,30,300000,8,0.02,0.005,0.05,1e-06,0.2,1.05,0.7,60,20,8,10,0.35,0.25,160.0,1e-12,False,3,4,0.5,True,False,1
2026-10-02T18:43:20+02:00,gate_stag_scale__upper,gate_stag_scale,upper,160.0,13,Multimodal,30,3,300000,300000,1300.3911564633986,1300.0,0.3911564633986018,7.35420222900575,V4,30,300000,8,0.02,0.005,0.05,1e-06,0.2,1.05,0.7,60,20,8,10,0.35,0.25,160.0,1e-12,False,3,4,0.5,True,False,1
2026-10-02T18:43:27+02:00,gate_stag_scale__upper,gate_stag_scale,upper,160.0,13,Multimodal,30,4,300000,300000,1300.3350407181392,1300.0,0.33504071813922565,7.500538534994121,V4,30,300000,8,0.02,0.005,0.05,1e-06,0.2,1.05,0.7,60,20,8,10,0.35,0.25,160.0,1e-12,False,3,4,0.5,True,False,1
2026-10-02T18:43:35+02:00,gate_stag_scale__upper,gate_stag_scale,upper,160.0,14,Multimodal,30,0,300000,300000,1400.312673118587,1400.0,0.31267311858709945,7.8150245459983125,V4,30,300000,8,0.02,0.005,0.05,1e-06,0.2,1.05,0.7,60,20,8,10,0.35,0.25,160.0,1e-12,False,3,4,0.5,True,False,1
2026-10-02T18:43:43+02:00,gate_stag_scale__upper,gate_stag_scale,upper,160.0,14,Multimodal,30,1,300000,300000,1400.3641301711718,1400.0,0.364130171171837,7.530412480002269,V4,30,300000,8,0.02,0.005,0.05,1e-06,0.2,1.05,0.7,60,20,8,10,0.35,0.25,160.0,1e-12,False,3,4,0.5,True,False,1
2026-10-02T18:43:50+02:00,gate_stag_scale__upper,gate_stag_scale,upper,160.0,14,Multimodal,30,2,300000,300000,1400.1922955126192,1400.0,0.19229551261923916,7.529924444999779,V4,30,300000,8,0.02,0.005,0.05,1e-06,0.2,1.05,0.7,60,20,8,10,0.35,0.25,160.0,1e-12,False,3,4,0.5,True,False,1
2026-10-02T18:43:58+02:00,gate_stag_scale__upper,gate_stag_scale,upper,160.0,14,Multimodal,30,3,300000,300000,1400.3471580456626,1400.0,0.34715804566258157,7.454571442009183,V4,30,300000,8,0.02,0.005,0.05,1e-06,0.2,1.05,0.7,60,20,8,10,0.35,0.25,160.0,1e-12,False,3,4,0.5,True,False,1
2026-10-02T18:44:05+02:00,gate_stag_scale__upper,gate_stag_scale,upper,160.0,14,Multimodal,30,4,300000,300000,1400.366191585994,1400.0,0.36619158599410184,7.471134579987847,V4,30,300000,8,0.02,0.005,0.05,1e-06,0.2,1.05,0.7,60,20,8,10,0.35,0.25,160.0,1e-12,False,3,4,0.5,True,False,1
2026-10-02T18:44:14+02:00,gate_stag_scale__upper,gate_stag_scale,upper,160.0,15,Multimodal,30,0,300000,300000,1514.6601582680426,1500.0,14.66015826804255,8.56823519700265,V4,30,300000,8,0.02,0.005,0.05,1e-06,0.2,1.05,0.7,60,20,8,10,0.35,0.25,160.0,1e-12,False,3,4,0.5,True,False,1
2026-10-02T18:44:22+02:00,gate_stag_scale__upper,gate_stag_scale,upper,160.0,15,Multimodal,30,1,300000,300000,1514.836916393438,1500.0,14.83691639343806,8.697793693005224,V4,30,300000,8,0.02,0.005,0.05,1e-06,0.2,1.05,0.7,60,20,8,10,0.35,0.25,160.0,1e-12,False,3,4,0.5,True,False,1
2026-10-02T18:44:31+02:00,gate_stag_scale__upper,gate_stag_scale,upper,160.0,15,Multimodal,30,2,300000,300000,1512.359128028767,1500.0,12.359128028766918,8.731880678999005,V4,30,300000,8,0.02,0.005,0.05,1e-06,0.2,1.05,0.7,60,20,8,10,0.35,0.25,160.0,1e-12,False,3,4,0.5,True,False,1
2026-10-02T18:44:40+02:00,gate_stag_scale__upper,gate_stag_scale,upper,160.0,15,Multimodal,30,3,300000,300000,1514.5194553720266,1500.0,14.519455372026641,8.616162070000428,V4,30,300000,8,0.02,0.005,0.05,1e-06,0.2,1.05,0.7,60,20,8,10,0.35,0.25,160.0,1e-12,False,3,4,0.5,True,False,1
2026-10-02T18:44:48+02:00,gate_stag_scale__upper,gate_stag_scale,upper,160.0,15,Multimodal,30,4,300000,300000,1515.8897546974804,1500.0,15.889754697480384,8.605152828997234,V4,30,300000,8,0.02,0.005,0.05,1e-06,0.2,1.05,0.7,60,20,8,10,0.35,0.25,160.0,1e-12,False,3,4,0.5,True,False,1
2026-10-02T18:45:33+02:00,gate_stag_scale__upper,gate_stag_scale,upper,160.0,16,Multimodal,30,0,300000,300000,1613.2256076245912,1600.0,13.225607624591248,44.84617546699883,V4,30,300000,8,0.02,0.005,0.05,1e-06,0.2,1.05,0.7,60,20,8,10,0.35,0.25,160.0,1e-12,False,3,4,0.5,True,False,1
2026-10-02T18:46:19+02:00,gate_stag_scale__upper,gate_stag_scale,upper,160.0,16,Multimodal,30,1,300000,300000,1613.4998810129111,1600.0,13.499881012911146,45.160393676997046,V4,30,300000,8,0.02,0.005,0.05,1e-06,0.2,1.05,0.7,60,20,8,10,0.35,0.25,160.0,1e-12,False,3,4,0.5,True,False,1
2026-10-02T18:47:03+02:00,gate_stag_scale__upper,gate_stag_scale,upper,160.0,16,Multimodal,30,2,300000,300000,1613.882458240841,1600.0,13.88245824084106,44.532901391998166,V4,30,300000,8,0.02,0.005,0.05,1e-06,0.2,1.05,0.7,60,20,8,10,0.35,0.25,160.0,1e-12,False,3,4,0.5,True,False,1
2026-10-02T18:47:48+02:00,gate_stag_scale__upper,gate_stag_scale,upper,160.0,16,Multimodal,30,3,300000,300000,1613.6489536673994,1600.0,13.648953667399383,45.28077745701012,V4,30,300000,8,0.02,0.005,0.05,1e-06,0.2,1.05,0.7,60,20,8,10,0.35,0.25,160.0,1e-12,False,3,4,0.5,True,False,1
2026-10-02T18:48:33+02:00,gate_stag_scale__upper,gate_stag_scale,upper,160.0,16,Multimodal,30,4,300000,300000,1613.3129061903624,1600.0,13.312906190362355,44.21789194000303,V4,30,300000,8,0.02,0.005,0.05,1e-06,0.2,1.05,0.7,60,20,8,10,0.35,0.25,160.0,1e-12,False,3,4,0.5,True,False,1
2026-10-02T18:48:48+02:00,gate_stag_scale__upper,gate_stag_scale,upper,160.0,17,Hybrid,30,0,300000,300000,57571.34672791702,1700.0,55871.34672791702,14.890334308001911,V4,30,300000,8,0.02,0.005,0.05,1e-06,0.2,1.05,0.7,60,20,8,10,0.35,0.25,160.0,1e-12,False,3,4,0.5,True,False,1
2026-10-02T18:49:03+02:00,gate_stag_scale__upper,gate_stag_scale,upper,160.0,17,Hybrid,30,1,300000,300000,347473.85610229353,1700.0,345773.85610229353,15.35734911399777,V4,30,300000,8,0.02,0.005,0.05,1e-06,0.2,1.05,0.7,60,20,8,10,0.35,0.25,160.0,1e-12,False,3,4,0.5,True,False,1
2026-10-02T18:49:19+02:00,gate_stag_scale__upper,gate_stag_scale,upper,160.0,17,Hybrid,30,2,300000,300000,251791.46372144853,1700.0,250091.46372144853,15.489918521008804,V4,30,300000,8,0.02,0.005,0.05,1e-06,0.2,1.05,0.7,60,20,8,10,0.35,0.25,160.0,1e-12,False,3,4,0.5,True,False,1
2026-10-02T18:49:34+02:00,gate_stag_scale__upper,gate_stag_scale,upper,160.0,17,Hybrid,30,3,300000,300000,1466414.9439855749,1700.0,1464714.9439855749,15.364038165003876,V4,30,300000,8,0.02,0.005,0.05,1e-06,0.2,1.05,0.7,60,20,8,10,0.35,0.25,160.0,1e-12,False,3,4,0.5,True,False,1
2026-10-02T18:49:50+02:00,gate_stag_scale__upper,gate_stag_scale,upper,160.0,17,Hybrid,30,4,300000,300000,97898.47967192066,1700.0,96198.47967192066,15.677810566994594,V4,30,300000,8,0.02,0.005,0.05,1e-06,0.2,1.05,0.7,60,20,8,10,0.35,0.25,160.0,1e-12,False,3,4,0.5,True,False,1
2026-10-02T18:49:59+02:00,gate_stag_scale__upper,gate_stag_scale,upper,160.0,18,Hybrid,30,0,300000,300000,88229.4043063308,1800.0,86429.4043063308,9.5919683730026,V4,30,300000,8,0.02,0.005,0.05,1e-06,0.2,1.05,0.7,60,20,8,10,0.35,0.25,160.0,1e-12,False,3,4,0.5,True,False,1
2026-10-02T18:50:09+02:00,gate_stag_scale__upper,gate_stag_scale,upper,160.0,18,Hybrid,30,1,300000,300000,97177.27704295106,1800.0,95377.27704295106,9.586799570999574,V4,30,300000,8,0.02,0.005,0.05,1e-06,0.2,1.05,0.7,60,20,8,10,0.35,0.25,160.0,1e-12,False,3,4,0.5,True,False,1
2026-10-02T18:50:19+02:00,gate_stag_scale__upper,gate_stag_scale,upper,160.0,18,Hybrid,30,2,300000,300000,97613.0388158015,1800.0,95813.0388158015,9.667870454999502,V4,30,300000,8,0.02,0.005,0.05,1e-06,0.2,1.05,0.7,60,20,8,10,0.35,0.25,160.0,1e-12,False,3,4,0.5,True,False,1
2026-10-02T18:50:28+02:00,gate_stag_scale__upper,gate_stag_scale,upper,160.0,18,Hybrid,30,3,300000,300000,70041.82933522545,1800.0,68241.82933522545,9.605358378990786,V4,30,300000,8,0.02,0.005,0.05,1e-06,0.2,1.05,0.7,60,20,8,10,0.35,0.25,160.0,1e-12,False,3,4,0.5,True,False,1
2026-10-02T18:50:38+02:00,gate_stag_scale__upper,gate_stag_scale,upper,160.0,18,Hybrid,30,4,300000,300000,88424.10240329424,1800.0,86624.10240329424,9.469658767004148,V4,30,300000,8,0.02,0.005,0.05,1e-06,0.2,1.05,0.7,60,20,8,10,0.35,0.25,160.0,1e-12,False,3,4,0.5,True,False,1
2026-10-02T18:51:09+02:00,gate_stag_scale__upper,gate_stag_scale,upper,160.0,19,Hybrid,30,0,300000,300000,1941.9942303431992,1900.0,41.994230343199206,31.37692219899327,V4,30,300000,8,0.02,0.005,0.05,1e-06,0.2,1.05,0.7,60,20,8,10,0.35,0.25,160.0,1e-12,False,3,4,0.5,True,False,1
2026-10-02T18:51:42+02:00,gate_stag_scale__upper,gate_stag_scale,upper,160.0,19,Hybrid,30,1,300000,300000,1932.0368977188057,1900.0,32.036897718805676,32.355707750000875,V4,30,300000,8,0.02,0.005,0.05,1e-06,0.2,1.05,0.7,60,20,8,10,0.35,0.25,160.0,1e-12,False,3,4,0.5,True,False,1
2026-10-02T18:52:14+02:00,gate_stag_scale__upper,gate_stag_scale,upper,160.0,19,Hybrid,30,2,300000,300000,1938.1077234493218,1900.0,38.10772344932184,32.26147779599705,V4,30,300000,8,0.02,0.005,0.05,1e-06,0.2,1.05,0.7,60,20,8,10,0.35,0.25,160.0,1e-12,False,3,4,0.5,True,False,1
2026-10-02T18:52:47+02:00,gate_stag_scale__upper,gate_stag_scale,upper,160.0,19,Hybrid,30,3,300000,300000,1941.7919721028138,1900.0,41.791972102813816,32.74704009699053,V4,30,300000,8,0.02,0.005,0.05,1e-06,0.2,1.05,0.7,60,20,8,10,0.35,0.25,160.0,1e-12,False,3,4,0.5,True,False,1
2026-10-02T18:53:18+02:00,gate_stag_scale__upper,gate_stag_scale,upper,160.0,19,Hybrid,30,4,300000,300000,1937.8063228558544,1900.0,37.80632285585443,31.627912005002145,V4,30,300000,8,0.02,0.005,0.05,1e-06,0.2,1.05,0.7,60,20,8,10,0.35,0.25,160.0,1e-12,False,3,4,0.5,True,False,1
2026-10-02T18:53:31+02:00,gate_stag_scale__upper,gate_stag_scale,upper,160.0,20,Hybrid,30,0,300000,300000,93128.781907876,2000.0,91128.781907876,12.237141883000731,V4,30,300000,8,0.02,0.005,0.05,1e-06,0.2,1.05,0.7,60,20,8,10,0.35,0.25,160.0,1e-12,False,3,4,0.5,True,False,1
2026-10-02T18:53:43+02:00,gate_stag_scale__upper,gate_stag_scale,upper,160.0,20,Hybrid,30,1,300000,300000,37084.90140060574,2000.0,35084.90140060574,12.01080318800814,V4,30,300000,8,0.02,0.005,0.05,1e-06,0.2,1.05,0.7,60,20,8,10,0.35,0.25,160.0,1e-12,False,3,4,0.5,True,False,1
2026-10-02T18:53:55+02:00,gate_stag_scale__upper,gate_stag_scale,upper,160.0,20,Hybrid,30,2,300000,300000,30498.174800643854,2000.0,28498.174800643854,12.348789997005952,V4,30,300000,8,0.02,0.005,0.05,1e-06,0.2,1.05,0.7,60,20,8,10,0.35,0.25,160.0,1e-12,False,3,4,0.5,True,False,1
2026-10-02T18:54:08+02:00,gate_stag_scale__upper,gate_stag_scale,upper,160.0,20,Hybrid,30,3,300000,300000,36004.50249355187,2000.0,34004.50249355187,12.287405317008961,V4,30,300000,8,0.02,0.005,0.05,1e-06,0.2,1.05,0.7,60,20,8,10,0.35,0.25,160.0,1e-12,False,3,4,0.5,True,False,1
2026-10-02T18:54:20+02:00,gate_stag_scale__upper,gate_stag_scale,upper,160.0,20,Hybrid,30,4,300000,300000,37884.90526202963,2000.0,35884.90526202963,12.416647888006992,V4,30,300000,8,0.02,0.005,0.05,1e-06,0.2,1.05,0.7,60,20,8,10,0.35,0.25,160.0,1e-12,False,3,4,0.5,True,False,1
2026-10-02T18:54:43+02:00,gate_stag_scale__upper,gate_stag_scale,upper,160.0,21,Hybrid,30,0,300000,300000,60215.50862745684,2100.0,58115.50862745684,22.706574776995694,V4,30,300000,8,0.02,0.005,0.05,1e-06,0.2,1.05,0.7,60,20,8,10,0.35,0.25,160.0,1e-12,False,3,4,0.5,True,False,1
2026-10-02T18:55:06+02:00,gate_stag_scale__upper,gate_stag_scale,upper,160.0,21,Hybrid,30,1,300000,300000,54523.130711770296,2100.0,52423.130711770296,23.306840256002033,V4,30,300000,8,0.02,0.005,0.05,1e-06,0.2,1.05,0.7,60,20,8,10,0.35,0.25,160.0,1e-12,False,3,4,0.5,True,False,1
2026-10-02T18:55:29+02:00,gate_stag_scale__upper,gate_stag_scale,upper,160.0,21,Hybrid,30,2,300000,300000,57328.479330285714,2100.0,55228.479330285714,22.698109028991894,V4,30,300000,8,0.02,0.005,0.05,1e-06,0.2,1.05,0.7,60,20,8,10,0.35,0.25,160.0,1e-12,False,3,4,0.5,True,False,1
2026-10-02T18:55:52+02:00,gate_stag_scale__upper,gate_stag_scale,upper,160.0,21,Hybrid,30,3,300000,300000,33773.480130341835,2100.0,31673.480130341835,23.162034441993455,V4,30,300000,8,0.02,0.005,0.05,1e-06,0.2,1.05,0.7,60,20,8,10,0.35,0.25,160.0,1e-12,False,3,4,0.5,True,False,1
2026-10-02T18:56:15+02:00,gate_stag_scale__upper,gate_stag_scale,upper,160.0,21,Hybrid,30,4,300000,300000,38249.62971541609,2100.0,36149.62971541609,22.834099823012366,V4,30,300000,8,0.02,0.005,0.05,1e-06,0.2,1.05,0.7,60,20,8,10,0.35,0.25,160.0,1e-12,False,3,4,0.5,True,False,1
2026-10-02T18:57:26+02:00,gate_stag_scale__upper,gate_stag_scale,upper,160.0,22,Hybrid,30,0,300000,300000,2912.9048822854656,2200.0,712.9048822854656,70.72096271000919,V4,30,300000,8,0.02,0.005,0.05,1e-06,0.2,1.05,0.7,60,20,8,10,0.35,0.25,160.0,1e-12,False,3,4,0.5,True,False,1
2026-10-02T18:58:37+02:00,gate_stag_scale__upper,gate_stag_scale,upper,160.0,22,Hybrid,30,1,300000,300000,2773.5647171097976,2200.0,573.5647171097976,70.88309810400824,V4,30,300000,8,0.02,0.005,0.05,1e-06,0.2,1.05,0.7,60,20,8,10,0.35,0.25,160.0,1e-12,False,3,4,0.5,True,False,1
2026-10-02T18:59:47+02:00,gate_stag_scale__upper,gate_stag_scale,upper,160.0,22,Hybrid,30,2,300000,300000,2652.4834742943262,2200.0,452.48347429432624,70.17861188000825,V4,30,300000,8,0.02,0.005,0.05,1e-06,0.2,1.05,0.7,60,20,8,10,0.35,0.25,160.0,1e-12,False,3,4,0.5,True,False,1
2026-10-02T19:00:56+02:00,gate_stag_scale__upper,gate_stag_scale,upper,160.0,22,Hybrid,30,3,300000,300000,2534.0104813835724,2200.0,334.01048138357237,69.57991387401125,V4,30,300000,8,0.02,0.005,0.05,1e-06,0.2,1.05,0.7,60,20,8,10,0.35,0.25,160.0,1e-12,False,3,4,0.5,True,False,1
2026-10-02T19:02:07+02:00,gate_stag_scale__upper,gate_stag_scale,upper,160.0,22,Hybrid,30,4,300000,300000,2561.8491761970777,2200.0,361.84917619707767,70.02917363499,V4,30,300000,8,0.02,0.005,0.05,1e-06,0.2,1.05,0.7,60,20,8,10,0.35,0.25,160.0,1e-12,False,3,4,0.5,True,False,1
2026-10-02T19:02:25+02:00,gate_stag_scale__upper,gate_stag_scale,upper,160.0,23,Composition,30,0,300000,300000,2522.861719836468,2300.0,222.86171983646818,18.12965113800601,V4,30,300000,8,0.02,0.005,0.05,1e-06,0.2,1.05,0.7,60,20,8,10,0.35,0.25,160.0,1e-12,False,3,4,0.5,True,False,1
2026-10-02T19:02:43+02:00,gate_stag_scale__upper,gate_stag_scale,upper,160.0,23,Composition,30,1,300000,300000,2522.8622844998768,2300.0,222.86228449987675,18.409139839001,V4,30,300000,8,0.02,0.005,0.05,1e-06,0.2,1.05,0.7,60,20,8,10,0.35,0.25,160.0,1e-12,False,3,4,0.5,True,False,1
2026-10-02T19:03:02+02:00,gate_stag_scale__upper,gate_stag_scale,upper,160.0,23,Composition,30,2,300000,300000,2522.8554322339883,2300.0,222.85543223398827,18.351850117003778,V4,30,300000,8,0.02,0.005,0.05,1e-06,0.2,1.05,0.7,60,20,8,10,0.35,0.25,160.0,1e-12,False,3,4,0.5,True,False,1
2026-10-02T19:03:20+02:00,gate_stag_scale__upper,gate_stag_scale,upper,160.0,23,Composition,30,3,300000,300000,2522.8609870717214,2300.0,222.8609870717214,18.003760501000215,V4,30,300000,8,0.02,0.005,0.05,1e-06,0.2,1.05,0.7,60,20,8,10,0.35,0.25,160.0,1e-12,False,3,4,0.5,True,False,1
2026-10-02T19:03:38+02:00,gate_stag_scale__upper,gate_stag_scale,upper,160.0,23,Composition,30,4,300000,300000,2522.8636640157533,2300.0,222.86366401575333,18.160654048988363,V4,30,300000,8,0.02,0.005,0.05,1e-06,0.2,1.05,0.7,60,20,8,10,0.35,0.25,160.0,1e-12,False,3,4,0.5,True,False,1
2026-10-02T19:03:59+02:00,gate_stag_scale__upper,gate_stag_scale,upper,160.0,24,Composition,30,0,300000,300000,2626.8668652258298,2400.0,226.86686522582977,20.7645631179912,V4,30,300000,8,0.02,0.005,0.05,1e-06,0.2,1.05,0.7,60,20,8,10,0.35,0.25,160.0,1e-12,False,3,4,0.5,True,False,1
2026-10-02T19:04:19+02:00,gate_stag_scale__upper,gate_stag_scale,upper,160.0,24,Composition,30,1,300000,300000,2626.433955734378,2400.0,226.43395573437783,20.54156406200491,V4,30,300000,8,0.02,0.005,0.05,1e-06,0.2,1.05,0.7,60,20,8,10,0.35,0.25,160.0,1e-12,False,3,4,0.5,True,False,1
2026-10-02T19:04:40+02:00,gate_stag_scale__upper,gate_stag_scale,upper,160.0,24,Composition,30,2,300000,300000,2627.5902442005126,2400.0,227.59024420051264,21.05925416100945,V4,30,300000,8,0.02,0.005,0.05,1e-06,0.2,1.05,0.7,60,20,8,10,0.35,0.25,160.0,1e-12,False,3,4,0.5,True,False,1
2026-10-02T19:05:01+02:00,gate_stag_scale__upper,gate_stag_scale,upper,160.0,24,Composition,30,3,300000,300000,2628.580604563919,2400.0,228.58060456391922,20.71429063899268,V4,30,300000,8,0.02,0.005,0.05,1e-06,0.2,1.05,0.7,60,20,8,10,0.35,0.25,160.0,1e-12,False,3,4,0.5,True,False,1
2026-10-02T19:05:22+02:00,gate_stag_scale__upper,gate_stag_scale,upper,160.0,24,Composition,30,4,300000,300000,2628.542212210383,2400.0,228.5422122103828,20.827980906993616,V4,30,300000,8,0.02,0.005,0.05,1e-06,0.2,1.05,0.7,60,20,8,10,0.35,0.25,160.0,1e-12,False,3,4,0.5,True,False,1
2026-10-02T19:05:43+02:00,gate_stag_scale__upper,gate_stag_scale,upper,160.0,25,Composition,30,0,300000,300000,2715.1831194569877,2500.0,215.1831194569877,21.020781312996405,V4,30,300000,8,0.02,0.005,0.05,1e-06,0.2,1.05,0.7,60,20,8,10,0.35,0.25,160.0,1e-12,False,3,4,0.5,True,False,1
2026-10-02T19:06:04+02:00,gate_stag_scale__upper,gate_stag_scale,upper,160.0,25,Composition,30,1,300000,300000,2718.426418925702,2500.0,218.4264189257019,20.785900779999793,V4,30,300000,8,0.02,0.005,0.05,1e-06,0.2,1.05,0.7,60,20,8,10,0.35,0.25,160.0,1e-12,False,3,4,0.5,True,False,1
2026-10-02T19:06:25+02:00,gate_stag_scale__upper,gate_stag_scale,upper,160.0,25,Composition,30,2,300000,300000,2712.259153999959,2500.0,212.25915399995893,20.855687358009163,V4,30,300000,8,0.02,0.005,0.05,1e-06,0.2,1.05,0.7,60,20,8,10,0.35,0.25,160.0,1e-12,False,3,4,0.5,True,False,1
2026-10-02T19:06:46+02:00,gate_stag_scale__upper,gate_stag_scale,upper,160.0,25,Composition,30,3,300000,300000,2721.6955737805492,2500.0,221.69557378054924,21.03192638399196,V4,30,300000,8,0.02,0.005,0.05,1e-06,0.2,1.05,0.7,60,20,8,10,0.35,0.25,160.0,1e-12,False,3,4,0.5,True,False,1
2026-10-02T19:07:07+02:00,gate_stag_scale__upper,gate_stag_scale,upper,160.0,25,Composition,30,4,300000,300000,2721.2738105808257,2500.0,221.27381058082574,21.320342671999242,V4,30,300000,8,0.02,0.005,0.05,1e-06,0.2,1.05,0.7,60,20,8,10,0.35,0.25,160.0,1e-12,False,3,4,0.5,True,False,1
2026-10-02T19:08:55+02:00,gate_stag_scale__upper,gate_stag_scale,upper,160.0,26,Composition,30,0,300000,300000,2800.208276756033,2600.0,200.20827675603277,107.0533931109967,V4,30,300000,8,0.02,0.005,0.05,1e-06,0.2,1.05,0.7,60,20,8,10,0.35,0.25,160.0,1e-12,False,3,4,0.5,True,False,1
2026-10-02T19:10:43+02:00,gate_stag_scale__upper,gate_stag_scale,upper,160.0,26,Composition,30,1,300000,300000,2700.4615842478474,2600.0,100.46158424784744,108.2298301159899,V4,30,300000,8,0.02,0.005,0.05,1e-06,0.2,1.05,0.7,60,20,8,10,0.35,0.25,160.0,1e-12,False,3,4,0.5,True,False,1
2026-10-02T19:12:31+02:00,gate_stag_scale__upper,gate_stag_scale,upper,160.0,26,Composition,30,2,300000,300000,2800.139785713121,2600.0,200.139785713121,108.06522170499375,V4,30,300000,8,0.02,0.005,0.05,1e-06,0.2,1.05,0.7,60,20,8,10,0.35,0.25,160.0,1e-12,False,3,4,0.5,True,False,1
2026-10-02T19:14:18+02:00,gate_stag_scale__upper,gate_stag_scale,upper,160.0,26,Composition,30,3,300000,300000,2800.2754647356346,2600.0,200.2754647356346,107.01394858899585,V4,30,300000,8,0.02,0.005,0.05,1e-06,0.2,1.05,0.7,60,20,8,10,0.35,0.25,160.0,1e-12,False,3,4,0.5,True,False,1
2026-10-02T19:16:06+02:00,gate_stag_scale__upper,gate_stag_scale,upper,160.0,26,Composition,30,4,300000,300000,2800.1677570863817,2600.0,200.1677570863817,107.89336760999868,V4,30,300000,8,0.02,0.005,0.05,1e-06,0.2,1.05,0.7,60,20,8,10,0.35,0.25,160.0,1e-12,False,3,4,0.5,True,False,1
2026-10-02T19:17:56+02:00,gate_stag_scale__upper,gate_stag_scale,upper,160.0,27,Composition,30,0,300000,300000,3103.4894379671805,2700.0,403.4894379671805,109.18287548600347,V4,30,300000,8,0.02,0.005,0.05,1e-06,0.2,1.05,0.7,60,20,8,10,0.35,0.25,160.0,1e-12,False,3,4,0.5,True,False,1
2026-10-02T19:19:45+02:00,gate_stag_scale__upper,gate_stag_scale,upper,160.0,27,Composition,30,1,300000,300000,3106.1720150365545,2700.0,406.1720150365545,109.80918553599622,V4,30,300000,8,0.02,0.005,0.05,1e-06,0.2,1.05,0.7,60,20,8,10,0.35,0.25,160.0,1e-12,False,3,4,0.5,True,False,1
2026-10-02T19:21:32+02:00,gate_stag_scale__upper,gate_stag_scale,upper,160.0,27,Composition,30,2,300000,300000,3105.8278561311117,2700.0,405.82785613111173,106.87680367099529,V4,30,300000,8,0.02,0.005,0.05,1e-06,0.2,1.05,0.7,60,20,8,10,0.35,0.25,160.0,1e-12,False,3,4,0.5,True,False,1
2026-10-02T19:23:19+02:00,gate_stag_scale__upper,gate_stag_scale,upper,160.0,27,Composition,30,3,300000,300000,3103.8456174246744,2700.0,403.8456174246744,106.95594457599509,V4,30,300000,8,0.02,0.005,0.05,1e-06,0.2,1.05,0.7,60,20,8,10,0.35,0.25,160.0,1e-12,False,3,4,0.5,True,False,1
2026-10-02T19:25:06+02:00,gate_stag_scale__upper,gate_stag_scale,upper,160.0,27,Composition,30,4,300000,300000,3105.1460534221715,2700.0,405.14605342217146,106.58426450799743,V4,30,300000,8,0.02,0.005,0.05,1e-06,0.2,1.05,0.7,60,20,8,10,0.35,0.25,160.0,1e-12,False,3,4,0.5,True,False,1
2026-10-02T19:26:13+02:00,gate_stag_scale__upper,gate_stag_scale,upper,160.0,28,Composition,30,0,300000,300000,7240.081537935082,2800.0,4440.081537935082,66.67833521499415,V4,30,300000,8,0.02,0.005,0.05,1e-06,0.2,1.05,0.7,60,20,8,10,0.35,0.25,160.0,1e-12,False,3,4,0.5,True,False,1
2026-10-02T19:27:19+02:00,gate_stag_scale__upper,gate_stag_scale,upper,160.0,28,Composition,30,1,300000,300000,6725.814036324443,2800.0,3925.814036324443,66.53112205500656,V4,30,300000,8,0.02,0.005,0.05,1e-06,0.2,1.05,0.7,60,20,8,10,0.35,0.25,160.0,1e-12,False,3,4,0.5,True,False,1
2026-10-02T19:28:26+02:00,gate_stag_scale__upper,gate_stag_scale,upper,160.0,28,Composition,30,2,300000,300000,7560.268031972775,2800.0,4760.268031972775,66.68462384300074,V4,30,300000,8,0.02,0.005,0.05,1e-06,0.2,1.05,0.7,60,20,8,10,0.35,0.25,160.0,1e-12,False,3,4,0.5,True,False,1
2026-10-02T19:29:32+02:00,gate_stag_scale__upper,gate_stag_scale,upper,160.0,28,Composition,30,3,300000,300000,6088.198082210371,2800.0,3288.1980822103706,66.25273223000113,V4,30,300000,8,0.02,0.005,0.05,1e-06,0.2,1.05,0.7,60,20,8,10,0.35,0.25,160.0,1e-12,False,3,4,0.5,True,False,1
2026-10-02T19:30:40+02:00,gate_stag_scale__upper,gate_stag_scale,upper,160.0,28,Composition,30,4,300000,300000,7444.640982127041,2800.0,4644.640982127041,67.50073968700599,V4,30,300000,8,0.02,0.005,0.05,1e-06,0.2,1.05,0.7,60,20,8,10,0.35,0.25,160.0,1e-12,False,3,4,0.5,True,False,1
2026-10-02T19:31:32+02:00,gate_stag_scale__upper,gate_stag_scale,upper,160.0,29,Composition,30,0,300000,300000,9837.528862965639,2900.0,6937.528862965639,51.51964811900689,V4,30,300000,8,0.02,0.005,0.05,1e-06,0.2,1.05,0.7,60,20,8,10,0.35,0.25,160.0,1e-12,False,3,4,0.5,True,False,1
2026-10-02T19:32:24+02:00,gate_stag_scale__upper,gate_stag_scale,upper,160.0,29,Composition,30,1,300000,300000,22474.18749262977,2900.0,19574.18749262977,52.234876920003444,V4,30,300000,8,0.02,0.005,0.05,1e-06,0.2,1.05,0.7,60,20,8,10,0.35,0.25,160.0,1e-12,False,3,4,0.5,True,False,1
2026-10-02T19:33:19+02:00,gate_stag_scale__upper,gate_stag_scale,upper,160.0,29,Composition,30,2,300000,300000,40186.804956610285,2900.0,37286.804956610285,55.30295550900337,V4,30,300000,8,0.02,0.005,0.05,1e-06,0.2,1.05,0.7,60,20,8,10,0.35,0.25,160.0,1e-12,False,3,4,0.5,True,False,1
2026-10-02T19:34:14+02:00,gate_stag_scale__upper,gate_stag_scale,upper,160.0,29,Composition,30,3,300000,300000,11890.298235212505,2900.0,8990.298235212505,54.49457646699739,V4,30,300000,8,0.02,0.005,0.05,1e-06,0.2,1.05,0.7,60,20,8,10,0.35,0.25,160.0,1e-12,False,3,4,0.5,True,False,1
2026-10-02T19:35:08+02:00,gate_stag_scale__upper,gate_stag_scale,upper,160.0,29,Composition,30,4,300000,300000,10230.94657504136,2900.0,7330.94657504136,54.24637396199978,V4,30,300000,8,0.02,0.005,0.05,1e-06,0.2,1.05,0.7,60,20,8,10,0.35,0.25,160.0,1e-12,False,3,4,0.5,True,False,1
2026-10-02T19:36:54+02:00,gate_stag_scale__upper,gate_stag_scale,upper,160.0,30,Composition,30,0,300000,300000,38495.015537619896,3000.0,35495.015537619896,105.64065370798926,V4,30,300000,8,0.02,0.005,0.05,1e-06,0.2,1.05,0.7,60,20,8,10,0.35,0.25,160.0,1e-12,False,3,4,0.5,True,False,1
2026-10-02T19:38:41+02:00,gate_stag_scale__upper,gate_stag_scale,upper,160.0,30,Composition,30,1,300000,300000,26393.549794057293,3000.0,23393.549794057293,107.02577257399389,V4,30,300000,8,0.02,0.005,0.05,1e-06,0.2,1.05,0.7,60,20,8,10,0.35,0.25,160.0,1e-12,False,3,4,0.5,True,False,1
2026-10-02T19:40:27+02:00,gate_stag_scale__upper,gate_stag_scale,upper,160.0,30,Composition,30,2,300000,300000,29348.475551347998,3000.0,26348.475551347998,105.49022747699928,V4,30,300000,8,0.02,0.005,0.05,1e-06,0.2,1.05,0.7,60,20,8,10,0.35,0.25,160.0,1e-12,False,3,4,0.5,True,False,1
2026-10-02T19:42:09+02:00,gate_stag_scale__upper,gate_stag_scale,upper,160.0,30,Composition,30,3,300000,300000,27504.560468022028,3000.0,24504.560468022028,102.07957994399476,V4,30,300000,8,0.02,0.005,0.05,1e-06,0.2,1.05,0.7,60,20,8,10,0.35,0.25,160.0,1e-12,False,3,4,0.5,True,False,1
2026-10-02T19:43:50+02:00,gate_stag_scale__upper,gate_stag_scale,upper,160.0,30,Composition,30,4,300000,300000,32160.050603680345,3000.0,29160.050603680345,101.40113955199195,V4,30,300000,8,0.02,0.005,0.05,1e-06,0.2,1.05,0.7,60,20,8,10,0.35,0.25,160.0,1e-12,False,3,4,0.5,True,False,1
