suite,algorithm,function_id,function_name,category,dimension,run_id,seed,FE_budget_max,fe_used,best_f,f_opt,error,n_accept,n_reloc,wall_time_sec,status
CEC2014,DMGSO,1,CEC2014-F1,Unimodal,30,0,,300000,300000,2364425.602610498,100.0,2364325.602610498,1786,2,7.50128249699992,ok
CEC2014,CMA-ES,1,CEC2014-F1,Unimodal,30,0,1000,300000,32788,100.00000000000004,100.0,4.263256414560601e-14,nan,nan,2.74522758799867,ok
CEC2014,DE,1,CEC2014-F1,Unimodal,30,0,1000,300000,299700,102545.10562263739,100.0,102445.10562263739,nan,nan,6.281691136999143,ok
CEC2014,PSO,1,CEC2014-F1,Unimodal,30,0,1000,300000,300000,66677028.867642485,100.0,66676928.867642485,nan,nan,2.2512183859998913,ok
CEC2014,DMGSO,1,CEC2014-F1,Unimodal,30,1,,300000,300000,10107340.805521982,100.0,10107240.805521982,1606,4,7.533254054998906,ok
CEC2014,CMA-ES,1,CEC2014-F1,Unimodal,30,1,1001,300000,32284,100.00000000000003,100.0,2.842170943040401e-14,nan,nan,2.8079628579998825,ok
CEC2014,DE,1,CEC2014-F1,Unimodal,30,1,1001,300000,299700,143557.10720744942,100.0,143457.10720744942,nan,nan,6.7740825780001614,ok
CEC2014,PSO,1,CEC2014-F1,Unimodal,30,1,1001,300000,300000,16289071.541578803,100.0,16288971.541578803,nan,nan,2.292879331998847,ok
CEC2014,DMGSO,1,CEC2014-F1,Unimodal,30,2,,300000,300000,8005316.044871672,100.0,8005216.044871672,1614,4,7.471642881000662,ok
CEC2014,CMA-ES,1,CEC2014-F1,Unimodal,30,2,1002,300000,37086,100.00000000000004,100.0,4.263256414560601e-14,nan,nan,3.339885368999603,ok
CEC2014,DE,1,CEC2014-F1,Unimodal,30,2,1002,300000,299700,203931.94528055098,100.0,203831.94528055098,nan,nan,6.30928353300078,ok
CEC2014,PSO,1,CEC2014-F1,Unimodal,30,2,1002,300000,300000,186383170.87517405,100.0,186383070.87517405,nan,nan,2.1703162969988625,ok
CEC2014,DMGSO,1,CEC2014-F1,Unimodal,30,3,,300000,300000,8469777.34782366,100.0,8469677.34782366,1710,3,7.844832283000869,ok
CEC2014,CMA-ES,1,CEC2014-F1,Unimodal,30,3,1003,300000,34146,100.00000000000003,100.0,2.842170943040401e-14,nan,nan,3.3198549389999243,ok
CEC2014,DE,1,CEC2014-F1,Unimodal,30,3,1003,300000,299700,56687.65968379282,100.0,56587.65968379282,nan,nan,6.1730459299997165,ok
CEC2014,PSO,1,CEC2014-F1,Unimodal,30,3,1003,300000,300000,92905834.39224881,100.0,92905734.39224881,nan,nan,2.2263808299994707,ok
CEC2014,DMGSO,1,CEC2014-F1,Unimodal,30,4,,300000,300000,4363305.758640867,100.0,4363205.758640867,1594,5,7.497831435999615,ok
CEC2014,CMA-ES,1,CEC2014-F1,Unimodal,30,4,1004,300000,33124,100.00000000000003,100.0,2.842170943040401e-14,nan,nan,2.846113974999753,ok
CEC2014,DE,1,CEC2014-F1,Unimodal,30,4,1004,300000,299700,175398.38537665136,100.0,175298.38537665136,nan,nan,6.351438457000768,ok
CEC2014,PSO,1,CEC2014-F1,Unimodal,30,4,1004,300000,300000,135714842.66829526,100.0,135714742.66829526,nan,nan,2.177841486000034,ok
CEC2014,DMGSO,1,CEC2014-F1,Unimodal,30,5,,300000,300000,8555631.512954207,100.0,8555531.512954207,1563,6,7.496176926000771,ok
CEC2014,CMA-ES,1,CEC2014-F1,Unimodal,30,5,1005,300000,32928,100.00000000000003,100.0,2.842170943040401e-14,nan,nan,3.0180499919988506,ok
CEC2014,DE,1,CEC2014-F1,Unimodal,30,5,1005,300000,299700,270665.30327100423,100.0,270565.30327100423,nan,nan,6.351297283999884,ok
CEC2014,PSO,1,CEC2014-F1,Unimodal,30,5,1005,300000,300000,157413513.40739805,100.0,157413413.40739805,nan,nan,2.1130395449999924,ok
CEC2014,DMGSO,1,CEC2014-F1,Unimodal,30,6,,300000,300000,2953383.8907164484,100.0,2953283.8907164484,1680,3,7.404363283001658,ok
CEC2014,CMA-ES,1,CEC2014-F1,Unimodal,30,6,1006,300000,32200,100.00000000000003,100.0,2.842170943040401e-14,nan,nan,2.6909019880004053,ok
CEC2014,DE,1,CEC2014-F1,Unimodal,30,6,1006,300000,299700,377804.071048669,100.0,377704.071048669,nan,nan,6.321209554000234,ok
CEC2014,PSO,1,CEC2014-F1,Unimodal,30,6,1006,300000,300000,125691079.05410126,100.0,125690979.05410126,nan,nan,2.303944434001096,ok
CEC2014,DMGSO,1,CEC2014-F1,Unimodal,30,7,,300000,300000,5997167.398256834,100.0,5997067.398256834,1666,4,7.50015347200133,ok
CEC2014,CMA-ES,1,CEC2014-F1,Unimodal,30,7,1007,300000,32956,100.00000000000004,100.0,4.263256414560601e-14,nan,nan,2.867534164999597,ok
CEC2014,DE,1,CEC2014-F1,Unimodal,30,7,1007,300000,299700,269228.99967524013,100.0,269128.99967524013,nan,nan,6.407446962000904,ok
CEC2014,PSO,1,CEC2014-F1,Unimodal,30,7,1007,300000,300000,122795343.1098195,100.0,122795243.1098195,nan,nan,2.3526207199993223,ok
CEC2014,DMGSO,1,CEC2014-F1,Unimodal,30,8,,300000,300000,4982591.103832009,100.0,4982491.103832009,1915,0,7.52788672799943,ok
CEC2014,CMA-ES,1,CEC2014-F1,Unimodal,30,8,1008,300000,31724,100.00000000000003,100.0,2.842170943040401e-14,nan,nan,2.902429136000137,ok
CEC2014,DE,1,CEC2014-F1,Unimodal,30,8,1008,300000,299700,31165.164767543178,100.0,31065.164767543178,nan,nan,6.361144337999576,ok
CEC2014,PSO,1,CEC2014-F1,Unimodal,30,8,1008,300000,300000,655648834.435432,100.0,655648734.435432,nan,nan,2.117757346999497,ok
CEC2014,DMGSO,1,CEC2014-F1,Unimodal,30,9,,300000,300000,4110454.0787346563,100.0,4110354.0787346563,1709,1,7.3963172789990494,ok
CEC2014,CMA-ES,1,CEC2014-F1,Unimodal,30,9,1009,300000,32032,100.00000000000001,100.0,1.4210854715202004e-14,nan,nan,2.923765068000648,ok
CEC2014,DE,1,CEC2014-F1,Unimodal,30,9,1009,300000,299700,234756.18922255674,100.0,234656.18922255674,nan,nan,6.389725406999787,ok
CEC2014,PSO,1,CEC2014-F1,Unimodal,30,9,1009,300000,300000,155547856.32947344,100.0,155547756.32947344,nan,nan,2.150437762000365,ok
CEC2014,DMGSO,1,CEC2014-F1,Unimodal,30,10,,300000,300000,9614070.11940244,100.0,9613970.11940244,1695,3,7.644276853001429,ok
CEC2014,CMA-ES,1,CEC2014-F1,Unimodal,30,10,1010,300000,33180,100.00000000000003,100.0,2.842170943040401e-14,nan,nan,3.5983523880004213,ok
CEC2014,DE,1,CEC2014-F1,Unimodal,30,10,1010,300000,299700,141168.74366848668,100.0,141068.74366848668,nan,nan,6.137717378000161,ok
CEC2014,PSO,1,CEC2014-F1,Unimodal,30,10,1010,300000,300000,228446065.35394242,100.0,228445965.35394242,nan,nan,2.134833816000537,ok
CEC2014,DMGSO,1,CEC2014-F1,Unimodal,30,11,,300000,300000,2791263.938741711,100.0,2791163.938741711,1709,3,8.049573160000364,ok
CEC2014,CMA-ES,1,CEC2014-F1,Unimodal,30,11,1011,300000,36148,100.00000000000001,100.0,1.4210854715202004e-14,nan,nan,3.581162382999537,ok
CEC2014,DE,1,CEC2014-F1,Unimodal,30,11,1011,300000,299700,35499.477928966306,100.0,35399.477928966306,nan,nan,6.814058257999932,ok
CEC2014,PSO,1,CEC2014-F1,Unimodal,30,11,1011,300000,300000,92354371.95487197,100.0,92354271.95487197,nan,nan,2.662061155000629,ok
CEC2014,DMGSO,1,CEC2014-F1,Unimodal,30,12,,300000,300000,7129947.460586826,100.0,7129847.460586826,1530,5,7.828982700999404,ok
CEC2014,CMA-ES,1,CEC2014-F1,Unimodal,30,12,1012,300000,32438,100.00000000000004,100.0,4.263256414560601e-14,nan,nan,3.373743572001331,ok
CEC2014,DE,1,CEC2014-F1,Unimodal,30,12,1012,300000,299700,477077.1865314839,100.0,476977.1865314839,nan,nan,6.5866023210001,ok
CEC2014,PSO,1,CEC2014-F1,Unimodal,30,12,1012,300000,300000,147346893.376704,100.0,147346793.376704,nan,nan,2.102622540000084,ok
CEC2014,DMGSO,1,CEC2014-F1,Unimodal,30,13,,300000,300000,7390457.832044671,100.0,7390357.832044671,1652,2,7.851098183999056,ok
CEC2014,CMA-ES,1,CEC2014-F1,Unimodal,30,13,1013,300000,32326,100.00000000000003,100.0,2.842170943040401e-14,nan,nan,2.897533180999744,ok
CEC2014,DE,1,CEC2014-F1,Unimodal,30,13,1013,300000,299700,127396.41038187758,100.0,127296.41038187758,nan,nan,6.617200893999325,ok
CEC2014,PSO,1,CEC2014-F1,Unimodal,30,13,1013,300000,300000,95110986.79550838,100.0,95110886.79550838,nan,nan,2.307149603000653,ok
CEC2014,DMGSO,1,CEC2014-F1,Unimodal,30,14,,300000,300000,5531264.490853026,100.0,5531164.490853026,1532,6,7.800569271999848,ok
CEC2014,CMA-ES,1,CEC2014-F1,Unimodal,30,14,1014,300000,33698,100.00000000000001,100.0,1.4210854715202004e-14,nan,nan,2.9827877860006993,ok
CEC2014,DE,1,CEC2014-F1,Unimodal,30,14,1014,300000,299700,469839.3367541349,100.0,469739.3367541349,nan,nan,6.5553694129994255,ok
CEC2014,PSO,1,CEC2014-F1,Unimodal,30,14,1014,300000,300000,46658871.47571015,100.0,46658771.47571015,nan,nan,2.3556045750010526,ok
CEC2014,DMGSO,1,CEC2014-F1,Unimodal,30,15,,300000,300000,2696476.312616085,100.0,2696376.312616085,1524,6,7.9542381890005345,ok
CEC2014,CMA-ES,1,CEC2014-F1,Unimodal,30,15,1015,300000,33880,100.00000000000004,100.0,4.263256414560601e-14,nan,nan,3.2578986450007505,ok
CEC2014,DE,1,CEC2014-F1,Unimodal,30,15,1015,300000,299700,69042.34440479259,100.0,68942.34440479259,nan,nan,6.650670906001324,ok
CEC2014,PSO,1,CEC2014-F1,Unimodal,30,15,1015,300000,300000,9692214.54980007,100.0,9692114.54980007,nan,nan,2.241508507000617,ok
CEC2014,DMGSO,1,CEC2014-F1,Unimodal,30,16,,300000,300000,9786751.093007598,100.0,9786651.093007598,1750,2,7.634113394000451,ok
CEC2014,CMA-ES,1,CEC2014-F1,Unimodal,30,16,1016,300000,34370,100.00000000000003,100.0,2.842170943040401e-14,nan,nan,3.2817674150010134,ok
CEC2014,DE,1,CEC2014-F1,Unimodal,30,16,1016,300000,299700,43719.29892010996,100.0,43619.29892010996,nan,nan,6.508798000000752,ok
CEC2014,PSO,1,CEC2014-F1,Unimodal,30,16,1016,300000,300000,352045773.21500844,100.0,352045673.21500844,nan,nan,2.313544960999934,ok
CEC2014,DMGSO,1,CEC2014-F1,Unimodal,30,17,,300000,300000,6090341.0715263905,100.0,6090241.0715263905,1750,2,7.80671924499984,ok
CEC2014,CMA-ES,1,CEC2014-F1,Unimodal,30,17,1017,300000,32368,100.00000000000003,100.0,2.842170943040401e-14,nan,nan,2.96425303399883,ok
CEC2014,DE,1,CEC2014-F1,Unimodal,30,17,1017,300000,299700,170528.2654606025,100.0,170428.2654606025,nan,nan,6.65687856400109,ok
CEC2014,PSO,1,CEC2014-F1,Unimodal,30,17,1017,300000,300000,229141665.38195488,100.0,229141565.38195488,nan,nan,2.3356950850011344,ok
CEC2014,DMGSO,1,CEC2014-F1,Unimodal,30,18,,300000,300000,4038518.832639953,100.0,4038418.832639953,1625,5,7.740672854999502,ok
CEC2014,CMA-ES,1,CEC2014-F1,Unimodal,30,18,1018,300000,32760,100.00000000000003,100.0,2.842170943040401e-14,nan,nan,3.060038652000003,ok
CEC2014,DE,1,CEC2014-F1,Unimodal,30,18,1018,300000,299700,25800.690154926524,100.0,25700.690154926524,nan,nan,6.368890787000055,ok
CEC2014,PSO,1,CEC2014-F1,Unimodal,30,18,1018,300000,300000,185682815.7453254,100.0,185682715.7453254,nan,nan,2.1646065120003186,ok
CEC2014,DMGSO,1,CEC2014-F1,Unimodal,30,19,,300000,300000,4667249.5891757,100.0,4667149.5891757,1606,5,7.3707230910004,ok
CEC2014,CMA-ES,1,CEC2014-F1,Unimodal,30,19,1019,300000,32872,100.00000000000001,100.0,1.4210854715202004e-14,nan,nan,3.060614693999014,ok
CEC2014,DE,1,CEC2014-F1,Unimodal,30,19,1019,300000,299700,59280.24065872765,100.0,59180.24065872765,nan,nan,6.330517597001744,ok
CEC2014,PSO,1,CEC2014-F1,Unimodal,30,19,1019,300000,300000,40795059.01921683,100.0,40794959.01921683,nan,nan,2.14044629899945,ok
CEC2014,DMGSO,1,CEC2014-F1,Unimodal,30,20,,300000,300000,7791804.267453119,100.0,7791704.267453119,1535,6,7.378650012000435,ok
CEC2014,CMA-ES,1,CEC2014-F1,Unimodal,30,20,1020,300000,31542,100.00000000000004,100.0,4.263256414560601e-14,nan,nan,2.8238156150000577,ok
CEC2014,DE,1,CEC2014-F1,Unimodal,30,20,1020,300000,299700,47220.205778079864,100.0,47120.205778079864,nan,nan,6.649886497998523,ok
CEC2014,PSO,1,CEC2014-F1,Unimodal,30,20,1020,300000,300000,393773032.5700221,100.0,393772932.5700221,nan,nan,2.2509737750006025,ok
CEC2014,DMGSO,1,CEC2014-F1,Unimodal,30,21,,300000,300000,3155252.756584834,100.0,3155152.756584834,1575,5,7.4467009420004615,ok
CEC2014,CMA-ES,1,CEC2014-F1,Unimodal,30,21,1021,300000,38514,100.00000000000001,100.0,1.4210854715202004e-14,nan,nan,3.44301024699962,ok
CEC2014,DE,1,CEC2014-F1,Unimodal,30,21,1021,300000,299700,152228.1440669594,100.0,152128.1440669594,nan,nan,6.418106152001201,ok
CEC2014,PSO,1,CEC2014-F1,Unimodal,30,21,1021,300000,300000,97651632.14047137,100.0,97651532.14047137,nan,nan,2.093183028999192,ok
CEC2014,DMGSO,1,CEC2014-F1,Unimodal,30,22,,300000,300000,9825282.654612485,100.0,9825182.654612485,1535,5,7.342991888001052,ok
CEC2014,CMA-ES,1,CEC2014-F1,Unimodal,30,22,1022,300000,34552,100.00000000000003,100.0,2.842170943040401e-14,nan,nan,3.3559592309993604,ok
CEC2014,DE,1,CEC2014-F1,Unimodal,30,22,1022,300000,299700,69205.99299306936,100.0,69105.99299306936,nan,nan,6.4913622260010015,ok
CEC2014,PSO,1,CEC2014-F1,Unimodal,30,22,1022,300000,300000,190397867.89518842,100.0,190397767.89518842,nan,nan,2.1621272350002982,ok
CEC2014,DMGSO,1,CEC2014-F1,Unimodal,30,23,,300000,300000,7906980.436232629,100.0,7906880.436232629,1814,1,7.810026567000023,ok
CEC2014,CMA-ES,1,CEC2014-F1,Unimodal,30,23,1023,300000,32802,100.00000000000003,100.0,2.842170943040401e-14,nan,nan,3.4124147559996345,ok
CEC2014,DE,1,CEC2014-F1,Unimodal,30,23,1023,300000,299700,277792.4508765097,100.0,277692.4508765097,nan,nan,6.663167544000316,ok
CEC2014,PSO,1,CEC2014-F1,Unimodal,30,23,1023,300000,300000,258721906.39300597,100.0,258721806.39300597,nan,nan,2.2424899470006494,ok
CEC2014,DMGSO,1,CEC2014-F1,Unimodal,30,24,,300000,300000,10980182.037125858,100.0,10980082.037125858,1737,3,7.5468276150004385,ok
CEC2014,CMA-ES,1,CEC2014-F1,Unimodal,30,24,1024,300000,34650,100.00000000000003,100.0,2.842170943040401e-14,nan,nan,3.385483441999895,ok
CEC2014,DE,1,CEC2014-F1,Unimodal,30,24,1024,300000,299700,275283.83825666393,100.0,275183.83825666393,nan,nan,6.335659767999459,ok
CEC2014,PSO,1,CEC2014-F1,Unimodal,30,24,1024,300000,300000,124312097.62493013,100.0,124311997.62493013,nan,nan,2.3299782119993324,ok
CEC2014,DMGSO,1,CEC2014-F1,Unimodal,30,25,,300000,300000,4368716.355747003,100.0,4368616.355747003,1670,2,7.484707929999786,ok
CEC2014,CMA-ES,1,CEC2014-F1,Unimodal,30,25,1025,300000,33054,100.00000000000003,100.0,2.842170943040401e-14,nan,nan,2.871596455999679,ok
CEC2014,DE,1,CEC2014-F1,Unimodal,30,25,1025,300000,299700,224011.58110325763,100.0,223911.58110325763,nan,nan,6.289919949998875,ok
CEC2014,PSO,1,CEC2014-F1,Unimodal,30,25,1025,300000,300000,207460991.38156924,100.0,207460891.38156924,nan,nan,2.1410862739994627,ok
CEC2014,DMGSO,1,CEC2014-F1,Unimodal,30,26,,300000,300000,8492068.458770445,100.0,8491968.458770445,1690,2,7.909571983000205,ok
CEC2014,CMA-ES,1,CEC2014-F1,Unimodal,30,26,1026,300000,32970,100.00000000000003,100.0,2.842170943040401e-14,nan,nan,3.4068482860002405,ok
CEC2014,DE,1,CEC2014-F1,Unimodal,30,26,1026,300000,299700,70766.10511132421,100.0,70666.10511132421,nan,nan,6.4439310540001316,ok
CEC2014,PSO,1,CEC2014-F1,Unimodal,30,26,1026,300000,300000,283032963.672215,100.0,283032863.672215,nan,nan,2.165575474000434,ok
CEC2014,DMGSO,1,CEC2014-F1,Unimodal,30,27,,300000,300000,4897841.26134878,100.0,4897741.26134878,1583,5,7.765035481999803,ok
CEC2014,CMA-ES,1,CEC2014-F1,Unimodal,30,27,1027,300000,33978,100.00000000000003,100.0,2.842170943040401e-14,nan,nan,3.1856012669995835,ok
CEC2014,DE,1,CEC2014-F1,Unimodal,30,27,1027,300000,299700,76882.87556763674,100.0,76782.87556763674,nan,nan,6.521412242000224,ok
CEC2014,PSO,1,CEC2014-F1,Unimodal,30,27,1027,300000,300000,146426277.23080435,100.0,146426177.23080435,nan,nan,2.209811405000437,ok
CEC2014,DMGSO,1,CEC2014-F1,Unimodal,30,28,,300000,300000,5024588.562724283,100.0,5024488.562724283,1635,4,7.640610247999575,ok
CEC2014,CMA-ES,1,CEC2014-F1,Unimodal,30,28,1028,300000,35658,100.00000000000004,100.0,4.263256414560601e-14,nan,nan,3.826083342999482,ok
CEC2014,DE,1,CEC2014-F1,Unimodal,30,28,1028,300000,299700,302532.13288209355,100.0,302432.13288209355,nan,nan,6.194139207998887,ok
CEC2014,PSO,1,CEC2014-F1,Unimodal,30,28,1028,300000,300000,389193328.1922733,100.0,389193228.1922733,nan,nan,2.20111688399993,ok
CEC2014,DMGSO,1,CEC2014-F1,Unimodal,30,29,,300000,300000,1212284.6932180321,100.0,1212184.6932180321,1741,2,7.459702558000572,ok
CEC2014,CMA-ES,1,CEC2014-F1,Unimodal,30,29,1029,300000,32886,100.00000000000003,100.0,2.842170943040401e-14,nan,nan,2.9641208719986025,ok
CEC2014,DE,1,CEC2014-F1,Unimodal,30,29,1029,300000,299700,61910.46772425425,100.0,61810.46772425425,nan,nan,6.1945216249987425,ok
CEC2014,PSO,1,CEC2014-F1,Unimodal,30,29,1029,300000,300000,69322240.83243856,100.0,69322140.83243856,nan,nan,2.1639996240010078,ok
CEC2014,DMGSO,2,CEC2014-F2,Unimodal,30,0,,300000,300000,415709.9239429937,200.0,415509.9239429937,1452,4,6.480002371999944,ok
CEC2014,CMA-ES,2,CEC2014-F2,Unimodal,30,0,1000,300000,16884,200.00000000000003,200.0,2.842170943040401e-14,nan,nan,1.5693038509998587,ok
CEC2014,DE,2,CEC2014-F2,Unimodal,30,0,1000,300000,299700,200.00000008792077,200.0,8.792076755526068e-08,nan,nan,5.321359883000696,ok
CEC2014,PSO,2,CEC2014-F2,Unimodal,30,0,1000,300000,300000,13461065629.09888,200.0,13461065429.09888,nan,nan,1.160239148999608,ok
CEC2014,DMGSO,2,CEC2014-F2,Unimodal,30,1,,300000,300000,461433.26889112906,200.0,461233.26889112906,1499,4,6.571742346999599,ok
CEC2014,CMA-ES,2,CEC2014-F2,Unimodal,30,1,1001,300000,16576,200.00000000000009,200.0,8.526512829121202e-14,nan,nan,1.5035030899998674,ok
CEC2014,DE,2,CEC2014-F2,Unimodal,30,1,1001,300000,299700,200.0000000391731,200.0,3.9173102095446666e-08,nan,nan,5.403193679998367,ok
CEC2014,PSO,2,CEC2014-F2,Unimodal,30,1,1001,300000,300000,14451481052.876421,200.0,14451480852.876421,nan,nan,1.1797256019999622,ok
CEC2014,DMGSO,2,CEC2014-F2,Unimodal,30,2,,300000,300000,543895.192255188,200.0,543695.192255188,1673,2,6.494431134999104,ok
CEC2014,CMA-ES,2,CEC2014-F2,Unimodal,30,2,1002,300000,16716,200.00000000000003,200.0,2.842170943040401e-14,nan,nan,1.4974944149998919,ok
CEC2014,DE,2,CEC2014-F2,Unimodal,30,2,1002,300000,299700,200.00000011153605,200.0,1.1153605328217964e-07,nan,nan,5.342770675999418,ok
CEC2014,PSO,2,CEC2014-F2,Unimodal,30,2,1002,300000,300000,37618148237.637344,200.0,37618148037.637344,nan,nan,1.2913376310007152,ok
CEC2014,DMGSO,2,CEC2014-F2,Unimodal,30,3,,300000,300000,1086633.9363546576,200.0,1086433.9363546576,1379,5,6.484866955999678,ok
CEC2014,CMA-ES,2,CEC2014-F2,Unimodal,30,3,1003,300000,16926,200.00000000000006,200.0,5.684341886080802e-14,nan,nan,1.4389545819994964,ok
CEC2014,DE,2,CEC2014-F2,Unimodal,30,3,1003,300000,299700,200.00000004955814,200.0,4.9558138925931416e-08,nan,nan,5.417412122000314,ok
CEC2014,PSO,2,CEC2014-F2,Unimodal,30,3,1003,300000,300000,13231529915.736322,200.0,13231529715.736322,nan,nan,1.2793845989999681,ok
CEC2014,DMGSO,2,CEC2014-F2,Unimodal,30,4,,300000,300000,839848.9286801919,200.0,839648.9286801919,1637,3,6.366970891000165,ok
CEC2014,CMA-ES,2,CEC2014-F2,Unimodal,30,4,1004,300000,16576,200.00000000000003,200.0,2.842170943040401e-14,nan,nan,1.5825173550001637,ok
CEC2014,DE,2,CEC2014-F2,Unimodal,30,4,1004,300000,299700,200.00000001025828,200.0,1.0258276006425149e-08,nan,nan,5.546273046000351,ok
CEC2014,PSO,2,CEC2014-F2,Unimodal,30,4,1004,300000,300000,18223679917.829327,200.0,18223679717.829327,nan,nan,1.2606425329995545,ok
CEC2014,DMGSO,2,CEC2014-F2,Unimodal,30,5,,300000,300000,414918.76732744125,200.0,414718.76732744125,1578,2,6.613026856000943,ok
CEC2014,CMA-ES,2,CEC2014-F2,Unimodal,30,5,1005,300000,16240,200.00000000000003,200.0,2.842170943040401e-14,nan,nan,1.4424223980004172,ok
CEC2014,DE,2,CEC2014-F2,Unimodal,30,5,1005,300000,299700,200.00000099561117,200.0,9.956111739484186e-07,nan,nan,5.3931750359988655,ok
CEC2014,PSO,2,CEC2014-F2,Unimodal,30,5,1005,300000,300000,37262541065.87828,200.0,37262540865.87828,nan,nan,1.2259605279996322,ok
CEC2014,DMGSO,2,CEC2014-F2,Unimodal,30,6,,300000,300000,899966.1245660218,200.0,899766.1245660218,1558,4,6.6373014689997945,ok
CEC2014,CMA-ES,2,CEC2014-F2,Unimodal,30,6,1006,300000,16506,200.00000000000003,200.0,2.842170943040401e-14,nan,nan,1.5251825049999752,ok
CEC2014,DE,2,CEC2014-F2,Unimodal,30,6,1006,300000,299700,200.00000006507872,200.0,6.50787228551053e-08,nan,nan,5.403894371000206,ok
CEC2014,PSO,2,CEC2014-F2,Unimodal,30,6,1006,300000,300000,15351606696.080757,200.0,15351606496.080757,nan,nan,1.207122989000709,ok
CEC2014,DMGSO,2,CEC2014-F2,Unimodal,30,7,,300000,300000,769635.126134237,200.0,769435.126134237,1523,4,6.544105899998613,ok
CEC2014,CMA-ES,2,CEC2014-F2,Unimodal,30,7,1007,300000,16730,200.00000000000003,200.0,2.842170943040401e-14,nan,nan,1.522672187000353,ok
CEC2014,DE,2,CEC2014-F2,Unimodal,30,7,1007,300000,299700,200.00000000592615,200.0,5.926153789914679e-09,nan,nan,5.546591944001193,ok
CEC2014,PSO,2,CEC2014-F2,Unimodal,30,7,1007,300000,300000,35139564057.82205,200.0,35139563857.82205,nan,nan,1.2895343759992102,ok
CEC2014,DMGSO,2,CEC2014-F2,Unimodal,30,8,,300000,300000,2080183.7329221368,200.0,2079983.7329221368,1611,3,6.5305702130008285,ok
CEC2014,CMA-ES,2,CEC2014-F2,Unimodal,30,8,1008,300000,16870,200.00000000000003,200.0,2.842170943040401e-14,nan,nan,1.4665375280001172,ok
CEC2014,DE,2,CEC2014-F2,Unimodal,30,8,1008,300000,299700,200.00000886332057,200.0,8.86332057348227e-06,nan,nan,5.376739405999615,ok
CEC2014,PSO,2,CEC2014-F2,Unimodal,30,8,1008,300000,300000,23858704154.489456,200.0,23858703954.489456,nan,nan,1.2433715180013678,ok
CEC2014,DMGSO,2,CEC2014-F2,Unimodal,30,9,,300000,300000,390033.80747193395,200.0,389833.80747193395,1690,2,6.713996241000132,ok
CEC2014,CMA-ES,2,CEC2014-F2,Unimodal,30,9,1009,300000,16800,200.00000000000003,200.0,2.842170943040401e-14,nan,nan,1.5004125340001337,ok
CEC2014,DE,2,CEC2014-F2,Unimodal,30,9,1009,300000,299700,200.00000003860032,200.0,3.8600319385295734e-08,nan,nan,5.380872740999621,ok
CEC2014,PSO,2,CEC2014-F2,Unimodal,30,9,1009,300000,300000,27238436665.92532,200.0,27238436465.92532,nan,nan,1.2843101540001953,ok
CEC2014,DMGSO,2,CEC2014-F2,Unimodal,30,10,,300000,300000,604259.4130976531,200.0,604059.4130976531,1479,4,6.719638181000846,ok
CEC2014,CMA-ES,2,CEC2014-F2,Unimodal,30,10,1010,300000,16954,200.00000000000003,200.0,2.842170943040401e-14,nan,nan,1.420580632000565,ok
CEC2014,DE,2,CEC2014-F2,Unimodal,30,10,1010,300000,299700,200.00000000953779,200.0,9.537785672364407e-09,nan,nan,5.257426022999425,ok
CEC2014,PSO,2,CEC2014-F2,Unimodal,30,10,1010,300000,300000,34733319874.996864,200.0,34733319674.996864,nan,nan,1.254468678000194,ok
CEC2014,DMGSO,2,CEC2014-F2,Unimodal,30,11,,300000,300000,913505.2540158825,200.0,913305.2540158825,1668,2,6.506103060000896,ok
CEC2014,CMA-ES,2,CEC2014-F2,Unimodal,30,11,1011,300000,16800,200.00000000000003,200.0,2.842170943040401e-14,nan,nan,1.4190754519986513,ok
CEC2014,DE,2,CEC2014-F2,Unimodal,30,11,1011,300000,299700,200.000000056064,200.0,5.6064010323098046e-08,nan,nan,5.440175456000361,ok
CEC2014,PSO,2,CEC2014-F2,Unimodal,30,11,1011,300000,300000,13883201709.684282,200.0,13883201509.684282,nan,nan,1.2296077049995802,ok
CEC2014,DMGSO,2,CEC2014-F2,Unimodal,30,12,,300000,300000,431869.882119126,200.0,431669.882119126,1505,4,6.649801944000501,ok
CEC2014,CMA-ES,2,CEC2014-F2,Unimodal,30,12,1012,300000,17010,200.00000000000003,200.0,2.842170943040401e-14,nan,nan,1.4625172289997863,ok
CEC2014,DE,2,CEC2014-F2,Unimodal,30,12,1012,300000,299700,200.00000003558344,200.0,3.558344019438664e-08,nan,nan,5.463588005999554,ok
CEC2014,PSO,2,CEC2014-F2,Unimodal,30,12,1012,300000,300000,36766538670.565765,200.0,36766538470.565765,nan,nan,1.2957974129985814,ok
CEC2014,DMGSO,2,CEC2014-F2,Unimodal,30,13,,300000,300000,641308.0566302136,200.0,641108.0566302136,1687,2,6.564915508000922,ok
CEC2014,CMA-ES,2,CEC2014-F2,Unimodal,30,13,1013,300000,16856,200.00000000000006,200.0,5.684341886080802e-14,nan,nan,1.5870260579995374,ok
CEC2014,DE,2,CEC2014-F2,Unimodal,30,13,1013,300000,299700,200.00000009935619,200.0,9.935618550116487e-08,nan,nan,5.4877959770001326,ok
CEC2014,PSO,2,CEC2014-F2,Unimodal,30,13,1013,300000,300000,26545043469.923683,200.0,26545043269.923683,nan,nan,1.1975817780003126,ok
CEC2014,DMGSO,2,CEC2014-F2,Unimodal,30,14,,300000,300000,873387.9044734611,200.0,873187.9044734611,1695,2,6.568962597999416,ok
CEC2014,CMA-ES,2,CEC2014-F2,Unimodal,30,14,1014,300000,16926,200.00000000000006,200.0,5.684341886080802e-14,nan,nan,1.4897016739996616,ok
CEC2014,DE,2,CEC2014-F2,Unimodal,30,14,1014,300000,299700,200.00000003666483,200.0,3.666482939479465e-08,nan,nan,5.3792418540015206,ok
CEC2014,PSO,2,CEC2014-F2,Unimodal,30,14,1014,300000,300000,8034540897.715414,200.0,8034540697.715414,nan,nan,1.2307668840003316,ok
CEC2014,DMGSO,2,CEC2014-F2,Unimodal,30,15,,300000,300000,444932.5889387719,200.0,444732.5889387719,1656,2,6.61524488699979,ok
CEC2014,CMA-ES,2,CEC2014-F2,Unimodal,30,15,1015,300000,16604,200.00000000000003,200.0,2.842170943040401e-14,nan,nan,1.401100746999873,ok
CEC2014,DE,2,CEC2014-F2,Unimodal,30,15,1015,300000,299700,200.00000043523974,200.0,4.3523974113668373e-07,nan,nan,5.493167304000963,ok
CEC2014,PSO,2,CEC2014-F2,Unimodal,30,15,1015,300000,300000,20731427006.92348,200.0,20731426806.92348,nan,nan,1.2083409890001349,ok
CEC2014,DMGSO,2,CEC2014-F2,Unimodal,30,16,,300000,300000,891221.5604693022,200.0,891021.5604693022,1693,2,6.403329861999737,ok
CEC2014,CMA-ES,2,CEC2014-F2,Unimodal,30,16,1016,300000,16716,200.00000000000009,200.0,8.526512829121202e-14,nan,nan,1.5111605180009064,ok
CEC2014,DE,2,CEC2014-F2,Unimodal,30,16,1016,300000,299700,200.00000001033789,200.0,1.033788521453971e-08,nan,nan,5.5152291569993395,ok
CEC2014,PSO,2,CEC2014-F2,Unimodal,30,16,1016,300000,300000,37805978950.51304,200.0,37805978750.51304,nan,nan,1.240526977000627,ok
CEC2014,DMGSO,2,CEC2014-F2,Unimodal,30,17,,300000,300000,627169.9013813447,200.0,626969.9013813447,1489,4,6.460800234999624,ok
CEC2014,CMA-ES,2,CEC2014-F2,Unimodal,30,17,1017,300000,16758,200.00000000000006,200.0,5.684341886080802e-14,nan,nan,1.3566955429996597,ok
CEC2014,DE,2,CEC2014-F2,Unimodal,30,17,1017,300000,299700,200.00000002857024,200.0,2.85702412838873e-08,nan,nan,5.482259915999748,ok
CEC2014,PSO,2,CEC2014-F2,Unimodal,30,17,1017,300000,300000,7691857848.082276,200.0,7691857648.082276,nan,nan,1.2645853310004895,ok
CEC2014,DMGSO,2,CEC2014-F2,Unimodal,30,18,,300000,300000,1501757.4381230795,200.0,1501557.4381230795,1605,2,6.770826067000598,ok
CEC2014,CMA-ES,2,CEC2014-F2,Unimodal,30,18,1018,300000,16548,200.00000000000003,200.0,2.842170943040401e-14,nan,nan,1.3286183849995723,ok
CEC2014,DE,2,CEC2014-F2,Unimodal,30,18,1018,300000,299700,200.00000037908293,200.0,3.790829339322954e-07,nan,nan,5.380945194998276,ok
CEC2014,PSO,2,CEC2014-F2,Unimodal,30,18,1018,300000,300000,34543511147.72571,200.0,34543510947.72571,nan,nan,1.2120230030013772,ok
CEC2014,DMGSO,2,CEC2014-F2,Unimodal,30,19,,300000,300000,899752.754565054,200.0,899552.754565054,1625,3,6.4472369689992775,ok
CEC2014,CMA-ES,2,CEC2014-F2,Unimodal,30,19,1019,300000,16478,200.00000000000003,200.0,2.842170943040401e-14,nan,nan,1.3939615580002283,ok
CEC2014,DE,2,CEC2014-F2,Unimodal,30,19,1019,300000,299700,200.00000001195508,200.0,1.1955080481129698e-08,nan,nan,5.293558319001022,ok
CEC2014,PSO,2,CEC2014-F2,Unimodal,30,19,1019,300000,300000,23213146990.802906,200.0,23213146790.802906,nan,nan,1.2168893599991861,ok
CEC2014,DMGSO,2,CEC2014-F2,Unimodal,30,20,,300000,300000,302543.24056845787,200.0,302343.24056845787,1638,3,6.347113485000591,ok
CEC2014,CMA-ES,2,CEC2014-F2,Unimodal,30,20,1020,300000,16940,200.00000000000003,200.0,2.842170943040401e-14,nan,nan,1.3105610389993672,ok
CEC2014,DE,2,CEC2014-F2,Unimodal,30,20,1020,300000,299700,200.00000006482017,200.0,6.482017056441691e-08,nan,nan,5.354988199998843,ok
CEC2014,PSO,2,CEC2014-F2,Unimodal,30,20,1020,300000,300000,35514086832.547035,200.0,35514086632.547035,nan,nan,1.2418806619989482,ok
CEC2014,DMGSO,2,CEC2014-F2,Unimodal,30,21,,300000,300000,799658.3586182422,200.0,799458.3586182422,1661,2,6.566407412001354,ok
CEC2014,CMA-ES,2,CEC2014-F2,Unimodal,30,21,1021,300000,17066,200.00000000000003,200.0,2.842170943040401e-14,nan,nan,1.6110992529993382,ok
CEC2014,DE,2,CEC2014-F2,Unimodal,30,21,1021,300000,299700,200.0000000041209,200.0,4.1208920720237074e-09,nan,nan,5.248987554999985,ok
CEC2014,PSO,2,CEC2014-F2,Unimodal,30,21,1021,300000,300000,10013653883.597248,200.0,10013653683.597248,nan,nan,1.228195092000533,ok
CEC2014,DMGSO,2,CEC2014-F2,Unimodal,30,22,,300000,300000,650395.2694931059,200.0,650195.2694931059,1505,3,6.434259347999614,ok
CEC2014,CMA-ES,2,CEC2014-F2,Unimodal,30,22,1022,300000,16478,200.00000000000006,200.0,5.684341886080802e-14,nan,nan,1.3523152509987995,ok
CEC2014,DE,2,CEC2014-F2,Unimodal,30,22,1022,300000,299700,200.00000037716626,200.0,3.7716625911343726e-07,nan,nan,5.561410577000061,ok
CEC2014,PSO,2,CEC2014-F2,Unimodal,30,22,1022,300000,300000,25021085163.978268,200.0,25021084963.978268,nan,nan,1.1736774170003628,ok
CEC2014,DMGSO,2,CEC2014-F2,Unimodal,30,23,,300000,300000,424227.4030679329,200.0,424027.4030679329,1531,4,6.572203587998956,ok
CEC2014,CMA-ES,2,CEC2014-F2,Unimodal,30,23,1023,300000,16772,200.00000000000003,200.0,2.842170943040401e-14,nan,nan,1.3416895949994796,ok
CEC2014,DE,2,CEC2014-F2,Unimodal,30,23,1023,300000,299700,200.00000000756697,200.0,7.566967497041333e-09,nan,nan,5.493651521999709,ok
CEC2014,PSO,2,CEC2014-F2,Unimodal,30,23,1023,300000,300000,7895017118.582247,200.0,7895016918.582247,nan,nan,1.2211532689998421,ok
CEC2014,DMGSO,2,CEC2014-F2,Unimodal,30,24,,300000,300000,705693.4518470385,200.0,705493.4518470385,1310,7,6.900919701000021,ok
CEC2014,CMA-ES,2,CEC2014-F2,Unimodal,30,24,1024,300000,16828,200.00000000000006,200.0,5.684341886080802e-14,nan,nan,1.3505644729993946,ok
CEC2014,DE,2,CEC2014-F2,Unimodal,30,24,1024,300000,299700,200.00000102871482,200.0,1.0287148199950025e-06,nan,nan,5.446698366000419,ok
CEC2014,PSO,2,CEC2014-F2,Unimodal,30,24,1024,300000,300000,38497578839.36831,200.0,38497578639.36831,nan,nan,1.2049093139994511,ok
CEC2014,DMGSO,2,CEC2014-F2,Unimodal,30,25,,300000,300000,624267.4312513873,200.0,624067.4312513873,1514,4,6.516151960999196,ok
CEC2014,CMA-ES,2,CEC2014-F2,Unimodal,30,25,1025,300000,17416,200.00000000000003,200.0,2.842170943040401e-14,nan,nan,1.4818732969997654,ok
CEC2014,DE,2,CEC2014-F2,Unimodal,30,25,1025,300000,299700,200.00000000225867,200.0,2.2586732484342065e-09,nan,nan,5.24814436700035,ok
CEC2014,PSO,2,CEC2014-F2,Unimodal,30,25,1025,300000,300000,42762959219.179375,200.0,42762959019.179375,nan,nan,1.197389008000755,ok
CEC2014,DMGSO,2,CEC2014-F2,Unimodal,30,26,,300000,300000,1826222.3317148052,200.0,1826022.3317148052,1665,2,6.499005780000516,ok
CEC2014,CMA-ES,2,CEC2014-F2,Unimodal,30,26,1026,300000,17248,200.00000000000003,200.0,2.842170943040401e-14,nan,nan,1.4446717650007486,ok
CEC2014,DE,2,CEC2014-F2,Unimodal,30,26,1026,300000,299700,200.00000000281486,200.0,2.8148576802777825e-09,nan,nan,5.386150663998706,ok
CEC2014,PSO,2,CEC2014-F2,Unimodal,30,26,1026,300000,300000,27741447003.446823,200.0,27741446803.446823,nan,nan,1.1746060060013406,ok
CEC2014,DMGSO,2,CEC2014-F2,Unimodal,30,27,,300000,300000,559080.4266152334,200.0,558880.4266152334,1491,4,6.358272411000144,ok
CEC2014,CMA-ES,2,CEC2014-F2,Unimodal,30,27,1027,300000,16436,200.00000000000003,200.0,2.842170943040401e-14,nan,nan,1.5542373539992695,ok
CEC2014,DE,2,CEC2014-F2,Unimodal,30,27,1027,300000,299700,200.00000001108538,200.0,1.1085376172559336e-08,nan,nan,5.3990128400000685,ok
CEC2014,PSO,2,CEC2014-F2,Unimodal,30,27,1027,300000,300000,19710174807.09645,200.0,19710174607.09645,nan,nan,1.2031897619999654,ok
CEC2014,DMGSO,2,CEC2014-F2,Unimodal,30,28,,300000,300000,629093.7138299729,200.0,628893.7138299729,1487,3,6.314316534999307,ok
CEC2014,CMA-ES,2,CEC2014-F2,Unimodal,30,28,1028,300000,16800,200.00000000000003,200.0,2.842170943040401e-14,nan,nan,1.463010592999126,ok
CEC2014,DE,2,CEC2014-F2,Unimodal,30,28,1028,300000,299700,200.0000000706071,200.0,7.060708639983204e-08,nan,nan,5.288830382000015,ok
CEC2014,PSO,2,CEC2014-F2,Unimodal,30,28,1028,300000,300000,18647638471.273067,200.0,18647638271.273067,nan,nan,1.1447613250002178,ok
CEC2014,DMGSO,2,CEC2014-F2,Unimodal,30,29,,300000,300000,764560.1822670972,200.0,764360.1822670972,1509,3,6.501878140001281,ok
CEC2014,CMA-ES,2,CEC2014-F2,Unimodal,30,29,1029,300000,17178,200.00000000000003,200.0,2.842170943040401e-14,nan,nan,1.4822156070003984,ok
CEC2014,DE,2,CEC2014-F2,Unimodal,30,29,1029,300000,299700,200.00000012684797,200.0,1.268479650207155e-07,nan,nan,5.486844318998919,ok
CEC2014,PSO,2,CEC2014-F2,Unimodal,30,29,1029,300000,300000,54014897126.24421,200.0,54014896926.24421,nan,nan,1.2806061369992676,ok
CEC2014,DMGSO,3,CEC2014-F3,Unimodal,30,0,,300000,300000,25550.334699106148,300.0,25250.334699106148,1571,4,6.6401066220005305,ok
CEC2014,CMA-ES,3,CEC2014-F3,Unimodal,30,0,1000,300000,17738,300.00000000000006,300.0,5.684341886080802e-14,nan,nan,1.497217513000578,ok
CEC2014,DE,3,CEC2014-F3,Unimodal,30,0,1000,300000,299700,300.00000000000017,300.0,1.7053025658242404e-13,nan,nan,5.399924899000325,ok
CEC2014,PSO,3,CEC2014-F3,Unimodal,30,0,1000,300000,300000,40222.90355388009,300.0,39922.90355388009,nan,nan,1.1831415880005807,ok
CEC2014,DMGSO,3,CEC2014-F3,Unimodal,30,1,,300000,300000,3795.483312297222,300.0,3495.483312297222,1633,3,6.453077164000206,ok
CEC2014,CMA-ES,3,CEC2014-F3,Unimodal,30,1,1001,300000,17458,300.00000000000006,300.0,5.684341886080802e-14,nan,nan,1.8482456499987165,ok
CEC2014,DE,3,CEC2014-F3,Unimodal,30,1,1001,300000,299700,300.00000000000114,300.0,1.1368683772161603e-12,nan,nan,5.368225501000779,ok
CEC2014,PSO,3,CEC2014-F3,Unimodal,30,1,1001,300000,300000,118843.04552622163,300.0,118543.04552622163,nan,nan,1.1467575469996518,ok
CEC2014,DMGSO,3,CEC2014-F3,Unimodal,30,2,,300000,300000,6534.947963815302,300.0,6234.947963815302,1624,3,6.293989708001391,ok
CEC2014,CMA-ES,3,CEC2014-F3,Unimodal,30,2,1002,300000,17612,300.00000000000006,300.0,5.684341886080802e-14,nan,nan,1.5144774460004555,ok
CEC2014,DE,3,CEC2014-F3,Unimodal,30,2,1002,300000,299700,300.0000000000022,300.0,2.2168933355715126e-12,nan,nan,5.2900137760007055,ok
CEC2014,PSO,3,CEC2014-F3,Unimodal,30,2,1002,300000,300000,110078.99155222285,300.0,109778.99155222285,nan,nan,1.151375100000223,ok
CEC2014,DMGSO,3,CEC2014-F3,Unimodal,30,3,,300000,300000,31249.974838552032,300.0,30949.974838552032,1608,3,6.310833249999632,ok
CEC2014,CMA-ES,3,CEC2014-F3,Unimodal,30,3,1003,300000,17248,300.00000000000006,300.0,5.684341886080802e-14,nan,nan,1.4015361839992693,ok
CEC2014,DE,3,CEC2014-F3,Unimodal,30,3,1003,300000,299700,300.00000000000296,300.0,2.9558577807620168e-12,nan,nan,5.411098507998759,ok
CEC2014,PSO,3,CEC2014-F3,Unimodal,30,3,1003,300000,300000,112352.91451064066,300.0,112052.91451064066,nan,nan,1.2126572990000568,ok
CEC2014,DMGSO,3,CEC2014-F3,Unimodal,30,4,,300000,300000,1343.581702961047,300.0,1043.581702961047,1513,4,6.486022334000154,ok
CEC2014,CMA-ES,3,CEC2014-F3,Unimodal,30,4,1004,300000,17850,300.00000000000006,300.0,5.684341886080802e-14,nan,nan,1.4089010520001466,ok
CEC2014,DE,3,CEC2014-F3,Unimodal,30,4,1004,300000,299700,300.00000000000773,300.0,7.73070496506989e-12,nan,nan,5.4781198109994875,ok
CEC2014,PSO,3,CEC2014-F3,Unimodal,30,4,1004,300000,300000,58102.67025241258,300.0,57802.67025241258,nan,nan,1.2236247660002846,ok
CEC2014,DMGSO,3,CEC2014-F3,Unimodal,30,5,,300000,300000,9597.564551684496,300.0,9297.564551684496,1600,3,6.484561658999155,ok
CEC2014,CMA-ES,3,CEC2014-F3,Unimodal,30,5,1005,300000,17906,300.00000000000006,300.0,5.684341886080802e-14,nan,nan,1.4372266869995656,ok
CEC2014,DE,3,CEC2014-F3,Unimodal,30,5,1005,300000,299700,300.00000000000125,300.0,1.2505552149377763e-12,nan,nan,5.144489516000249,ok
CEC2014,PSO,3,CEC2014-F3,Unimodal,30,5,1005,300000,300000,35716.77022926174,300.0,35416.77022926174,nan,nan,1.1087998490002065,ok
CEC2014,DMGSO,3,CEC2014-F3,Unimodal,30,6,,300000,300000,2650.217644518164,300.0,2350.217644518164,1628,3,6.496274503000677,ok
CEC2014,CMA-ES,3,CEC2014-F3,Unimodal,30,6,1006,300000,17290,300.00000000000006,300.0,5.684341886080802e-14,nan,nan,1.3661702429999423,ok
CEC2014,DE,3,CEC2014-F3,Unimodal,30,6,1006,300000,299700,300.0000000000184,300.0,1.8417267710901797e-11,nan,nan,5.255948956999418,ok
CEC2014,PSO,3,CEC2014-F3,Unimodal,30,6,1006,300000,300000,98544.46223172624,300.0,98244.46223172624,nan,nan,1.1812856919987098,ok
CEC2014,DMGSO,3,CEC2014-F3,Unimodal,30,7,,300000,300000,2365.118491800324,300.0,2065.118491800324,1614,3,6.310183360999872,ok
CEC2014,CMA-ES,3,CEC2014-F3,Unimodal,30,7,1007,300000,17570,300.00000000000006,300.0,5.684341886080802e-14,nan,nan,1.5158755460015527,ok
CEC2014,DE,3,CEC2014-F3,Unimodal,30,7,1007,300000,299700,300.0000000000019,300.0,1.8758328224066645e-12,nan,nan,5.481993090999822,ok
CEC2014,PSO,3,CEC2014-F3,Unimodal,30,7,1007,300000,300000,117833.1604003604,300.0,117533.1604003604,nan,nan,1.1596683970001322,ok
CEC2014,DMGSO,3,CEC2014-F3,Unimodal,30,8,,300000,300000,12597.373480050768,300.0,12297.373480050768,1698,2,6.391387796000345,ok
CEC2014,CMA-ES,3,CEC2014-F3,Unimodal,30,8,1008,300000,17752,300.00000000000006,300.0,5.684341886080802e-14,nan,nan,1.3687729419998504,ok
CEC2014,DE,3,CEC2014-F3,Unimodal,30,8,1008,300000,299700,300.00000000000034,300.0,3.410605131648481e-13,nan,nan,5.362533602999974,ok
CEC2014,PSO,3,CEC2014-F3,Unimodal,30,8,1008,300000,300000,81630.98621822544,300.0,81330.98621822544,nan,nan,1.2433326600003056,ok
CEC2014,DMGSO,3,CEC2014-F3,Unimodal,30,9,,300000,300000,15633.898160551225,300.0,15333.898160551225,1653,3,6.270988394999222,ok
CEC2014,CMA-ES,3,CEC2014-F3,Unimodal,30,9,1009,300000,17276,300.00000000000006,300.0,5.684341886080802e-14,nan,nan,1.4915681809998205,ok
CEC2014,DE,3,CEC2014-F3,Unimodal,30,9,1009,300000,299700,300.0000000000015,300.0,1.4779288903810084e-12,nan,nan,5.16151962100048,ok
CEC2014,PSO,3,CEC2014-F3,Unimodal,30,9,1009,300000,300000,204952.5560177922,300.0,204652.5560177922,nan,nan,1.168068580000181,ok
CEC2014,DMGSO,3,CEC2014-F3,Unimodal,30,10,,300000,300000,318.13892711719194,300.0,18.13892711719194,1540,4,6.3736139069987985,ok
CEC2014,CMA-ES,3,CEC2014-F3,Unimodal,30,10,1010,300000,17710,300.00000000000006,300.0,5.684341886080802e-14,nan,nan,1.5335196690011799,ok
CEC2014,DE,3,CEC2014-F3,Unimodal,30,10,1010,300000,299700,300.00000000000637,300.0,6.366462912410498e-12,nan,nan,5.170793960000083,ok
CEC2014,PSO,3,CEC2014-F3,Unimodal,30,10,1010,300000,300000,101119.02294324085,300.0,100819.02294324085,nan,nan,1.2543035479993705,ok
CEC2014,DMGSO,3,CEC2014-F3,Unimodal,30,11,,300000,300000,10525.17741901414,300.0,10225.17741901414,1545,4,6.295284174000699,ok
CEC2014,CMA-ES,3,CEC2014-F3,Unimodal,30,11,1011,300000,17794,300.00000000000006,300.0,5.684341886080802e-14,nan,nan,1.6761727250013791,ok
CEC2014,DE,3,CEC2014-F3,Unimodal,30,11,1011,300000,299700,300.0000000000026,300.0,2.6147972675971687e-12,nan,nan,5.186266783000974,ok
CEC2014,PSO,3,CEC2014-F3,Unimodal,30,11,1011,300000,300000,113102.06942016653,300.0,112802.06942016653,nan,nan,1.2640894880005362,ok
CEC2014,DMGSO,3,CEC2014-F3,Unimodal,30,12,,300000,300000,10379.107944255496,300.0,10079.107944255496,1563,5,6.497996424999656,ok
CEC2014,CMA-ES,3,CEC2014-F3,Unimodal,30,12,1012,300000,17682,300.00000000000006,300.0,5.684341886080802e-14,nan,nan,1.559611524000502,ok
CEC2014,DE,3,CEC2014-F3,Unimodal,30,12,1012,300000,299700,300.0000000000001,300.0,1.1368683772161603e-13,nan,nan,5.177128153000012,ok
CEC2014,PSO,3,CEC2014-F3,Unimodal,30,12,1012,300000,300000,50153.46361034795,300.0,49853.46361034795,nan,nan,1.211685848000343,ok
CEC2014,DMGSO,3,CEC2014-F3,Unimodal,30,13,,300000,300000,1357.4956881003325,300.0,1057.4956881003325,1603,3,6.513573808000729,ok
CEC2014,CMA-ES,3,CEC2014-F3,Unimodal,30,13,1013,300000,18144,300.00000000000006,300.0,5.684341886080802e-14,nan,nan,1.5197784840001987,ok
CEC2014,DE,3,CEC2014-F3,Unimodal,30,13,1013,300000,299700,300.00000000011073,300.0,1.1073097994085401e-10,nan,nan,5.473582970998905,ok
CEC2014,PSO,3,CEC2014-F3,Unimodal,30,13,1013,300000,300000,56958.99145820145,300.0,56658.99145820145,nan,nan,1.185381661000065,ok
CEC2014,DMGSO,3,CEC2014-F3,Unimodal,30,14,,300000,300000,11194.252040823245,300.0,10894.252040823245,1556,4,6.629140807001022,ok
CEC2014,CMA-ES,3,CEC2014-F3,Unimodal,30,14,1014,300000,18382,300.00000000000006,300.0,5.684341886080802e-14,nan,nan,1.4573568169998907,ok
CEC2014,DE,3,CEC2014-F3,Unimodal,30,14,1014,300000,299700,300.00000000000034,300.0,3.410605131648481e-13,nan,nan,5.557921760000681,ok
CEC2014,PSO,3,CEC2014-F3,Unimodal,30,14,1014,300000,300000,109459.27310125931,300.0,109159.27310125931,nan,nan,1.2870976320009504,ok
CEC2014,DMGSO,3,CEC2014-F3,Unimodal,30,15,,300000,300000,23255.998146292808,300.0,22955.998146292808,1621,4,6.669993084000453,ok
CEC2014,CMA-ES,3,CEC2014-F3,Unimodal,30,15,1015,300000,17948,300.0000000000001,300.0,1.1368683772161603e-13,nan,nan,1.44376754500081,ok
CEC2014,DE,3,CEC2014-F3,Unimodal,30,15,1015,300000,299700,300.0000000000001,300.0,1.1368683772161603e-13,nan,nan,5.467341757999748,ok
CEC2014,PSO,3,CEC2014-F3,Unimodal,30,15,1015,300000,300000,67277.80501374764,300.0,66977.80501374764,nan,nan,1.2265239490006934,ok
CEC2014,DMGSO,3,CEC2014-F3,Unimodal,30,16,,300000,300000,8928.279092275974,300.0,8628.279092275974,1692,2,6.58914048600127,ok
CEC2014,CMA-ES,3,CEC2014-F3,Unimodal,30,16,1016,300000,17682,300.00000000000006,300.0,5.684341886080802e-14,nan,nan,1.4608101080011693,ok
CEC2014,DE,3,CEC2014-F3,Unimodal,30,16,1016,300000,299700,300.0000000000003,300.0,2.8421709430404007e-13,nan,nan,5.402459326000098,ok
CEC2014,PSO,3,CEC2014-F3,Unimodal,30,16,1016,300000,300000,38796.471634623114,300.0,38496.471634623114,nan,nan,1.16719635499976,ok
CEC2014,DMGSO,3,CEC2014-F3,Unimodal,30,17,,300000,300000,12607.449572258765,300.0,12307.449572258765,1630,3,6.58406874100001,ok
CEC2014,CMA-ES,3,CEC2014-F3,Unimodal,30,17,1017,300000,17262,300.00000000000006,300.0,5.684341886080802e-14,nan,nan,1.350643798999954,ok
CEC2014,DE,3,CEC2014-F3,Unimodal,30,17,1017,300000,299700,300.00000000000404,300.0,4.035882739117369e-12,nan,nan,5.389545870000802,ok
CEC2014,PSO,3,CEC2014-F3,Unimodal,30,17,1017,300000,300000,87409.27497364205,300.0,87109.27497364205,nan,nan,1.2617185870003595,ok
CEC2014,DMGSO,3,CEC2014-F3,Unimodal,30,18,,300000,300000,4367.094072833266,300.0,4067.094072833266,1622,3,6.532573901000433,ok
CEC2014,CMA-ES,3,CEC2014-F3,Unimodal,30,18,1018,300000,17486,300.00000000000006,300.0,5.684341886080802e-14,nan,nan,1.3650468870000623,ok
CEC2014,DE,3,CEC2014-F3,Unimodal,30,18,1018,300000,299700,300.00000000000045,300.0,4.547473508864641e-13,nan,nan,5.499951822999719,ok
CEC2014,PSO,3,CEC2014-F3,Unimodal,30,18,1018,300000,300000,84045.48476543422,300.0,83745.48476543422,nan,nan,1.2746890620001068,ok
CEC2014,DMGSO,3,CEC2014-F3,Unimodal,30,19,,300000,300000,4006.7690019331744,300.0,3706.7690019331744,1644,3,6.464008920998822,ok
CEC2014,CMA-ES,3,CEC2014-F3,Unimodal,30,19,1019,300000,17626,300.00000000000006,300.0,5.684341886080802e-14,nan,nan,1.3667453019988898,ok
CEC2014,DE,3,CEC2014-F3,Unimodal,30,19,1019,300000,299700,300.00000000004934,300.0,4.934008757118136e-11,nan,nan,5.533153930000481,ok
CEC2014,PSO,3,CEC2014-F3,Unimodal,30,19,1019,300000,300000,236581.83904272274,300.0,236281.83904272274,nan,nan,1.2421833780008456,ok
CEC2014,DMGSO,3,CEC2014-F3,Unimodal,30,20,,300000,300000,415.18444758764326,300.0,115.18444758764326,1584,3,6.4442962869998155,ok
CEC2014,CMA-ES,3,CEC2014-F3,Unimodal,30,20,1020,300000,18564,300.00000000000006,300.0,5.684341886080802e-14,nan,nan,1.4790629310009535,ok
CEC2014,DE,3,CEC2014-F3,Unimodal,30,20,1020,300000,299700,300.0000000001358,300.0,1.3579892765847035e-10,nan,nan,5.475934181999037,ok
CEC2014,PSO,3,CEC2014-F3,Unimodal,30,20,1020,300000,300000,77216.1127393934,300.0,76916.1127393934,nan,nan,1.2446336920002068,ok
CEC2014,DMGSO,3,CEC2014-F3,Unimodal,30,21,,300000,300000,2874.1050889207518,300.0,2574.1050889207518,1574,4,6.482942488000845,ok
CEC2014,CMA-ES,3,CEC2014-F3,Unimodal,30,21,1021,300000,17850,300.00000000000006,300.0,5.684341886080802e-14,nan,nan,1.39304056400033,ok
CEC2014,DE,3,CEC2014-F3,Unimodal,30,21,1021,300000,299700,300.00000000003405,300.0,3.4049207897624e-11,nan,nan,5.362900300000547,ok
CEC2014,PSO,3,CEC2014-F3,Unimodal,30,21,1021,300000,300000,222246.57896867726,300.0,221946.57896867726,nan,nan,1.2071503110000776,ok
CEC2014,DMGSO,3,CEC2014-F3,Unimodal,30,22,,300000,300000,2270.603843069442,300.0,1970.603843069442,1607,3,6.698536697998861,ok
CEC2014,CMA-ES,3,CEC2014-F3,Unimodal,30,22,1022,300000,18382,300.00000000000006,300.0,5.684341886080802e-14,nan,nan,1.4516657429994666,ok
CEC2014,DE,3,CEC2014-F3,Unimodal,30,22,1022,300000,299700,300.0000000000079,300.0,7.901235221652314e-12,nan,nan,5.414460700998461,ok
CEC2014,PSO,3,CEC2014-F3,Unimodal,30,22,1022,300000,300000,147638.38573038793,300.0,147338.38573038793,nan,nan,1.251583956000104,ok
CEC2014,DMGSO,3,CEC2014-F3,Unimodal,30,23,,300000,300000,15260.18832627481,300.0,14960.18832627481,1505,4,6.651423445000546,ok
CEC2014,CMA-ES,3,CEC2014-F3,Unimodal,30,23,1023,300000,17388,300.00000000000006,300.0,5.684341886080802e-14,nan,nan,1.4224195970000437,ok
CEC2014,DE,3,CEC2014-F3,Unimodal,30,23,1023,300000,299700,300.00000000000085,300.0,8.526512829121202e-13,nan,nan,5.485080989999915,ok
CEC2014,PSO,3,CEC2014-F3,Unimodal,30,23,1023,300000,300000,46481.88428199026,300.0,46181.88428199026,nan,nan,1.2571721140011505,ok
CEC2014,DMGSO,3,CEC2014-F3,Unimodal,30,24,,300000,300000,1194.2837146645948,300.0,894.2837146645948,1578,3,6.56562136499997,ok
CEC2014,CMA-ES,3,CEC2014-F3,Unimodal,30,24,1024,300000,17696,300.00000000000006,300.0,5.684341886080802e-14,nan,nan,1.4277527799986274,ok
CEC2014,DE,3,CEC2014-F3,Unimodal,30,24,1024,300000,299700,300.0000000000211,300.0,2.1088908397359774e-11,nan,nan,5.381831307999164,ok
CEC2014,PSO,3,CEC2014-F3,Unimodal,30,24,1024,300000,300000,89545.14471788736,300.0,89245.14471788736,nan,nan,1.1741046639999695,ok
CEC2014,DMGSO,3,CEC2014-F3,Unimodal,30,25,,300000,300000,2638.8621805465446,300.0,2338.8621805465446,1538,4,6.509619940999983,ok
CEC2014,CMA-ES,3,CEC2014-F3,Unimodal,30,25,1025,300000,17444,300.00000000000006,300.0,5.684341886080802e-14,nan,nan,1.3776272689992766,ok
CEC2014,DE,3,CEC2014-F3,Unimodal,30,25,1025,300000,299700,300.0000000000044,300.0,4.376943252282217e-12,nan,nan,5.434889403000852,ok
CEC2014,PSO,3,CEC2014-F3,Unimodal,30,25,1025,300000,300000,237864.99614881584,300.0,237564.99614881584,nan,nan,1.2050269029987248,ok
CEC2014,DMGSO,3,CEC2014-F3,Unimodal,30,26,,300000,300000,5136.814939277467,300.0,4836.814939277467,1555,3,6.402545007000299,ok
CEC2014,CMA-ES,3,CEC2014-F3,Unimodal,30,26,1026,300000,17878,300.00000000000006,300.0,5.684341886080802e-14,nan,nan,1.4508293859998957,ok
CEC2014,DE,3,CEC2014-F3,Unimodal,30,26,1026,300000,299700,300.00000000000114,300.0,1.1368683772161603e-12,nan,nan,5.300464075999116,ok
CEC2014,PSO,3,CEC2014-F3,Unimodal,30,26,1026,300000,300000,21077.262248371215,300.0,20777.262248371215,nan,nan,1.147563282000192,ok
CEC2014,DMGSO,3,CEC2014-F3,Unimodal,30,27,,300000,300000,4670.9953371772735,300.0,4370.9953371772735,1615,3,6.6074099719990045,ok
CEC2014,CMA-ES,3,CEC2014-F3,Unimodal,30,27,1027,300000,17710,300.00000000000006,300.0,5.684341886080802e-14,nan,nan,1.430395982999471,ok
CEC2014,DE,3,CEC2014-F3,Unimodal,30,27,1027,300000,299700,300.0000000000158,300.0,1.5802470443304628e-11,nan,nan,5.450922723000986,ok
CEC2014,PSO,3,CEC2014-F3,Unimodal,30,27,1027,300000,300000,64642.52090167047,300.0,64342.52090167047,nan,nan,1.2372701870008314,ok
CEC2014,DMGSO,3,CEC2014-F3,Unimodal,30,28,,300000,300000,1476.5237065130734,300.0,1176.5237065130734,1549,4,6.512131359000705,ok
CEC2014,CMA-ES,3,CEC2014-F3,Unimodal,30,28,1028,300000,17402,300.0000000000001,300.0,1.1368683772161603e-13,nan,nan,1.3925245709997398,ok
CEC2014,DE,3,CEC2014-F3,Unimodal,30,28,1028,300000,299700,300.0000000000846,300.0,8.458300726488233e-11,nan,nan,5.363896460001342,ok
CEC2014,PSO,3,CEC2014-F3,Unimodal,30,28,1028,300000,300000,126789.09398094282,300.0,126489.09398094282,nan,nan,1.2104229430005944,ok
CEC2014,DMGSO,3,CEC2014-F3,Unimodal,30,29,,300000,300000,3932.112347139629,300.0,3632.112347139629,1623,2,6.235810967998987,ok
CEC2014,CMA-ES,3,CEC2014-F3,Unimodal,30,29,1029,300000,17864,300.00000000000006,300.0,5.684341886080802e-14,nan,nan,1.4161768369995116,ok
CEC2014,DE,3,CEC2014-F3,Unimodal,30,29,1029,300000,299700,300.000000000004,300.0,3.979039320256561e-12,nan,nan,5.368965243000275,ok
CEC2014,PSO,3,CEC2014-F3,Unimodal,30,29,1029,300000,300000,83977.28695097851,300.0,83677.28695097851,nan,nan,1.1784506859985413,ok
CEC2014,DMGSO,4,CEC2014-F4,Multimodal,30,0,,300000,300000,472.15891347414106,400.0,72.15891347414106,1445,8,7.75044505599908,ok
CEC2014,CMA-ES,4,CEC2014-F4,Multimodal,30,0,1000,300000,19908,400.00000000000006,400.0,5.684341886080802e-14,nan,nan,1.7613896200000454,ok
CEC2014,DE,4,CEC2014-F4,Multimodal,30,0,1000,300000,299700,400.2386734496118,400.0,0.23867344961178105,nan,nan,6.461331504000555,ok
CEC2014,PSO,4,CEC2014-F4,Multimodal,30,0,1000,300000,300000,937.1942488941933,400.0,537.1942488941933,nan,nan,2.407536724000238,ok
CEC2014,DMGSO,4,CEC2014-F4,Multimodal,30,1,,300000,300000,473.28663969791734,400.0,73.28663969791734,1263,10,7.907714769999075,ok
CEC2014,CMA-ES,4,CEC2014-F4,Multimodal,30,1,1001,300000,23562,400.00000000000006,400.0,5.684341886080802e-14,nan,nan,2.1036876609996398,ok
CEC2014,DE,4,CEC2014-F4,Multimodal,30,1,1001,300000,299700,400.12006992434016,400.0,0.12006992434015729,nan,nan,6.575228298999718,ok
CEC2014,PSO,4,CEC2014-F4,Multimodal,30,1,1001,300000,300000,3149.772588356049,400.0,2749.772588356049,nan,nan,2.393758524000077,ok
CEC2014,DMGSO,4,CEC2014-F4,Multimodal,30,2,,300000,300000,406.1560677370381,400.0,6.156067737038086,1479,6,7.81351543799974,ok
CEC2014,CMA-ES,4,CEC2014-F4,Multimodal,30,2,1002,300000,21518,400.00000000000006,400.0,5.684341886080802e-14,nan,nan,1.8989061759984907,ok
CEC2014,DE,4,CEC2014-F4,Multimodal,30,2,1002,300000,299700,400.03385171161,400.0,0.03385171160999789,nan,nan,6.4406794589995116,ok
CEC2014,PSO,4,CEC2014-F4,Multimodal,30,2,1002,300000,300000,1299.5677345470424,400.0,899.5677345470424,nan,nan,2.5040209050002886,ok
CEC2014,DMGSO,4,CEC2014-F4,Multimodal,30,3,,300000,300000,473.214024534934,400.0,73.21402453493403,1508,6,7.7987643020005635,ok
CEC2014,CMA-ES,4,CEC2014-F4,Multimodal,30,3,1003,300000,17528,400.00000000000006,400.0,5.684341886080802e-14,nan,nan,1.5160536029998184,ok
CEC2014,DE,4,CEC2014-F4,Multimodal,30,3,1003,300000,299700,400.1535798685328,400.0,0.1535798685328018,nan,nan,6.552909092999471,ok
CEC2014,PSO,4,CEC2014-F4,Multimodal,30,3,1003,300000,300000,2417.788422460747,400.0,2017.788422460747,nan,nan,2.4421967020007287,ok
CEC2014,DMGSO,4,CEC2014-F4,Multimodal,30,4,,300000,300000,472.8435325276643,400.0,72.84353252766431,1388,9,7.758865496998624,ok
CEC2014,CMA-ES,4,CEC2014-F4,Multimodal,30,4,1004,300000,19418,400.00000000000006,400.0,5.684341886080802e-14,nan,nan,1.6417821679988265,ok
CEC2014,DE,4,CEC2014-F4,Multimodal,30,4,1004,300000,299700,401.3446309447514,400.0,1.3446309447513727,nan,nan,6.643576745000246,ok
CEC2014,PSO,4,CEC2014-F4,Multimodal,30,4,1004,300000,300000,987.0312132410313,400.0,587.0312132410313,nan,nan,2.425744684000165,ok
CEC2014,DMGSO,4,CEC2014-F4,Multimodal,30,5,,300000,300000,477.9342343592227,400.0,77.93423435922273,1422,7,7.8139456099997915,ok
CEC2014,CMA-ES,4,CEC2014-F4,Multimodal,30,5,1005,300000,11788,463.4007097921836,400.0,63.40070979218359,nan,nan,1.1367412799991143,ok
CEC2014,DE,4,CEC2014-F4,Multimodal,30,5,1005,300000,299700,400.5886818944431,400.0,0.5886818944430843,nan,nan,6.379118173999814,ok
CEC2014,PSO,4,CEC2014-F4,Multimodal,30,5,1005,300000,300000,4119.627074721226,400.0,3719.6270747212257,nan,nan,2.421496016000674,ok
CEC2014,DMGSO,4,CEC2014-F4,Multimodal,30,6,,300000,300000,471.6899591447017,400.0,71.68995914470167,1379,8,7.931185233001088,ok
CEC2014,CMA-ES,4,CEC2014-F4,Multimodal,30,6,1006,300000,17290,400.0000000000001,400.0,1.1368683772161603e-13,nan,nan,1.4440270690010948,ok
CEC2014,DE,4,CEC2014-F4,Multimodal,30,6,1006,300000,299700,400.0003827843709,400.0,0.00038278437091321393,nan,nan,6.533323595000184,ok
CEC2014,PSO,4,CEC2014-F4,Multimodal,30,6,1006,300000,300000,4910.792165329292,400.0,4510.792165329292,nan,nan,2.434478886998477,ok
CEC2014,DMGSO,4,CEC2014-F4,Multimodal,30,7,,300000,300000,467.7189960461252,400.0,67.7189960461252,1329,8,7.887703631999102,ok
CEC2014,CMA-ES,4,CEC2014-F4,Multimodal,30,7,1007,300000,18536,400.00000000000006,400.0,5.684341886080802e-14,nan,nan,1.5721073999993678,ok
CEC2014,DE,4,CEC2014-F4,Multimodal,30,7,1007,300000,299700,400.1401625577969,400.0,0.14016255779688436,nan,nan,6.576065555000241,ok
CEC2014,PSO,4,CEC2014-F4,Multimodal,30,7,1007,300000,300000,717.5713869204201,400.0,317.5713869204201,nan,nan,2.4904427789988404,ok
CEC2014,DMGSO,4,CEC2014-F4,Multimodal,30,8,,300000,300000,472.0755779100677,400.0,72.0755779100677,1422,7,7.784985147000043,ok
CEC2014,CMA-ES,4,CEC2014-F4,Multimodal,30,8,1008,300000,20286,400.00000000000006,400.0,5.684341886080802e-14,nan,nan,1.8310841870006698,ok
CEC2014,DE,4,CEC2014-F4,Multimodal,30,8,1008,300000,299700,400.0004157077422,400.0,0.00041570774220645035,nan,nan,6.574588334000509,ok
CEC2014,PSO,4,CEC2014-F4,Multimodal,30,8,1008,300000,300000,1765.2404080478752,400.0,1365.2404080478752,nan,nan,2.489985112000795,ok
CEC2014,DMGSO,4,CEC2014-F4,Multimodal,30,9,,300000,300000,467.1165751083142,400.0,67.11657510831418,1385,8,7.865048663999914,ok
CEC2014,CMA-ES,4,CEC2014-F4,Multimodal,30,9,1009,300000,24164,403.986623854301,400.0,3.9866238543010013,nan,nan,2.710148450998531,ok
CEC2014,DE,4,CEC2014-F4,Multimodal,30,9,1009,300000,299700,403.989281380905,400.0,3.9892813809050267,nan,nan,6.63404678400002,ok
CEC2014,PSO,4,CEC2014-F4,Multimodal,30,9,1009,300000,300000,2453.7862541589097,400.0,2053.7862541589097,nan,nan,2.3919046470000467,ok
CEC2014,DMGSO,4,CEC2014-F4,Multimodal,30,10,,300000,300000,469.9637812513398,400.0,69.96378125133981,1452,7,7.8928446320005605,ok
CEC2014,CMA-ES,4,CEC2014-F4,Multimodal,30,10,1010,300000,19110,400.00000000000006,400.0,5.684341886080802e-14,nan,nan,1.9560517900008563,ok
CEC2014,DE,4,CEC2014-F4,Multimodal,30,10,1010,300000,299700,400.00307145394066,400.0,0.0030714539406631047,nan,nan,6.58003208899936,ok
CEC2014,PSO,4,CEC2014-F4,Multimodal,30,10,1010,300000,300000,1949.5688993389858,400.0,1549.5688993389858,nan,nan,2.456457625001349,ok
CEC2014,DMGSO,4,CEC2014-F4,Multimodal,30,11,,300000,300000,473.036080315822,400.0,73.036080315822,1410,8,7.67241083800036,ok
CEC2014,CMA-ES,4,CEC2014-F4,Multimodal,30,11,1011,300000,25704,400.00000000000006,400.0,5.684341886080802e-14,nan,nan,2.4732748480000737,ok
CEC2014,DE,4,CEC2014-F4,Multimodal,30,11,1011,300000,299700,400.01382707180517,400.0,0.01382707180516718,nan,nan,6.374570387000858,ok
CEC2014,PSO,4,CEC2014-F4,Multimodal,30,11,1011,300000,300000,3823.8932091700945,400.0,3423.8932091700945,nan,nan,2.317274876999363,ok
CEC2014,DMGSO,4,CEC2014-F4,Multimodal,30,12,,300000,300000,473.33823352162744,400.0,73.33823352162744,1478,6,7.5440698900001735,ok
CEC2014,CMA-ES,4,CEC2014-F4,Multimodal,30,12,1012,300000,22722,400.0000000000001,400.0,1.1368683772161603e-13,nan,nan,2.0872590180006227,ok
CEC2014,DE,4,CEC2014-F4,Multimodal,30,12,1012,300000,299700,400.0143331984186,400.0,0.014333198418626125,nan,nan,6.472557160999713,ok
CEC2014,PSO,4,CEC2014-F4,Multimodal,30,12,1012,300000,300000,1599.226211498163,400.0,1199.226211498163,nan,nan,2.514860368999507,ok
CEC2014,DMGSO,4,CEC2014-F4,Multimodal,30,13,,300000,300000,474.1666931286264,400.0,74.16669312862638,1313,10,7.756391234999683,ok
CEC2014,CMA-ES,4,CEC2014-F4,Multimodal,30,13,1013,300000,23492,400.00000000000006,400.0,5.684341886080802e-14,nan,nan,2.137758627999574,ok
CEC2014,DE,4,CEC2014-F4,Multimodal,30,13,1013,300000,299700,400.1852866522323,400.0,0.1852866522323211,nan,nan,6.5124864379995415,ok
CEC2014,PSO,4,CEC2014-F4,Multimodal,30,13,1013,300000,300000,2576.2664812127573,400.0,2176.2664812127573,nan,nan,2.3910122090001096,ok
CEC2014,DMGSO,4,CEC2014-F4,Multimodal,30,14,,300000,300000,472.66299487288285,400.0,72.66299487288285,1629,4,7.622956654000518,ok
CEC2014,CMA-ES,4,CEC2014-F4,Multimodal,30,14,1014,300000,23310,400.00000000000006,400.0,5.684341886080802e-14,nan,nan,2.2365140139991126,ok
CEC2014,DE,4,CEC2014-F4,Multimodal,30,14,1014,300000,299700,400.63347543724836,400.0,0.6334754372483644,nan,nan,6.513924050999776,ok
CEC2014,PSO,4,CEC2014-F4,Multimodal,30,14,1014,300000,300000,1558.2318613255932,400.0,1158.2318613255932,nan,nan,2.3209736050011998,ok
CEC2014,DMGSO,4,CEC2014-F4,Multimodal,30,15,,300000,300000,475.5137884053463,400.0,75.5137884053463,1384,9,7.741780849999486,ok
CEC2014,CMA-ES,4,CEC2014-F4,Multimodal,30,15,1015,300000,21322,400.00000000000006,400.0,5.684341886080802e-14,nan,nan,1.962220673000047,ok
CEC2014,DE,4,CEC2014-F4,Multimodal,30,15,1015,300000,299700,400.0072450223982,400.0,0.007245022398194578,nan,nan,6.502228013001513,ok
CEC2014,PSO,4,CEC2014-F4,Multimodal,30,15,1015,300000,300000,6340.387383139729,400.0,5940.387383139729,nan,nan,2.406174617000943,ok
CEC2014,DMGSO,4,CEC2014-F4,Multimodal,30,16,,300000,300000,468.49178718497757,400.0,68.49178718497757,1382,8,7.707991276998655,ok
CEC2014,CMA-ES,4,CEC2014-F4,Multimodal,30,16,1016,300000,16632,400.00000000000006,400.0,5.684341886080802e-14,nan,nan,1.5594446349987265,ok
CEC2014,DE,4,CEC2014-F4,Multimodal,30,16,1016,300000,299700,400.3973100794269,400.0,0.39731007942691576,nan,nan,6.46388952199959,ok
CEC2014,PSO,4,CEC2014-F4,Multimodal,30,16,1016,300000,300000,4530.582565449604,400.0,4130.582565449604,nan,nan,2.457251427000301,ok
CEC2014,DMGSO,4,CEC2014-F4,Multimodal,30,17,,300000,300000,476.5164266076306,400.0,76.51642660763059,1281,10,7.6110725270009425,ok
CEC2014,CMA-ES,4,CEC2014-F4,Multimodal,30,17,1017,300000,15946,400.00000000000006,400.0,5.684341886080802e-14,nan,nan,1.4994015550000768,ok
CEC2014,DE,4,CEC2014-F4,Multimodal,30,17,1017,300000,299700,400.0010457360511,400.0,0.001045736051082713,nan,nan,6.356924972998968,ok
CEC2014,PSO,4,CEC2014-F4,Multimodal,30,17,1017,300000,300000,2775.6403569533863,400.0,2375.6403569533863,nan,nan,2.4176812059995427,ok
CEC2014,DMGSO,4,CEC2014-F4,Multimodal,30,18,,300000,300000,404.5406536799979,400.0,4.540653679997888,1318,9,7.770813507000639,ok
CEC2014,CMA-ES,4,CEC2014-F4,Multimodal,30,18,1018,300000,22232,400.00000000000006,400.0,5.684341886080802e-14,nan,nan,2.0480299899991223,ok
CEC2014,DE,4,CEC2014-F4,Multimodal,30,18,1018,300000,299700,400.0856827056588,400.0,0.08568270565882585,nan,nan,6.483964707998894,ok
CEC2014,PSO,4,CEC2014-F4,Multimodal,30,18,1018,300000,300000,2601.1202106990418,400.0,2201.1202106990418,nan,nan,2.4058805179993215,ok
CEC2014,DMGSO,4,CEC2014-F4,Multimodal,30,19,,300000,300000,473.26040732647317,400.0,73.26040732647317,1317,10,7.6859429929991165,ok
CEC2014,CMA-ES,4,CEC2014-F4,Multimodal,30,19,1019,300000,18326,400.00000000000006,400.0,5.684341886080802e-14,nan,nan,1.7187078400002065,ok
CEC2014,DE,4,CEC2014-F4,Multimodal,30,19,1019,300000,299700,400.2496216141917,400.0,0.24962161419171025,nan,nan,6.430242272999749,ok
CEC2014,PSO,4,CEC2014-F4,Multimodal,30,19,1019,300000,300000,4393.302523533464,400.0,3993.3025235334644,nan,nan,2.561211006999656,ok
CEC2014,DMGSO,4,CEC2014-F4,Multimodal,30,20,,300000,300000,469.28223995794195,400.0,69.28223995794195,1303,10,7.709336005998921,ok
CEC2014,CMA-ES,4,CEC2014-F4,Multimodal,30,20,1020,300000,21742,400.00000000000006,400.0,5.684341886080802e-14,nan,nan,1.9460458680005104,ok
CEC2014,DE,4,CEC2014-F4,Multimodal,30,20,1020,300000,299700,400.00033876166657,400.0,0.00033876166656909845,nan,nan,6.384437774000617,ok
CEC2014,PSO,4,CEC2014-F4,Multimodal,30,20,1020,300000,300000,3374.290730066601,400.0,2974.290730066601,nan,nan,2.3845455200007564,ok
CEC2014,DMGSO,4,CEC2014-F4,Multimodal,30,21,,300000,300000,473.15445608745,400.0,73.15445608745,1167,11,7.729797990999941,ok
CEC2014,CMA-ES,4,CEC2014-F4,Multimodal,30,21,1021,300000,18788,400.00000000000006,400.0,5.684341886080802e-14,nan,nan,1.543052973000158,ok
CEC2014,DE,4,CEC2014-F4,Multimodal,30,21,1021,300000,299700,400.2384666126451,400.0,0.23846661264508384,nan,nan,6.6689565849992505,ok
CEC2014,PSO,4,CEC2014-F4,Multimodal,30,21,1021,300000,300000,4990.195550668229,400.0,4590.195550668229,nan,nan,2.5477886280004896,ok
CEC2014,DMGSO,4,CEC2014-F4,Multimodal,30,22,,300000,300000,471.9234307321893,400.0,71.92343073218927,1394,8,7.898753716001011,ok
CEC2014,CMA-ES,4,CEC2014-F4,Multimodal,30,22,1022,300000,22694,400.00000000000006,400.0,5.684341886080802e-14,nan,nan,2.0309260549984174,ok
CEC2014,DE,4,CEC2014-F4,Multimodal,30,22,1022,300000,299700,400.46193104576207,400.0,0.46193104576207134,nan,nan,6.5502172260003135,ok
CEC2014,PSO,4,CEC2014-F4,Multimodal,30,22,1022,300000,300000,2752.189810372441,400.0,2352.189810372441,nan,nan,2.44612689799942,ok
CEC2014,DMGSO,4,CEC2014-F4,Multimodal,30,23,,300000,300000,472.6808051080445,400.0,72.68080510804452,1312,9,7.93241095600024,ok
CEC2014,CMA-ES,4,CEC2014-F4,Multimodal,30,23,1023,300000,18620,400.00000000000006,400.0,5.684341886080802e-14,nan,nan,1.6496620180005266,ok
CEC2014,DE,4,CEC2014-F4,Multimodal,30,23,1023,300000,299700,400.0002897325947,400.0,0.0002897325946946694,nan,nan,6.5287463839995326,ok
CEC2014,PSO,4,CEC2014-F4,Multimodal,30,23,1023,300000,300000,1480.8985527419015,400.0,1080.8985527419015,nan,nan,2.377344043999983,ok
CEC2014,DMGSO,4,CEC2014-F4,Multimodal,30,24,,300000,300000,403.6517961473933,400.0,3.651796147393327,1471,7,7.693077574000199,ok
CEC2014,CMA-ES,4,CEC2014-F4,Multimodal,30,24,1024,300000,22554,400.00000000000006,400.0,5.684341886080802e-14,nan,nan,1.9938078039995162,ok
CEC2014,DE,4,CEC2014-F4,Multimodal,30,24,1024,300000,299700,400.00092933063087,400.0,0.0009293306308677529,nan,nan,6.763175784999476,ok
CEC2014,PSO,4,CEC2014-F4,Multimodal,30,24,1024,300000,300000,6268.482359209994,400.0,5868.482359209994,nan,nan,2.534097202000339,ok
CEC2014,DMGSO,4,CEC2014-F4,Multimodal,30,25,,300000,300000,477.7957167176406,400.0,77.79571671764057,1523,5,7.785863156001142,ok
CEC2014,CMA-ES,4,CEC2014-F4,Multimodal,30,25,1025,300000,23940,400.00000000000006,400.0,5.684341886080802e-14,nan,nan,2.169784857000195,ok
CEC2014,DE,4,CEC2014-F4,Multimodal,30,25,1025,300000,299700,401.1400611769673,400.0,1.140061176967322,nan,nan,6.576960817999861,ok
CEC2014,PSO,4,CEC2014-F4,Multimodal,30,25,1025,300000,300000,2102.3264504384892,400.0,1702.3264504384892,nan,nan,2.4891602669995336,ok
CEC2014,DMGSO,4,CEC2014-F4,Multimodal,30,26,,300000,300000,472.4220174455379,400.0,72.4220174455379,1361,8,7.786804110000958,ok
CEC2014,CMA-ES,4,CEC2014-F4,Multimodal,30,26,1026,300000,23450,400.00000000000006,400.0,5.684341886080802e-14,nan,nan,2.0759321470013674,ok
CEC2014,DE,4,CEC2014-F4,Multimodal,30,26,1026,300000,299700,400.00053583959215,400.0,0.0005358395921462034,nan,nan,6.5219335130004765,ok
CEC2014,PSO,4,CEC2014-F4,Multimodal,30,26,1026,300000,300000,3798.602012558846,400.0,3398.602012558846,nan,nan,2.362272567999753,ok
CEC2014,DMGSO,4,CEC2014-F4,Multimodal,30,27,,300000,300000,475.9094455629768,400.0,75.90944556297683,1301,10,7.574255534000258,ok
CEC2014,CMA-ES,4,CEC2014-F4,Multimodal,30,27,1027,300000,24038,400.00000000000006,400.0,5.684341886080802e-14,nan,nan,2.1544276469994657,ok
CEC2014,DE,4,CEC2014-F4,Multimodal,30,27,1027,300000,299700,400.0439842457559,400.0,0.04398424575589388,nan,nan,6.387851228999352,ok
CEC2014,PSO,4,CEC2014-F4,Multimodal,30,27,1027,300000,300000,2678.411452256395,400.0,2278.411452256395,nan,nan,2.557450977999906,ok
CEC2014,DMGSO,4,CEC2014-F4,Multimodal,30,28,,300000,300000,400.6885031392051,400.0,0.6885031392051246,1465,7,7.814101957001185,ok
CEC2014,CMA-ES,4,CEC2014-F4,Multimodal,30,28,1028,300000,17584,400.00000000000006,400.0,5.684341886080802e-14,nan,nan,1.5910298859998875,ok
CEC2014,DE,4,CEC2014-F4,Multimodal,30,28,1028,300000,299700,400.025273493801,400.0,0.025273493801023506,nan,nan,6.573824767001497,ok
CEC2014,PSO,4,CEC2014-F4,Multimodal,30,28,1028,300000,300000,2406.5967289877854,400.0,2006.5967289877854,nan,nan,2.466109115999643,ok
CEC2014,DMGSO,4,CEC2014-F4,Multimodal,30,29,,300000,300000,471.17036580279074,400.0,71.17036580279074,1280,10,7.748523078000289,ok
CEC2014,CMA-ES,4,CEC2014-F4,Multimodal,30,29,1029,300000,21336,400.00000000000006,400.0,5.684341886080802e-14,nan,nan,2.115721764999762,ok
CEC2014,DE,4,CEC2014-F4,Multimodal,30,29,1029,300000,299700,400.03195546239454,400.0,0.03195546239453506,nan,nan,6.495896393998919,ok
CEC2014,PSO,4,CEC2014-F4,Multimodal,30,29,1029,300000,300000,2658.7369337653536,400.0,2258.7369337653536,nan,nan,2.384680926001238,ok
CEC2014,DMGSO,5,CEC2014-F5,Multimodal,30,0,,300000,300000,521.3026564663716,500.0,21.30265646637156,39,20,7.737762101000044,ok
CEC2014,CMA-ES,5,CEC2014-F5,Multimodal,30,0,1000,300000,6510,519.9989816206437,500.0,19.99898162064369,nan,nan,0.6707447429998865,ok
CEC2014,DE,5,CEC2014-F5,Multimodal,30,0,1000,300000,299700,520.9624637375712,500.0,20.96246373757117,nan,nan,6.211805163999088,ok
CEC2014,PSO,5,CEC2014-F5,Multimodal,30,0,1000,300000,300000,520.8200531250543,500.0,20.8200531250543,nan,nan,2.3978818649993627,ok
CEC2014,DMGSO,5,CEC2014-F5,Multimodal,30,1,,300000,300000,521.3864194031717,500.0,21.386419403171658,103,4,7.62389758900099,ok
CEC2014,CMA-ES,5,CEC2014-F5,Multimodal,30,1,1001,300000,6300,519.9989414881964,500.0,19.99894148819635,nan,nan,0.5282105930000398,ok
CEC2014,DE,5,CEC2014-F5,Multimodal,30,1,1001,300000,299700,520.8481144157878,500.0,20.84811441578779,nan,nan,6.459100081001452,ok
CEC2014,PSO,5,CEC2014-F5,Multimodal,30,1,1001,300000,300000,520.8245482437236,500.0,20.824548243723598,nan,nan,2.2165852119997,ok
CEC2014,DMGSO,5,CEC2014-F5,Multimodal,30,2,,300000,300000,520.9402977835055,500.0,20.940297783505457,66,20,7.414155500999186,ok
CEC2014,CMA-ES,5,CEC2014-F5,Multimodal,30,2,1002,300000,7966,519.9988794346239,500.0,19.99887943462386,nan,nan,0.629824417999771,ok
CEC2014,DE,5,CEC2014-F5,Multimodal,30,2,1002,300000,299700,521.0247996452317,500.0,21.024799645231724,nan,nan,6.363169109999944,ok
CEC2014,PSO,5,CEC2014-F5,Multimodal,30,2,1002,300000,300000,520.8395738557249,500.0,20.839573855724893,nan,nan,2.2168051620010374,ok
CEC2014,DMGSO,5,CEC2014-F5,Multimodal,30,3,,300000,300000,521.2620971092394,500.0,21.26209710923945,406,11,7.700962311999319,ok
CEC2014,CMA-ES,5,CEC2014-F5,Multimodal,30,3,1003,300000,6454,519.9988917973284,500.0,19.998891797328383,nan,nan,0.5292066960009834,ok
CEC2014,DE,5,CEC2014-F5,Multimodal,30,3,1003,300000,299700,521.000732359235,500.0,21.00073235923503,nan,nan,6.55166704200019,ok
CEC2014,PSO,5,CEC2014-F5,Multimodal,30,3,1003,300000,300000,520.8155560534732,500.0,20.815556053473188,nan,nan,2.3301454270003887,ok
CEC2014,DMGSO,5,CEC2014-F5,Multimodal,30,4,,300000,300000,521.2580514380167,500.0,21.25805143801665,61,20,7.448307407999891,ok
CEC2014,CMA-ES,5,CEC2014-F5,Multimodal,30,4,1004,300000,6356,519.9989161478857,500.0,19.998916147885666,nan,nan,0.5476616110008763,ok
CEC2014,DE,5,CEC2014-F5,Multimodal,30,4,1004,300000,299700,520.8779858572804,500.0,20.87798585728035,nan,nan,6.410683682001036,ok
CEC2014,PSO,5,CEC2014-F5,Multimodal,30,4,1004,300000,300000,520.8532835770959,500.0,20.853283577095908,nan,nan,2.1825452749999386,ok
CEC2014,DMGSO,5,CEC2014-F5,Multimodal,30,5,,300000,300000,521.0865784447636,500.0,21.08657844476363,260,17,7.556666414999199,ok
CEC2014,CMA-ES,5,CEC2014-F5,Multimodal,30,5,1005,300000,6286,519.9989814832737,500.0,19.998981483273724,nan,nan,0.6120663920009974,ok
CEC2014,DE,5,CEC2014-F5,Multimodal,30,5,1005,300000,299700,520.8844857575896,500.0,20.884485757589573,nan,nan,6.524100925998937,ok
CEC2014,PSO,5,CEC2014-F5,Multimodal,30,5,1005,300000,300000,520.8177906681315,500.0,20.817790668131465,nan,nan,2.340551448998667,ok
CEC2014,DMGSO,5,CEC2014-F5,Multimodal,30,6,,300000,300000,521.2151572315953,500.0,21.2151572315953,258,15,7.4052362729999,ok
CEC2014,CMA-ES,5,CEC2014-F5,Multimodal,30,6,1006,300000,6286,519.9989901659197,500.0,19.998990165919736,nan,nan,0.6096805160013901,ok
CEC2014,DE,5,CEC2014-F5,Multimodal,30,6,1006,300000,299700,520.9726896518926,500.0,20.97268965189255,nan,nan,6.367996249000498,ok
CEC2014,PSO,5,CEC2014-F5,Multimodal,30,6,1006,300000,300000,520.7387998341676,500.0,20.738799834167594,nan,nan,2.3891804209997645,ok
CEC2014,DMGSO,5,CEC2014-F5,Multimodal,30,7,,300000,300000,520.9497979218227,500.0,20.949797921822665,135,20,7.392076112999348,ok
CEC2014,CMA-ES,5,CEC2014-F5,Multimodal,30,7,1007,300000,6538,519.9989430635702,500.0,19.99894306357021,nan,nan,0.601944876001653,ok
CEC2014,DE,5,CEC2014-F5,Multimodal,30,7,1007,300000,299700,521.0096634469965,500.0,21.009663446996456,nan,nan,6.6118921950001095,ok
CEC2014,PSO,5,CEC2014-F5,Multimodal,30,7,1007,300000,300000,520.5307266829813,500.0,20.530726682981253,nan,nan,2.321119804000773,ok
CEC2014,DMGSO,5,CEC2014-F5,Multimodal,30,8,,300000,300000,520.8541373361072,500.0,20.854137336107215,492,1,7.558768499000507,ok
CEC2014,CMA-ES,5,CEC2014-F5,Multimodal,30,8,1008,300000,5936,519.9989284285414,500.0,19.998928428541376,nan,nan,0.519926397000745,ok
CEC2014,DE,5,CEC2014-F5,Multimodal,30,8,1008,300000,299700,520.944567832014,500.0,20.944567832013945,nan,nan,6.358657883998603,ok
CEC2014,PSO,5,CEC2014-F5,Multimodal,30,8,1008,300000,300000,520.9273953160057,500.0,20.927395316005686,nan,nan,2.193236037999668,ok
CEC2014,DMGSO,5,CEC2014-F5,Multimodal,30,9,,300000,300000,521.1120617233474,500.0,21.112061723347438,110,20,7.287864347999857,ok
CEC2014,CMA-ES,5,CEC2014-F5,Multimodal,30,9,1009,300000,6650,519.9989844322374,500.0,19.99898443223742,nan,nan,0.5960350980003568,ok
CEC2014,DE,5,CEC2014-F5,Multimodal,30,9,1009,300000,299700,520.9102942662182,500.0,20.910294266218216,nan,nan,6.376247583000804,ok
CEC2014,PSO,5,CEC2014-F5,Multimodal,30,9,1009,300000,300000,520.8588535073154,500.0,20.858853507315416,nan,nan,2.1965089780005655,ok
CEC2014,DMGSO,5,CEC2014-F5,Multimodal,30,10,,300000,300000,521.2436356892251,500.0,21.24363568922513,156,20,7.404898340000727,ok
CEC2014,CMA-ES,5,CEC2014-F5,Multimodal,30,10,1010,300000,6762,519.9989804523481,500.0,19.998980452348064,nan,nan,0.5529958950010041,ok
CEC2014,DE,5,CEC2014-F5,Multimodal,30,10,1010,300000,299700,520.9883459857424,500.0,20.9883459857424,nan,nan,6.419573146999028,ok
CEC2014,PSO,5,CEC2014-F5,Multimodal,30,10,1010,300000,300000,520.8511572694771,500.0,20.851157269477085,nan,nan,2.280815985999652,ok
CEC2014,DMGSO,5,CEC2014-F5,Multimodal,30,11,,300000,300000,521.1095710329013,500.0,21.109571032901272,262,3,7.482209458999932,ok
CEC2014,CMA-ES,5,CEC2014-F5,Multimodal,30,11,1011,300000,6314,519.9989529575597,500.0,19.99895295755971,nan,nan,0.5187615630002256,ok
CEC2014,DE,5,CEC2014-F5,Multimodal,30,11,1011,300000,299700,520.8649333752626,500.0,20.86493337526258,nan,nan,6.359740443998817,ok
CEC2014,PSO,5,CEC2014-F5,Multimodal,30,11,1011,300000,300000,520.9820004142392,500.0,20.982000414239224,nan,nan,2.20587408999927,ok
CEC2014,DMGSO,5,CEC2014-F5,Multimodal,30,12,,300000,300000,520.9884128064509,500.0,20.988412806450924,50,20,7.493377941998915,ok
CEC2014,CMA-ES,5,CEC2014-F5,Multimodal,30,12,1012,300000,6230,519.9989490549216,500.0,19.99894905492158,nan,nan,0.5134901589990477,ok
CEC2014,DE,5,CEC2014-F5,Multimodal,30,12,1012,300000,299700,520.9844721771682,500.0,20.984472177168186,nan,nan,6.4493831529998715,ok
CEC2014,PSO,5,CEC2014-F5,Multimodal,30,12,1012,300000,300000,520.8829794006292,500.0,20.88297940062921,nan,nan,2.2937686559998838,ok
CEC2014,DMGSO,5,CEC2014-F5,Multimodal,30,13,,300000,300000,521.1553321546712,500.0,21.155332154671214,160,6,7.666797363001024,ok
CEC2014,CMA-ES,5,CEC2014-F5,Multimodal,30,13,1013,300000,6090,519.9989536654138,500.0,19.99895366541375,nan,nan,0.5120270080005866,ok
CEC2014,DE,5,CEC2014-F5,Multimodal,30,13,1013,300000,299700,520.95921509402,500.0,20.95921509402001,nan,nan,6.461824505999175,ok
CEC2014,PSO,5,CEC2014-F5,Multimodal,30,13,1013,300000,300000,520.9080144774227,500.0,20.90801447742274,nan,nan,2.314476909001314,ok
CEC2014,DMGSO,5,CEC2014-F5,Multimodal,30,14,,300000,300000,521.7432320458968,500.0,21.743232045896775,45,0,7.716208355001072,ok
CEC2014,CMA-ES,5,CEC2014-F5,Multimodal,30,14,1014,300000,5922,519.9989991041132,500.0,19.99899910411318,nan,nan,0.47351782800069486,ok
CEC2014,DE,5,CEC2014-F5,Multimodal,30,14,1014,300000,299700,520.9010538576358,500.0,20.901053857635816,nan,nan,6.597113640000316,ok
CEC2014,PSO,5,CEC2014-F5,Multimodal,30,14,1014,300000,300000,520.8052647072552,500.0,20.80526470725522,nan,nan,2.278494447000412,ok
CEC2014,DMGSO,5,CEC2014-F5,Multimodal,30,15,,300000,300000,521.3604027126487,500.0,21.360402712648693,410,13,7.568634170000223,ok
CEC2014,CMA-ES,5,CEC2014-F5,Multimodal,30,15,1015,300000,7154,519.9990011233505,500.0,19.999001123350467,nan,nan,0.5633017759992072,ok
CEC2014,DE,5,CEC2014-F5,Multimodal,30,15,1015,300000,299700,520.9601742496938,500.0,20.96017424969375,nan,nan,6.3494963880002615,ok
CEC2014,PSO,5,CEC2014-F5,Multimodal,30,15,1015,300000,300000,520.6069763865531,500.0,20.60697638655313,nan,nan,2.3338016550005705,ok
CEC2014,DMGSO,5,CEC2014-F5,Multimodal,30,16,,300000,300000,521.3658291509072,500.0,21.36582915090719,108,20,7.5164685510007985,ok
CEC2014,CMA-ES,5,CEC2014-F5,Multimodal,30,16,1016,300000,5824,519.9989734807926,500.0,19.998973480792642,nan,nan,0.4529666479993466,ok
CEC2014,DE,5,CEC2014-F5,Multimodal,30,16,1016,300000,299700,520.9848424019426,500.0,20.984842401942615,nan,nan,6.321352966999257,ok
CEC2014,PSO,5,CEC2014-F5,Multimodal,30,16,1016,300000,300000,520.8607322993738,500.0,20.860732299373808,nan,nan,2.3017827769999712,ok
CEC2014,DMGSO,5,CEC2014-F5,Multimodal,30,17,,300000,300000,521.083763708168,500.0,21.08376370816802,104,20,7.634489682999629,ok
CEC2014,CMA-ES,5,CEC2014-F5,Multimodal,30,17,1017,300000,29190,521.0557380164068,500.0,21.05573801640685,nan,nan,2.5621182230006525,ok
CEC2014,DE,5,CEC2014-F5,Multimodal,30,17,1017,300000,299700,520.9577140767865,500.0,20.957714076786488,nan,nan,6.540421395000521,ok
CEC2014,PSO,5,CEC2014-F5,Multimodal,30,17,1017,300000,300000,520.9030201232813,500.0,20.903020123281294,nan,nan,2.3577141369987658,ok
CEC2014,DMGSO,5,CEC2014-F5,Multimodal,30,18,,300000,300000,521.0653776812583,500.0,21.06537768125827,65,20,7.662688429998525,ok
CEC2014,CMA-ES,5,CEC2014-F5,Multimodal,30,18,1018,300000,5768,519.9989466343692,500.0,19.99894663436919,nan,nan,0.4698532049987989,ok
CEC2014,DE,5,CEC2014-F5,Multimodal,30,18,1018,300000,299700,520.9898294045911,500.0,20.98982940459109,nan,nan,6.333753093998894,ok
CEC2014,PSO,5,CEC2014-F5,Multimodal,30,18,1018,300000,300000,520.7401811394948,500.0,20.74018113949478,nan,nan,2.3289151409990154,ok
CEC2014,DMGSO,5,CEC2014-F5,Multimodal,30,19,,300000,300000,521.0643653436164,500.0,21.064365343616373,62,20,7.6468454290006775,ok
CEC2014,CMA-ES,5,CEC2014-F5,Multimodal,30,19,1019,300000,6692,519.9990252693768,500.0,19.99902526937683,nan,nan,0.5392078710010537,ok
CEC2014,DE,5,CEC2014-F5,Multimodal,30,19,1019,300000,299700,520.9790938250711,500.0,20.979093825071118,nan,nan,6.444001165000373,ok
CEC2014,PSO,5,CEC2014-F5,Multimodal,30,19,1019,300000,300000,520.766326270544,500.0,20.766326270544027,nan,nan,2.2237855969997327,ok
CEC2014,DMGSO,5,CEC2014-F5,Multimodal,30,20,,300000,300000,521.2738947635514,500.0,21.273894763551425,46,20,7.5764166160006425,ok
CEC2014,CMA-ES,5,CEC2014-F5,Multimodal,30,20,1020,300000,7238,519.9989764552772,500.0,19.998976455277216,nan,nan,0.6261137940000481,ok
CEC2014,DE,5,CEC2014-F5,Multimodal,30,20,1020,300000,299700,520.9399858274298,500.0,20.939985827429837,nan,nan,6.400556757000231,ok
CEC2014,PSO,5,CEC2014-F5,Multimodal,30,20,1020,300000,300000,520.8241316541117,500.0,20.82413165411174,nan,nan,2.250918871999602,ok
CEC2014,DMGSO,5,CEC2014-F5,Multimodal,30,21,,300000,300000,521.1733610007966,500.0,21.173361000796604,67,20,7.528544114999022,ok
CEC2014,CMA-ES,5,CEC2014-F5,Multimodal,30,21,1021,300000,6692,519.9989606448017,500.0,19.99896064480174,nan,nan,0.571962321000683,ok
CEC2014,DE,5,CEC2014-F5,Multimodal,30,21,1021,300000,299700,520.7593670570274,500.0,20.75936705702736,nan,nan,6.454848743998809,ok
CEC2014,PSO,5,CEC2014-F5,Multimodal,30,21,1021,300000,300000,520.4671975933904,500.0,20.467197593390438,nan,nan,2.347360206000303,ok
CEC2014,DMGSO,5,CEC2014-F5,Multimodal,30,22,,300000,300000,521.342764053465,500.0,21.342764053464975,131,3,7.335164729000098,ok
CEC2014,CMA-ES,5,CEC2014-F5,Multimodal,30,22,1022,300000,7294,519.9990323743627,500.0,19.99903237436274,nan,nan,0.5937676630001079,ok
CEC2014,DE,5,CEC2014-F5,Multimodal,30,22,1022,300000,299700,520.9775491391213,500.0,20.977549139121265,nan,nan,6.341726877000838,ok
CEC2014,PSO,5,CEC2014-F5,Multimodal,30,22,1022,300000,300000,520.8220650857969,500.0,20.822065085796908,nan,nan,2.2296319659999426,ok
CEC2014,DMGSO,5,CEC2014-F5,Multimodal,30,23,,300000,300000,521.2340440090193,500.0,21.23404400901927,50,4,7.4304309180006385,ok
CEC2014,CMA-ES,5,CEC2014-F5,Multimodal,30,23,1023,300000,8050,519.9989955258018,500.0,19.998995525801774,nan,nan,0.7900095510012761,ok
CEC2014,DE,5,CEC2014-F5,Multimodal,30,23,1023,300000,299700,520.9500636471317,500.0,20.950063647131742,nan,nan,6.444467896000788,ok
CEC2014,PSO,5,CEC2014-F5,Multimodal,30,23,1023,300000,300000,520.795403251656,500.0,20.795403251656012,nan,nan,2.3074586639995687,ok
CEC2014,DMGSO,5,CEC2014-F5,Multimodal,30,24,,300000,300000,521.0396426503364,500.0,21.03964265033642,55,20,7.336445973000082,ok
CEC2014,CMA-ES,5,CEC2014-F5,Multimodal,30,24,1024,300000,6104,519.9989686878694,500.0,19.998968687869365,nan,nan,0.6045829260001483,ok
CEC2014,DE,5,CEC2014-F5,Multimodal,30,24,1024,300000,299700,520.8853428415028,500.0,20.885342841502847,nan,nan,6.372170246000678,ok
CEC2014,PSO,5,CEC2014-F5,Multimodal,30,24,1024,300000,300000,520.857927928013,500.0,20.857927928013055,nan,nan,2.3781029530000524,ok
CEC2014,DMGSO,5,CEC2014-F5,Multimodal,30,25,,300000,300000,521.2828393303087,500.0,21.28283933030866,131,20,7.707446743999753,ok
CEC2014,CMA-ES,5,CEC2014-F5,Multimodal,30,25,1025,300000,6216,519.9989576196693,500.0,19.99895761966934,nan,nan,0.560714362998624,ok
CEC2014,DE,5,CEC2014-F5,Multimodal,30,25,1025,300000,299700,520.985647235068,500.0,20.985647235067972,nan,nan,6.34582152099938,ok
CEC2014,PSO,5,CEC2014-F5,Multimodal,30,25,1025,300000,300000,520.9307274299215,500.0,20.93072742992149,nan,nan,2.299594939999224,ok
CEC2014,DMGSO,5,CEC2014-F5,Multimodal,30,26,,300000,300000,521.2388622822895,500.0,21.23886228228946,60,20,7.721759630001543,ok
CEC2014,CMA-ES,5,CEC2014-F5,Multimodal,30,26,1026,300000,6468,519.999005549904,500.0,19.99900554990404,nan,nan,0.6197512680009822,ok
CEC2014,DE,5,CEC2014-F5,Multimodal,30,26,1026,300000,299700,520.9603865190202,500.0,20.960386519020176,nan,nan,6.357820692999667,ok
CEC2014,PSO,5,CEC2014-F5,Multimodal,30,26,1026,300000,300000,520.8617898626305,500.0,20.86178986263053,nan,nan,2.3010564260002866,ok
CEC2014,DMGSO,5,CEC2014-F5,Multimodal,30,27,,300000,300000,521.0765957149162,500.0,21.076595714916152,74,20,7.560857472999487,ok
CEC2014,CMA-ES,5,CEC2014-F5,Multimodal,30,27,1027,300000,6636,519.9988778308605,500.0,19.998877830860465,nan,nan,0.6148218430007546,ok
CEC2014,DE,5,CEC2014-F5,Multimodal,30,27,1027,300000,299700,520.9759211403085,500.0,20.975921140308515,nan,nan,6.685579241999221,ok
CEC2014,PSO,5,CEC2014-F5,Multimodal,30,27,1027,300000,300000,520.855839917182,500.0,20.85583991718204,nan,nan,2.201067563999459,ok
CEC2014,DMGSO,5,CEC2014-F5,Multimodal,30,28,,300000,300000,521.1448084977951,500.0,21.14480849779511,61,20,7.599871910000729,ok
CEC2014,CMA-ES,5,CEC2014-F5,Multimodal,30,28,1028,300000,6258,519.9989630999811,500.0,19.998963099981097,nan,nan,0.5798492949998035,ok
CEC2014,DE,5,CEC2014-F5,Multimodal,30,28,1028,300000,299700,520.9678697809787,500.0,20.96786978097873,nan,nan,6.543895359000089,ok
CEC2014,PSO,5,CEC2014-F5,Multimodal,30,28,1028,300000,300000,520.7349346973416,500.0,20.7349346973416,nan,nan,2.3680889690003823,ok
CEC2014,DMGSO,5,CEC2014-F5,Multimodal,30,29,,300000,300000,521.2245778091894,500.0,21.22457780918944,157,14,7.507586609999635,ok
CEC2014,CMA-ES,5,CEC2014-F5,Multimodal,30,29,1029,300000,6440,519.998919965531,500.0,19.998919965530945,nan,nan,0.6081490510005096,ok
CEC2014,DE,5,CEC2014-F5,Multimodal,30,29,1029,300000,299700,520.9304666406277,500.0,20.930466640627742,nan,nan,6.452725630999339,ok
CEC2014,PSO,5,CEC2014-F5,Multimodal,30,29,1029,300000,300000,520.7508595349999,500.0,20.750859534999904,nan,nan,2.2409211869999126,ok
CEC2014,DMGSO,6,CEC2014-F6,Multimodal,30,0,,300000,300000,636.1601709877874,600.0,36.16017098778741,465,19,90.32476781599871,ok
CEC2014,CMA-ES,6,CEC2014-F6,Multimodal,30,0,1000,300000,14728,623.1425086812297,600.0,23.142508681229742,nan,nan,5.6231103830014035,ok
CEC2014,DE,6,CEC2014-F6,Multimodal,30,0,1000,300000,299700,600.1338516214286,600.0,0.13385162142856188,nan,nan,89.52101899899935,ok
CEC2014,PSO,6,CEC2014-F6,Multimodal,30,0,1000,300000,300000,621.0774401204562,600.0,21.07744012045623,nan,nan,86.08488305300125,ok
CEC2014,DMGSO,6,CEC2014-F6,Multimodal,30,1,,300000,300000,636.6250807123497,600.0,36.6250807123497,458,19,90.22692545800055,ok
CEC2014,CMA-ES,6,CEC2014-F6,Multimodal,30,1,1001,300000,12334,643.788937547874,600.0,43.78893754787396,nan,nan,4.73187912100002,ok
CEC2014,DE,6,CEC2014-F6,Multimodal,30,1,1001,300000,299700,604.3896119195053,600.0,4.389611919505342,nan,nan,88.80960526600029,ok
CEC2014,PSO,6,CEC2014-F6,Multimodal,30,1,1001,300000,300000,621.8844018042522,600.0,21.884401804252207,nan,nan,84.26608286300143,ok
CEC2014,DMGSO,6,CEC2014-F6,Multimodal,30,2,,300000,300000,635.9166145159206,600.0,35.91661451592063,448,20,89.40932061800049,ok
CEC2014,CMA-ES,6,CEC2014-F6,Multimodal,30,2,1002,300000,13818,622.7260824103955,600.0,22.72608241039552,nan,nan,5.273215080000227,ok
CEC2014,DE,6,CEC2014-F6,Multimodal,30,2,1002,300000,299700,601.6295488550412,600.0,1.6295488550412074,nan,nan,88.06283034199987,ok
CEC2014,PSO,6,CEC2014-F6,Multimodal,30,2,1002,300000,300000,623.6503848986013,600.0,23.65038489860126,nan,nan,83.24357932599924,ok
CEC2014,DMGSO,6,CEC2014-F6,Multimodal,30,3,,300000,300000,634.9605576960861,600.0,34.960557696086084,444,20,88.49892914500015,ok
CEC2014,CMA-ES,6,CEC2014-F6,Multimodal,30,3,1003,300000,14574,627.0896522133381,600.0,27.089652213338127,nan,nan,5.62701706199914,ok
CEC2014,DE,6,CEC2014-F6,Multimodal,30,3,1003,300000,299700,601.538642748031,600.0,1.5386427480309521,nan,nan,88.55431353599852,ok
CEC2014,PSO,6,CEC2014-F6,Multimodal,30,3,1003,300000,300000,616.1540721488071,600.0,16.15407214880713,nan,nan,84.57969459199921,ok
CEC2014,DMGSO,6,CEC2014-F6,Multimodal,30,4,,300000,300000,630.6361022257776,600.0,30.636102225777563,467,19,88.94254985999942,ok
CEC2014,CMA-ES,6,CEC2014-F6,Multimodal,30,4,1004,300000,13062,639.907495272107,600.0,39.907495272106985,nan,nan,4.965769899999941,ok
CEC2014,DE,6,CEC2014-F6,Multimodal,30,4,1004,300000,299700,601.5120632106529,600.0,1.5120632106528547,nan,nan,88.4894687520009,ok
CEC2014,PSO,6,CEC2014-F6,Multimodal,30,4,1004,300000,300000,616.492998301492,600.0,16.49299830149198,nan,nan,85.13599882699964,ok
CEC2014,DMGSO,6,CEC2014-F6,Multimodal,30,5,,300000,300000,634.4671031699869,600.0,34.4671031699869,505,20,89.54066263400091,ok
CEC2014,CMA-ES,6,CEC2014-F6,Multimodal,30,5,1005,300000,12936,641.7546074766666,600.0,41.75460747666659,nan,nan,4.940273264001007,ok
CEC2014,DE,6,CEC2014-F6,Multimodal,30,5,1005,300000,299700,607.188567932108,600.0,7.188567932107958,nan,nan,89.31538344799992,ok
CEC2014,PSO,6,CEC2014-F6,Multimodal,30,5,1005,300000,300000,628.494208149047,600.0,28.49420814904704,nan,nan,84.35597029000019,ok
CEC2014,DMGSO,6,CEC2014-F6,Multimodal,30,6,,300000,300000,635.7481394275952,600.0,35.74813942759522,438,19,89.31069423400004,ok
CEC2014,CMA-ES,6,CEC2014-F6,Multimodal,30,6,1006,300000,12684,643.4703672985102,600.0,43.470367298510155,nan,nan,4.8417768649997015,ok
CEC2014,DE,6,CEC2014-F6,Multimodal,30,6,1006,300000,299700,600.1534751387641,600.0,0.15347513876406538,nan,nan,90.2947104750001,ok
CEC2014,PSO,6,CEC2014-F6,Multimodal,30,6,1006,300000,300000,620.9958261772196,600.0,20.995826177219556,nan,nan,86.18093091300034,ok
CEC2014,DMGSO,6,CEC2014-F6,Multimodal,30,7,,300000,300000,636.8927275479405,600.0,36.89272754794047,486,20,90.97002629000053,ok
CEC2014,CMA-ES,6,CEC2014-F6,Multimodal,30,7,1007,300000,13664,639.9848140275354,600.0,39.984814027535435,nan,nan,5.27512300700073,ok
CEC2014,DE,6,CEC2014-F6,Multimodal,30,7,1007,300000,299700,601.215793314335,600.0,1.2157933143349737,nan,nan,90.32516698799918,ok
CEC2014,PSO,6,CEC2014-F6,Multimodal,30,7,1007,300000,300000,623.4023699363585,600.0,23.40236993635847,nan,nan,86.91831843600085,ok
CEC2014,DMGSO,6,CEC2014-F6,Multimodal,30,8,,300000,300000,634.1656870374563,600.0,34.16568703745634,419,20,90.55705319399931,ok
CEC2014,CMA-ES,6,CEC2014-F6,Multimodal,30,8,1008,300000,12866,643.4398459665176,600.0,43.43984596651762,nan,nan,4.864064792000136,ok
CEC2014,DE,6,CEC2014-F6,Multimodal,30,8,1008,300000,299700,600.6392393043175,600.0,0.6392393043174707,nan,nan,90.32458966400009,ok
CEC2014,PSO,6,CEC2014-F6,Multimodal,30,8,1008,300000,300000,625.0489659935254,600.0,25.04896599352537,nan,nan,86.30497851899963,ok
CEC2014,DMGSO,6,CEC2014-F6,Multimodal,30,9,,300000,300000,637.1629826938652,600.0,37.16298269386516,497,19,90.76293309099856,ok
CEC2014,CMA-ES,6,CEC2014-F6,Multimodal,30,9,1009,300000,14168,633.8077435011946,600.0,33.807743501194636,nan,nan,5.166032260000065,ok
CEC2014,DE,6,CEC2014-F6,Multimodal,30,9,1009,300000,299700,606.256395059322,600.0,6.256395059322017,nan,nan,90.41809151300004,ok
CEC2014,PSO,6,CEC2014-F6,Multimodal,30,9,1009,300000,300000,620.8329126090139,600.0,20.832912609013874,nan,nan,86.47790457599876,ok
CEC2014,DMGSO,6,CEC2014-F6,Multimodal,30,10,,300000,300000,636.3599043175968,600.0,36.35990431759683,441,19,90.91706679299932,ok
CEC2014,CMA-ES,6,CEC2014-F6,Multimodal,30,10,1010,300000,14812,621.743481234147,600.0,21.743481234146998,nan,nan,5.454914866999388,ok
CEC2014,DE,6,CEC2014-F6,Multimodal,30,10,1010,300000,299700,600.2703188690191,600.0,0.27031886901909274,nan,nan,90.05397192499913,ok
CEC2014,PSO,6,CEC2014-F6,Multimodal,30,10,1010,300000,300000,629.2007322136981,600.0,29.200732213698075,nan,nan,85.9369161980012,ok
CEC2014,DMGSO,6,CEC2014-F6,Multimodal,30,11,,300000,300000,636.2840978726016,600.0,36.28409787260159,482,20,90.32157132199973,ok
CEC2014,CMA-ES,6,CEC2014-F6,Multimodal,30,11,1011,300000,13762,627.1117263812049,600.0,27.111726381204903,nan,nan,5.067619010000271,ok
CEC2014,DE,6,CEC2014-F6,Multimodal,30,11,1011,300000,299700,603.6454757300926,600.0,3.645475730092585,nan,nan,89.97277715599921,ok
CEC2014,PSO,6,CEC2014-F6,Multimodal,30,11,1011,300000,300000,630.1552247798469,600.0,30.15522477984689,nan,nan,85.10821482699976,ok
CEC2014,DMGSO,6,CEC2014-F6,Multimodal,30,12,,300000,300000,639.3241066302609,600.0,39.32410663026087,481,20,91.39648220100025,ok
CEC2014,CMA-ES,6,CEC2014-F6,Multimodal,30,12,1012,300000,14770,623.1343432391424,600.0,23.134343239142368,nan,nan,5.428786663998835,ok
CEC2014,DE,6,CEC2014-F6,Multimodal,30,12,1012,300000,299700,602.5921964093612,600.0,2.592196409361236,nan,nan,88.08487541799877,ok
CEC2014,PSO,6,CEC2014-F6,Multimodal,30,12,1012,300000,300000,624.5611578006747,600.0,24.561157800674664,nan,nan,83.8776650990003,ok
CEC2014,DMGSO,6,CEC2014-F6,Multimodal,30,13,,300000,300000,628.6954579143938,600.0,28.69545791439384,520,19,88.27122935599982,ok
CEC2014,CMA-ES,6,CEC2014-F6,Multimodal,30,13,1013,300000,12656,644.8613986703268,600.0,44.86139867032682,nan,nan,4.623024346999955,ok
CEC2014,DE,6,CEC2014-F6,Multimodal,30,13,1013,300000,299700,601.3596773224608,600.0,1.3596773224608114,nan,nan,87.27398937500038,ok
CEC2014,PSO,6,CEC2014-F6,Multimodal,30,13,1013,300000,300000,623.0446836328399,600.0,23.044683632839906,nan,nan,84.53860006800096,ok
CEC2014,DMGSO,6,CEC2014-F6,Multimodal,30,14,,300000,300000,635.8361563478494,600.0,35.836156347849396,403,20,88.76074171100117,ok
CEC2014,CMA-ES,6,CEC2014-F6,Multimodal,30,14,1014,300000,14266,621.1515410562283,600.0,21.151541056228325,nan,nan,5.269631327999377,ok
CEC2014,DE,6,CEC2014-F6,Multimodal,30,14,1014,300000,299700,603.202984757099,600.0,3.2029847570989887,nan,nan,87.89627155000017,ok
CEC2014,PSO,6,CEC2014-F6,Multimodal,30,14,1014,300000,300000,623.2421220780599,600.0,23.24212207805988,nan,nan,84.22406645299998,ok
CEC2014,DMGSO,6,CEC2014-F6,Multimodal,30,15,,300000,300000,637.5359193690233,600.0,37.535919369023304,466,20,88.80952607099971,ok
CEC2014,CMA-ES,6,CEC2014-F6,Multimodal,30,15,1015,300000,14070,627.870376915586,600.0,27.870376915586007,nan,nan,5.082994403999692,ok
CEC2014,DE,6,CEC2014-F6,Multimodal,30,15,1015,300000,299700,601.8934725838445,600.0,1.8934725838445274,nan,nan,87.9021754159985,ok
CEC2014,PSO,6,CEC2014-F6,Multimodal,30,15,1015,300000,300000,619.777040830628,600.0,19.77704083062804,nan,nan,83.98346847500034,ok
CEC2014,DMGSO,6,CEC2014-F6,Multimodal,30,16,,300000,300000,636.3623260674715,600.0,36.362326067471486,500,20,88.41132435200052,ok
CEC2014,CMA-ES,6,CEC2014-F6,Multimodal,30,16,1016,300000,13888,626.4084894428497,600.0,26.408489442849714,nan,nan,5.045762931000354,ok
CEC2014,DE,6,CEC2014-F6,Multimodal,30,16,1016,300000,299700,606.971896556657,600.0,6.971896556657043,nan,nan,88.50292641600026,ok
CEC2014,PSO,6,CEC2014-F6,Multimodal,30,16,1016,300000,300000,620.8216189491491,600.0,20.82161894914907,nan,nan,83.83849056200052,ok
CEC2014,DMGSO,6,CEC2014-F6,Multimodal,30,17,,300000,300000,638.387668296328,600.0,38.387668296328,448,19,89.24440605000018,ok
CEC2014,CMA-ES,6,CEC2014-F6,Multimodal,30,17,1017,300000,14700,629.859488652234,600.0,29.85948865223395,nan,nan,5.3420018249998975,ok
CEC2014,DE,6,CEC2014-F6,Multimodal,30,17,1017,300000,299700,601.9888630996899,600.0,1.9888630996898655,nan,nan,88.50982496400138,ok
CEC2014,PSO,6,CEC2014-F6,Multimodal,30,17,1017,300000,300000,614.2734004530002,600.0,14.27340045300025,nan,nan,83.34051032899879,ok
CEC2014,DMGSO,6,CEC2014-F6,Multimodal,30,18,,300000,300000,631.8971787274663,600.0,31.897178727466326,472,19,89.14506863799943,ok
CEC2014,CMA-ES,6,CEC2014-F6,Multimodal,30,18,1018,300000,11802,641.6290610732341,600.0,41.629061073234084,nan,nan,4.319126258000324,ok
CEC2014,DE,6,CEC2014-F6,Multimodal,30,18,1018,300000,299700,601.5321384649702,600.0,1.5321384649702168,nan,nan,87.5172189799996,ok
CEC2014,PSO,6,CEC2014-F6,Multimodal,30,18,1018,300000,300000,622.4046802298228,600.0,22.404680229822816,nan,nan,83.36377964900021,ok
CEC2014,DMGSO,6,CEC2014-F6,Multimodal,30,19,,300000,300000,640.6273737029354,600.0,40.627373702935415,441,20,88.94697606499903,ok
CEC2014,CMA-ES,6,CEC2014-F6,Multimodal,30,19,1019,300000,14014,617.3040053080952,600.0,17.304005308095157,nan,nan,5.092028866001783,ok
CEC2014,DE,6,CEC2014-F6,Multimodal,30,19,1019,300000,299700,603.797767285866,600.0,3.79776728586603,nan,nan,88.0136965849997,ok
CEC2014,PSO,6,CEC2014-F6,Multimodal,30,19,1019,300000,300000,625.6786001398443,600.0,25.67860013984432,nan,nan,85.1027829099985,ok
CEC2014,DMGSO,6,CEC2014-F6,Multimodal,30,20,,300000,300000,638.8284465384867,600.0,38.82844653848667,487,20,89.20556438999847,ok
CEC2014,CMA-ES,6,CEC2014-F6,Multimodal,30,20,1020,300000,13244,634.6763941859233,600.0,34.6763941859233,nan,nan,4.81474551899737,ok
CEC2014,DE,6,CEC2014-F6,Multimodal,30,20,1020,300000,299700,602.9523595435932,600.0,2.952359543593161,nan,nan,87.21917333000238,ok
CEC2014,PSO,6,CEC2014-F6,Multimodal,30,20,1020,300000,300000,628.5559877651393,600.0,28.55598776513932,nan,nan,83.37976646600146,ok
CEC2014,DMGSO,6,CEC2014-F6,Multimodal,30,21,,300000,300000,637.5965052723095,600.0,37.596505272309514,500,20,88.12618095400103,ok
CEC2014,CMA-ES,6,CEC2014-F6,Multimodal,30,21,1021,300000,14476,624.7692883598734,600.0,24.76928835987337,nan,nan,5.225532390999433,ok
CEC2014,DE,6,CEC2014-F6,Multimodal,30,21,1021,300000,299700,601.9619881882373,600.0,1.961988188237342,nan,nan,88.10670812000171,ok
CEC2014,PSO,6,CEC2014-F6,Multimodal,30,21,1021,300000,300000,620.065279831225,600.0,20.065279831224984,nan,nan,84.03647461199944,ok
CEC2014,DMGSO,6,CEC2014-F6,Multimodal,30,22,,300000,300000,636.7332192003927,600.0,36.73321920039268,463,20,87.53969192300065,ok
CEC2014,CMA-ES,6,CEC2014-F6,Multimodal,30,22,1022,300000,12754,641.6918125109783,600.0,41.69181251097825,nan,nan,4.646511535000172,ok
CEC2014,DE,6,CEC2014-F6,Multimodal,30,22,1022,300000,299700,601.5904755115058,600.0,1.5904755115058151,nan,nan,87.77764514000228,ok
CEC2014,PSO,6,CEC2014-F6,Multimodal,30,22,1022,300000,300000,616.2808406731272,600.0,16.28084067312716,nan,nan,84.19160666400057,ok
CEC2014,DMGSO,6,CEC2014-F6,Multimodal,30,23,,300000,300000,630.1563344016562,600.0,30.15633440165618,483,19,89.2685100009985,ok
CEC2014,CMA-ES,6,CEC2014-F6,Multimodal,30,23,1023,300000,13692,634.703890341917,600.0,34.70389034191703,nan,nan,4.9805280410000705,ok
CEC2014,DE,6,CEC2014-F6,Multimodal,30,23,1023,300000,299700,601.0983002599568,600.0,1.0983002599567726,nan,nan,88.82479564200185,ok
CEC2014,PSO,6,CEC2014-F6,Multimodal,30,23,1023,300000,300000,615.9794211399703,600.0,15.979421139970327,nan,nan,83.54476802499994,ok
CEC2014,DMGSO,6,CEC2014-F6,Multimodal,30,24,,300000,300000,634.6508129130582,600.0,34.65081291305819,478,20,88.26103306300138,ok
CEC2014,CMA-ES,6,CEC2014-F6,Multimodal,30,24,1024,300000,13286,640.3210530986443,600.0,40.321053098644256,nan,nan,4.858194946998992,ok
CEC2014,DE,6,CEC2014-F6,Multimodal,30,24,1024,300000,299700,606.1581745547074,600.0,6.158174554707443,nan,nan,87.29018306499711,ok
CEC2014,PSO,6,CEC2014-F6,Multimodal,30,24,1024,300000,300000,625.8527930309448,600.0,25.85279303094478,nan,nan,84.49378889500076,ok
CEC2014,DMGSO,6,CEC2014-F6,Multimodal,30,25,,300000,300000,637.9492243684773,600.0,37.9492243684773,517,19,88.60331096299706,ok
CEC2014,CMA-ES,6,CEC2014-F6,Multimodal,30,25,1025,300000,12124,644.3982556604676,600.0,44.39825566046761,nan,nan,4.444130633000896,ok
CEC2014,DE,6,CEC2014-F6,Multimodal,30,25,1025,300000,299700,600.1445259908736,600.0,0.1445259908736034,nan,nan,86.99422197199965,ok
CEC2014,PSO,6,CEC2014-F6,Multimodal,30,25,1025,300000,300000,619.9253027469616,600.0,19.92530274696162,nan,nan,83.77471510100077,ok
CEC2014,DMGSO,6,CEC2014-F6,Multimodal,30,26,,300000,300000,637.5775529941359,600.0,37.577552994135885,476,20,88.04745267799808,ok
CEC2014,CMA-ES,6,CEC2014-F6,Multimodal,30,26,1026,300000,13916,626.2765208197425,600.0,26.276520819742473,nan,nan,5.051858186001482,ok
CEC2014,DE,6,CEC2014-F6,Multimodal,30,26,1026,300000,299700,601.6506943306536,600.0,1.6506943306535504,nan,nan,87.11503690500103,ok
CEC2014,PSO,6,CEC2014-F6,Multimodal,30,26,1026,300000,300000,621.9436335639656,600.0,21.94363356396559,nan,nan,83.61591410600158,ok
CEC2014,DMGSO,6,CEC2014-F6,Multimodal,30,27,,300000,300000,637.5519077951728,600.0,37.55190779517284,442,19,89.67642909999995,ok
CEC2014,CMA-ES,6,CEC2014-F6,Multimodal,30,27,1027,300000,12026,639.78764439488,600.0,39.787644394879976,nan,nan,4.45280273300159,ok
CEC2014,DE,6,CEC2014-F6,Multimodal,30,27,1027,300000,299700,601.503506491995,600.0,1.50350649199504,nan,nan,87.05170148699835,ok
CEC2014,PSO,6,CEC2014-F6,Multimodal,30,27,1027,300000,300000,616.2954916200198,600.0,16.29549162001979,nan,nan,84.31105997800114,ok
CEC2014,DMGSO,6,CEC2014-F6,Multimodal,30,28,,300000,300000,635.7037503589539,600.0,35.703750358953926,503,19,88.8189182319984,ok
CEC2014,CMA-ES,6,CEC2014-F6,Multimodal,30,28,1028,300000,13818,638.4612988847839,600.0,38.4612988847839,nan,nan,5.0036476610002865,ok
CEC2014,DE,6,CEC2014-F6,Multimodal,30,28,1028,300000,299700,603.8642690081193,600.0,3.8642690081193223,nan,nan,87.32435964300021,ok
CEC2014,PSO,6,CEC2014-F6,Multimodal,30,28,1028,300000,300000,625.2153619998847,600.0,25.21536199988475,nan,nan,84.59091826599979,ok
CEC2014,DMGSO,6,CEC2014-F6,Multimodal,30,29,,300000,300000,636.3864567606851,600.0,36.386456760685064,416,20,88.85563243899742,ok
CEC2014,CMA-ES,6,CEC2014-F6,Multimodal,30,29,1029,300000,13328,634.2939977199908,600.0,34.293997719990784,nan,nan,5.076208428999962,ok
CEC2014,DE,6,CEC2014-F6,Multimodal,30,29,1029,300000,299700,602.5569330650109,600.0,2.556933065010867,nan,nan,87.02822279800239,ok
CEC2014,PSO,6,CEC2014-F6,Multimodal,30,29,1029,300000,300000,630.4254779425044,600.0,30.425477942504358,nan,nan,83.89327959599905,ok
CEC2014,DMGSO,7,CEC2014-F7,Multimodal,30,0,,300000,300000,700.434037989388,700.0,0.43403798938800264,1225,9,7.5304548050007725,ok
CEC2014,CMA-ES,7,CEC2014-F7,Multimodal,30,0,1000,300000,9296,700.0000000000001,700.0,1.1368683772161603e-13,nan,nan,0.7926755539992882,ok
CEC2014,DE,7,CEC2014-F7,Multimodal,30,0,1000,300000,299700,700.0000000000003,700.0,3.410605131648481e-13,nan,nan,6.616193106998253,ok
CEC2014,PSO,7,CEC2014-F7,Multimodal,30,0,1000,300000,300000,799.462653952929,700.0,99.46265395292903,nan,nan,2.316717362999043,ok
CEC2014,DMGSO,7,CEC2014-F7,Multimodal,30,1,,300000,300000,700.4183961441331,700.0,0.4183961441331121,1137,12,7.567573110001831,ok
CEC2014,CMA-ES,7,CEC2014-F7,Multimodal,30,1,1001,300000,9464,700.0000000000001,700.0,1.1368683772161603e-13,nan,nan,0.8856498450004437,ok
CEC2014,DE,7,CEC2014-F7,Multimodal,30,1,1001,300000,299700,700.0073960403342,700.0,0.007396040334242571,nan,nan,6.362249114001315,ok
CEC2014,PSO,7,CEC2014-F7,Multimodal,30,1,1001,300000,300000,877.3452878555306,700.0,177.34528785553061,nan,nan,2.4447860889995354,ok
CEC2014,DMGSO,7,CEC2014-F7,Multimodal,30,2,,300000,300000,700.1917093716413,700.0,0.1917093716413092,1143,9,7.425899386998935,ok
CEC2014,CMA-ES,7,CEC2014-F7,Multimodal,30,2,1002,300000,9240,700.0000000000001,700.0,1.1368683772161603e-13,nan,nan,0.8152981600032945,ok
CEC2014,DE,7,CEC2014-F7,Multimodal,30,2,1002,300000,299700,700.0073960403342,700.0,0.007396040334242571,nan,nan,6.484475909001048,ok
CEC2014,PSO,7,CEC2014-F7,Multimodal,30,2,1002,300000,300000,789.6929668362989,700.0,89.69296683629887,nan,nan,2.286574638001184,ok
CEC2014,DMGSO,7,CEC2014-F7,Multimodal,30,3,,300000,300000,700.723928158529,700.0,0.72392815852902,1197,11,7.659760418999213,ok
CEC2014,CMA-ES,7,CEC2014-F7,Multimodal,30,3,1003,300000,9520,700.0000000000001,700.0,1.1368683772161603e-13,nan,nan,0.8905460960013443,ok
CEC2014,DE,7,CEC2014-F7,Multimodal,30,3,1003,300000,297000,700.009857284608,700.0,0.009857284607960537,nan,nan,6.478576991998125,ok
CEC2014,PSO,7,CEC2014-F7,Multimodal,30,3,1003,300000,300000,835.1255451299974,700.0,135.12554512999736,nan,nan,2.3529814289977367,ok
CEC2014,DMGSO,7,CEC2014-F7,Multimodal,30,4,,300000,300000,700.7073087442745,700.0,0.7073087442745418,1082,13,7.628082360999542,ok
CEC2014,CMA-ES,7,CEC2014-F7,Multimodal,30,4,1004,300000,9366,700.0000000000001,700.0,1.1368683772161603e-13,nan,nan,0.8982094870007131,ok
CEC2014,DE,7,CEC2014-F7,Multimodal,30,4,1004,300000,299700,700.0123160725194,700.0,0.012316072519411136,nan,nan,6.557268613996712,ok
CEC2014,PSO,7,CEC2014-F7,Multimodal,30,4,1004,300000,300000,804.2135824909694,700.0,104.21358249096943,nan,nan,2.3879358199992566,ok
CEC2014,DMGSO,7,CEC2014-F7,Multimodal,30,5,,300000,300000,700.2159365023938,700.0,0.21593650239378803,1280,6,7.763328231998457,ok
CEC2014,CMA-ES,7,CEC2014-F7,Multimodal,30,5,1005,300000,9184,700.0000000000001,700.0,1.1368683772161603e-13,nan,nan,0.8436571469974297,ok
CEC2014,DE,7,CEC2014-F7,Multimodal,30,5,1005,300000,299700,700.039318686862,700.0,0.03931868686197504,nan,nan,6.47698922500058,ok
CEC2014,PSO,7,CEC2014-F7,Multimodal,30,5,1005,300000,300000,865.6560282848757,700.0,165.65602828487567,nan,nan,2.3667579749999277,ok
CEC2014,DMGSO,7,CEC2014-F7,Multimodal,30,6,,300000,300000,700.761245526271,700.0,0.7612455262709545,1029,15,7.712261700999079,ok
CEC2014,CMA-ES,7,CEC2014-F7,Multimodal,30,6,1006,300000,9268,700.0000000000001,700.0,1.1368683772161603e-13,nan,nan,0.8434576260005997,ok
CEC2014,DE,7,CEC2014-F7,Multimodal,30,6,1006,300000,271350,700.0000000000001,700.0,1.1368683772161603e-13,nan,nan,5.679066608001449,ok
CEC2014,PSO,7,CEC2014-F7,Multimodal,30,6,1006,300000,300000,1012.2152709312545,700.0,312.2152709312545,nan,nan,2.3267231460013136,ok
CEC2014,DMGSO,7,CEC2014-F7,Multimodal,30,7,,300000,300000,700.2054835325001,700.0,0.20548353250012497,1321,6,7.487414033999812,ok
CEC2014,CMA-ES,7,CEC2014-F7,Multimodal,30,7,1007,300000,9674,700.0000000000001,700.0,1.1368683772161603e-13,nan,nan,0.8988250999973388,ok
CEC2014,DE,7,CEC2014-F7,Multimodal,30,7,1007,300000,299700,700.0000000000002,700.0,2.2737367544323206e-13,nan,nan,6.576340266001353,ok
CEC2014,PSO,7,CEC2014-F7,Multimodal,30,7,1007,300000,300000,889.6937862016991,700.0,189.69378620169914,nan,nan,2.3362649400005466,ok
CEC2014,DMGSO,7,CEC2014-F7,Multimodal,30,8,,300000,300000,700.6119535787091,700.0,0.6119535787090626,982,15,7.513775515999441,ok
CEC2014,CMA-ES,7,CEC2014-F7,Multimodal,30,8,1008,300000,9352,700.0000000000001,700.0,1.1368683772161603e-13,nan,nan,0.9174430250022851,ok
CEC2014,DE,7,CEC2014-F7,Multimodal,30,8,1008,300000,299700,700.0393629132195,700.0,0.039362913219520124,nan,nan,6.413598726998316,ok
CEC2014,PSO,7,CEC2014-F7,Multimodal,30,8,1008,300000,300000,820.5545056522332,700.0,120.55450565223316,nan,nan,2.289988030999666,ok
CEC2014,DMGSO,7,CEC2014-F7,Multimodal,30,9,,300000,300000,700.4587276199995,700.0,0.4587276199995358,1333,6,7.587278434999462,ok
CEC2014,CMA-ES,7,CEC2014-F7,Multimodal,30,9,1009,300000,9184,700.0000000000001,700.0,1.1368683772161603e-13,nan,nan,0.8766262829994957,ok
CEC2014,DE,7,CEC2014-F7,Multimodal,30,9,1009,300000,288000,700.009857284608,700.0,0.009857284607960537,nan,nan,6.092695719002222,ok
CEC2014,PSO,7,CEC2014-F7,Multimodal,30,9,1009,300000,300000,892.9385787747633,700.0,192.9385787747633,nan,nan,2.3732635939995816,ok
CEC2014,DMGSO,7,CEC2014-F7,Multimodal,30,10,,300000,300000,700.2601081511195,700.0,0.2601081511195389,1152,8,7.5255251090020465,ok
CEC2014,CMA-ES,7,CEC2014-F7,Multimodal,30,10,1010,300000,9282,700.0000000000001,700.0,1.1368683772161603e-13,nan,nan,0.8946501989994431,ok
CEC2014,DE,7,CEC2014-F7,Multimodal,30,10,1010,300000,299700,700.019689998005,700.0,0.01968999800499205,nan,nan,6.608560418000707,ok
CEC2014,PSO,7,CEC2014-F7,Multimodal,30,10,1010,300000,300000,851.2542250091178,700.0,151.25422500911782,nan,nan,2.453922197000793,ok
CEC2014,DMGSO,7,CEC2014-F7,Multimodal,30,11,,300000,300000,700.6542569987538,700.0,0.6542569987537945,1210,9,7.740181631997984,ok
CEC2014,CMA-ES,7,CEC2014-F7,Multimodal,30,11,1011,300000,9310,700.0000000000001,700.0,1.1368683772161603e-13,nan,nan,1.013211505000072,ok
CEC2014,DE,7,CEC2014-F7,Multimodal,30,11,1011,300000,299700,700.0000000000002,700.0,2.2737367544323206e-13,nan,nan,6.411123353998846,ok
CEC2014,PSO,7,CEC2014-F7,Multimodal,30,11,1011,300000,300000,762.4600302407853,700.0,62.46003024078527,nan,nan,2.2729960579999897,ok
CEC2014,DMGSO,7,CEC2014-F7,Multimodal,30,12,,300000,300000,700.4274075813427,700.0,0.42740758134266343,1122,11,7.50114261699855,ok
CEC2014,CMA-ES,7,CEC2014-F7,Multimodal,30,12,1012,300000,9394,700.0000000000001,700.0,1.1368683772161603e-13,nan,nan,0.950839712000743,ok
CEC2014,DE,7,CEC2014-F7,Multimodal,30,12,1012,300000,299700,700.0000000000002,700.0,2.2737367544323206e-13,nan,nan,6.658950072000152,ok
CEC2014,PSO,7,CEC2014-F7,Multimodal,30,12,1012,300000,300000,1072.2483801265962,700.0,372.2483801265962,nan,nan,2.271064034997835,ok
CEC2014,DMGSO,7,CEC2014-F7,Multimodal,30,13,,300000,300000,700.2366983673913,700.0,0.23669836739134098,1062,12,7.555606275000173,ok
CEC2014,CMA-ES,7,CEC2014-F7,Multimodal,30,13,1013,300000,9394,700.0000000000001,700.0,1.1368683772161603e-13,nan,nan,0.9506013570025971,ok
CEC2014,DE,7,CEC2014-F7,Multimodal,30,13,1013,300000,299250,700.0172361119178,700.0,0.017236111917782182,nan,nan,6.355128784998669,ok
CEC2014,PSO,7,CEC2014-F7,Multimodal,30,13,1013,300000,300000,798.0147787178091,700.0,98.01477871780912,nan,nan,2.4001684799986833,ok
CEC2014,DMGSO,7,CEC2014-F7,Multimodal,30,14,,300000,300000,700.2895553768795,700.0,0.289555376879548,1167,10,7.538714772003004,ok
CEC2014,CMA-ES,7,CEC2014-F7,Multimodal,30,14,1014,300000,9240,700.0000000000001,700.0,1.1368683772161603e-13,nan,nan,0.8406227669984219,ok
CEC2014,DE,7,CEC2014-F7,Multimodal,30,14,1014,300000,277650,700.0000000000001,700.0,1.1368683772161603e-13,nan,nan,5.873103488000197,ok
CEC2014,PSO,7,CEC2014-F7,Multimodal,30,14,1014,300000,300000,987.7425395089263,700.0,287.74253950892626,nan,nan,2.378059784998186,ok
CEC2014,DMGSO,7,CEC2014-F7,Multimodal,30,15,,300000,300000,700.5750114841775,700.0,0.5750114841774803,1165,11,7.53495143300097,ok
CEC2014,CMA-ES,7,CEC2014-F7,Multimodal,30,15,1015,300000,9450,700.0000000000001,700.0,1.1368683772161603e-13,nan,nan,0.8883483170029649,ok
CEC2014,DE,7,CEC2014-F7,Multimodal,30,15,1015,300000,299700,700.0073960403342,700.0,0.007396040334242571,nan,nan,6.5240874709998025,ok
CEC2014,PSO,7,CEC2014-F7,Multimodal,30,15,1015,300000,300000,790.3148074085321,700.0,90.31480740853215,nan,nan,2.359362227998645,ok
CEC2014,DMGSO,7,CEC2014-F7,Multimodal,30,16,,300000,300000,700.3751685854057,700.0,0.3751685854057314,1237,8,7.481430840998655,ok
CEC2014,CMA-ES,7,CEC2014-F7,Multimodal,30,16,1016,300000,9114,700.0000000000001,700.0,1.1368683772161603e-13,nan,nan,0.8672595059979358,ok
CEC2014,DE,7,CEC2014-F7,Multimodal,30,16,1016,300000,299700,700.0172410209154,700.0,0.017241020915435,nan,nan,6.527491764001752,ok
CEC2014,PSO,7,CEC2014-F7,Multimodal,30,16,1016,300000,300000,810.6471673451052,700.0,110.64716734510523,nan,nan,2.2781633289996535,ok
CEC2014,DMGSO,7,CEC2014-F7,Multimodal,30,17,,300000,300000,700.235754143787,700.0,0.2357541437869486,1173,10,7.521572487999947,ok
CEC2014,CMA-ES,7,CEC2014-F7,Multimodal,30,17,1017,300000,9226,700.0000000000001,700.0,1.1368683772161603e-13,nan,nan,0.957209875999979,ok
CEC2014,DE,7,CEC2014-F7,Multimodal,30,17,1017,300000,299700,700.0073960403342,700.0,0.007396040334242571,nan,nan,6.346810361999815,ok
CEC2014,PSO,7,CEC2014-F7,Multimodal,30,17,1017,300000,300000,1232.3685322137117,700.0,532.3685322137117,nan,nan,2.364582103997236,ok
CEC2014,DMGSO,7,CEC2014-F7,Multimodal,30,18,,300000,300000,700.6266423814182,700.0,0.6266423814181508,970,16,7.427867867001623,ok
CEC2014,CMA-ES,7,CEC2014-F7,Multimodal,30,18,1018,300000,9520,700.0000000000001,700.0,1.1368683772161603e-13,nan,nan,0.9492678249989694,ok
CEC2014,DE,7,CEC2014-F7,Multimodal,30,18,1018,300000,299700,700.0098572846078,700.0,0.00985728460784685,nan,nan,6.534755069998937,ok
CEC2014,PSO,7,CEC2014-F7,Multimodal,30,18,1018,300000,300000,801.1201926483648,700.0,101.12019264836476,nan,nan,2.3470888160009054,ok
CEC2014,DMGSO,7,CEC2014-F7,Multimodal,30,19,,300000,300000,700.8501210140444,700.0,0.8501210140443618,873,9,7.5107688949974545,ok
CEC2014,CMA-ES,7,CEC2014-F7,Multimodal,30,19,1019,300000,9492,700.0000000000001,700.0,1.1368683772161603e-13,nan,nan,0.9365835440003139,ok
CEC2014,DE,7,CEC2014-F7,Multimodal,30,19,1019,300000,299700,700.0000000000001,700.0,1.1368683772161603e-13,nan,nan,6.518884754997998,ok
CEC2014,PSO,7,CEC2014-F7,Multimodal,30,19,1019,300000,300000,859.3340084115304,700.0,159.33400841153036,nan,nan,2.4426153740023437,ok
CEC2014,DMGSO,7,CEC2014-F7,Multimodal,30,20,,300000,300000,700.5797434066925,700.0,0.5797434066925007,1114,11,7.585389482999744,ok
CEC2014,CMA-ES,7,CEC2014-F7,Multimodal,30,20,1020,300000,9058,700.0000000000001,700.0,1.1368683772161603e-13,nan,nan,0.7818235449994972,ok
CEC2014,DE,7,CEC2014-F7,Multimodal,30,20,1020,300000,289350,700.0000000000001,700.0,1.1368683772161603e-13,nan,nan,6.228660417000356,ok
CEC2014,PSO,7,CEC2014-F7,Multimodal,30,20,1020,300000,300000,897.7226531933866,700.0,197.72265319338658,nan,nan,2.3178946080006426,ok
CEC2014,DMGSO,7,CEC2014-F7,Multimodal,30,21,,300000,300000,700.5357952567388,700.0,0.5357952567387656,1037,13,7.628409687000385,ok
CEC2014,CMA-ES,7,CEC2014-F7,Multimodal,30,21,1021,300000,9030,700.0000000000001,700.0,1.1368683772161603e-13,nan,nan,0.8448162659988157,ok
CEC2014,DE,7,CEC2014-F7,Multimodal,30,21,1021,300000,299700,700.014772407723,700.0,0.014772407722944081,nan,nan,6.6340907650010195,ok
CEC2014,PSO,7,CEC2014-F7,Multimodal,30,21,1021,300000,300000,1063.7310225326032,700.0,363.7310225326032,nan,nan,2.31008338799802,ok
CEC2014,DMGSO,7,CEC2014-F7,Multimodal,30,22,,300000,300000,700.3803095353572,700.0,0.38030953535724166,1173,7,7.61438079599975,ok
CEC2014,CMA-ES,7,CEC2014-F7,Multimodal,30,22,1022,300000,9268,700.0073960403342,700.0,0.007396040334242571,nan,nan,0.8700566309998976,ok
CEC2014,DE,7,CEC2014-F7,Multimodal,30,22,1022,300000,299700,700.0073960403342,700.0,0.007396040334242571,nan,nan,6.471482861001277,ok
CEC2014,PSO,7,CEC2014-F7,Multimodal,30,22,1022,300000,300000,901.9308998724953,700.0,201.93089987249527,nan,nan,2.3418439619999845,ok
CEC2014,DMGSO,7,CEC2014-F7,Multimodal,30,23,,300000,300000,700.4871477620892,700.0,0.48714776208919375,1291,8,7.600598192002508,ok
CEC2014,CMA-ES,7,CEC2014-F7,Multimodal,30,23,1023,300000,9562,700.0000000000001,700.0,1.1368683772161603e-13,nan,nan,0.9838834949987358,ok
CEC2014,DE,7,CEC2014-F7,Multimodal,30,23,1023,300000,299700,700.0000000000002,700.0,2.2737367544323206e-13,nan,nan,6.646583781999652,ok
CEC2014,PSO,7,CEC2014-F7,Multimodal,30,23,1023,300000,300000,1042.5730777664949,700.0,342.57307776649486,nan,nan,2.2785067049990175,ok
CEC2014,DMGSO,7,CEC2014-F7,Multimodal,30,24,,300000,300000,700.4995422130797,700.0,0.4995422130797351,1370,6,7.555170738000015,ok
CEC2014,CMA-ES,7,CEC2014-F7,Multimodal,30,24,1024,300000,9170,700.0123160725193,700.0,0.01231607251929745,nan,nan,0.8517743820011674,ok
CEC2014,DE,7,CEC2014-F7,Multimodal,30,24,1024,300000,299700,700.0000000000002,700.0,2.2737367544323206e-13,nan,nan,6.639479464000033,ok
CEC2014,PSO,7,CEC2014-F7,Multimodal,30,24,1024,300000,300000,740.970621926541,700.0,40.97062192654096,nan,nan,2.4498906879998685,ok
CEC2014,DMGSO,7,CEC2014-F7,Multimodal,30,25,,300000,300000,700.3548265287221,700.0,0.3548265287221284,1261,8,7.6051936889998615,ok
CEC2014,CMA-ES,7,CEC2014-F7,Multimodal,30,25,1025,300000,9842,700.0073960403342,700.0,0.007396040334242571,nan,nan,1.0229543929999636,ok
CEC2014,DE,7,CEC2014-F7,Multimodal,30,25,1025,300000,299700,700.01722629386,700.0,0.017226293859948782,nan,nan,6.597480169999471,ok
CEC2014,PSO,7,CEC2014-F7,Multimodal,30,25,1025,300000,300000,832.527003836636,700.0,132.52700383663603,nan,nan,2.3749292789980245,ok
CEC2014,DMGSO,7,CEC2014-F7,Multimodal,30,26,,300000,300000,700.8069817834077,700.0,0.8069817834076503,1015,15,7.793731247998949,ok
CEC2014,CMA-ES,7,CEC2014-F7,Multimodal,30,26,1026,300000,9310,700.0000000000001,700.0,1.1368683772161603e-13,nan,nan,0.9381332880002446,ok
CEC2014,DE,7,CEC2014-F7,Multimodal,30,26,1026,300000,299700,700.0073960403344,700.0,0.0073960403343562575,nan,nan,6.426665883001988,ok
CEC2014,PSO,7,CEC2014-F7,Multimodal,30,26,1026,300000,300000,823.781447095249,700.0,123.78144709524895,nan,nan,2.3592613759974483,ok
CEC2014,DMGSO,7,CEC2014-F7,Multimodal,30,27,,300000,300000,700.292330344032,700.0,0.2923303440320524,1153,8,7.547360990000016,ok
CEC2014,CMA-ES,7,CEC2014-F7,Multimodal,30,27,1027,300000,9716,700.0000000000001,700.0,1.1368683772161603e-13,nan,nan,0.8874943189985061,ok
CEC2014,DE,7,CEC2014-F7,Multimodal,30,27,1027,300000,249750,700.0000000000001,700.0,1.1368683772161603e-13,nan,nan,5.398249776000739,ok
CEC2014,PSO,7,CEC2014-F7,Multimodal,30,27,1027,300000,300000,1027.14162019492,700.0,327.14162019492005,nan,nan,2.3525017610008945,ok
CEC2014,DMGSO,7,CEC2014-F7,Multimodal,30,28,,300000,300000,700.3069733828008,700.0,0.30697338280083386,1291,7,7.786253548998502,ok
CEC2014,CMA-ES,7,CEC2014-F7,Multimodal,30,28,1028,300000,9240,700.0073960403342,700.0,0.007396040334242571,nan,nan,0.85142754899789,ok
CEC2014,DE,7,CEC2014-F7,Multimodal,30,28,1028,300000,299700,700.0000000000001,700.0,1.1368683772161603e-13,nan,nan,6.734705082999426,ok
CEC2014,PSO,7,CEC2014-F7,Multimodal,30,28,1028,300000,300000,924.5034328363806,700.0,224.50343283638063,nan,nan,2.445798521999677,ok
CEC2014,DMGSO,7,CEC2014-F7,Multimodal,30,29,,300000,300000,700.6059393144408,700.0,0.605939314440775,997,14,7.852044726998429,ok
CEC2014,CMA-ES,7,CEC2014-F7,Multimodal,30,29,1029,300000,9394,700.0000000000001,700.0,1.1368683772161603e-13,nan,nan,0.9629635209967091,ok
CEC2014,DE,7,CEC2014-F7,Multimodal,30,29,1029,300000,299700,700.0098646720611,700.0,0.009864672061098645,nan,nan,6.395426602000953,ok
CEC2014,PSO,7,CEC2014-F7,Multimodal,30,29,1029,300000,300000,791.2206330325326,700.0,91.22063303253265,nan,nan,2.3874996199992893,ok
CEC2014,DMGSO,8,CEC2014-F8,Multimodal,30,0,,300000,300000,1085.2779638994355,800.0,285.27796389943546,858,17,7.286298800001532,ok
CEC2014,CMA-ES,8,CEC2014-F8,Multimodal,30,0,1000,300000,6776,967.1524245050987,800.0,167.15242450509868,nan,nan,0.6464265239992528,ok
CEC2014,DE,8,CEC2014-F8,Multimodal,30,0,1000,300000,299700,838.5592274538113,800.0,38.55922745381133,nan,nan,6.281511164001131,ok
CEC2014,PSO,8,CEC2014-F8,Multimodal,30,0,1000,300000,300000,1006.6166404380301,800.0,206.61664043803012,nan,nan,2.0648182929980976,ok
CEC2014,DMGSO,8,CEC2014-F8,Multimodal,30,1,,300000,300000,1096.7495997895637,800.0,296.7495997895637,827,17,7.271515733998967,ok
CEC2014,CMA-ES,8,CEC2014-F8,Multimodal,30,1,1001,300000,6930,969.1423426192853,800.0,169.14234261928527,nan,nan,0.6267029739974532,ok
CEC2014,DE,8,CEC2014-F8,Multimodal,30,1,1001,300000,299700,940.8521335556894,800.0,140.85213355568942,nan,nan,6.240579688001162,ok
CEC2014,PSO,8,CEC2014-F8,Multimodal,30,1,1001,300000,300000,883.0436784928905,800.0,83.04367849289054,nan,nan,2.031777383002918,ok
CEC2014,DMGSO,8,CEC2014-F8,Multimodal,30,2,,300000,300000,1088.5897616829075,800.0,288.58976168290747,638,20,7.38171464900006,ok
CEC2014,CMA-ES,8,CEC2014-F8,Multimodal,30,2,1002,300000,6762,971.1322556956527,800.0,171.1322556956527,nan,nan,0.6339179480019084,ok
CEC2014,DE,8,CEC2014-F8,Multimodal,30,2,1002,300000,299700,841.9966211253987,800.0,41.99662112539875,nan,nan,6.239135815001646,ok
CEC2014,PSO,8,CEC2014-F8,Multimodal,30,2,1002,300000,300000,885.5031014813719,800.0,85.50310148137191,nan,nan,1.989688974001183,ok
CEC2014,DMGSO,8,CEC2014-F8,Multimodal,30,3,,300000,300000,1081.3200413840952,800.0,281.32004138409525,731,19,7.424283479002042,ok
CEC2014,CMA-ES,8,CEC2014-F8,Multimodal,30,3,1003,300000,6874,968.1473835621921,800.0,168.1473835621921,nan,nan,0.6173061740009871,ok
CEC2014,DE,8,CEC2014-F8,Multimodal,30,3,1003,300000,299700,914.5554495230247,800.0,114.55544952302466,nan,nan,6.197107254000002,ok
CEC2014,PSO,8,CEC2014-F8,Multimodal,30,3,1003,300000,300000,933.7467873883268,800.0,133.74678738832677,nan,nan,2.080828982001549,ok
CEC2014,DMGSO,8,CEC2014-F8,Multimodal,30,4,,300000,300000,1078.090002176879,800.0,278.0900021768789,777,19,7.152446852000139,ok
CEC2014,CMA-ES,8,CEC2014-F8,Multimodal,30,4,1004,300000,6468,968.1473835621921,800.0,168.1473835621921,nan,nan,0.5703502149990527,ok
CEC2014,DE,8,CEC2014-F8,Multimodal,30,4,1004,300000,299700,880.9266718388812,800.0,80.92667183888125,nan,nan,6.22824826500073,ok
CEC2014,PSO,8,CEC2014-F8,Multimodal,30,4,1004,300000,300000,894.2693344416615,800.0,94.2693344416615,nan,nan,2.066473065999162,ok
CEC2014,DMGSO,8,CEC2014-F8,Multimodal,30,5,,300000,300000,1074.3584548656006,800.0,274.3584548656006,663,20,7.471866872998362,ok
CEC2014,CMA-ES,8,CEC2014-F8,Multimodal,30,5,1005,300000,6356,968.1473835621921,800.0,168.1473835621921,nan,nan,0.626495757001976,ok
CEC2014,DE,8,CEC2014-F8,Multimodal,30,5,1005,300000,299700,908.3551100677087,800.0,108.35511006770867,nan,nan,6.317376638002315,ok
CEC2014,PSO,8,CEC2014-F8,Multimodal,30,5,1005,300000,300000,899.6453070830838,800.0,99.64530708308382,nan,nan,2.1547992320010962,ok
CEC2014,DMGSO,8,CEC2014-F8,Multimodal,30,6,,300000,300000,1064.903507474707,800.0,264.9035074747071,495,20,7.3681804799998645,ok
CEC2014,CMA-ES,8,CEC2014-F8,Multimodal,30,6,1006,300000,6720,967.1524245050987,800.0,167.15242450509868,nan,nan,0.6483156520007469,ok
CEC2014,DE,8,CEC2014-F8,Multimodal,30,6,1006,300000,299700,829.8944657581436,800.0,29.89446575814361,nan,nan,6.2087683669997205,ok
CEC2014,PSO,8,CEC2014-F8,Multimodal,30,6,1006,300000,300000,948.927726556968,800.0,148.92772655696797,nan,nan,2.1025123029976385,ok
CEC2014,DMGSO,8,CEC2014-F8,Multimodal,30,7,,300000,300000,1103.2488069482333,800.0,303.2488069482333,480,20,7.211187811997661,ok
CEC2014,CMA-ES,8,CEC2014-F8,Multimodal,30,7,1007,300000,6440,971.1322556956529,800.0,171.13225569565293,nan,nan,0.6133731720001379,ok
CEC2014,DE,8,CEC2014-F8,Multimodal,30,7,1007,300000,299700,840.8651624464812,800.0,40.865162446481236,nan,nan,6.250687959000061,ok
CEC2014,PSO,8,CEC2014-F8,Multimodal,30,7,1007,300000,300000,885.8913063271436,800.0,85.89130632714364,nan,nan,2.141481009999552,ok
CEC2014,DMGSO,8,CEC2014-F8,Multimodal,30,8,,300000,300000,1039.301699816926,800.0,239.30169981692598,753,19,7.1842636250003125,ok
CEC2014,CMA-ES,8,CEC2014-F8,Multimodal,30,8,1008,300000,6328,971.1322556956528,800.0,171.13225569565282,nan,nan,0.5668586840001808,ok
CEC2014,DE,8,CEC2014-F8,Multimodal,30,8,1008,300000,299700,916.6900923285172,800.0,116.69009232851715,nan,nan,6.262254598001164,ok
CEC2014,PSO,8,CEC2014-F8,Multimodal,30,8,1008,300000,300000,893.4123614577006,800.0,93.41236145770063,nan,nan,2.094765179001115,ok
CEC2014,DMGSO,8,CEC2014-F8,Multimodal,30,9,,300000,300000,1107.2195179818134,800.0,307.2195179818134,783,17,7.352928526001051,ok
CEC2014,CMA-ES,8,CEC2014-F8,Multimodal,30,9,1009,300000,6594,968.1473835621921,800.0,168.1473835621921,nan,nan,0.6243918260006467,ok
CEC2014,DE,8,CEC2014-F8,Multimodal,30,9,1009,300000,299700,837.8084940429443,800.0,37.80849404294429,nan,nan,6.13193205999778,ok
CEC2014,PSO,8,CEC2014-F8,Multimodal,30,9,1009,300000,300000,916.8786024687288,800.0,116.87860246872879,nan,nan,2.148008544998447,ok
CEC2014,DMGSO,8,CEC2014-F8,Multimodal,30,10,,300000,300000,1078.9697125642356,800.0,278.9697125642356,1071,13,7.420838345002267,ok
CEC2014,CMA-ES,8,CEC2014-F8,Multimodal,30,10,1010,300000,6860,962.1777000683107,800.0,162.17770006831074,nan,nan,0.5962011579977116,ok
CEC2014,DE,8,CEC2014-F8,Multimodal,30,10,1010,300000,299700,927.6470277174694,800.0,127.64702771746943,nan,nan,6.3183941380011674,ok
CEC2014,PSO,8,CEC2014-F8,Multimodal,30,10,1010,300000,300000,858.2766171152789,800.0,58.276617115278896,nan,nan,2.129635268000129,ok
CEC2014,DMGSO,8,CEC2014-F8,Multimodal,30,11,,300000,300000,1078.775914757955,800.0,278.775914757955,819,18,7.495407880996936,ok
CEC2014,CMA-ES,8,CEC2014-F8,Multimodal,30,11,1011,300000,6384,969.1423426192853,800.0,169.14234261928527,nan,nan,0.6394532109989086,ok
CEC2014,DE,8,CEC2014-F8,Multimodal,30,11,1011,300000,299700,833.8285575348846,800.0,33.82855753488457,nan,nan,6.273459310999897,ok
CEC2014,PSO,8,CEC2014-F8,Multimodal,30,11,1011,300000,300000,884.2580942082366,800.0,84.25809420823657,nan,nan,2.1371947939987876,ok
CEC2014,DMGSO,8,CEC2014-F8,Multimodal,30,12,,300000,300000,1026.4389720550337,800.0,226.43897205503367,646,20,7.166907408001862,ok
CEC2014,CMA-ES,8,CEC2014-F8,Multimodal,30,12,1012,300000,6692,968.1473835621921,800.0,168.1473835621921,nan,nan,0.7120580320006411,ok
CEC2014,DE,8,CEC2014-F8,Multimodal,30,12,1012,300000,299700,931.5499255836766,800.0,131.54992558367655,nan,nan,6.12179168700095,ok
CEC2014,PSO,8,CEC2014-F8,Multimodal,30,12,1012,300000,300000,891.1635904639038,800.0,91.1635904639038,nan,nan,2.0406591779974406,ok
CEC2014,DMGSO,8,CEC2014-F8,Multimodal,30,13,,300000,300000,1099.6604439644566,800.0,299.6604439644566,587,20,7.140193361999991,ok
CEC2014,CMA-ES,8,CEC2014-F8,Multimodal,30,13,1013,300000,6888,967.1524245050987,800.0,167.15242450509868,nan,nan,0.7786125120001088,ok
CEC2014,DE,8,CEC2014-F8,Multimodal,30,13,1013,300000,299700,842.7906118193223,800.0,42.790611819322294,nan,nan,6.032924224000453,ok
CEC2014,PSO,8,CEC2014-F8,Multimodal,30,13,1013,300000,300000,940.5077071767956,800.0,140.50770717679563,nan,nan,2.0177771740018215,ok
CEC2014,DMGSO,8,CEC2014-F8,Multimodal,30,14,,300000,300000,1057.041948044101,800.0,257.041948044101,357,20,7.321175383000082,ok
CEC2014,CMA-ES,8,CEC2014-F8,Multimodal,30,14,1014,300000,6580,967.1524245050987,800.0,167.15242450509868,nan,nan,0.7524676479988557,ok
CEC2014,DE,8,CEC2014-F8,Multimodal,30,14,1014,300000,299700,930.1858322667457,800.0,130.1858322667457,nan,nan,6.047603179998987,ok
CEC2014,PSO,8,CEC2014-F8,Multimodal,30,14,1014,300000,300000,905.6645208240676,800.0,105.66452082406761,nan,nan,2.062655239002197,ok
CEC2014,DMGSO,8,CEC2014-F8,Multimodal,30,15,,300000,300000,1100.286314510669,800.0,300.28631451066894,366,20,7.251758473001246,ok
CEC2014,CMA-ES,8,CEC2014-F8,Multimodal,30,15,1015,300000,6776,963.172613511259,800.0,163.172613511259,nan,nan,0.7718470379986684,ok
CEC2014,DE,8,CEC2014-F8,Multimodal,30,15,1015,300000,299700,852.9917886304584,800.0,52.99178863045836,nan,nan,6.104284390999965,ok
CEC2014,PSO,8,CEC2014-F8,Multimodal,30,15,1015,300000,300000,929.4048893325378,800.0,129.40488933253778,nan,nan,2.0622509269996954,ok
CEC2014,DMGSO,8,CEC2014-F8,Multimodal,30,16,,300000,300000,1009.9682468141823,800.0,209.9682468141823,436,20,7.235302425997361,ok
CEC2014,CMA-ES,8,CEC2014-F8,Multimodal,30,16,1016,300000,6972,962.1777000683107,800.0,162.17770006831074,nan,nan,0.7825128670010599,ok
CEC2014,DE,8,CEC2014-F8,Multimodal,30,16,1016,300000,299700,835.818963057109,800.0,35.818963057109045,nan,nan,6.018619981001393,ok
CEC2014,PSO,8,CEC2014-F8,Multimodal,30,16,1016,300000,300000,936.3448939280436,800.0,136.34489392804358,nan,nan,2.041528305999236,ok
CEC2014,DMGSO,8,CEC2014-F8,Multimodal,30,17,,300000,300000,1017.1680392703677,800.0,217.16803927036767,600,20,7.382220257000881,ok
CEC2014,CMA-ES,8,CEC2014-F8,Multimodal,30,17,1017,300000,6566,967.1524245050987,800.0,167.15242450509868,nan,nan,0.5460474549981882,ok
CEC2014,DE,8,CEC2014-F8,Multimodal,30,17,1017,300000,299700,832.9140893061011,800.0,32.91408930610112,nan,nan,6.224818505997973,ok
CEC2014,PSO,8,CEC2014-F8,Multimodal,30,17,1017,300000,300000,961.8590354898378,800.0,161.85903548983777,nan,nan,2.165280014000018,ok
CEC2014,DMGSO,8,CEC2014-F8,Multimodal,30,18,,300000,300000,1094.2589521199252,800.0,294.2589521199252,543,20,7.1776904329999525,ok
CEC2014,CMA-ES,8,CEC2014-F8,Multimodal,30,18,1018,300000,6328,968.1473835621921,800.0,168.1473835621921,nan,nan,0.5541927120029868,ok
CEC2014,DE,8,CEC2014-F8,Multimodal,30,18,1018,300000,299700,843.7841691038018,800.0,43.78416910380179,nan,nan,6.080305313000281,ok
CEC2014,PSO,8,CEC2014-F8,Multimodal,30,18,1018,300000,300000,924.3721564178901,800.0,124.3721564178901,nan,nan,1.9892966189981962,ok
CEC2014,DMGSO,8,CEC2014-F8,Multimodal,30,19,,300000,300000,1044.3445671333366,800.0,244.34456713333657,768,19,7.585553539000102,ok
CEC2014,CMA-ES,8,CEC2014-F8,Multimodal,30,19,1019,300000,6734,967.1524245050987,800.0,167.15242450509868,nan,nan,0.5980502989987144,ok
CEC2014,DE,8,CEC2014-F8,Multimodal,30,19,1019,300000,299700,922.9864649009787,800.0,122.98646490097872,nan,nan,6.2860429950014804,ok
CEC2014,PSO,8,CEC2014-F8,Multimodal,30,19,1019,300000,300000,927.3755132258709,800.0,127.37551322587092,nan,nan,2.1220077280013356,ok
CEC2014,DMGSO,8,CEC2014-F8,Multimodal,30,20,,300000,300000,1031.0836396147508,800.0,231.08363961475084,585,20,7.2364710619986,ok
CEC2014,CMA-ES,8,CEC2014-F8,Multimodal,30,20,1020,300000,6608,968.147383562192,800.0,168.14738356219198,nan,nan,0.6560608239997237,ok
CEC2014,DE,8,CEC2014-F8,Multimodal,30,20,1020,300000,299700,858.3612569424888,800.0,58.36125694248881,nan,nan,6.196540913002536,ok
CEC2014,PSO,8,CEC2014-F8,Multimodal,30,20,1020,300000,300000,850.5454328884997,800.0,50.545432888499704,nan,nan,2.038175300000148,ok
CEC2014,DMGSO,8,CEC2014-F8,Multimodal,30,21,,300000,300000,1044.2728053087117,800.0,244.27280530871167,313,20,7.425681462998909,ok
CEC2014,CMA-ES,8,CEC2014-F8,Multimodal,30,21,1021,300000,6650,963.1726135112591,800.0,163.1726135112591,nan,nan,0.5688460419987678,ok
CEC2014,DE,8,CEC2014-F8,Multimodal,30,21,1021,300000,299700,936.3218994351784,800.0,136.32189943517835,nan,nan,6.011288254001556,ok
CEC2014,PSO,8,CEC2014-F8,Multimodal,30,21,1021,300000,300000,937.1764753721154,800.0,137.17647537211542,nan,nan,2.10239775700029,ok
CEC2014,DMGSO,8,CEC2014-F8,Multimodal,30,22,,300000,300000,1079.2268124169816,800.0,279.2268124169816,484,20,7.19183896100003,ok
CEC2014,CMA-ES,8,CEC2014-F8,Multimodal,30,22,1022,300000,6314,967.1524245050988,800.0,167.1524245050988,nan,nan,0.7051235180006188,ok
CEC2014,DE,8,CEC2014-F8,Multimodal,30,22,1022,300000,299700,852.8255587138143,800.0,52.8255587138143,nan,nan,5.9947219919995405,ok
CEC2014,PSO,8,CEC2014-F8,Multimodal,30,22,1022,300000,300000,846.2820109986287,800.0,46.28201099862872,nan,nan,2.085422888001631,ok
CEC2014,DMGSO,8,CEC2014-F8,Multimodal,30,23,,300000,300000,1059.1786571957985,800.0,259.17865719579845,763,19,7.299386195001716,ok
CEC2014,CMA-ES,8,CEC2014-F8,Multimodal,30,23,1023,300000,6874,966.1574654480055,800.0,166.1574654480055,nan,nan,0.6027935090023675,ok
CEC2014,DE,8,CEC2014-F8,Multimodal,30,23,1023,300000,299700,904.1067084490406,800.0,104.10670844904064,nan,nan,6.068061656002101,ok
CEC2014,PSO,8,CEC2014-F8,Multimodal,30,23,1023,300000,300000,950.8097163749643,800.0,150.8097163749643,nan,nan,2.073716925999179,ok
CEC2014,DMGSO,8,CEC2014-F8,Multimodal,30,24,,300000,300000,1037.356876065588,800.0,237.35687606558804,320,20,7.19469652800035,ok
CEC2014,CMA-ES,8,CEC2014-F8,Multimodal,30,24,1024,300000,6776,967.1524245050987,800.0,167.15242450509868,nan,nan,0.6022514049982419,ok
CEC2014,DE,8,CEC2014-F8,Multimodal,30,24,1024,300000,299700,911.1997891850685,800.0,111.19978918506854,nan,nan,6.042934345998219,ok
CEC2014,PSO,8,CEC2014-F8,Multimodal,30,24,1024,300000,300000,910.9042472696885,800.0,110.90424726968854,nan,nan,2.077731508001307,ok
CEC2014,DMGSO,8,CEC2014-F8,Multimodal,30,25,,300000,300000,1043.5490707241331,800.0,243.54907072413312,377,20,7.255500101000507,ok
CEC2014,CMA-ES,8,CEC2014-F8,Multimodal,30,25,1025,300000,6734,971.1322556956528,800.0,171.13225569565282,nan,nan,0.6035301140000229,ok
CEC2014,DE,8,CEC2014-F8,Multimodal,30,25,1025,300000,299700,814.9331600909761,800.0,14.933160090976116,nan,nan,6.0776580510028,ok
CEC2014,PSO,8,CEC2014-F8,Multimodal,30,25,1025,300000,300000,896.4797367927398,800.0,96.4797367927398,nan,nan,2.023719245000393,ok
CEC2014,DMGSO,8,CEC2014-F8,Multimodal,30,26,,300000,300000,1074.8937798887748,800.0,274.8937798887748,941,16,7.1942039799978375,ok
CEC2014,CMA-ES,8,CEC2014-F8,Multimodal,30,26,1026,300000,6860,967.1524245050987,800.0,167.15242450509868,nan,nan,0.6457510879990878,ok
CEC2014,DE,8,CEC2014-F8,Multimodal,30,26,1026,300000,299700,835.8253947911088,800.0,35.825394791108806,nan,nan,5.929506876000232,ok
CEC2014,PSO,8,CEC2014-F8,Multimodal,30,26,1026,300000,300000,908.2137726055876,800.0,108.21377260558756,nan,nan,2.0568513090001943,ok
CEC2014,DMGSO,8,CEC2014-F8,Multimodal,30,27,,300000,300000,1074.3173583701378,800.0,274.31735837013775,412,20,7.1839197219997,ok
CEC2014,CMA-ES,8,CEC2014-F8,Multimodal,30,27,1027,300000,6412,968.1473835621921,800.0,168.1473835621921,nan,nan,0.5336845919991902,ok
CEC2014,DE,8,CEC2014-F8,Multimodal,30,27,1027,300000,299700,843.0290812892633,800.0,43.02908128926333,nan,nan,6.258899783999368,ok
CEC2014,PSO,8,CEC2014-F8,Multimodal,30,27,1027,300000,300000,886.1679715483837,800.0,86.16797154838366,nan,nan,1.9986735089987633,ok
CEC2014,DMGSO,8,CEC2014-F8,Multimodal,30,28,,300000,300000,990.5501158652949,800.0,190.55011586529486,503,20,7.112866580999253,ok
CEC2014,CMA-ES,8,CEC2014-F8,Multimodal,30,28,1028,300000,6720,967.1524245050988,800.0,167.1524245050988,nan,nan,0.6177520749988616,ok
CEC2014,DE,8,CEC2014-F8,Multimodal,30,28,1028,300000,299700,825.9337789756974,800.0,25.93377897569735,nan,nan,6.107664997998654,ok
CEC2014,PSO,8,CEC2014-F8,Multimodal,30,28,1028,300000,300000,945.2430039792794,800.0,145.24300397927937,nan,nan,2.017972138000914,ok
CEC2014,DMGSO,8,CEC2014-F8,Multimodal,30,29,,300000,300000,1032.5494055420756,800.0,232.54940554207565,397,20,7.186899904998427,ok
CEC2014,CMA-ES,8,CEC2014-F8,Multimodal,30,29,1029,300000,6608,966.1574856447198,800.0,166.15748564471983,nan,nan,0.5924498200001835,ok
CEC2014,DE,8,CEC2014-F8,Multimodal,30,29,1029,300000,299700,957.2138689079646,800.0,157.21386890796464,nan,nan,6.137308252000366,ok
CEC2014,PSO,8,CEC2014-F8,Multimodal,30,29,1029,300000,300000,966.6018876784186,800.0,166.60188767841862,nan,nan,2.0685812490009994,ok
CEC2014,DMGSO,9,CEC2014-F9,Multimodal,30,0,,300000,300000,1368.1652637888783,900.0,468.1652637888783,700,20,7.532075661998533,ok
CEC2014,CMA-ES,9,CEC2014-F9,Multimodal,30,0,1000,300000,7084,1084.0664798378168,900.0,184.06647983781681,nan,nan,0.6390286449968698,ok
CEC2014,DE,9,CEC2014-F9,Multimodal,30,0,1000,300000,299700,1101.7991009231987,900.0,201.7991009231987,nan,nan,6.249718046001362,ok
CEC2014,PSO,9,CEC2014-F9,Multimodal,30,0,1000,300000,300000,1086.6700926532249,900.0,186.67009265322486,nan,nan,2.1881581820016436,ok
CEC2014,DMGSO,9,CEC2014-F9,Multimodal,30,1,,300000,300000,1254.104159792792,900.0,354.10415979279196,784,17,7.364929110000958,ok
CEC2014,CMA-ES,9,CEC2014-F9,Multimodal,30,1,1001,300000,6734,1087.0513519712777,900.0,187.05135197127765,nan,nan,0.5884987220015319,ok
CEC2014,DE,9,CEC2014-F9,Multimodal,30,1,1001,300000,299700,1118.2544478368136,900.0,218.2544478368136,nan,nan,6.187658998002007,ok
CEC2014,PSO,9,CEC2014-F9,Multimodal,30,1,1001,300000,300000,1072.0775106891356,900.0,172.07751068913558,nan,nan,2.23698349100232,ok
CEC2014,DMGSO,9,CEC2014-F9,Multimodal,30,2,,300000,300000,1346.173358750527,900.0,446.1733587505271,750,18,7.294748723998055,ok
CEC2014,CMA-ES,9,CEC2014-F9,Multimodal,30,2,1002,300000,6636,1084.0664798378168,900.0,184.06647983781681,nan,nan,0.5864215629990213,ok
CEC2014,DE,9,CEC2014-F9,Multimodal,30,2,1002,300000,299700,1044.412221728106,900.0,144.41222172810603,nan,nan,6.360820051999326,ok
CEC2014,PSO,9,CEC2014-F9,Multimodal,30,2,1002,300000,300000,1100.6073699953213,900.0,200.60736999532128,nan,nan,2.154065857997921,ok
CEC2014,DMGSO,9,CEC2014-F9,Multimodal,30,3,,300000,300000,1317.5140859405462,900.0,417.51408594054624,489,20,7.447014961002424,ok
CEC2014,CMA-ES,9,CEC2014-F9,Multimodal,30,3,1003,300000,7070,1084.0664798378166,900.0,184.0664798378166,nan,nan,0.6379261840011168,ok
CEC2014,DE,9,CEC2014-F9,Multimodal,30,3,1003,300000,299700,1074.5378773880147,900.0,174.53787738801475,nan,nan,6.339839296000719,ok
CEC2014,PSO,9,CEC2014-F9,Multimodal,30,3,1003,300000,300000,1135.56103172024,900.0,235.56103172023995,nan,nan,2.2149478399987856,ok
CEC2014,DMGSO,9,CEC2014-F9,Multimodal,30,4,,300000,300000,1209.695823107842,900.0,309.695823107842,441,20,7.424286124998616,ok
CEC2014,CMA-ES,9,CEC2014-F9,Multimodal,30,4,1004,300000,6426,1087.0513519712777,900.0,187.05135197127765,nan,nan,0.5940132920004544,ok
CEC2014,DE,9,CEC2014-F9,Multimodal,30,4,1004,300000,299700,1088.5471697068406,900.0,188.54716970684058,nan,nan,6.2210694159985,ok
CEC2014,PSO,9,CEC2014-F9,Multimodal,30,4,1004,300000,300000,1155.8516354888447,900.0,255.85163548884475,nan,nan,2.234682589998556,ok
CEC2014,DMGSO,9,CEC2014-F9,Multimodal,30,5,,300000,300000,1229.319924586865,900.0,329.319924586865,600,20,7.490288826000324,ok
CEC2014,CMA-ES,9,CEC2014-F9,Multimodal,30,5,1005,300000,6622,1087.0513519712777,900.0,187.05135197127765,nan,nan,0.6243378580002172,ok
CEC2014,DE,9,CEC2014-F9,Multimodal,30,5,1005,300000,299700,1109.4799613170874,900.0,209.47996131708737,nan,nan,6.292103429997951,ok
CEC2014,PSO,9,CEC2014-F9,Multimodal,30,5,1005,300000,300000,1051.0959267464,900.0,151.09592674639998,nan,nan,2.140874333999818,ok
CEC2014,DMGSO,9,CEC2014-F9,Multimodal,30,6,,300000,300000,1221.0276809430034,900.0,321.02768094300336,654,20,7.337978389001364,ok
CEC2014,CMA-ES,9,CEC2014-F9,Multimodal,30,6,1006,300000,7028,1087.0513519712777,900.0,187.05135197127765,nan,nan,0.6303636990014638,ok
CEC2014,DE,9,CEC2014-F9,Multimodal,30,6,1006,300000,299700,1112.2025062145765,900.0,212.2025062145765,nan,nan,6.299559111997951,ok
CEC2014,PSO,9,CEC2014-F9,Multimodal,30,6,1006,300000,300000,1099.1816616793458,900.0,199.18166167934578,nan,nan,2.329330640997796,ok
CEC2014,DMGSO,9,CEC2014-F9,Multimodal,30,7,,300000,300000,1231.3024863934857,900.0,331.30248639348565,698,20,7.498058365999896,ok
CEC2014,CMA-ES,9,CEC2014-F9,Multimodal,30,7,1007,300000,6622,1087.0513519712777,900.0,187.05135197127765,nan,nan,0.6027345449983841,ok
CEC2014,DE,9,CEC2014-F9,Multimodal,30,7,1007,300000,299700,1079.411666595301,900.0,179.41166659530109,nan,nan,6.384975574997952,ok
CEC2014,PSO,9,CEC2014-F9,Multimodal,30,7,1007,300000,300000,1112.4736288855665,900.0,212.47362888556654,nan,nan,2.1524349430001166,ok
CEC2014,DMGSO,9,CEC2014-F9,Multimodal,30,8,,300000,300000,1378.0413455553792,900.0,478.04134555537917,974,14,7.371353316997556,ok
CEC2014,CMA-ES,9,CEC2014-F9,Multimodal,30,8,1008,300000,7084,1089.0412498887495,900.0,189.04124988874946,nan,nan,0.6271489229984581,ok
CEC2014,DE,9,CEC2014-F9,Multimodal,30,8,1008,300000,299700,1088.1115253716648,900.0,188.1115253716648,nan,nan,6.364335686997947,ok
CEC2014,PSO,9,CEC2014-F9,Multimodal,30,8,1008,300000,300000,1058.256225308952,900.0,158.25622530895203,nan,nan,2.326546619999135,ok
CEC2014,DMGSO,9,CEC2014-F9,Multimodal,30,9,,300000,300000,1261.0164488781002,900.0,361.01644887810016,881,16,7.312627998999233,ok
CEC2014,CMA-ES,9,CEC2014-F9,Multimodal,30,9,1009,300000,6832,1087.0513519712777,900.0,187.05135197127765,nan,nan,0.6860835619991121,ok
CEC2014,DE,9,CEC2014-F9,Multimodal,30,9,1009,300000,299700,1105.9574900305379,900.0,205.95749003053788,nan,nan,6.416923010001483,ok
CEC2014,PSO,9,CEC2014-F9,Multimodal,30,9,1009,300000,300000,1059.3709661406351,900.0,159.37096614063512,nan,nan,2.3116931689983176,ok
CEC2014,DMGSO,9,CEC2014-F9,Multimodal,30,10,,300000,300000,1278.4818067616604,900.0,378.48180676166044,666,20,7.284064965002472,ok
CEC2014,CMA-ES,9,CEC2014-F9,Multimodal,30,10,1010,300000,6860,1084.0664798378168,900.0,184.06647983781681,nan,nan,0.6519144810008584,ok
CEC2014,DE,9,CEC2014-F9,Multimodal,30,10,1010,300000,299700,1115.6614108157682,900.0,215.66141081576825,nan,nan,6.193166058001225,ok
CEC2014,PSO,9,CEC2014-F9,Multimodal,30,10,1010,300000,300000,1023.2501463344304,900.0,123.25014633443038,nan,nan,2.253113917999144,ok
CEC2014,DMGSO,9,CEC2014-F9,Multimodal,30,11,,300000,300000,1309.2172749277534,900.0,409.21727492775335,350,20,7.438728806002473,ok
CEC2014,CMA-ES,9,CEC2014-F9,Multimodal,30,11,1011,300000,6734,1087.0513519712777,900.0,187.05135197127765,nan,nan,0.7210354870003357,ok
CEC2014,DE,9,CEC2014-F9,Multimodal,30,11,1011,300000,299700,1085.3040174820674,900.0,185.30401748206737,nan,nan,6.132501954998588,ok
CEC2014,PSO,9,CEC2014-F9,Multimodal,30,11,1011,300000,300000,1081.5800492204994,900.0,181.5800492204994,nan,nan,2.1174679420000757,ok
CEC2014,DMGSO,9,CEC2014-F9,Multimodal,30,12,,300000,300000,1362.8725174621247,900.0,462.87251746212473,644,20,7.549005601998942,ok
CEC2014,CMA-ES,9,CEC2014-F9,Multimodal,30,12,1012,300000,6566,1087.0513519712777,900.0,187.05135197127765,nan,nan,0.5727360720011347,ok
CEC2014,DE,9,CEC2014-F9,Multimodal,30,12,1012,300000,299700,1092.9661590063674,900.0,192.96615900636743,nan,nan,6.077201121999678,ok
CEC2014,PSO,9,CEC2014-F9,Multimodal,30,12,1012,300000,300000,991.4816096494138,900.0,91.48160964941383,nan,nan,2.202753280998877,ok
CEC2014,DMGSO,9,CEC2014-F9,Multimodal,30,13,,300000,300000,1354.649709073726,900.0,454.64970907372594,830,16,7.221266371001548,ok
CEC2014,CMA-ES,9,CEC2014-F9,Multimodal,30,13,1013,300000,7224,1087.0513519712777,900.0,187.05135197127765,nan,nan,0.6177724199988006,ok
CEC2014,DE,9,CEC2014-F9,Multimodal,30,13,1013,300000,299700,1085.6210792022666,900.0,185.62107920226663,nan,nan,6.177669333999802,ok
CEC2014,PSO,9,CEC2014-F9,Multimodal,30,13,1013,300000,300000,1034.6198851037361,900.0,134.61988510373612,nan,nan,2.2076451270004327,ok
CEC2014,DMGSO,9,CEC2014-F9,Multimodal,30,14,,300000,300000,1280.4427305183876,900.0,380.44273051838763,579,20,7.630991391000862,ok
CEC2014,CMA-ES,9,CEC2014-F9,Multimodal,30,14,1014,300000,6748,1084.0664798378168,900.0,184.06647983781681,nan,nan,0.7661621650004236,ok
CEC2014,DE,9,CEC2014-F9,Multimodal,30,14,1014,300000,299700,1075.2770853492557,900.0,175.27708534925569,nan,nan,6.319814925001992,ok
CEC2014,PSO,9,CEC2014-F9,Multimodal,30,14,1014,300000,300000,1077.682884410899,900.0,177.68288441089908,nan,nan,2.1540895770012867,ok
CEC2014,DMGSO,9,CEC2014-F9,Multimodal,30,15,,300000,300000,1266.5344339063968,900.0,366.53443390639677,865,16,7.570741876003012,ok
CEC2014,CMA-ES,9,CEC2014-F9,Multimodal,30,15,1015,300000,6510,1084.0664798378168,900.0,184.06647983781681,nan,nan,0.523937076999573,ok
CEC2014,DE,9,CEC2014-F9,Multimodal,30,15,1015,300000,299700,1081.6393888483283,900.0,181.63938884832828,nan,nan,6.253134020000289,ok
CEC2014,PSO,9,CEC2014-F9,Multimodal,30,15,1015,300000,300000,1106.0190572823212,900.0,206.01905728232123,nan,nan,2.2792783990007592,ok
CEC2014,DMGSO,9,CEC2014-F9,Multimodal,30,16,,300000,300000,1268.725396613807,900.0,368.7253966138071,488,20,7.349608427997737,ok
CEC2014,CMA-ES,9,CEC2014-F9,Multimodal,30,16,1016,300000,7280,1084.0664798378166,900.0,184.0664798378166,nan,nan,0.7506855229985376,ok
CEC2014,DE,9,CEC2014-F9,Multimodal,30,16,1016,300000,299700,1075.5367091780045,900.0,175.53670917800446,nan,nan,6.300341398000455,ok
CEC2014,PSO,9,CEC2014-F9,Multimodal,30,16,1016,300000,300000,1071.1606104670723,900.0,171.16061046707227,nan,nan,2.144399863002036,ok
CEC2014,DMGSO,9,CEC2014-F9,Multimodal,30,17,,300000,300000,1264.1520383705456,900.0,364.1520383705456,359,20,7.285488452998834,ok
CEC2014,CMA-ES,9,CEC2014-F9,Multimodal,30,17,1017,300000,6930,1084.0664798378168,900.0,184.06647983781681,nan,nan,0.6309901900021941,ok
CEC2014,DE,9,CEC2014-F9,Multimodal,30,17,1017,300000,299700,1098.5379810155368,900.0,198.53798101553684,nan,nan,6.206935111000348,ok
CEC2014,PSO,9,CEC2014-F9,Multimodal,30,17,1017,300000,300000,1077.750801260439,900.0,177.75080126043895,nan,nan,2.209952566001448,ok
CEC2014,DMGSO,9,CEC2014-F9,Multimodal,30,18,,300000,300000,1241.5006881869574,900.0,341.5006881869574,777,19,7.714663610000571,ok
CEC2014,CMA-ES,9,CEC2014-F9,Multimodal,30,18,1018,300000,6594,1084.0664798378166,900.0,184.0664798378166,nan,nan,0.6256697150020045,ok
CEC2014,DE,9,CEC2014-F9,Multimodal,30,18,1018,300000,299700,1089.1796227982452,900.0,189.1796227982452,nan,nan,6.24543562100007,ok
CEC2014,PSO,9,CEC2014-F9,Multimodal,30,18,1018,300000,300000,1046.387992568882,900.0,146.38799256888205,nan,nan,2.338697785999102,ok
CEC2014,DMGSO,9,CEC2014-F9,Multimodal,30,19,,300000,300000,1387.4683270418468,900.0,487.4683270418468,1002,14,7.549325251999107,ok
CEC2014,CMA-ES,9,CEC2014-F9,Multimodal,30,19,1019,300000,6818,1084.0664798378168,900.0,184.06647983781681,nan,nan,0.6066266669986362,ok
CEC2014,DE,9,CEC2014-F9,Multimodal,30,19,1019,300000,299700,1109.5993292527269,900.0,209.59932925272687,nan,nan,6.452233636002347,ok
CEC2014,PSO,9,CEC2014-F9,Multimodal,30,19,1019,300000,300000,1082.2181959561665,900.0,182.21819595616648,nan,nan,2.280183474998921,ok
CEC2014,DMGSO,9,CEC2014-F9,Multimodal,30,20,,300000,300000,1308.8429569679063,900.0,408.8429569679063,558,20,7.531441890001588,ok
CEC2014,CMA-ES,9,CEC2014-F9,Multimodal,30,20,1020,300000,6888,1084.0664798378168,900.0,184.06647983781681,nan,nan,0.6048100219995831,ok
CEC2014,DE,9,CEC2014-F9,Multimodal,30,20,1020,300000,299700,1069.3938729082283,900.0,169.39387290822833,nan,nan,6.44548316700093,ok
CEC2014,PSO,9,CEC2014-F9,Multimodal,30,20,1020,300000,300000,997.457976800453,900.0,97.45797680045303,nan,nan,2.200342260999605,ok
CEC2014,DMGSO,9,CEC2014-F9,Multimodal,30,21,,300000,300000,1197.847669521667,900.0,297.84766952166706,456,20,7.476752662998479,ok
CEC2014,CMA-ES,9,CEC2014-F9,Multimodal,30,21,1021,300000,6846,1089.0412498887497,900.0,189.0412498887497,nan,nan,0.7069116130005568,ok
CEC2014,DE,9,CEC2014-F9,Multimodal,30,21,1021,300000,299700,1086.3816431849446,900.0,186.38164318494455,nan,nan,6.083847623998736,ok
CEC2014,PSO,9,CEC2014-F9,Multimodal,30,21,1021,300000,300000,1162.7218385822173,900.0,262.7218385822173,nan,nan,2.3245885579999594,ok
CEC2014,DMGSO,9,CEC2014-F9,Multimodal,30,22,,300000,300000,1322.0106541166244,900.0,422.01065411662444,800,19,7.521623903001455,ok
CEC2014,CMA-ES,9,CEC2014-F9,Multimodal,30,22,1022,300000,6762,1087.0513519712777,900.0,187.05135197127765,nan,nan,0.5043595800016192,ok
CEC2014,DE,9,CEC2014-F9,Multimodal,30,22,1022,300000,299700,1071.1762761868615,900.0,171.17627618686151,nan,nan,6.30593932100237,ok
CEC2014,PSO,9,CEC2014-F9,Multimodal,30,22,1022,300000,300000,1136.4013718420015,900.0,236.40137184200148,nan,nan,2.176531512999645,ok
CEC2014,DMGSO,9,CEC2014-F9,Multimodal,30,23,,300000,300000,1245.3928753015928,900.0,345.39287530159277,664,20,7.362768216000404,ok
CEC2014,CMA-ES,9,CEC2014-F9,Multimodal,30,23,1023,300000,7042,1084.0664798378168,900.0,184.06647983781681,nan,nan,0.6859824729981483,ok
CEC2014,DE,9,CEC2014-F9,Multimodal,30,23,1023,300000,299700,1108.6259368339975,900.0,208.62593683399746,nan,nan,6.425339894998615,ok
CEC2014,PSO,9,CEC2014-F9,Multimodal,30,23,1023,300000,300000,1093.5188699133207,900.0,193.5188699133207,nan,nan,2.202573504000611,ok
CEC2014,DMGSO,9,CEC2014-F9,Multimodal,30,24,,300000,300000,1356.7115569697498,900.0,456.71155696974984,864,17,7.511526397000125,ok
CEC2014,CMA-ES,9,CEC2014-F9,Multimodal,30,24,1024,300000,6902,1089.0412498887497,900.0,189.0412498887497,nan,nan,0.6609735390011338,ok
CEC2014,DE,9,CEC2014-F9,Multimodal,30,24,1024,300000,299700,1098.505132747772,900.0,198.505132747772,nan,nan,6.288135302998853,ok
CEC2014,PSO,9,CEC2014-F9,Multimodal,30,24,1024,300000,300000,1109.3405562736439,900.0,209.34055627364387,nan,nan,2.1279446569969878,ok
CEC2014,DMGSO,9,CEC2014-F9,Multimodal,30,25,,300000,300000,1282.2694913535797,900.0,382.2694913535797,275,20,7.4060919500007,ok
CEC2014,CMA-ES,9,CEC2014-F9,Multimodal,30,25,1025,300000,7210,1084.0664798378168,900.0,184.06647983781681,nan,nan,0.5177694789999805,ok
CEC2014,DE,9,CEC2014-F9,Multimodal,30,25,1025,300000,299700,1106.0122685904032,900.0,206.0122685904032,nan,nan,6.2638755070001935,ok
CEC2014,PSO,9,CEC2014-F9,Multimodal,30,25,1025,300000,300000,1205.2408602650962,900.0,305.2408602650962,nan,nan,2.1226651659999334,ok
CEC2014,DMGSO,9,CEC2014-F9,Multimodal,30,26,,300000,300000,1270.6595499407495,900.0,370.65954994074946,345,20,7.62622019599803,ok
CEC2014,CMA-ES,9,CEC2014-F9,Multimodal,30,26,1026,300000,6636,1084.0664798378168,900.0,184.06647983781681,nan,nan,0.5280292729985376,ok
CEC2014,DE,9,CEC2014-F9,Multimodal,30,26,1026,300000,299700,1086.2223187609368,900.0,186.2223187609368,nan,nan,6.345130317997246,ok
CEC2014,PSO,9,CEC2014-F9,Multimodal,30,26,1026,300000,300000,1158.4724334156265,900.0,258.4724334156265,nan,nan,2.2471274449999328,ok
CEC2014,DMGSO,9,CEC2014-F9,Multimodal,30,27,,300000,300000,1212.3797907849025,900.0,312.3797907849025,759,19,7.341451477997907,ok
CEC2014,CMA-ES,9,CEC2014-F9,Multimodal,30,27,1027,300000,6916,1084.0664798378166,900.0,184.0664798378166,nan,nan,0.5364247299985436,ok
CEC2014,DE,9,CEC2014-F9,Multimodal,30,27,1027,300000,299700,1061.6146116744114,900.0,161.61461167441144,nan,nan,6.097111674000189,ok
CEC2014,PSO,9,CEC2014-F9,Multimodal,30,27,1027,300000,300000,1042.1343171143844,900.0,142.13431711438443,nan,nan,2.216973077000148,ok
CEC2014,DMGSO,9,CEC2014-F9,Multimodal,30,28,,300000,300000,1262.4254550367477,900.0,362.42545503674773,275,20,7.497572104999563,ok
CEC2014,CMA-ES,9,CEC2014-F9,Multimodal,30,28,1028,300000,6972,1087.0513519712777,900.0,187.05135197127765,nan,nan,0.5592235860021901,ok
CEC2014,DE,9,CEC2014-F9,Multimodal,30,28,1028,300000,299700,1097.344818214471,900.0,197.34481821447093,nan,nan,6.1672302879997005,ok
CEC2014,PSO,9,CEC2014-F9,Multimodal,30,28,1028,300000,300000,1103.1714910741389,900.0,203.17149107413888,nan,nan,2.367506652000884,ok
CEC2014,DMGSO,9,CEC2014-F9,Multimodal,30,29,,300000,300000,1241.4105910512321,900.0,341.41059105123213,768,18,7.720544518997485,ok
CEC2014,CMA-ES,9,CEC2014-F9,Multimodal,30,29,1029,300000,6804,1084.0664798378168,900.0,184.06647983781681,nan,nan,0.6363840150006581,ok
CEC2014,DE,9,CEC2014-F9,Multimodal,30,29,1029,300000,299700,1112.7304969947168,900.0,212.73049699471676,nan,nan,6.366747265001322,ok
CEC2014,PSO,9,CEC2014-F9,Multimodal,30,29,1029,300000,300000,1149.2097342812174,900.0,249.20973428121738,nan,nan,2.244611183003144,ok
CEC2014,DMGSO,10,CEC2014-F10,Multimodal,30,0,,300000,300000,4094.0232020223048,1000.0,3094.0232020223048,504,20,12.632639453000593,ok
CEC2014,CMA-ES,10,CEC2014-F10,Multimodal,30,0,1000,300000,7336,5012.488186201055,1000.0,4012.488186201055,nan,nan,0.7735226059994602,ok
CEC2014,DE,10,CEC2014-F10,Multimodal,30,0,1000,300000,299700,6108.797843454999,1000.0,5108.797843454999,nan,nan,11.622611296999821,ok
CEC2014,PSO,10,CEC2014-F10,Multimodal,30,0,1000,300000,300000,4533.176044018519,1000.0,3533.176044018519,nan,nan,7.4984218399986275,ok
CEC2014,DMGSO,10,CEC2014-F10,Multimodal,30,1,,300000,300000,4247.027497047395,1000.0,3247.0274970473947,397,20,12.539793361000193,ok
CEC2014,CMA-ES,10,CEC2014-F10,Multimodal,30,1,1001,300000,7448,4597.939015314487,1000.0,3597.939015314487,nan,nan,0.8496158870002546,ok
CEC2014,DE,10,CEC2014-F10,Multimodal,30,1,1001,300000,299700,4435.41219854956,1000.0,3435.4121985495603,nan,nan,11.75951628400071,ok
CEC2014,PSO,10,CEC2014-F10,Multimodal,30,1,1001,300000,300000,2987.325925810939,1000.0,1987.3259258109392,nan,nan,7.648150234999775,ok
CEC2014,DMGSO,10,CEC2014-F10,Multimodal,30,2,,300000,300000,4296.755918426643,1000.0,3296.755918426643,418,20,12.86735167200095,ok
CEC2014,CMA-ES,10,CEC2014-F10,Multimodal,30,2,1002,300000,7504,4479.88925722883,1000.0,3479.8892572288296,nan,nan,0.8440697810001438,ok
CEC2014,DE,10,CEC2014-F10,Multimodal,30,2,1002,300000,299700,4625.295397256845,1000.0,3625.295397256845,nan,nan,11.768601348001539,ok
CEC2014,PSO,10,CEC2014-F10,Multimodal,30,2,1002,300000,300000,3059.6421876375152,1000.0,2059.6421876375152,nan,nan,7.31270554799994,ok
CEC2014,DMGSO,10,CEC2014-F10,Multimodal,30,3,,300000,300000,4409.092114592848,1000.0,3409.092114592848,464,20,12.535312096999405,ok
CEC2014,CMA-ES,10,CEC2014-F10,Multimodal,30,3,1003,300000,7238,5169.449760504776,1000.0,4169.449760504776,nan,nan,0.781131234998611,ok
CEC2014,DE,10,CEC2014-F10,Multimodal,30,3,1003,300000,299700,6403.486346474395,1000.0,5403.486346474395,nan,nan,11.96961792699949,ok
CEC2014,PSO,10,CEC2014-F10,Multimodal,30,3,1003,300000,300000,4748.612267468507,1000.0,3748.6122674685066,nan,nan,7.303389851000247,ok
CEC2014,DMGSO,10,CEC2014-F10,Multimodal,30,4,,300000,300000,3706.3676408375395,1000.0,2706.3676408375395,438,20,12.939593850001984,ok
CEC2014,CMA-ES,10,CEC2014-F10,Multimodal,30,4,1004,300000,7210,4795.836931571062,1000.0,3795.8369315710625,nan,nan,0.946478350997495,ok
CEC2014,DE,10,CEC2014-F10,Multimodal,30,4,1004,300000,299700,5493.624319205124,1000.0,4493.624319205124,nan,nan,11.781822728000407,ok
CEC2014,PSO,10,CEC2014-F10,Multimodal,30,4,1004,300000,300000,4188.954223862271,1000.0,3188.9542238622707,nan,nan,7.658242501001951,ok
CEC2014,DMGSO,10,CEC2014-F10,Multimodal,30,5,,300000,300000,4695.1344041008615,1000.0,3695.1344041008615,788,17,13.18032511400088,ok
CEC2014,CMA-ES,10,CEC2014-F10,Multimodal,30,5,1005,300000,7238,5466.327691055894,1000.0,4466.327691055894,nan,nan,0.7539460430016334,ok
CEC2014,DE,10,CEC2014-F10,Multimodal,30,5,1005,300000,299700,3622.046759037543,1000.0,2622.046759037543,nan,nan,12.018435078000039,ok
CEC2014,PSO,10,CEC2014-F10,Multimodal,30,5,1005,300000,300000,3168.876890072257,1000.0,2168.876890072257,nan,nan,7.593884461999551,ok
CEC2014,DMGSO,10,CEC2014-F10,Multimodal,30,6,,300000,300000,4475.426990218162,1000.0,3475.4269902181622,644,20,13.068796576997556,ok
CEC2014,CMA-ES,10,CEC2014-F10,Multimodal,30,6,1006,300000,6958,5485.517237191485,1000.0,4485.517237191485,nan,nan,0.6735473700027796,ok
CEC2014,DE,10,CEC2014-F10,Multimodal,30,6,1006,300000,299700,7488.791734635675,1000.0,6488.791734635675,nan,nan,11.972194425998168,ok
CEC2014,PSO,10,CEC2014-F10,Multimodal,30,6,1006,300000,300000,3794.293285682248,1000.0,2794.293285682248,nan,nan,7.274449946999084,ok
CEC2014,DMGSO,10,CEC2014-F10,Multimodal,30,7,,300000,300000,4483.177430291869,1000.0,3483.1774302918693,530,20,13.09612048100098,ok
CEC2014,CMA-ES,10,CEC2014-F10,Multimodal,30,7,1007,300000,7252,5169.449760504776,1000.0,4169.449760504776,nan,nan,0.7728453079980682,ok
CEC2014,DE,10,CEC2014-F10,Multimodal,30,7,1007,300000,299700,5107.04926070076,1000.0,4107.04926070076,nan,nan,11.916355866000231,ok
CEC2014,PSO,10,CEC2014-F10,Multimodal,30,7,1007,300000,300000,4046.786499817097,1000.0,3046.786499817097,nan,nan,7.544937929000298,ok
CEC2014,DMGSO,10,CEC2014-F10,Multimodal,30,8,,300000,300000,4632.401491725252,1000.0,3632.4014917252516,396,20,12.839523400998587,ok
CEC2014,CMA-ES,10,CEC2014-F10,Multimodal,30,8,1008,300000,7252,5445.86623236539,1000.0,4445.86623236539,nan,nan,0.770764054999745,ok
CEC2014,DE,10,CEC2014-F10,Multimodal,30,8,1008,300000,299700,6920.655505877681,1000.0,5920.655505877681,nan,nan,12.01148116100012,ok
CEC2014,PSO,10,CEC2014-F10,Multimodal,30,8,1008,300000,300000,4056.178909666518,1000.0,3056.178909666518,nan,nan,7.621449771999323,ok
CEC2014,DMGSO,10,CEC2014-F10,Multimodal,30,9,,300000,300000,4710.051241279505,1000.0,3710.051241279505,107,2,12.966324380002334,ok
CEC2014,CMA-ES,10,CEC2014-F10,Multimodal,30,9,1009,300000,7322,4874.466751274442,1000.0,3874.466751274442,nan,nan,0.7893299600000319,ok
CEC2014,DE,10,CEC2014-F10,Multimodal,30,9,1009,300000,299700,5875.50473258481,1000.0,4875.50473258481,nan,nan,12.103299302998494,ok
CEC2014,PSO,10,CEC2014-F10,Multimodal,30,9,1009,300000,300000,3531.4894217426863,1000.0,2531.4894217426863,nan,nan,7.485811520000425,ok
CEC2014,DMGSO,10,CEC2014-F10,Multimodal,30,10,,300000,300000,4201.629657349047,1000.0,3201.629657349047,503,20,13.00893130699842,ok
CEC2014,CMA-ES,10,CEC2014-F10,Multimodal,30,10,1010,300000,7294,4558.386993586,1000.0,3558.3869935860002,nan,nan,0.7746739129979687,ok
CEC2014,DE,10,CEC2014-F10,Multimodal,30,10,1010,300000,299700,5328.88788849021,1000.0,4328.88788849021,nan,nan,12.176115638998454,ok
CEC2014,PSO,10,CEC2014-F10,Multimodal,30,10,1010,300000,300000,5260.384814897148,1000.0,4260.384814897148,nan,nan,7.472946855999908,ok
CEC2014,DMGSO,10,CEC2014-F10,Multimodal,30,11,,300000,300000,4820.8889515840765,1000.0,3820.8889515840765,407,20,13.213399984000716,ok
CEC2014,CMA-ES,10,CEC2014-F10,Multimodal,30,11,1011,300000,7308,5051.454720076605,1000.0,4051.4547200766046,nan,nan,0.8278714230000332,ok
CEC2014,DE,10,CEC2014-F10,Multimodal,30,11,1011,300000,299700,4941.787632567844,1000.0,3941.7876325678444,nan,nan,11.955476183000428,ok
CEC2014,PSO,10,CEC2014-F10,Multimodal,30,11,1011,300000,300000,2719.916395265449,1000.0,1719.916395265449,nan,nan,7.307237126999098,ok
CEC2014,DMGSO,10,CEC2014-F10,Multimodal,30,12,,300000,300000,4981.345727686292,1000.0,3981.345727686292,388,20,12.954799417999311,ok
CEC2014,CMA-ES,10,CEC2014-F10,Multimodal,30,12,1012,300000,7476,5268.2429737956245,1000.0,4268.2429737956245,nan,nan,0.809102636998432,ok
CEC2014,DE,10,CEC2014-F10,Multimodal,30,12,1012,300000,299700,3795.2759670025334,1000.0,2795.2759670025334,nan,nan,11.821494123996672,ok
CEC2014,PSO,10,CEC2014-F10,Multimodal,30,12,1012,300000,300000,4038.7563745742973,1000.0,3038.7563745742973,nan,nan,7.4873071309993975,ok
CEC2014,DMGSO,10,CEC2014-F10,Multimodal,30,13,,300000,300000,4301.1249108634875,1000.0,3301.1249108634875,457,20,12.781633523998607,ok
CEC2014,CMA-ES,10,CEC2014-F10,Multimodal,30,13,1013,300000,7154,5307.678815681951,1000.0,4307.678815681951,nan,nan,0.7445208149983955,ok
CEC2014,DE,10,CEC2014-F10,Multimodal,30,13,1013,300000,299700,5393.82469241267,1000.0,4393.82469241267,nan,nan,12.045253251999384,ok
CEC2014,PSO,10,CEC2014-F10,Multimodal,30,13,1013,300000,300000,3760.5360155585277,1000.0,2760.5360155585277,nan,nan,7.511355234000803,ok
CEC2014,DMGSO,10,CEC2014-F10,Multimodal,30,14,,300000,300000,4363.201424280453,1000.0,3363.2014242804526,757,17,12.905270544000814,ok
CEC2014,CMA-ES,10,CEC2014-F10,Multimodal,30,14,1014,300000,7322,5307.678815681949,1000.0,4307.678815681949,nan,nan,0.7841985359991668,ok
CEC2014,DE,10,CEC2014-F10,Multimodal,30,14,1014,300000,299700,5668.643418684091,1000.0,4668.643418684091,nan,nan,12.01586794800096,ok
CEC2014,PSO,10,CEC2014-F10,Multimodal,30,14,1014,300000,300000,4014.293841893339,1000.0,3014.293841893339,nan,nan,7.396609841998725,ok
CEC2014,DMGSO,10,CEC2014-F10,Multimodal,30,15,,300000,300000,4215.270754601321,1000.0,3215.2707546013207,484,20,13.02711549399828,ok
CEC2014,CMA-ES,10,CEC2014-F10,Multimodal,30,15,1015,300000,7168,4854.005292583937,1000.0,3854.0052925839373,nan,nan,0.7923507779996726,ok
CEC2014,DE,10,CEC2014-F10,Multimodal,30,15,1015,300000,299700,7105.7974539071965,1000.0,6105.7974539071965,nan,nan,12.07174269099778,ok
CEC2014,PSO,10,CEC2014-F10,Multimodal,30,15,1015,300000,300000,3050.696232286906,1000.0,2050.696232286906,nan,nan,7.7466114119997656,ok
CEC2014,DMGSO,10,CEC2014-F10,Multimodal,30,16,,300000,300000,3962.310804726654,1000.0,2962.310804726654,497,20,12.872658201999002,ok
CEC2014,CMA-ES,10,CEC2014-F10,Multimodal,30,16,1016,300000,7364,5307.657996435084,1000.0,4307.657996435084,nan,nan,0.7568403299992497,ok
CEC2014,DE,10,CEC2014-F10,Multimodal,30,16,1016,300000,299700,5552.548988517022,1000.0,4552.548988517022,nan,nan,11.77124066700344,ok
CEC2014,PSO,10,CEC2014-F10,Multimodal,30,16,1016,300000,300000,4730.821307296645,1000.0,3730.8213072966446,nan,nan,7.507500076000724,ok
CEC2014,DMGSO,10,CEC2014-F10,Multimodal,30,17,,300000,300000,3763.9390177630503,1000.0,2763.9390177630503,439,20,12.820753535997937,ok
CEC2014,CMA-ES,10,CEC2014-F10,Multimodal,30,17,1017,300000,7140,5091.3434758237,1000.0,4091.3434758237,nan,nan,0.7601061640016269,ok
CEC2014,DE,10,CEC2014-F10,Multimodal,30,17,1017,300000,299700,6207.531678637583,1000.0,5207.531678637583,nan,nan,11.772581447999983,ok
CEC2014,PSO,10,CEC2014-F10,Multimodal,30,17,1017,300000,300000,4925.430563912818,1000.0,3925.430563912818,nan,nan,7.456172867998248,ok
CEC2014,DMGSO,10,CEC2014-F10,Multimodal,30,18,,300000,300000,3772.1485640172723,1000.0,2772.1485640172723,427,20,13.17250292600147,ok
CEC2014,CMA-ES,10,CEC2014-F10,Multimodal,30,18,1018,300000,7280,5268.105974706597,1000.0,4268.105974706597,nan,nan,0.7823983680027595,ok
CEC2014,DE,10,CEC2014-F10,Multimodal,30,18,1018,300000,299700,6839.754392533973,1000.0,5839.754392533973,nan,nan,11.966341285002272,ok
CEC2014,PSO,10,CEC2014-F10,Multimodal,30,18,1018,300000,300000,5352.042679932065,1000.0,4352.042679932065,nan,nan,7.618176931002381,ok
CEC2014,DMGSO,10,CEC2014-F10,Multimodal,30,19,,300000,300000,4280.070187537271,1000.0,3280.0701875372706,586,19,13.02166265499909,ok
CEC2014,CMA-ES,10,CEC2014-F10,Multimodal,30,19,1019,300000,7364,5189.58741910256,1000.0,4189.58741910256,nan,nan,0.8086440629995195,ok
CEC2014,DE,10,CEC2014-F10,Multimodal,30,19,1019,300000,299700,5565.35599271344,1000.0,4565.35599271344,nan,nan,11.731467219000479,ok
CEC2014,PSO,10,CEC2014-F10,Multimodal,30,19,1019,300000,300000,4604.740763742184,1000.0,3604.740763742184,nan,nan,7.30147498199949,ok
CEC2014,DMGSO,10,CEC2014-F10,Multimodal,30,20,,300000,300000,4231.856853795629,1000.0,3231.856853795629,411,20,13.051576740999735,ok
CEC2014,CMA-ES,10,CEC2014-F10,Multimodal,30,20,1020,300000,7112,5307.657996435082,1000.0,4307.657996435082,nan,nan,0.742592787999456,ok
CEC2014,DE,10,CEC2014-F10,Multimodal,30,20,1020,300000,299700,6104.592246977502,1000.0,5104.592246977502,nan,nan,12.086328837998735,ok
CEC2014,PSO,10,CEC2014-F10,Multimodal,30,20,1020,300000,300000,3804.357880562089,1000.0,2804.357880562089,nan,nan,7.590025637000508,ok
CEC2014,DMGSO,10,CEC2014-F10,Multimodal,30,21,,300000,300000,4220.744252039387,1000.0,3220.744252039387,413,20,12.73746272200151,ok
CEC2014,CMA-ES,10,CEC2014-F10,Multimodal,30,21,1021,300000,7518,5386.861022989664,1000.0,4386.861022989664,nan,nan,0.8037741650005046,ok
CEC2014,DE,10,CEC2014-F10,Multimodal,30,21,1021,300000,299700,4252.2231046578,1000.0,3252.2231046578,nan,nan,12.04314310999689,ok
CEC2014,PSO,10,CEC2014-F10,Multimodal,30,21,1021,300000,300000,4228.360730907041,1000.0,3228.360730907041,nan,nan,7.589489766000042,ok
CEC2014,DMGSO,10,CEC2014-F10,Multimodal,30,22,,300000,300000,3562.1829043939033,1000.0,2562.1829043939033,598,20,12.87909787999888,ok
CEC2014,CMA-ES,10,CEC2014-F10,Multimodal,30,22,1022,300000,7322,5012.488186201055,1000.0,4012.488186201055,nan,nan,0.7649961440001789,ok
CEC2014,DE,10,CEC2014-F10,Multimodal,30,22,1022,300000,299700,7081.665029597086,1000.0,6081.665029597086,nan,nan,11.806688759999815,ok
CEC2014,PSO,10,CEC2014-F10,Multimodal,30,22,1022,300000,300000,4096.592241647191,1000.0,3096.5922416471913,nan,nan,7.250555918002647,ok
CEC2014,DMGSO,10,CEC2014-F10,Multimodal,30,23,,300000,300000,4859.328092949863,1000.0,3859.3280929498633,509,20,12.662642338000296,ok
CEC2014,CMA-ES,10,CEC2014-F10,Multimodal,30,23,1023,300000,7140,4952.798505874784,1000.0,3952.7985058747836,nan,nan,0.7672574300013366,ok
CEC2014,DE,10,CEC2014-F10,Multimodal,30,23,1023,300000,299700,6046.394856040246,1000.0,5046.394856040246,nan,nan,11.888921598998422,ok
CEC2014,PSO,10,CEC2014-F10,Multimodal,30,23,1023,300000,300000,5346.168738530652,1000.0,4346.168738530652,nan,nan,7.306796245000442,ok
CEC2014,DMGSO,10,CEC2014-F10,Multimodal,30,24,,300000,300000,4028.2574692562066,1000.0,3028.2574692562066,548,20,12.875363912000466,ok
CEC2014,CMA-ES,10,CEC2014-F10,Multimodal,30,24,1024,300000,7084,5169.449760504776,1000.0,4169.449760504776,nan,nan,0.7565289660014969,ok
CEC2014,DE,10,CEC2014-F10,Multimodal,30,24,1024,300000,299700,4677.077090870573,1000.0,3677.0770908705726,nan,nan,11.520472263000556,ok
CEC2014,PSO,10,CEC2014-F10,Multimodal,30,24,1024,300000,300000,4975.848228297587,1000.0,3975.8482282975874,nan,nan,7.151060744999995,ok
CEC2014,DMGSO,10,CEC2014-F10,Multimodal,30,25,,300000,300000,4310.929115883573,1000.0,3310.929115883573,434,20,12.575241799997457,ok
CEC2014,CMA-ES,10,CEC2014-F10,Multimodal,30,25,1025,300000,7378,5445.866232365389,1000.0,4445.866232365389,nan,nan,0.720176762999472,ok
CEC2014,DE,10,CEC2014-F10,Multimodal,30,25,1025,300000,299700,6478.364198240126,1000.0,5478.364198240126,nan,nan,11.801473987998179,ok
CEC2014,PSO,10,CEC2014-F10,Multimodal,30,25,1025,300000,300000,5543.8005430327785,1000.0,4543.8005430327785,nan,nan,7.326798283000244,ok
CEC2014,DMGSO,10,CEC2014-F10,Multimodal,30,26,,300000,300000,4010.042949954777,1000.0,3010.042949954777,458,20,12.943859784998494,ok
CEC2014,CMA-ES,10,CEC2014-F10,Multimodal,30,26,1026,300000,7294,5307.657996435082,1000.0,4307.657996435082,nan,nan,0.731568627001252,ok
CEC2014,DE,10,CEC2014-F10,Multimodal,30,26,1026,300000,299700,4533.964682563568,1000.0,3533.964682563568,nan,nan,11.781502518002526,ok
CEC2014,PSO,10,CEC2014-F10,Multimodal,30,26,1026,300000,300000,4655.840527809047,1000.0,3655.8405278090468,nan,nan,7.710364749000291,ok
CEC2014,DMGSO,10,CEC2014-F10,Multimodal,30,27,,300000,300000,4313.932288111326,1000.0,3313.9322881113258,454,20,13.004420015000505,ok
CEC2014,CMA-ES,10,CEC2014-F10,Multimodal,30,27,1027,300000,7210,5129.89773877629,1000.0,4129.89773877629,nan,nan,0.7869811889977427,ok
CEC2014,DE,10,CEC2014-F10,Multimodal,30,27,1027,300000,299700,4816.334682461536,1000.0,3816.3346824615364,nan,nan,11.593055096000171,ok
CEC2014,PSO,10,CEC2014-F10,Multimodal,30,27,1027,300000,300000,3851.542730434272,1000.0,2851.542730434272,nan,nan,7.123413319000974,ok
CEC2014,DMGSO,10,CEC2014-F10,Multimodal,30,28,,300000,300000,4378.06810866605,1000.0,3378.0681086660497,583,20,12.407565771998634,ok
CEC2014,CMA-ES,10,CEC2014-F10,Multimodal,30,28,1028,300000,7420,5070.3198131953195,1000.0,4070.3198131953195,nan,nan,0.8528690740022284,ok
CEC2014,DE,10,CEC2014-F10,Multimodal,30,28,1028,300000,299700,6121.299538049918,1000.0,5121.299538049918,nan,nan,11.617464333998214,ok
CEC2014,PSO,10,CEC2014-F10,Multimodal,30,28,1028,300000,300000,3195.3312576667904,1000.0,2195.3312576667904,nan,nan,7.568347645999893,ok
CEC2014,DMGSO,10,CEC2014-F10,Multimodal,30,29,,300000,300000,6896.8028941009015,1000.0,5896.8028941009015,699,1,12.6292083010012,ok
CEC2014,CMA-ES,10,CEC2014-F10,Multimodal,30,29,1029,300000,7392,5170.209768359673,1000.0,4170.209768359673,nan,nan,0.8022601400007261,ok
CEC2014,DE,10,CEC2014-F10,Multimodal,30,29,1029,300000,299700,5193.1588599977,1000.0,4193.1588599977,nan,nan,11.6036795229993,ok
CEC2014,PSO,10,CEC2014-F10,Multimodal,30,29,1029,300000,300000,5839.747123200233,1000.0,4839.747123200233,nan,nan,7.432849401000567,ok
CEC2014,DMGSO,11,CEC2014-F11,Multimodal,30,0,,300000,300000,4795.947209873062,1100.0,3695.947209873062,386,20,12.792693265000707,ok
CEC2014,CMA-ES,11,CEC2014-F11,Multimodal,30,0,1000,300000,35840,5415.334134015922,1100.0,4315.334134015922,nan,nan,4.183074196000234,ok
CEC2014,DE,11,CEC2014-F11,Multimodal,30,0,1000,300000,299700,8253.11591057056,1100.0,7153.115910570559,nan,nan,12.009020900997712,ok
CEC2014,PSO,11,CEC2014-F11,Multimodal,30,0,1000,300000,300000,5010.851656653398,1100.0,3910.851656653398,nan,nan,7.706949270002951,ok
CEC2014,DMGSO,11,CEC2014-F11,Multimodal,30,1,,300000,300000,5171.850966722723,1100.0,4071.8509667227227,350,20,13.279032651000307,ok
CEC2014,CMA-ES,11,CEC2014-F11,Multimodal,30,1,1001,300000,35000,5138.504784299079,1100.0,4038.504784299079,nan,nan,3.869567265999649,ok
CEC2014,DE,11,CEC2014-F11,Multimodal,30,1,1001,300000,299700,8391.479353518025,1100.0,7291.479353518025,nan,nan,11.61850223899819,ok
CEC2014,PSO,11,CEC2014-F11,Multimodal,30,1,1001,300000,300000,4361.649786802955,1100.0,3261.6497868029546,nan,nan,7.638737797999056,ok
CEC2014,DMGSO,11,CEC2014-F11,Multimodal,30,2,,300000,300000,5205.352938792754,1100.0,4105.352938792754,722,18,12.66628002699872,ok
CEC2014,CMA-ES,11,CEC2014-F11,Multimodal,30,2,1002,300000,35420,5118.306270450019,1100.0,4018.306270450019,nan,nan,4.116616310999234,ok
CEC2014,DE,11,CEC2014-F11,Multimodal,30,2,1002,300000,299700,8398.758509163641,1100.0,7298.758509163641,nan,nan,12.092543881997699,ok
CEC2014,PSO,11,CEC2014-F11,Multimodal,30,2,1002,300000,300000,5787.052238870338,1100.0,4687.052238870338,nan,nan,7.824370136000653,ok
CEC2014,DMGSO,11,CEC2014-F11,Multimodal,30,3,,300000,300000,4706.487946946205,1100.0,3606.487946946205,422,20,13.533024451000529,ok
CEC2014,CMA-ES,11,CEC2014-F11,Multimodal,30,3,1003,300000,35490,5572.784123080282,1100.0,4472.784123080282,nan,nan,4.210596479999367,ok
CEC2014,DE,11,CEC2014-F11,Multimodal,30,3,1003,300000,299700,8065.1092443796915,1100.0,6965.1092443796915,nan,nan,12.0121986080012,ok
CEC2014,PSO,11,CEC2014-F11,Multimodal,30,3,1003,300000,300000,4763.614663321621,1100.0,3663.6146633216213,nan,nan,7.512488357999246,ok
CEC2014,DMGSO,11,CEC2014-F11,Multimodal,30,4,,300000,300000,5019.740563730395,1100.0,3919.7405637303946,320,20,12.99794515100075,ok
CEC2014,CMA-ES,11,CEC2014-F11,Multimodal,30,4,1004,300000,34034,5138.504784299104,1100.0,4038.5047842991044,nan,nan,3.705634256999474,ok
CEC2014,DE,11,CEC2014-F11,Multimodal,30,4,1004,300000,299700,7998.966562819437,1100.0,6898.966562819437,nan,nan,11.904218640000181,ok
CEC2014,PSO,11,CEC2014-F11,Multimodal,30,4,1004,300000,300000,4952.968365534514,1100.0,3852.9683655345143,nan,nan,7.744715336997615,ok
CEC2014,DMGSO,11,CEC2014-F11,Multimodal,30,5,,300000,300000,4471.159865451984,1100.0,3371.159865451984,1023,12,13.037834998998733,ok
CEC2014,CMA-ES,11,CEC2014-F11,Multimodal,30,5,1005,300000,37100,5000.784963129359,1100.0,3900.7849631293593,nan,nan,4.179802317001304,ok
CEC2014,DE,11,CEC2014-F11,Multimodal,30,5,1005,300000,299700,7851.419988519206,1100.0,6751.419988519206,nan,nan,11.861976821001008,ok
CEC2014,PSO,11,CEC2014-F11,Multimodal,30,5,1005,300000,300000,3066.8730043131436,1100.0,1966.8730043131436,nan,nan,7.723918373001652,ok
CEC2014,DMGSO,11,CEC2014-F11,Multimodal,30,6,,300000,300000,5184.514676698085,1100.0,4084.514676698085,983,14,12.943856728001265,ok
CEC2014,CMA-ES,11,CEC2014-F11,Multimodal,30,6,1006,300000,35490,5572.784123080226,1100.0,4472.784123080226,nan,nan,3.7492885290012055,ok
CEC2014,DE,11,CEC2014-F11,Multimodal,30,6,1006,300000,299700,8043.111251704653,1100.0,6943.111251704653,nan,nan,11.931730262000201,ok
CEC2014,PSO,11,CEC2014-F11,Multimodal,30,6,1006,300000,300000,3665.5561957230602,1100.0,2565.5561957230602,nan,nan,7.9865008870001475,ok
CEC2014,DMGSO,11,CEC2014-F11,Multimodal,30,7,,300000,300000,4692.154723838823,1100.0,3592.154723838823,597,20,12.929951684996922,ok
CEC2014,CMA-ES,11,CEC2014-F11,Multimodal,30,7,1007,300000,7112,5196.2670224168,1100.0,4096.2670224168,nan,nan,0.6930504209994979,ok
CEC2014,DE,11,CEC2014-F11,Multimodal,30,7,1007,300000,299700,7803.871378163421,1100.0,6703.871378163421,nan,nan,11.940281064002193,ok
CEC2014,PSO,11,CEC2014-F11,Multimodal,30,7,1007,300000,300000,4917.389978946674,1100.0,3817.389978946674,nan,nan,7.817284287000803,ok
CEC2014,DMGSO,11,CEC2014-F11,Multimodal,30,8,,300000,300000,4818.047074826254,1100.0,3718.047074826254,467,20,12.9233499869988,ok
CEC2014,CMA-ES,11,CEC2014-F11,Multimodal,30,8,1008,300000,37310,4960.407792621676,1100.0,3860.407792621676,nan,nan,3.8907321899969247,ok
CEC2014,DE,11,CEC2014-F11,Multimodal,30,8,1008,300000,299700,7842.934225699307,1100.0,6742.934225699307,nan,nan,11.921131035000144,ok
CEC2014,PSO,11,CEC2014-F11,Multimodal,30,8,1008,300000,300000,4533.822911638861,1100.0,3433.822911638861,nan,nan,7.879541846999928,ok
CEC2014,DMGSO,11,CEC2014-F11,Multimodal,30,9,,300000,300000,5094.847831737377,1100.0,3994.8478317373774,593,20,13.085761696998816,ok
CEC2014,CMA-ES,11,CEC2014-F11,Multimodal,30,9,1009,300000,34720,4921.853529669095,1100.0,3821.853529669095,nan,nan,3.687702759001695,ok
CEC2014,DE,11,CEC2014-F11,Multimodal,30,9,1009,300000,299700,8520.763550355767,1100.0,7420.763550355767,nan,nan,12.001466316000005,ok
CEC2014,PSO,11,CEC2014-F11,Multimodal,30,9,1009,300000,300000,4872.425733807064,1100.0,3772.425733807064,nan,nan,7.570173161999264,ok
CEC2014,DMGSO,11,CEC2014-F11,Multimodal,30,10,,300000,300000,5213.62501718864,1100.0,4113.62501718864,530,20,12.76187530199968,ok
CEC2014,CMA-ES,11,CEC2014-F11,Multimodal,30,10,1010,300000,35210,5473.990909789383,1100.0,4373.990909789383,nan,nan,3.8541431779995037,ok
CEC2014,DE,11,CEC2014-F11,Multimodal,30,10,1010,300000,299700,8194.754443407584,1100.0,7094.754443407584,nan,nan,11.951389734997065,ok
CEC2014,PSO,11,CEC2014-F11,Multimodal,30,10,1010,300000,300000,4145.083653084655,1100.0,3045.0836530846555,nan,nan,7.619601106001937,ok
CEC2014,DMGSO,11,CEC2014-F11,Multimodal,30,11,,300000,300000,5150.900050842214,1100.0,4050.900050842214,875,16,12.544338996998704,ok
CEC2014,CMA-ES,11,CEC2014-F11,Multimodal,30,11,1011,300000,34860,5394.687131402807,1100.0,4294.687131402807,nan,nan,3.9304707369992684,ok
CEC2014,DE,11,CEC2014-F11,Multimodal,30,11,1011,300000,299700,7540.997474395582,1100.0,6440.997474395582,nan,nan,11.941107732000091,ok
CEC2014,PSO,11,CEC2014-F11,Multimodal,30,11,1011,300000,300000,5563.471666322692,1100.0,4463.471666322692,nan,nan,7.546315452000272,ok
CEC2014,DMGSO,11,CEC2014-F11,Multimodal,30,12,,300000,300000,5362.5519506710025,1100.0,4262.5519506710025,344,20,12.645429677999346,ok
CEC2014,CMA-ES,11,CEC2014-F11,Multimodal,30,12,1012,300000,34230,5395.059476329125,1100.0,4295.059476329125,nan,nan,3.6753504119988065,ok
CEC2014,DE,11,CEC2014-F11,Multimodal,30,12,1012,300000,299700,7864.867142967468,1100.0,6764.867142967468,nan,nan,12.261155762997078,ok
CEC2014,PSO,11,CEC2014-F11,Multimodal,30,12,1012,300000,300000,3910.8657936841482,1100.0,2810.8657936841482,nan,nan,7.614605165999819,ok
CEC2014,DMGSO,11,CEC2014-F11,Multimodal,30,13,,300000,300000,5362.099706188523,1100.0,4262.099706188523,479,20,12.729833538000094,ok
CEC2014,CMA-ES,11,CEC2014-F11,Multimodal,30,13,1013,300000,36470,5572.78412308022,1100.0,4472.78412308022,nan,nan,3.807361053997738,ok
CEC2014,DE,11,CEC2014-F11,Multimodal,30,13,1013,300000,299700,7791.716738007239,1100.0,6691.716738007239,nan,nan,12.102526097001828,ok
CEC2014,PSO,11,CEC2014-F11,Multimodal,30,13,1013,300000,300000,3651.997297210559,1100.0,2551.997297210559,nan,nan,8.054749932998675,ok
CEC2014,DMGSO,11,CEC2014-F11,Multimodal,30,14,,300000,300000,4544.525464442451,1100.0,3444.5254644424513,371,20,12.99124343999938,ok
CEC2014,CMA-ES,11,CEC2014-F11,Multimodal,30,14,1014,300000,38010,5375.782112287459,1100.0,4275.782112287459,nan,nan,4.334794632999547,ok
CEC2014,DE,11,CEC2014-F11,Multimodal,30,14,1014,300000,299700,7416.444428744951,1100.0,6316.444428744951,nan,nan,12.128194970999175,ok
CEC2014,PSO,11,CEC2014-F11,Multimodal,30,14,1014,300000,300000,5396.640861913185,1100.0,4296.640861913185,nan,nan,7.714241757999844,ok
CEC2014,DMGSO,11,CEC2014-F11,Multimodal,30,15,,300000,300000,5467.167122148741,1100.0,4367.167122148741,615,20,13.070173905001866,ok
CEC2014,CMA-ES,11,CEC2014-F11,Multimodal,30,15,1015,300000,33250,5710.992359010592,1100.0,4610.992359010592,nan,nan,3.919058446001145,ok
CEC2014,DE,11,CEC2014-F11,Multimodal,30,15,1015,300000,299700,8086.0643386106285,1100.0,6986.0643386106285,nan,nan,12.084520266002073,ok
CEC2014,PSO,11,CEC2014-F11,Multimodal,30,15,1015,300000,300000,4049.295302526494,1100.0,2949.295302526494,nan,nan,7.691479455999797,ok
CEC2014,DMGSO,11,CEC2014-F11,Multimodal,30,16,,300000,300000,4695.468792439611,1100.0,3595.468792439611,616,20,12.771498664002138,ok
CEC2014,CMA-ES,11,CEC2014-F11,Multimodal,30,16,1016,300000,34160,5217.0994837407725,1100.0,4117.0994837407725,nan,nan,3.9051508320007997,ok
CEC2014,DE,11,CEC2014-F11,Multimodal,30,16,1016,300000,299700,8474.886152223817,1100.0,7374.886152223817,nan,nan,12.336414029003208,ok
CEC2014,PSO,11,CEC2014-F11,Multimodal,30,16,1016,300000,300000,4329.786360350663,1100.0,3229.786360350663,nan,nan,7.771660468002665,ok
CEC2014,DMGSO,11,CEC2014-F11,Multimodal,30,17,,300000,300000,4585.348303060584,1100.0,3485.348303060584,488,20,12.96837888400114,ok
CEC2014,CMA-ES,11,CEC2014-F11,Multimodal,30,17,1017,300000,35280,5434.239153131301,1100.0,4334.239153131301,nan,nan,4.051433620003081,ok
CEC2014,DE,11,CEC2014-F11,Multimodal,30,17,1017,300000,299700,8169.552986314204,1100.0,7069.552986314204,nan,nan,12.014997837002738,ok
CEC2014,PSO,11,CEC2014-F11,Multimodal,30,17,1017,300000,300000,4951.851642211443,1100.0,3851.8516422114426,nan,nan,7.704221701998904,ok
CEC2014,DMGSO,11,CEC2014-F11,Multimodal,30,18,,300000,300000,5336.8497335303655,1100.0,4236.8497335303655,690,20,13.217580853997788,ok
CEC2014,CMA-ES,11,CEC2014-F11,Multimodal,30,18,1018,300000,33516,5355.64445368964,1100.0,4255.64445368964,nan,nan,3.9730246830004035,ok
CEC2014,DE,11,CEC2014-F11,Multimodal,30,18,1018,300000,299700,8203.70842632172,1100.0,7103.70842632172,nan,nan,11.883920112999476,ok
CEC2014,PSO,11,CEC2014-F11,Multimodal,30,18,1018,300000,300000,4859.826222688922,1100.0,3759.826222688922,nan,nan,7.698138600000675,ok
CEC2014,DMGSO,11,CEC2014-F11,Multimodal,30,19,,300000,300000,4810.550277646187,1100.0,3710.550277646187,367,20,12.79093147799722,ok
CEC2014,CMA-ES,11,CEC2014-F11,Multimodal,30,19,1019,300000,33810,4901.991749838498,1100.0,3801.9917498384984,nan,nan,3.9903214929981914,ok
CEC2014,DE,11,CEC2014-F11,Multimodal,30,19,1019,300000,299700,8172.437288859152,1100.0,7072.437288859152,nan,nan,12.154296999000508,ok
CEC2014,PSO,11,CEC2014-F11,Multimodal,30,19,1019,300000,300000,5107.454451959908,1100.0,4007.4544519599076,nan,nan,7.658343890998367,ok
CEC2014,DMGSO,11,CEC2014-F11,Multimodal,30,20,,300000,300000,5110.203955401514,1100.0,4010.2039554015137,942,15,12.748689526000817,ok
CEC2014,CMA-ES,11,CEC2014-F11,Multimodal,30,20,1020,300000,33740,5296.030917201004,1100.0,4196.030917201004,nan,nan,3.7638733929998125,ok
CEC2014,DE,11,CEC2014-F11,Multimodal,30,20,1020,300000,299700,7456.802478248086,1100.0,6356.802478248086,nan,nan,12.027965851997578,ok
CEC2014,PSO,11,CEC2014-F11,Multimodal,30,20,1020,300000,300000,4509.302003064095,1100.0,3409.3020030640946,nan,nan,7.719037795999611,ok
CEC2014,DMGSO,11,CEC2014-F11,Multimodal,30,21,,300000,300000,5156.346839508438,1100.0,4056.3468395084383,418,20,12.667357277001429,ok
CEC2014,CMA-ES,11,CEC2014-F11,Multimodal,30,21,1021,300000,33614,5217.924632519926,1100.0,4117.924632519926,nan,nan,3.745095644000685,ok
CEC2014,DE,11,CEC2014-F11,Multimodal,30,21,1021,300000,299700,8257.60280466978,1100.0,7157.602804669779,nan,nan,11.912034127002698,ok
CEC2014,PSO,11,CEC2014-F11,Multimodal,30,21,1021,300000,300000,4871.361575087383,1100.0,3771.3615750873832,nan,nan,7.542703487000836,ok
CEC2014,DMGSO,11,CEC2014-F11,Multimodal,30,22,,300000,300000,4964.11592232725,1100.0,3864.11592232725,352,20,12.849223514000187,ok
CEC2014,CMA-ES,11,CEC2014-F11,Multimodal,30,22,1022,300000,36120,5198.381265629056,1100.0,4098.381265629056,nan,nan,4.157839062001585,ok
CEC2014,DE,11,CEC2014-F11,Multimodal,30,22,1022,300000,299700,8022.531862830595,1100.0,6922.531862830595,nan,nan,12.310699765999743,ok
CEC2014,PSO,11,CEC2014-F11,Multimodal,30,22,1022,300000,300000,4935.8089709513715,1100.0,3835.8089709513715,nan,nan,7.334758110999246,ok
CEC2014,DMGSO,11,CEC2014-F11,Multimodal,30,23,,300000,300000,4958.058478663752,1100.0,3858.058478663752,914,15,13.190572242001508,ok
CEC2014,CMA-ES,11,CEC2014-F11,Multimodal,30,23,1023,300000,35210,5572.78412308022,1100.0,4472.78412308022,nan,nan,3.5797397669994098,ok
CEC2014,DE,11,CEC2014-F11,Multimodal,30,23,1023,300000,299700,7562.299609008231,1100.0,6462.299609008231,nan,nan,12.244495269998879,ok
CEC2014,PSO,11,CEC2014-F11,Multimodal,30,23,1023,300000,300000,4174.028058024982,1100.0,3074.028058024982,nan,nan,7.535494410996762,ok
CEC2014,DMGSO,11,CEC2014-F11,Multimodal,30,24,,300000,300000,5699.840595578923,1100.0,4599.840595578923,733,20,13.116759246000584,ok
CEC2014,CMA-ES,11,CEC2014-F11,Multimodal,30,24,1024,300000,35140,5454.37681172908,1100.0,4354.37681172908,nan,nan,3.6516445339984784,ok
CEC2014,DE,11,CEC2014-F11,Multimodal,30,24,1024,300000,299700,7624.258697432381,1100.0,6524.258697432381,nan,nan,12.01721704100055,ok
CEC2014,PSO,11,CEC2014-F11,Multimodal,30,24,1024,300000,300000,4161.37791264306,1100.0,3061.37791264306,nan,nan,7.789192775999254,ok
CEC2014,DMGSO,11,CEC2014-F11,Multimodal,30,25,,300000,300000,4680.673303965306,1100.0,3580.6733039653063,412,20,13.234906105000846,ok
CEC2014,CMA-ES,11,CEC2014-F11,Multimodal,30,25,1025,300000,35140,5434.575887149906,1100.0,4334.575887149906,nan,nan,3.9174858599981235,ok
CEC2014,DE,11,CEC2014-F11,Multimodal,30,25,1025,300000,299700,7502.231009039802,1100.0,6402.231009039802,nan,nan,12.18479050300084,ok
CEC2014,PSO,11,CEC2014-F11,Multimodal,30,25,1025,300000,300000,5445.423579124259,1100.0,4345.423579124259,nan,nan,8.040151650999178,ok
CEC2014,DMGSO,11,CEC2014-F11,Multimodal,30,26,,300000,300000,4807.447259139972,1100.0,3707.4472591399717,461,20,12.749146673002542,ok
CEC2014,CMA-ES,11,CEC2014-F11,Multimodal,30,26,1026,300000,36050,5355.6444536896615,1100.0,4255.6444536896615,nan,nan,4.0187325090009836,ok
CEC2014,DE,11,CEC2014-F11,Multimodal,30,26,1026,300000,299700,7774.844457925461,1100.0,6674.844457925461,nan,nan,12.044967302997975,ok
CEC2014,PSO,11,CEC2014-F11,Multimodal,30,26,1026,300000,300000,4927.537707259104,1100.0,3827.5377072591036,nan,nan,7.650671661001979,ok
CEC2014,DMGSO,11,CEC2014-F11,Multimodal,30,27,,300000,300000,5095.19569659952,1100.0,3995.1956965995196,697,19,12.67168718800167,ok
CEC2014,CMA-ES,11,CEC2014-F11,Multimodal,30,27,1027,300000,35700,5000.784963129354,1100.0,3900.784963129354,nan,nan,3.9660164330016414,ok
CEC2014,DE,11,CEC2014-F11,Multimodal,30,27,1027,300000,299700,8373.552070521819,1100.0,7273.552070521819,nan,nan,11.766443350999907,ok
CEC2014,PSO,11,CEC2014-F11,Multimodal,30,27,1027,300000,300000,5061.655129470431,1100.0,3961.6551294704313,nan,nan,7.689197894000245,ok
CEC2014,DMGSO,11,CEC2014-F11,Multimodal,30,28,,300000,300000,4074.3656532826826,1100.0,2974.3656532826826,466,20,13.036715254998853,ok
CEC2014,CMA-ES,11,CEC2014-F11,Multimodal,30,28,1028,300000,34720,5256.851240398813,1100.0,4156.851240398813,nan,nan,4.103401317999669,ok
CEC2014,DE,11,CEC2014-F11,Multimodal,30,28,1028,300000,299700,7717.366912239791,1100.0,6617.366912239791,nan,nan,11.997299366001243,ok
CEC2014,PSO,11,CEC2014-F11,Multimodal,30,28,1028,300000,300000,4735.449431039557,1100.0,3635.4494310395567,nan,nan,7.753335899000376,ok
CEC2014,DMGSO,11,CEC2014-F11,Multimodal,30,29,,300000,300000,4958.40846498875,1100.0,3858.40846498875,373,20,13.002326614001504,ok
CEC2014,CMA-ES,11,CEC2014-F11,Multimodal,30,29,1029,300000,36400,4566.994039108797,1100.0,3466.9940391087966,nan,nan,4.385800883999764,ok
CEC2014,DE,11,CEC2014-F11,Multimodal,30,29,1029,300000,299700,8426.74186059015,1100.0,7326.741860590149,nan,nan,12.042236355999194,ok
CEC2014,PSO,11,CEC2014-F11,Multimodal,30,29,1029,300000,300000,5074.372025068142,1100.0,3974.3720250681417,nan,nan,7.884849205998762,ok
CEC2014,DMGSO,12,CEC2014-F12,Multimodal,30,0,,300000,300000,1200.9416979033524,1200.0,0.9416979033524058,262,20,518.1272531470022,ok
CEC2014,CMA-ES,12,CEC2014-F12,Multimodal,30,0,1000,300000,41342,1200.2754293283456,1200.0,0.27542932834558087,nan,nan,71.3398809249993,ok
CEC2014,DE,12,CEC2014-F12,Multimodal,30,0,1000,300000,299700,1202.5796199229667,1200.0,2.5796199229666854,nan,nan,510.9881532899999,ok
CEC2014,PSO,12,CEC2014-F12,Multimodal,30,0,1000,300000,300000,1201.6143846220975,1200.0,1.614384622097532,nan,nan,510.7050092009995,ok
CEC2014,DMGSO,12,CEC2014-F12,Multimodal,30,1,,300000,300000,1200.8774454165414,1200.0,0.8774454165413772,236,20,509.43835363700055,ok
CEC2014,CMA-ES,12,CEC2014-F12,Multimodal,30,1,1001,300000,21910,1200.0468553523008,1200.0,0.046855352300781306,nan,nan,37.578465251001035,ok
CEC2014,DE,12,CEC2014-F12,Multimodal,30,1,1001,300000,299700,1201.6298157907286,1200.0,1.6298157907285713,nan,nan,510.8921807549996,ok
CEC2014,PSO,12,CEC2014-F12,Multimodal,30,1,1001,300000,300000,1200.2715139764048,1200.0,0.27151397640477626,nan,nan,508.18707545000143,ok
CEC2014,DMGSO,12,CEC2014-F12,Multimodal,30,2,,300000,300000,1200.9222150072408,1200.0,0.9222150072407658,333,20,510.11251779600207,ok
CEC2014,CMA-ES,12,CEC2014-F12,Multimodal,30,2,1002,300000,30646,1200.0915293447622,1200.0,0.09152934476219343,nan,nan,52.42789870100023,ok
CEC2014,DE,12,CEC2014-F12,Multimodal,30,2,1002,300000,299700,1202.3585001157373,1200.0,2.3585001157373426,nan,nan,508.9397189019983,ok
CEC2014,PSO,12,CEC2014-F12,Multimodal,30,2,1002,300000,300000,1200.2804423136706,1200.0,0.2804423136706191,nan,nan,512.7704025650019,ok
CEC2014,DMGSO,12,CEC2014-F12,Multimodal,30,3,,300000,300000,1200.8172329615704,1200.0,0.8172329615704257,260,20,512.9326468140025,ok
CEC2014,CMA-ES,12,CEC2014-F12,Multimodal,30,3,1003,300000,16086,1200.0550645921055,1200.0,0.05506459210550929,nan,nan,27.867060698001296,ok
CEC2014,DE,12,CEC2014-F12,Multimodal,30,3,1003,300000,299700,1202.2084909165892,1200.0,2.2084909165891986,nan,nan,511.8886734889966,ok
CEC2014,PSO,12,CEC2014-F12,Multimodal,30,3,1003,300000,300000,1200.9876057408826,1200.0,0.9876057408826,nan,nan,509.27433564999956,ok
CEC2014,DMGSO,12,CEC2014-F12,Multimodal,30,4,,300000,300000,1201.0744992348941,1200.0,1.0744992348941196,255,20,511.2723187690026,ok
CEC2014,CMA-ES,12,CEC2014-F12,Multimodal,30,4,1004,300000,42462,1200.0686252432204,1200.0,0.06862524322036734,nan,nan,77.96463282499826,ok
CEC2014,DE,12,CEC2014-F12,Multimodal,30,4,1004,300000,299700,1202.4007312078995,1200.0,2.4007312078995255,nan,nan,506.18345746400155,ok
CEC2014,PSO,12,CEC2014-F12,Multimodal,30,4,1004,300000,300000,1200.748819602127,1200.0,0.7488196021270142,nan,nan,507.1225074639988,ok
CEC2014,DMGSO,12,CEC2014-F12,Multimodal,30,5,,300000,300000,1201.0307978092203,1200.0,1.030797809220303,216,20,512.4353586759971,ok
CEC2014,CMA-ES,12,CEC2014-F12,Multimodal,30,5,1005,300000,35252,1200.3894237681675,1200.0,0.38942376816748947,nan,nan,64.85302831100125,ok
CEC2014,DE,12,CEC2014-F12,Multimodal,30,5,1005,300000,299700,1202.664474941938,1200.0,2.664474941937897,nan,nan,508.72384773999875,ok
CEC2014,PSO,12,CEC2014-F12,Multimodal,30,5,1005,300000,300000,1200.1505263396418,1200.0,0.1505263396418286,nan,nan,511.1774718309971,ok
CEC2014,DMGSO,12,CEC2014-F12,Multimodal,30,6,,300000,300000,1200.9811953624385,1200.0,0.9811953624384842,265,20,508.5368726539964,ok
CEC2014,CMA-ES,12,CEC2014-F12,Multimodal,30,6,1006,300000,47950,1200.3431685655453,1200.0,0.34316856554528385,nan,nan,88.04121267499431,ok
CEC2014,DE,12,CEC2014-F12,Multimodal,30,6,1006,300000,299700,1202.640797198491,1200.0,2.6407971984911,nan,nan,508.20084505900013,ok
CEC2014,PSO,12,CEC2014-F12,Multimodal,30,6,1006,300000,300000,1200.3924410068034,1200.0,0.39244100680343763,nan,nan,509.1041400719987,ok
CEC2014,DMGSO,12,CEC2014-F12,Multimodal,30,7,,300000,300000,1201.0726752437633,1200.0,1.0726752437633422,275,20,508.01675008500024,ok
CEC2014,CMA-ES,12,CEC2014-F12,Multimodal,30,7,1007,300000,37254,1200.2715947677716,1200.0,0.2715947677716031,nan,nan,69.21562813399942,ok
CEC2014,DE,12,CEC2014-F12,Multimodal,30,7,1007,300000,299700,1202.5707886865475,1200.0,2.5707886865475302,nan,nan,501.99461550699925,ok
CEC2014,PSO,12,CEC2014-F12,Multimodal,30,7,1007,300000,300000,1201.4223839750236,1200.0,1.4223839750236493,nan,nan,502.8097297170025,ok
CEC2014,DMGSO,12,CEC2014-F12,Multimodal,30,8,,300000,300000,1201.5605098385972,1200.0,1.560509838597227,242,20,501.2377825220028,ok
CEC2014,CMA-ES,12,CEC2014-F12,Multimodal,30,8,1008,300000,44688,1200.2922478201065,1200.0,0.29224782010646777,nan,nan,80.2492614119983,ok
CEC2014,DE,12,CEC2014-F12,Multimodal,30,8,1008,300000,299700,1202.4370270939185,1200.0,2.4370270939184593,nan,nan,506.41092420800123,ok
CEC2014,PSO,12,CEC2014-F12,Multimodal,30,8,1008,300000,300000,1202.4113025246274,1200.0,2.4113025246274447,nan,nan,505.8714240749978,ok
CEC2014,DMGSO,12,CEC2014-F12,Multimodal,30,9,,300000,300000,1200.5883764297466,1200.0,0.5883764297466314,237,20,502.42774961399846,ok
CEC2014,CMA-ES,12,CEC2014-F12,Multimodal,30,9,1009,300000,25032,1200.076514912497,1200.0,0.07651491249703213,nan,nan,43.240388186997734,ok
CEC2014,DE,12,CEC2014-F12,Multimodal,30,9,1009,300000,299700,1202.709109995192,1200.0,2.709109995191966,nan,nan,505.49006045100396,ok
CEC2014,PSO,12,CEC2014-F12,Multimodal,30,9,1009,300000,300000,1201.3946589488355,1200.0,1.394658948835513,nan,nan,504.2016568609979,ok
CEC2014,DMGSO,12,CEC2014-F12,Multimodal,30,10,,300000,300000,1200.9589455210821,1200.0,0.9589455210821143,240,20,508.73152204300277,ok
CEC2014,CMA-ES,12,CEC2014-F12,Multimodal,30,10,1010,300000,49574,1200.1365899020661,1200.0,0.13658990206613453,nan,nan,85.73197272200196,ok
CEC2014,DE,12,CEC2014-F12,Multimodal,30,10,1010,300000,299700,1202.614219216688,1200.0,2.6142192166880704,nan,nan,511.90413972399983,ok
CEC2014,PSO,12,CEC2014-F12,Multimodal,30,10,1010,300000,300000,1201.4215200330798,1200.0,1.421520033079787,nan,nan,512.4206820350009,ok
CEC2014,DMGSO,12,CEC2014-F12,Multimodal,30,11,,300000,300000,1200.5471878655485,1200.0,0.5471878655484943,315,20,514.3115245730005,ok
CEC2014,CMA-ES,12,CEC2014-F12,Multimodal,30,11,1011,300000,44968,1200.3284482662095,1200.0,0.32844826620953427,nan,nan,78.23372076099622,ok
CEC2014,DE,12,CEC2014-F12,Multimodal,30,11,1011,300000,299700,1202.4674348223932,1200.0,2.4674348223932157,nan,nan,520.9982140489956,ok
CEC2014,PSO,12,CEC2014-F12,Multimodal,30,11,1011,300000,300000,1200.551258487046,1200.0,0.5512584870459705,nan,nan,522.9061633769961,ok
CEC2014,DMGSO,12,CEC2014-F12,Multimodal,30,12,,300000,300000,1200.5458369535427,1200.0,0.5458369535426755,268,20,524.4604657980017,ok
CEC2014,CMA-ES,12,CEC2014-F12,Multimodal,30,12,1012,300000,17906,1200.413935097578,1200.0,0.41393509757790525,nan,nan,30.9974183000013,ok
CEC2014,DE,12,CEC2014-F12,Multimodal,30,12,1012,300000,299700,1202.938356275595,1200.0,2.9383562755949697,nan,nan,522.3659000210027,ok
CEC2014,PSO,12,CEC2014-F12,Multimodal,30,12,1012,300000,300000,1200.429945463692,1200.0,0.42994546369209274,nan,nan,518.8577572939976,ok
CEC2014,DMGSO,12,CEC2014-F12,Multimodal,30,13,,300000,300000,1200.62287188191,1200.0,0.6228718819099868,247,20,519.2686867559969,ok
CEC2014,CMA-ES,12,CEC2014-F12,Multimodal,30,13,1013,300000,58128,1200.0992646430022,1200.0,0.09926464300224325,nan,nan,108.48675102100242,ok
CEC2014,DE,12,CEC2014-F12,Multimodal,30,13,1013,300000,299700,1201.982083159462,1200.0,1.9820831594620358,nan,nan,519.7681300139957,ok
CEC2014,PSO,12,CEC2014-F12,Multimodal,30,13,1013,300000,300000,1201.5048836757462,1200.0,1.504883675746214,nan,nan,522.0016135879996,ok
CEC2014,DMGSO,12,CEC2014-F12,Multimodal,30,14,,300000,300000,1200.7890354094611,1200.0,0.7890354094611212,223,20,520.0444149809991,ok
CEC2014,CMA-ES,12,CEC2014-F12,Multimodal,30,14,1014,300000,63770,1200.3608399160707,1200.0,0.36083991607074495,nan,nan,118.6264821520017,ok
CEC2014,DE,12,CEC2014-F12,Multimodal,30,14,1014,300000,299700,1202.3519466010705,1200.0,2.3519466010704946,nan,nan,520.2986494419965,ok
CEC2014,PSO,12,CEC2014-F12,Multimodal,30,14,1014,300000,300000,1201.134232740582,1200.0,1.1342327405820924,nan,nan,518.3994983709999,ok
CEC2014,DMGSO,12,CEC2014-F12,Multimodal,30,15,,300000,300000,1200.5637759108752,1200.0,0.5637759108751652,285,20,523.7547521089946,ok
CEC2014,CMA-ES,12,CEC2014-F12,Multimodal,30,15,1015,300000,49098,1200.1293495205125,1200.0,0.12934952051250548,nan,nan,91.37983308399998,ok
CEC2014,DE,12,CEC2014-F12,Multimodal,30,15,1015,300000,299700,1201.985731493362,1200.0,1.9857314933619818,nan,nan,517.5129549779958,ok
CEC2014,PSO,12,CEC2014-F12,Multimodal,30,15,1015,300000,300000,1200.2646356592052,1200.0,0.26463565920516885,nan,nan,518.750318806,ok
CEC2014,DMGSO,12,CEC2014-F12,Multimodal,30,16,,300000,300000,1200.871235858063,1200.0,0.8712358580630735,364,20,518.4192926790056,ok
CEC2014,CMA-ES,12,CEC2014-F12,Multimodal,30,16,1016,300000,32410,1200.1259112954976,1200.0,0.12591129549764446,nan,nan,60.717453422999824,ok
CEC2014,DE,12,CEC2014-F12,Multimodal,30,16,1016,300000,299700,1202.4038806163744,1200.0,2.4038806163744084,nan,nan,519.8213569439977,ok
CEC2014,PSO,12,CEC2014-F12,Multimodal,30,16,1016,300000,300000,1202.1110808010271,1200.0,2.1110808010271285,nan,nan,524.798350306999,ok
CEC2014,DMGSO,12,CEC2014-F12,Multimodal,30,17,,300000,300000,1201.000795624383,1200.0,1.000795624383045,239,20,519.8986085549986,ok
CEC2014,CMA-ES,12,CEC2014-F12,Multimodal,30,17,1017,300000,50372,1200.0576239027703,1200.0,0.05762390277027407,nan,nan,87.03588570199645,ok
CEC2014,DE,12,CEC2014-F12,Multimodal,30,17,1017,300000,299700,1202.1561836800624,1200.0,2.1561836800624405,nan,nan,507.1012474089948,ok
CEC2014,PSO,12,CEC2014-F12,Multimodal,30,17,1017,300000,300000,1200.1915563500104,1200.0,0.19155635001038718,nan,nan,507.81238293500064,ok
CEC2014,DMGSO,12,CEC2014-F12,Multimodal,30,18,,300000,300000,1200.96177946859,1200.0,0.9617794685900662,233,20,506.18472704099986,ok
CEC2014,CMA-ES,12,CEC2014-F12,Multimodal,30,18,1018,300000,50386,1200.0523825939306,1200.0,0.05238259393058797,nan,nan,86.9184009840028,ok
CEC2014,DE,12,CEC2014-F12,Multimodal,30,18,1018,300000,299700,1202.8072355213762,1200.0,2.807235521376242,nan,nan,503.66690868099977,ok
CEC2014,PSO,12,CEC2014-F12,Multimodal,30,18,1018,300000,300000,1201.5118461687175,1200.0,1.5118461687175113,nan,nan,507.8339278869971,ok
CEC2014,DMGSO,12,CEC2014-F12,Multimodal,30,19,,300000,300000,1200.741837624231,1200.0,0.7418376242310387,252,20,509.74662209300004,ok
CEC2014,CMA-ES,12,CEC2014-F12,Multimodal,30,19,1019,300000,31864,1200.3164520163655,1200.0,0.31645201636547426,nan,nan,54.97596269999485,ok
CEC2014,DE,12,CEC2014-F12,Multimodal,30,19,1019,300000,299700,1202.3583602416882,1200.0,2.3583602416881604,nan,nan,512.993125601999,ok
CEC2014,PSO,12,CEC2014-F12,Multimodal,30,19,1019,300000,300000,1200.6793375144798,1200.0,0.6793375144798119,nan,nan,511.99920030700014,ok
CEC2014,DMGSO,12,CEC2014-F12,Multimodal,30,20,,300000,300000,1201.0316730737616,1200.0,1.0316730737615671,222,20,512.9828451590001,ok
CEC2014,CMA-ES,12,CEC2014-F12,Multimodal,30,20,1020,300000,13636,1200.0454180875586,1200.0,0.04541808755857346,nan,nan,23.480639599001734,ok
CEC2014,DE,12,CEC2014-F12,Multimodal,30,20,1020,300000,299700,1202.565243053888,1200.0,2.5652430538880253,nan,nan,505.87235425700055,ok
CEC2014,PSO,12,CEC2014-F12,Multimodal,30,20,1020,300000,300000,1202.2368312921205,1200.0,2.2368312921205415,nan,nan,512.201380448998,ok
CEC2014,DMGSO,12,CEC2014-F12,Multimodal,30,21,,300000,300000,1200.9992104194164,1200.0,0.9992104194163858,242,20,509.14765573500335,ok
CEC2014,CMA-ES,12,CEC2014-F12,Multimodal,30,21,1021,300000,64344,1200.1667848531133,1200.0,0.16678485311331315,nan,nan,115.24801966000086,ok
CEC2014,DE,12,CEC2014-F12,Multimodal,30,21,1021,300000,299700,1202.6186472344314,1200.0,2.6186472344313643,nan,nan,511.58065783300117,ok
CEC2014,PSO,12,CEC2014-F12,Multimodal,30,21,1021,300000,300000,1201.538798325278,1200.0,1.5387983252780941,nan,nan,510.7479085800005,ok
CEC2014,DMGSO,12,CEC2014-F12,Multimodal,30,22,,300000,300000,1201.115285511816,1200.0,1.115285511815955,246,20,511.30444044100295,ok
CEC2014,CMA-ES,12,CEC2014-F12,Multimodal,30,22,1022,300000,60578,1200.1608952602764,1200.0,0.16089526027644752,nan,nan,112.32340675899468,ok
CEC2014,DE,12,CEC2014-F12,Multimodal,30,22,1022,300000,299700,1202.5757920537994,1200.0,2.5757920537994323,nan,nan,510.77490507699986,ok
CEC2014,PSO,12,CEC2014-F12,Multimodal,30,22,1022,300000,300000,1201.9431014856862,1200.0,1.9431014856861566,nan,nan,510.8586034740001,ok
CEC2014,DMGSO,12,CEC2014-F12,Multimodal,30,23,,300000,300000,1200.6943512896732,1200.0,0.69435128967325,283,20,513.2507135039996,ok
CEC2014,CMA-ES,12,CEC2014-F12,Multimodal,30,23,1023,300000,13300,1200.074596836632,1200.0,0.07459683663205396,nan,nan,24.561864618000982,ok
CEC2014,DE,12,CEC2014-F12,Multimodal,30,23,1023,300000,299700,1202.440009762396,1200.0,2.4400097623959027,nan,nan,511.6343882059955,ok
CEC2014,PSO,12,CEC2014-F12,Multimodal,30,23,1023,300000,300000,1200.3332743178744,1200.0,0.333274317874384,nan,nan,513.5553437490016,ok
CEC2014,DMGSO,12,CEC2014-F12,Multimodal,30,24,,300000,300000,1201.1266338422313,1200.0,1.1266338422312856,323,20,512.1999938750014,ok
CEC2014,CMA-ES,12,CEC2014-F12,Multimodal,30,24,1024,300000,16184,1200.0477679845087,1200.0,0.04776798450870956,nan,nan,29.669531810999615,ok
CEC2014,DE,12,CEC2014-F12,Multimodal,30,24,1024,300000,299700,1202.5902117407438,1200.0,2.5902117407438254,nan,nan,506.9573736300008,ok
CEC2014,PSO,12,CEC2014-F12,Multimodal,30,24,1024,300000,300000,1200.1129300428022,1200.0,0.11293004280219066,nan,nan,513.7173734890021,ok
CEC2014,DMGSO,12,CEC2014-F12,Multimodal,30,25,,300000,300000,1200.9610566099827,1200.0,0.9610566099827338,218,20,508.76124219500343,ok
CEC2014,CMA-ES,12,CEC2014-F12,Multimodal,30,25,1025,300000,51730,1200.102943804972,1200.0,0.10294380497202837,nan,nan,94.72279128599621,ok
CEC2014,DE,12,CEC2014-F12,Multimodal,30,25,1025,300000,299700,1202.130081420874,1200.0,2.130081420873921,nan,nan,509.78122293099295,ok
CEC2014,PSO,12,CEC2014-F12,Multimodal,30,25,1025,300000,300000,1201.0232752355016,1200.0,1.0232752355016146,nan,nan,510.685159269,ok
CEC2014,DMGSO,12,CEC2014-F12,Multimodal,30,26,,300000,300000,1200.5693836104194,1200.0,0.5693836104194361,293,20,510.33350107399747,ok
CEC2014,CMA-ES,12,CEC2014-F12,Multimodal,30,26,1026,300000,48272,1200.0962769744915,1200.0,0.09627697449150219,nan,nan,83.6196668890043,ok
CEC2014,DE,12,CEC2014-F12,Multimodal,30,26,1026,300000,299700,1202.5277444827395,1200.0,2.5277444827395357,nan,nan,506.0338720650034,ok
CEC2014,PSO,12,CEC2014-F12,Multimodal,30,26,1026,300000,300000,1201.950691393244,1200.0,1.9506913932439147,nan,nan,512.2576491010113,ok
CEC2014,DMGSO,12,CEC2014-F12,Multimodal,30,27,,300000,300000,1200.30791731907,1200.0,0.30791731906992936,275,20,510.8136390370055,ok
CEC2014,CMA-ES,12,CEC2014-F12,Multimodal,30,27,1027,300000,68488,1200.1772288450134,1200.0,0.17722884501336011,nan,nan,118.54318330799288,ok
CEC2014,DE,12,CEC2014-F12,Multimodal,30,27,1027,300000,299700,1201.8889937040801,1200.0,1.8889937040801215,nan,nan,511.199666393004,ok
CEC2014,PSO,12,CEC2014-F12,Multimodal,30,27,1027,300000,300000,1201.9516755181496,1200.0,1.9516755181496137,nan,nan,512.4047404140001,ok
CEC2014,DMGSO,12,CEC2014-F12,Multimodal,30,28,,300000,300000,1200.8896032225566,1200.0,0.889603222556616,203,20,516.6727859950042,ok
CEC2014,CMA-ES,12,CEC2014-F12,Multimodal,30,28,1028,300000,14756,1200.1061396292878,1200.0,0.10613962928778164,nan,nan,25.43331063000369,ok
CEC2014,DE,12,CEC2014-F12,Multimodal,30,28,1028,300000,299700,1201.9674617180835,1200.0,1.9674617180835412,nan,nan,517.9274358339899,ok
CEC2014,PSO,12,CEC2014-F12,Multimodal,30,28,1028,300000,300000,1201.2815170385588,1200.0,1.2815170385588317,nan,nan,518.8212136530055,ok
CEC2014,DMGSO,12,CEC2014-F12,Multimodal,30,29,,300000,300000,1200.6017488628609,1200.0,0.6017488628608589,311,20,512.4024066480051,ok
CEC2014,CMA-ES,12,CEC2014-F12,Multimodal,30,29,1029,300000,33740,1200.2750696448293,1200.0,0.2750696448292729,nan,nan,57.90420495100261,ok
CEC2014,DE,12,CEC2014-F12,Multimodal,30,29,1029,300000,299700,1202.5564693131541,1200.0,2.556469313154139,nan,nan,514.6665434469905,ok
CEC2014,PSO,12,CEC2014-F12,Multimodal,30,29,1029,300000,300000,1201.3058424498925,1200.0,1.3058424498924524,nan,nan,519.8287307669962,ok
CEC2014,DMGSO,13,CEC2014-F13,Multimodal,30,0,,300000,300000,1300.3129456414847,1300.0,0.3129456414847027,842,17,7.635362428991357,ok
CEC2014,CMA-ES,13,CEC2014-F13,Multimodal,30,0,1000,300000,47670,1300.2539212988167,1300.0,0.2539212988167492,nan,nan,4.570342759005143,ok
CEC2014,DE,13,CEC2014-F13,Multimodal,30,0,1000,300000,299700,1300.3740598603808,1300.0,0.3740598603808394,nan,nan,6.4110988400061615,ok
CEC2014,PSO,13,CEC2014-F13,Multimodal,30,0,1000,300000,300000,1305.202698122896,1300.0,5.202698122895981,nan,nan,2.2577326469909167,ok
CEC2014,DMGSO,13,CEC2014-F13,Multimodal,30,1,,300000,300000,1300.2578513025856,1300.0,0.25785130258555,853,18,7.462629738001851,ok
CEC2014,CMA-ES,13,CEC2014-F13,Multimodal,30,1,1001,300000,47362,1300.2534125459235,1300.0,0.25341254592353835,nan,nan,4.6596729360026075,ok
CEC2014,DE,13,CEC2014-F13,Multimodal,30,1,1001,300000,299700,1300.2477198384186,1300.0,0.24771983841856127,nan,nan,6.29697206999117,ok
CEC2014,PSO,13,CEC2014-F13,Multimodal,30,1,1001,300000,300000,1300.6565106668409,1300.0,0.6565106668408589,nan,nan,2.2172009579953738,ok
CEC2014,DMGSO,13,CEC2014-F13,Multimodal,30,2,,300000,300000,1300.252777600835,1300.0,0.2527776008350884,869,17,7.587280366002233,ok
CEC2014,CMA-ES,13,CEC2014-F13,Multimodal,30,2,1002,300000,48440,1300.3405171099232,1300.0,0.34051710992321205,nan,nan,4.878296989001683,ok
CEC2014,DE,13,CEC2014-F13,Multimodal,30,2,1002,300000,299700,1300.2625227733947,1300.0,0.2625227733947213,nan,nan,6.374009988998296,ok
CEC2014,PSO,13,CEC2014-F13,Multimodal,30,2,1002,300000,300000,1300.7658396055167,1300.0,0.7658396055167032,nan,nan,2.338529393004137,ok
CEC2014,DMGSO,13,CEC2014-F13,Multimodal,30,3,,300000,300000,1300.388860749621,1300.0,0.388860749621017,880,18,7.6536787649965845,ok
CEC2014,CMA-ES,13,CEC2014-F13,Multimodal,30,3,1003,300000,53620,1300.308078920235,1300.0,0.3080789202349479,nan,nan,5.352903459992376,ok
CEC2014,DE,13,CEC2014-F13,Multimodal,30,3,1003,300000,299700,1300.2674923224088,1300.0,0.26749232240877063,nan,nan,6.4887041280017,ok
CEC2014,PSO,13,CEC2014-F13,Multimodal,30,3,1003,300000,300000,1303.1036155037261,1300.0,3.1036155037261324,nan,nan,2.247577479996835,ok
CEC2014,DMGSO,13,CEC2014-F13,Multimodal,30,4,,300000,300000,1300.3421150949077,1300.0,0.34211509490774006,845,17,7.517648727007327,ok
CEC2014,CMA-ES,13,CEC2014-F13,Multimodal,30,4,1004,300000,47334,1300.2765070479684,1300.0,0.27650704796838,nan,nan,4.687555883007008,ok
CEC2014,DE,13,CEC2014-F13,Multimodal,30,4,1004,300000,299700,1300.4016039172877,1300.0,0.40160391728772993,nan,nan,6.32400430898997,ok
CEC2014,PSO,13,CEC2014-F13,Multimodal,30,4,1004,300000,300000,1300.933236096006,1300.0,0.9332360960061123,nan,nan,2.3459162859944627,ok
CEC2014,DMGSO,13,CEC2014-F13,Multimodal,30,5,,300000,300000,1300.377288683499,1300.0,0.3772886834990459,866,18,7.602699856986874,ok
CEC2014,CMA-ES,13,CEC2014-F13,Multimodal,30,5,1005,300000,45766,1300.2820318804115,1300.0,0.28203188041152316,nan,nan,4.312755350998486,ok
CEC2014,DE,13,CEC2014-F13,Multimodal,30,5,1005,300000,299700,1300.313570477456,1300.0,0.31357047745609634,nan,nan,6.362035301004653,ok
CEC2014,PSO,13,CEC2014-F13,Multimodal,30,5,1005,300000,300000,1303.1013285006038,1300.0,3.101328500603813,nan,nan,2.2512470419897,ok
CEC2014,DMGSO,13,CEC2014-F13,Multimodal,30,6,,300000,300000,1300.3329834649721,1300.0,0.3329834649721306,860,18,7.637562182993861,ok
CEC2014,CMA-ES,13,CEC2014-F13,Multimodal,30,6,1006,300000,49826,1300.362245502067,1300.0,0.3622455020670259,nan,nan,4.571357573993737,ok
CEC2014,DE,13,CEC2014-F13,Multimodal,30,6,1006,300000,299700,1300.3749197094717,1300.0,0.3749197094716692,nan,nan,6.369299835991114,ok
CEC2014,PSO,13,CEC2014-F13,Multimodal,30,6,1006,300000,300000,1303.3322102952297,1300.0,3.3322102952297428,nan,nan,2.29048348699871,ok
CEC2014,DMGSO,13,CEC2014-F13,Multimodal,30,7,,300000,300000,1300.3372419281166,1300.0,0.33724192811655485,845,18,7.54553159000352,ok
CEC2014,CMA-ES,13,CEC2014-F13,Multimodal,30,7,1007,300000,65660,1300.2845199135038,1300.0,0.2845199135038001,nan,nan,6.421328059994266,ok
CEC2014,DE,13,CEC2014-F13,Multimodal,30,7,1007,300000,299700,1300.3514747172364,1300.0,0.3514747172364423,nan,nan,6.281369304997497,ok
CEC2014,PSO,13,CEC2014-F13,Multimodal,30,7,1007,300000,300000,1300.6189942417966,1300.0,0.6189942417965995,nan,nan,2.20199093100382,ok
CEC2014,DMGSO,13,CEC2014-F13,Multimodal,30,8,,300000,300000,1300.3243049286684,1300.0,0.3243049286684254,853,18,7.4242334040027345,ok
CEC2014,CMA-ES,13,CEC2014-F13,Multimodal,30,8,1008,300000,50862,1300.3353855326284,1300.0,0.3353855326283792,nan,nan,4.263267310001538,ok
CEC2014,DE,13,CEC2014-F13,Multimodal,30,8,1008,300000,299700,1300.2785238724266,1300.0,0.2785238724266037,nan,nan,6.287439913008711,ok
CEC2014,PSO,13,CEC2014-F13,Multimodal,30,8,1008,300000,300000,1304.158645424144,1300.0,4.15864542414397,nan,nan,2.351274039989221,ok
CEC2014,DMGSO,13,CEC2014-F13,Multimodal,30,9,,300000,300000,1300.3063250349887,1300.0,0.3063250349887312,857,18,7.2983926810120465,ok
CEC2014,CMA-ES,13,CEC2014-F13,Multimodal,30,9,1009,300000,48860,1300.336321183048,1300.0,0.336321183048085,nan,nan,5.334037567008636,ok
CEC2014,DE,13,CEC2014-F13,Multimodal,30,9,1009,300000,299700,1300.3238267827576,1300.0,0.32382678275757826,nan,nan,6.324524620999,ok
CEC2014,PSO,13,CEC2014-F13,Multimodal,30,9,1009,300000,300000,1304.3173654843356,1300.0,4.317365484335596,nan,nan,2.3233350890077418,ok
CEC2014,DMGSO,13,CEC2014-F13,Multimodal,30,10,,300000,300000,1300.31925489262,1300.0,0.3192548926199379,837,17,7.500466276003863,ok
CEC2014,CMA-ES,13,CEC2014-F13,Multimodal,30,10,1010,300000,44548,1300.2816139500737,1300.0,0.2816139500737336,nan,nan,4.113234491989715,ok
CEC2014,DE,13,CEC2014-F13,Multimodal,30,10,1010,300000,299700,1300.3718274707396,1300.0,0.37182747073961764,nan,nan,6.305302628010395,ok
CEC2014,PSO,13,CEC2014-F13,Multimodal,30,10,1010,300000,300000,1303.1223049541475,1300.0,3.1223049541474666,nan,nan,2.3365592359914444,ok
CEC2014,DMGSO,13,CEC2014-F13,Multimodal,30,11,,300000,300000,1300.2713362391044,1300.0,0.27133623910435745,856,18,7.567578488000436,ok
CEC2014,CMA-ES,13,CEC2014-F13,Multimodal,30,11,1011,300000,45010,1300.2151712453372,1300.0,0.21517124533716014,nan,nan,4.6433791470044525,ok
CEC2014,DE,13,CEC2014-F13,Multimodal,30,11,1011,300000,299700,1300.4064250109934,1300.0,0.40642501099341644,nan,nan,6.32565926600364,ok
CEC2014,PSO,13,CEC2014-F13,Multimodal,30,11,1011,300000,300000,1303.5908380717408,1300.0,3.590838071740791,nan,nan,2.2028937809955096,ok
CEC2014,DMGSO,13,CEC2014-F13,Multimodal,30,12,,300000,300000,1300.4872062298666,1300.0,0.4872062298666151,854,18,7.524181567001506,ok
CEC2014,CMA-ES,13,CEC2014-F13,Multimodal,30,12,1012,300000,54250,1300.1360960480097,1300.0,0.13609604800967645,nan,nan,5.094962636998389,ok
CEC2014,DE,13,CEC2014-F13,Multimodal,30,12,1012,300000,299700,1300.3177664340217,1300.0,0.3177664340216779,nan,nan,6.1224482679972425,ok
CEC2014,PSO,13,CEC2014-F13,Multimodal,30,12,1012,300000,300000,1303.930093158026,1300.0,3.9300931580260112,nan,nan,2.2918386259989347,ok
CEC2014,DMGSO,13,CEC2014-F13,Multimodal,30,13,,300000,300000,1300.4066149199466,1300.0,0.40661491994660537,854,18,7.528313952003373,ok
CEC2014,CMA-ES,13,CEC2014-F13,Multimodal,30,13,1013,300000,64050,1300.294803480174,1300.0,0.29480348017409597,nan,nan,6.227943343008519,ok
CEC2014,DE,13,CEC2014-F13,Multimodal,30,13,1013,300000,299700,1300.3118253932291,1300.0,0.31182539322912817,nan,nan,6.14688851700339,ok
CEC2014,PSO,13,CEC2014-F13,Multimodal,30,13,1013,300000,300000,1303.8400268698535,1300.0,3.8400268698535456,nan,nan,2.3225217629951658,ok
CEC2014,DMGSO,13,CEC2014-F13,Multimodal,30,14,,300000,300000,1300.4162591643346,1300.0,0.41625916433463317,859,18,7.4485969730012584,ok
CEC2014,CMA-ES,13,CEC2014-F13,Multimodal,30,14,1014,300000,47320,1300.1871488113313,1300.0,0.18714881133132621,nan,nan,4.759160385990981,ok
CEC2014,DE,13,CEC2014-F13,Multimodal,30,14,1014,300000,299700,1300.3533327403668,1300.0,0.3533327403667954,nan,nan,6.366197178998846,ok
CEC2014,PSO,13,CEC2014-F13,Multimodal,30,14,1014,300000,300000,1303.9543653206777,1300.0,3.9543653206776526,nan,nan,2.39193498599343,ok
CEC2014,DMGSO,13,CEC2014-F13,Multimodal,30,15,,300000,300000,1300.2942961862468,1300.0,0.294296186246811,844,17,7.59075007699721,ok
CEC2014,CMA-ES,13,CEC2014-F13,Multimodal,30,15,1015,300000,65548,1300.399602533942,1300.0,0.3996025339420157,nan,nan,7.262728410001728,ok
CEC2014,DE,13,CEC2014-F13,Multimodal,30,15,1015,300000,299700,1300.4242143590761,1300.0,0.4242143590761316,nan,nan,6.449664026004029,ok
CEC2014,PSO,13,CEC2014-F13,Multimodal,30,15,1015,300000,300000,1303.501175551695,1300.0,3.5011755516950416,nan,nan,2.3268578850111226,ok
CEC2014,DMGSO,13,CEC2014-F13,Multimodal,30,16,,300000,300000,1300.3781519224162,1300.0,0.37815192241623663,856,18,7.515900603990303,ok
CEC2014,CMA-ES,13,CEC2014-F13,Multimodal,30,16,1016,300000,51520,1300.1654778482557,1300.0,0.16547784825570488,nan,nan,5.228559761992074,ok
CEC2014,DE,13,CEC2014-F13,Multimodal,30,16,1016,300000,299700,1300.4985739626832,1300.0,0.49857396268316734,nan,nan,6.419441648002248,ok
CEC2014,PSO,13,CEC2014-F13,Multimodal,30,16,1016,300000,300000,1302.5795642162323,1300.0,2.5795642162322565,nan,nan,2.4026671379979234,ok
CEC2014,DMGSO,13,CEC2014-F13,Multimodal,30,17,,300000,300000,1300.256780099117,1300.0,0.25678009911689514,847,18,7.661348413996166,ok
CEC2014,CMA-ES,13,CEC2014-F13,Multimodal,30,17,1017,300000,51310,1300.1283649136924,1300.0,0.1283649136923941,nan,nan,4.791136707994156,ok
CEC2014,DE,13,CEC2014-F13,Multimodal,30,17,1017,300000,299700,1300.3256681625016,1300.0,0.32566816250164266,nan,nan,6.489125909007271,ok
CEC2014,PSO,13,CEC2014-F13,Multimodal,30,17,1017,300000,300000,1300.9641852667867,1300.0,0.9641852667866715,nan,nan,2.3747441309969872,ok
CEC2014,DMGSO,13,CEC2014-F13,Multimodal,30,18,,300000,300000,1300.4270987916047,1300.0,0.42709879160474884,839,18,7.519312775999424,ok
CEC2014,CMA-ES,13,CEC2014-F13,Multimodal,30,18,1018,300000,77770,1300.3364825162048,1300.0,0.3364825162047964,nan,nan,8.056917226000223,ok
CEC2014,DE,13,CEC2014-F13,Multimodal,30,18,1018,300000,299700,1300.3150512431664,1300.0,0.3150512431664083,nan,nan,6.284136410002247,ok
CEC2014,PSO,13,CEC2014-F13,Multimodal,30,18,1018,300000,300000,1304.613564758151,1300.0,4.613564758150915,nan,nan,2.242481338005746,ok
CEC2014,DMGSO,13,CEC2014-F13,Multimodal,30,19,,300000,300000,1300.239977097251,1300.0,0.23997709725108507,845,18,7.559341417989344,ok
CEC2014,CMA-ES,13,CEC2014-F13,Multimodal,30,19,1019,300000,46550,1300.2178668210174,1300.0,0.21786682101742372,nan,nan,4.381799331007642,ok
CEC2014,DE,13,CEC2014-F13,Multimodal,30,19,1019,300000,299700,1300.3402164645072,1300.0,0.34021646450719345,nan,nan,6.22841396399599,ok
CEC2014,PSO,13,CEC2014-F13,Multimodal,30,19,1019,300000,300000,1303.295313384385,1300.0,3.2953133843850537,nan,nan,2.1793879220058443,ok
CEC2014,DMGSO,13,CEC2014-F13,Multimodal,30,20,,300000,300000,1300.3028023824243,1300.0,0.30280238242426094,857,18,7.3930549130018335,ok
CEC2014,CMA-ES,13,CEC2014-F13,Multimodal,30,20,1020,300000,57120,1300.1898961015452,1300.0,0.18989610154517322,nan,nan,5.407536562997848,ok
CEC2014,DE,13,CEC2014-F13,Multimodal,30,20,1020,300000,299700,1300.3702621346895,1300.0,0.370262134689483,nan,nan,6.171204796002712,ok
CEC2014,PSO,13,CEC2014-F13,Multimodal,30,20,1020,300000,300000,1300.9049554142778,1300.0,0.9049554142777652,nan,nan,2.2248674889997346,ok
CEC2014,DMGSO,13,CEC2014-F13,Multimodal,30,21,,300000,300000,1300.2759965677012,1300.0,0.2759965677012133,870,18,7.583414453998557,ok
CEC2014,CMA-ES,13,CEC2014-F13,Multimodal,30,21,1021,300000,50960,1300.3100342709865,1300.0,0.31003427098653447,nan,nan,5.023802929004887,ok
CEC2014,DE,13,CEC2014-F13,Multimodal,30,21,1021,300000,299700,1300.3463720393984,1300.0,0.3463720393983749,nan,nan,6.406132519987295,ok
CEC2014,PSO,13,CEC2014-F13,Multimodal,30,21,1021,300000,300000,1303.3656168351743,1300.0,3.365616835174251,nan,nan,2.3562454780039843,ok
CEC2014,DMGSO,13,CEC2014-F13,Multimodal,30,22,,300000,300000,1300.2959282569286,1300.0,0.2959282569286188,850,18,7.654754282004433,ok
CEC2014,CMA-ES,13,CEC2014-F13,Multimodal,30,22,1022,300000,44310,1300.3722554102703,1300.0,0.37225541027032705,nan,nan,4.091378530007205,ok
CEC2014,DE,13,CEC2014-F13,Multimodal,30,22,1022,300000,299700,1300.4573493334663,1300.0,0.4573493334662544,nan,nan,6.151366502002929,ok
CEC2014,PSO,13,CEC2014-F13,Multimodal,30,22,1022,300000,300000,1301.0246448374623,1300.0,1.024644837462347,nan,nan,2.2689316869946197,ok
CEC2014,DMGSO,13,CEC2014-F13,Multimodal,30,23,,300000,300000,1300.4299589897148,1300.0,0.4299589897148053,855,18,7.487754037996638,ok
CEC2014,CMA-ES,13,CEC2014-F13,Multimodal,30,23,1023,300000,45920,1300.411212582414,1300.0,0.4112125824140094,nan,nan,4.582010544996592,ok
CEC2014,DE,13,CEC2014-F13,Multimodal,30,23,1023,300000,299700,1300.4368346227193,1300.0,0.43683462271928875,nan,nan,6.446095073988545,ok
CEC2014,PSO,13,CEC2014-F13,Multimodal,30,23,1023,300000,300000,1306.290978934469,1300.0,6.290978934468967,nan,nan,2.1897553259914275,ok
CEC2014,DMGSO,13,CEC2014-F13,Multimodal,30,24,,300000,300000,1300.3332431663687,1300.0,0.3332431663686748,862,18,7.525801356998272,ok
CEC2014,CMA-ES,13,CEC2014-F13,Multimodal,30,24,1024,300000,46690,1300.2727503818232,1300.0,0.2727503818232435,nan,nan,4.532407352002338,ok
CEC2014,DE,13,CEC2014-F13,Multimodal,30,24,1024,300000,299700,1300.3790657812917,1300.0,0.37906578129172885,nan,nan,6.173176756987232,ok
CEC2014,PSO,13,CEC2014-F13,Multimodal,30,24,1024,300000,300000,1300.9252806551797,1300.0,0.9252806551796766,nan,nan,2.363940494004055,ok
CEC2014,DMGSO,13,CEC2014-F13,Multimodal,30,25,,300000,300000,1300.4454099606326,1300.0,0.4454099606325599,844,18,7.670152933991631,ok
CEC2014,CMA-ES,13,CEC2014-F13,Multimodal,30,25,1025,300000,48440,1300.4357706476878,1300.0,0.435770647687832,nan,nan,4.889557239002897,ok
CEC2014,DE,13,CEC2014-F13,Multimodal,30,25,1025,300000,299700,1300.2718173013832,1300.0,0.27181730138318017,nan,nan,6.2609555480012204,ok
CEC2014,PSO,13,CEC2014-F13,Multimodal,30,25,1025,300000,300000,1305.5039708893014,1300.0,5.503970889301399,nan,nan,2.2031303380063036,ok
CEC2014,DMGSO,13,CEC2014-F13,Multimodal,30,26,,300000,300000,1300.4349334949804,1300.0,0.43493349498044154,868,18,7.368710883994936,ok
CEC2014,CMA-ES,13,CEC2014-F13,Multimodal,30,26,1026,300000,49882,1300.254696637182,1300.0,0.2546966371819508,nan,nan,4.7936120579979615,ok
CEC2014,DE,13,CEC2014-F13,Multimodal,30,26,1026,300000,299700,1300.3326474044957,1300.0,0.332647404495674,nan,nan,6.212813409001683,ok
CEC2014,PSO,13,CEC2014-F13,Multimodal,30,26,1026,300000,300000,1304.506790644936,1300.0,4.506790644936018,nan,nan,2.2969418979919283,ok
CEC2014,DMGSO,13,CEC2014-F13,Multimodal,30,27,,300000,300000,1300.3524741775293,1300.0,0.3524741775293023,860,18,7.496833273995435,ok
CEC2014,CMA-ES,13,CEC2014-F13,Multimodal,30,27,1027,300000,66122,1300.2330637736006,1300.0,0.2330637736006338,nan,nan,6.526556657001493,ok
CEC2014,DE,13,CEC2014-F13,Multimodal,30,27,1027,300000,299700,1300.3418886297352,1300.0,0.3418886297351946,nan,nan,6.4198036400048295,ok
CEC2014,PSO,13,CEC2014-F13,Multimodal,30,27,1027,300000,300000,1304.8434189043019,1300.0,4.8434189043018705,nan,nan,2.304223244005698,ok
CEC2014,DMGSO,13,CEC2014-F13,Multimodal,30,28,,300000,300000,1300.3669567771235,1300.0,0.36695677712350516,842,18,7.653636440998525,ok
CEC2014,CMA-ES,13,CEC2014-F13,Multimodal,30,28,1028,300000,48650,1300.186623549507,1300.0,0.1866235495069759,nan,nan,4.654077158003929,ok
CEC2014,DE,13,CEC2014-F13,Multimodal,30,28,1028,300000,299700,1300.3675059605368,1300.0,0.36750596053684603,nan,nan,6.38586295999994,ok
CEC2014,PSO,13,CEC2014-F13,Multimodal,30,28,1028,300000,300000,1303.1347298229518,1300.0,3.13472982295184,nan,nan,2.2184999989985954,ok
CEC2014,DMGSO,13,CEC2014-F13,Multimodal,30,29,,300000,300000,1300.3562357339251,1300.0,0.3562357339251321,862,18,7.281267103011487,ok
CEC2014,CMA-ES,13,CEC2014-F13,Multimodal,30,29,1029,300000,58240,1300.2647728790353,1300.0,0.26477287903526303,nan,nan,5.974408100999426,ok
CEC2014,DE,13,CEC2014-F13,Multimodal,30,29,1029,300000,299700,1300.2592919932363,1300.0,0.2592919932362747,nan,nan,6.260881018999498,ok
CEC2014,PSO,13,CEC2014-F13,Multimodal,30,29,1029,300000,300000,1302.823266099725,1300.0,2.8232660997250605,nan,nan,2.2590639800037025,ok
CEC2014,DMGSO,14,CEC2014-F14,Multimodal,30,0,,300000,300000,1400.4145904737918,1400.0,0.41459047379180447,875,18,7.62039012000605,ok
CEC2014,CMA-ES,14,CEC2014-F14,Multimodal,30,0,1000,300000,53200,1400.850586700968,1400.0,0.8505867009680514,nan,nan,5.176540842992836,ok
CEC2014,DE,14,CEC2014-F14,Multimodal,30,0,1000,300000,299700,1400.1761572092073,1400.0,0.17615720920730382,nan,nan,6.516364914001315,ok
CEC2014,PSO,14,CEC2014-F14,Multimodal,30,0,1000,300000,300000,1470.5384187267064,1400.0,70.53841872670637,nan,nan,2.4003049569873838,ok
CEC2014,DMGSO,14,CEC2014-F14,Multimodal,30,1,,300000,300000,1400.4135765114293,1400.0,0.41357651142925533,851,19,7.653224327994394,ok
CEC2014,CMA-ES,14,CEC2014-F14,Multimodal,30,1,1001,300000,50960,1400.5548868087521,1400.0,0.5548868087521441,nan,nan,5.348064306992455,ok
CEC2014,DE,14,CEC2014-F14,Multimodal,30,1,1001,300000,299700,1400.2347539349505,1400.0,0.23475393495050412,nan,nan,6.320335833996069,ok
CEC2014,PSO,14,CEC2014-F14,Multimodal,30,1,1001,300000,300000,1584.6963952138076,1400.0,184.6963952138076,nan,nan,2.2157263580011204,ok
CEC2014,DMGSO,14,CEC2014-F14,Multimodal,30,2,,300000,300000,1400.333237118827,1400.0,0.33323711882690077,856,18,7.439760471999762,ok
CEC2014,CMA-ES,14,CEC2014-F14,Multimodal,30,2,1002,300000,45220,1400.4017824125451,1400.0,0.40178241254511704,nan,nan,4.480070715988404,ok
CEC2014,DE,14,CEC2014-F14,Multimodal,30,2,1002,300000,299700,1400.7042059630296,1400.0,0.704205963029608,nan,nan,6.378076916007558,ok
CEC2014,PSO,14,CEC2014-F14,Multimodal,30,2,1002,300000,300000,1459.3934937385527,1400.0,59.393493738552706,nan,nan,2.3990585490100784,ok
CEC2014,DMGSO,14,CEC2014-F14,Multimodal,30,3,,300000,300000,1400.5091221506575,1400.0,0.5091221506575039,882,18,7.5074726049933815,ok
CEC2014,CMA-ES,14,CEC2014-F14,Multimodal,30,3,1003,300000,50036,1400.3070925814488,1400.0,0.3070925814488419,nan,nan,4.926067099993816,ok
CEC2014,DE,14,CEC2014-F14,Multimodal,30,3,1003,300000,299700,1400.2949730794296,1400.0,0.29497307942961015,nan,nan,6.320816538005602,ok
CEC2014,PSO,14,CEC2014-F14,Multimodal,30,3,1003,300000,300000,1510.230578407789,1400.0,110.23057840778893,nan,nan,2.3261407110112486,ok
CEC2014,DMGSO,14,CEC2014-F14,Multimodal,30,4,,300000,300000,1400.3128506212759,1400.0,0.3128506212758566,848,18,7.527846937009599,ok
CEC2014,CMA-ES,14,CEC2014-F14,Multimodal,30,4,1004,300000,51730,1400.3470466720598,1400.0,0.3470466720598324,nan,nan,5.111443590009003,ok
CEC2014,DE,14,CEC2014-F14,Multimodal,30,4,1004,300000,299700,1400.303666485784,1400.0,0.30366648578410604,nan,nan,6.558611332991859,ok
CEC2014,PSO,14,CEC2014-F14,Multimodal,30,4,1004,300000,300000,1489.747080027785,1400.0,89.74708002778493,nan,nan,2.3060205429937923,ok
CEC2014,DMGSO,14,CEC2014-F14,Multimodal,30,5,,300000,300000,1400.2955077309782,1400.0,0.2955077309782155,857,18,7.691166749005788,ok
CEC2014,CMA-ES,14,CEC2014-F14,Multimodal,30,5,1005,300000,47670,1400.3687908140084,1400.0,0.3687908140084346,nan,nan,4.479158624002594,ok
CEC2014,DE,14,CEC2014-F14,Multimodal,30,5,1005,300000,299700,1400.2150655392823,1400.0,0.21506553928225003,nan,nan,6.2591353860043455,ok
CEC2014,PSO,14,CEC2014-F14,Multimodal,30,5,1005,300000,300000,1576.5581756884953,1400.0,176.55817568849534,nan,nan,2.245008954007062,ok
CEC2014,DMGSO,14,CEC2014-F14,Multimodal,30,6,,300000,300000,1400.3762626628666,1400.0,0.37626266286656573,838,19,7.4104585599998245,ok
CEC2014,CMA-ES,14,CEC2014-F14,Multimodal,30,6,1006,300000,44520,1400.401207798972,1400.0,0.40120779897210923,nan,nan,4.360209027989185,ok
CEC2014,DE,14,CEC2014-F14,Multimodal,30,6,1006,300000,299700,1400.3651632925908,1400.0,0.36516329259075064,nan,nan,6.28632030900917,ok
CEC2014,PSO,14,CEC2014-F14,Multimodal,30,6,1006,300000,300000,1464.6680440011746,1400.0,64.66804400117462,nan,nan,2.2215573150024284,ok
CEC2014,DMGSO,14,CEC2014-F14,Multimodal,30,7,,300000,300000,1400.3495715193328,1400.0,0.3495715193328124,839,18,7.41107843699865,ok
CEC2014,CMA-ES,14,CEC2014-F14,Multimodal,30,7,1007,300000,48230,1400.3621256138697,1400.0,0.36212561386969355,nan,nan,4.327622748998692,ok
CEC2014,DE,14,CEC2014-F14,Multimodal,30,7,1007,300000,299700,1400.2427720254998,1400.0,0.24277202549978938,nan,nan,6.498174290987663,ok
CEC2014,PSO,14,CEC2014-F14,Multimodal,30,7,1007,300000,300000,1423.1174170326342,1400.0,23.117417032634194,nan,nan,2.2691672530054348,ok
CEC2014,DMGSO,14,CEC2014-F14,Multimodal,30,8,,300000,300000,1400.4095445080202,1400.0,0.4095445080201898,857,19,7.573335214998224,ok
CEC2014,CMA-ES,14,CEC2014-F14,Multimodal,30,8,1008,300000,45850,1400.39529051173,1400.0,0.39529051173008156,nan,nan,4.383554448999348,ok
CEC2014,DE,14,CEC2014-F14,Multimodal,30,8,1008,300000,299700,1400.159545315661,1400.0,0.1595453156610347,nan,nan,6.257089685997926,ok
CEC2014,PSO,14,CEC2014-F14,Multimodal,30,8,1008,300000,300000,1507.3468261603089,1400.0,107.34682616030886,nan,nan,2.314901652003755,ok
CEC2014,DMGSO,14,CEC2014-F14,Multimodal,30,9,,300000,300000,1400.4194817181954,1400.0,0.41948171819535673,859,18,7.503589858999476,ok
CEC2014,CMA-ES,14,CEC2014-F14,Multimodal,30,9,1009,300000,45780,1401.0065877615093,1400.0,1.0065877615093086,nan,nan,4.420155818996136,ok
CEC2014,DE,14,CEC2014-F14,Multimodal,30,9,1009,300000,299700,1400.2984326172375,1400.0,0.2984326172374949,nan,nan,6.179923941002926,ok
CEC2014,PSO,14,CEC2014-F14,Multimodal,30,9,1009,300000,300000,1544.398635070207,1400.0,144.3986350702071,nan,nan,2.311836911001592,ok
CEC2014,DMGSO,14,CEC2014-F14,Multimodal,30,10,,300000,300000,1400.4257487243176,1400.0,0.42574872431760014,884,18,7.465201318991603,ok
CEC2014,CMA-ES,14,CEC2014-F14,Multimodal,30,10,1010,300000,46270,1400.770372373828,1400.0,0.7703723738279677,nan,nan,4.3945332470029825,ok
CEC2014,DE,14,CEC2014-F14,Multimodal,30,10,1010,300000,299700,1400.2801116562543,1400.0,0.2801116562543484,nan,nan,6.397624286997598,ok
CEC2014,PSO,14,CEC2014-F14,Multimodal,30,10,1010,300000,300000,1444.9053106016297,1400.0,44.90531060162971,nan,nan,2.350646274004248,ok
CEC2014,DMGSO,14,CEC2014-F14,Multimodal,30,11,,300000,300000,1400.4875285837907,1400.0,0.4875285837906631,850,19,7.644876136997482,ok
CEC2014,CMA-ES,14,CEC2014-F14,Multimodal,30,11,1011,300000,47740,1400.9249498728084,1400.0,0.9249498728083836,nan,nan,4.640393458001199,ok
CEC2014,DE,14,CEC2014-F14,Multimodal,30,11,1011,300000,299700,1400.739836561746,1400.0,0.7398365617459604,nan,nan,6.41755376799847,ok
CEC2014,PSO,14,CEC2014-F14,Multimodal,30,11,1011,300000,300000,1518.9122557297376,1400.0,118.91225572973758,nan,nan,2.2965151099924697,ok
CEC2014,DMGSO,14,CEC2014-F14,Multimodal,30,12,,300000,300000,1400.3237181929062,1400.0,0.32371819290619896,883,18,7.5922939680021955,ok
CEC2014,CMA-ES,14,CEC2014-F14,Multimodal,30,12,1012,300000,43470,1400.8479186186337,1400.0,0.8479186186336847,nan,nan,4.183725403010612,ok
CEC2014,DE,14,CEC2014-F14,Multimodal,30,12,1012,300000,299700,1400.2774702776508,1400.0,0.2774702776507638,nan,nan,6.375229426994338,ok
CEC2014,PSO,14,CEC2014-F14,Multimodal,30,12,1012,300000,300000,1490.0737282241605,1400.0,90.0737282241605,nan,nan,2.318759533998673,ok
CEC2014,DMGSO,14,CEC2014-F14,Multimodal,30,13,,300000,300000,1400.2675113550654,1400.0,0.2675113550653805,865,18,7.499663629001589,ok
CEC2014,CMA-ES,14,CEC2014-F14,Multimodal,30,13,1013,300000,47838,1400.3679989755603,1400.0,0.3679989755603401,nan,nan,4.782352331007132,ok
CEC2014,DE,14,CEC2014-F14,Multimodal,30,13,1013,300000,299700,1400.3433886631676,1400.0,0.34338866316761596,nan,nan,6.1482783340034075,ok
CEC2014,PSO,14,CEC2014-F14,Multimodal,30,13,1013,300000,300000,1491.3236917553654,1400.0,91.32369175536542,nan,nan,2.393360959002166,ok
CEC2014,DMGSO,14,CEC2014-F14,Multimodal,30,14,,300000,300000,1400.2674699973045,1400.0,0.26746999730448806,870,18,7.590081745001953,ok
CEC2014,CMA-ES,14,CEC2014-F14,Multimodal,30,14,1014,300000,48930,1400.275882482626,1400.0,0.27588248262600246,nan,nan,4.697185049997643,ok
CEC2014,DE,14,CEC2014-F14,Multimodal,30,14,1014,300000,299700,1400.2868841989464,1400.0,0.28688419894638173,nan,nan,6.494611661997624,ok
CEC2014,PSO,14,CEC2014-F14,Multimodal,30,14,1014,300000,300000,1435.594111659358,1400.0,35.59411165935808,nan,nan,2.40067789699242,ok
CEC2014,DMGSO,14,CEC2014-F14,Multimodal,30,15,,300000,300000,1400.3300295402116,1400.0,0.3300295402116262,861,18,7.470102812992991,ok
CEC2014,CMA-ES,14,CEC2014-F14,Multimodal,30,15,1015,300000,43610,1400.373634684083,1400.0,0.373634684083072,nan,nan,4.520269264001399,ok
CEC2014,DE,14,CEC2014-F14,Multimodal,30,15,1015,300000,299700,1400.2735661925115,1400.0,0.27356619251145275,nan,nan,6.495637546002399,ok
CEC2014,PSO,14,CEC2014-F14,Multimodal,30,15,1015,300000,300000,1503.9894967737457,1400.0,103.98949677374571,nan,nan,2.2947829969925806,ok
CEC2014,DMGSO,14,CEC2014-F14,Multimodal,30,16,,300000,300000,1400.2671038308906,1400.0,0.26710383089061907,817,19,7.6514018190064235,ok
CEC2014,CMA-ES,14,CEC2014-F14,Multimodal,30,16,1016,300000,46270,1400.3453148925726,1400.0,0.34531489257256,nan,nan,4.429647659009788,ok
CEC2014,DE,14,CEC2014-F14,Multimodal,30,16,1016,300000,299700,1400.2656350571672,1400.0,0.2656350571671737,nan,nan,6.581314944996848,ok
CEC2014,PSO,14,CEC2014-F14,Multimodal,30,16,1016,300000,300000,1482.6188486259289,1400.0,82.61884862592888,nan,nan,2.264339209999889,ok
CEC2014,DMGSO,14,CEC2014-F14,Multimodal,30,17,,300000,300000,1400.261376617401,1400.0,0.2613766174010834,831,19,7.456521144005819,ok
CEC2014,CMA-ES,14,CEC2014-F14,Multimodal,30,17,1017,300000,46032,1400.8426502405553,1400.0,0.8426502405552583,nan,nan,4.600171422003768,ok
CEC2014,DE,14,CEC2014-F14,Multimodal,30,17,1017,300000,299700,1400.2612648810905,1400.0,0.26126488109048296,nan,nan,6.452397450004355,ok
CEC2014,PSO,14,CEC2014-F14,Multimodal,30,17,1017,300000,300000,1489.1432662430536,1400.0,89.14326624305363,nan,nan,2.354419230003259,ok
CEC2014,DMGSO,14,CEC2014-F14,Multimodal,30,18,,300000,300000,1400.2790891187224,1400.0,0.27908911872236786,877,18,7.691282833009609,ok
CEC2014,CMA-ES,14,CEC2014-F14,Multimodal,30,18,1018,300000,50120,1400.364508262961,1400.0,0.3645082629609533,nan,nan,5.299027069995645,ok
CEC2014,DE,14,CEC2014-F14,Multimodal,30,18,1018,300000,299700,1400.2543792164454,1400.0,0.2543792164453862,nan,nan,6.407848350005224,ok
CEC2014,PSO,14,CEC2014-F14,Multimodal,30,18,1018,300000,300000,1458.1111006087672,1400.0,58.111100608767174,nan,nan,2.375939883000683,ok
CEC2014,DMGSO,14,CEC2014-F14,Multimodal,30,19,,300000,300000,1400.2698977475038,1400.0,0.2698977475038191,833,19,7.63220253700274,ok
CEC2014,CMA-ES,14,CEC2014-F14,Multimodal,30,19,1019,300000,52360,1400.635308623586,1400.0,0.6353086235860701,nan,nan,5.299195682993741,ok
CEC2014,DE,14,CEC2014-F14,Multimodal,30,19,1019,300000,299700,1400.2679585700714,1400.0,0.2679585700714142,nan,nan,6.3277836960041896,ok
CEC2014,PSO,14,CEC2014-F14,Multimodal,30,19,1019,300000,300000,1527.3373155972959,1400.0,127.33731559729586,nan,nan,2.3202899460011395,ok
CEC2014,DMGSO,14,CEC2014-F14,Multimodal,30,20,,300000,300000,1400.401705659159,1400.0,0.40170565915900625,876,18,7.463848433995736,ok
CEC2014,CMA-ES,14,CEC2014-F14,Multimodal,30,20,1020,300000,46340,1400.7366858931662,1400.0,0.7366858931661682,nan,nan,5.024812204996124,ok
CEC2014,DE,14,CEC2014-F14,Multimodal,30,20,1020,300000,299700,1400.296659118077,1400.0,0.29665911807705925,nan,nan,6.359471385003417,ok
CEC2014,PSO,14,CEC2014-F14,Multimodal,30,20,1020,300000,300000,1452.7726847812019,1400.0,52.77268478120186,nan,nan,2.2888417609938188,ok
CEC2014,DMGSO,14,CEC2014-F14,Multimodal,30,21,,300000,300000,1400.3099066560853,1400.0,0.30990665608533163,856,18,7.44563965999987,ok
CEC2014,CMA-ES,14,CEC2014-F14,Multimodal,30,21,1021,300000,61390,1400.385114839451,1400.0,0.38511483945103464,nan,nan,6.689933389003272,ok
CEC2014,DE,14,CEC2014-F14,Multimodal,30,21,1021,300000,299700,1400.2726069865146,1400.0,0.2726069865145746,nan,nan,6.321071665995987,ok
CEC2014,PSO,14,CEC2014-F14,Multimodal,30,21,1021,300000,300000,1418.9439210606347,1400.0,18.943921060634693,nan,nan,2.2357594019995304,ok
CEC2014,DMGSO,14,CEC2014-F14,Multimodal,30,22,,300000,300000,1400.3315523035012,1400.0,0.331552303501212,850,19,7.514935138009605,ok
CEC2014,CMA-ES,14,CEC2014-F14,Multimodal,30,22,1022,300000,50610,1400.3698916631731,1400.0,0.36989166317312083,nan,nan,5.0951153179921675,ok
CEC2014,DE,14,CEC2014-F14,Multimodal,30,22,1022,300000,299700,1400.217375145674,1400.0,0.217375145673941,nan,nan,6.409967068990227,ok
CEC2014,PSO,14,CEC2014-F14,Multimodal,30,22,1022,300000,300000,1493.5190743551516,1400.0,93.51907435515159,nan,nan,2.301642570993863,ok
CEC2014,DMGSO,14,CEC2014-F14,Multimodal,30,23,,300000,300000,1400.2870543862057,1400.0,0.287054386205682,853,18,7.741245244003949,ok
CEC2014,CMA-ES,14,CEC2014-F14,Multimodal,30,23,1023,300000,49700,1400.369137264922,1400.0,0.3691372649220739,nan,nan,4.745970433999901,ok
CEC2014,DE,14,CEC2014-F14,Multimodal,30,23,1023,300000,299700,1400.2970993637111,1400.0,0.29709936371114054,nan,nan,6.3919108849950135,ok
CEC2014,PSO,14,CEC2014-F14,Multimodal,30,23,1023,300000,300000,1542.9735007704908,1400.0,142.97350077049077,nan,nan,2.2478815509966807,ok
CEC2014,DMGSO,14,CEC2014-F14,Multimodal,30,24,,300000,300000,1400.439603257098,1400.0,0.4396032570980424,867,18,7.571309470004053,ok
CEC2014,CMA-ES,14,CEC2014-F14,Multimodal,30,24,1024,300000,44590,1401.0147146136987,1400.0,1.014714613698743,nan,nan,4.369421930008684,ok
CEC2014,DE,14,CEC2014-F14,Multimodal,30,24,1024,300000,299700,1400.3241054679233,1400.0,0.3241054679233457,nan,nan,6.353560281000682,ok
CEC2014,PSO,14,CEC2014-F14,Multimodal,30,24,1024,300000,300000,1479.0358635540924,1400.0,79.03586355409243,nan,nan,2.2577067850070307,ok
CEC2014,DMGSO,14,CEC2014-F14,Multimodal,30,25,,300000,300000,1400.2044893576633,1400.0,0.20448935766330578,854,18,7.45784981099132,ok
CEC2014,CMA-ES,14,CEC2014-F14,Multimodal,30,25,1025,300000,46970,1400.405902173096,1400.0,0.40590217309591026,nan,nan,4.59530493200873,ok
CEC2014,DE,14,CEC2014-F14,Multimodal,30,25,1025,300000,299700,1400.1785860030293,1400.0,0.17858600302929517,nan,nan,6.164674596002442,ok
CEC2014,PSO,14,CEC2014-F14,Multimodal,30,25,1025,300000,300000,1487.2077126450224,1400.0,87.20771264502241,nan,nan,2.4053459760034457,ok
CEC2014,DMGSO,14,CEC2014-F14,Multimodal,30,26,,300000,300000,1400.4503678031385,1400.0,0.4503678031385334,867,19,7.473605495004449,ok
CEC2014,CMA-ES,14,CEC2014-F14,Multimodal,30,26,1026,300000,48062,1400.4178936942828,1400.0,0.4178936942828386,nan,nan,5.158823308011051,ok
CEC2014,DE,14,CEC2014-F14,Multimodal,30,26,1026,300000,299700,1400.300590011756,1400.0,0.3005900117559577,nan,nan,6.348821563005913,ok
CEC2014,PSO,14,CEC2014-F14,Multimodal,30,26,1026,300000,300000,1529.7130376928249,1400.0,129.71303769282486,nan,nan,2.275205564001226,ok
CEC2014,DMGSO,14,CEC2014-F14,Multimodal,30,27,,300000,300000,1400.2612706787486,1400.0,0.26127067874858767,845,18,7.48882121600036,ok
CEC2014,CMA-ES,14,CEC2014-F14,Multimodal,30,27,1027,300000,48874,1400.2565978497314,1400.0,0.2565978497314063,nan,nan,4.753439733991399,ok
CEC2014,DE,14,CEC2014-F14,Multimodal,30,27,1027,300000,299700,1400.318566377047,1400.0,0.318566377047091,nan,nan,6.16866199800279,ok
CEC2014,PSO,14,CEC2014-F14,Multimodal,30,27,1027,300000,300000,1434.4252218433485,1400.0,34.42522184334848,nan,nan,2.25304398399021,ok
CEC2014,DMGSO,14,CEC2014-F14,Multimodal,30,28,,300000,300000,1400.2914563869933,1400.0,0.29145638699333176,868,18,7.5572122349985875,ok
CEC2014,CMA-ES,14,CEC2014-F14,Multimodal,30,28,1028,300000,46130,1400.6093605867711,1400.0,0.6093605867711176,nan,nan,4.753790058006416,ok
CEC2014,DE,14,CEC2014-F14,Multimodal,30,28,1028,300000,299700,1400.307974214685,1400.0,0.3079742146849185,nan,nan,6.220584730006522,ok
CEC2014,PSO,14,CEC2014-F14,Multimodal,30,28,1028,300000,300000,1429.1791541630291,1400.0,29.179154163029125,nan,nan,2.2729762139933882,ok
CEC2014,DMGSO,14,CEC2014-F14,Multimodal,30,29,,300000,300000,1400.2204582437348,1400.0,0.22045824373481082,834,18,7.479153510998003,ok
CEC2014,CMA-ES,14,CEC2014-F14,Multimodal,30,29,1029,300000,50260,1400.8122278599926,1400.0,0.8122278599926176,nan,nan,5.232592228989233,ok
CEC2014,DE,14,CEC2014-F14,Multimodal,30,29,1029,300000,299700,1400.2097905462465,1400.0,0.20979054624649507,nan,nan,6.290082587001962,ok
CEC2014,PSO,14,CEC2014-F14,Multimodal,30,29,1029,300000,300000,1469.9161767775088,1400.0,69.91617677750878,nan,nan,2.329142838003463,ok
CEC2014,DMGSO,15,CEC2014-F15,Multimodal,30,0,,300000,300000,1513.9751935302468,1500.0,13.97519353024677,833,12,8.535694752004929,ok
CEC2014,CMA-ES,15,CEC2014-F15,Multimodal,30,0,1000,300000,23618,1503.4928821409906,1500.0,3.4928821409905595,nan,nan,2.3948383380047744,ok
CEC2014,DE,15,CEC2014-F15,Multimodal,30,0,1000,300000,299700,1516.0946753436942,1500.0,16.094675343694234,nan,nan,7.284479345995351,ok
CEC2014,PSO,15,CEC2014-F15,Multimodal,30,0,1000,300000,300000,706633.6746203043,1500.0,705133.6746203043,nan,nan,3.248420312011149,ok
CEC2014,DMGSO,15,CEC2014-F15,Multimodal,30,1,,300000,300000,1515.9271555600774,1500.0,15.92715556007738,894,18,8.498121734010056,ok
CEC2014,CMA-ES,15,CEC2014-F15,Multimodal,30,1,1001,300000,17738,1503.2277270730501,1500.0,3.2277270730501186,nan,nan,1.7249994089943357,ok
CEC2014,DE,15,CEC2014-F15,Multimodal,30,1,1001,300000,299700,1516.1949875590728,1500.0,16.194987559072842,nan,nan,7.187882721002097,ok
CEC2014,PSO,15,CEC2014-F15,Multimodal,30,1,1001,300000,300000,15773.128540091191,1500.0,14273.128540091191,nan,nan,3.2741536859975895,ok
CEC2014,DMGSO,15,CEC2014-F15,Multimodal,30,2,,300000,300000,1513.6596098526932,1500.0,13.659609852693166,1010,15,8.37351084999682,ok
CEC2014,CMA-ES,15,CEC2014-F15,Multimodal,30,2,1002,300000,21616,1503.2064698671486,1500.0,3.2064698671485985,nan,nan,2.092907997997827,ok
CEC2014,DE,15,CEC2014-F15,Multimodal,30,2,1002,300000,299700,1515.177689906767,1500.0,15.177689906767,nan,nan,7.191308740002569,ok
CEC2014,PSO,15,CEC2014-F15,Multimodal,30,2,1002,300000,300000,2413.9124293374844,1500.0,913.9124293374844,nan,nan,3.225227125993115,ok
CEC2014,DMGSO,15,CEC2014-F15,Multimodal,30,3,,300000,300000,1516.4328655243548,1500.0,16.43286552435484,880,18,8.547075511989533,ok
CEC2014,CMA-ES,15,CEC2014-F15,Multimodal,30,3,1003,300000,21630,1503.5355159780495,1500.0,3.5355159780494887,nan,nan,2.254451449000044,ok
CEC2014,DE,15,CEC2014-F15,Multimodal,30,3,1003,300000,299700,1513.9776990201885,1500.0,13.977699020188538,nan,nan,7.373139110990451,ok
CEC2014,PSO,15,CEC2014-F15,Multimodal,30,3,1003,300000,300000,737006.872807791,1500.0,735506.872807791,nan,nan,3.3266523530037375,ok
CEC2014,DMGSO,15,CEC2014-F15,Multimodal,30,4,,300000,300000,1515.0149737413376,1500.0,15.014973741337599,909,18,8.20709372901183,ok
CEC2014,CMA-ES,15,CEC2014-F15,Multimodal,30,4,1004,300000,24122,1501.9963174568,1500.0,1.996317456799943,nan,nan,2.579305118008051,ok
CEC2014,DE,15,CEC2014-F15,Multimodal,30,4,1004,300000,299700,1515.201036945702,1500.0,15.201036945702072,nan,nan,7.4482383459981065,ok
CEC2014,PSO,15,CEC2014-F15,Multimodal,30,4,1004,300000,300000,178163.39900319054,1500.0,176663.39900319054,nan,nan,3.3414840409968747,ok
CEC2014,DMGSO,15,CEC2014-F15,Multimodal,30,5,,300000,300000,1514.0364644607102,1500.0,14.03646446071025,627,10,8.789081187002012,ok
CEC2014,CMA-ES,15,CEC2014-F15,Multimodal,30,5,1005,300000,16702,1503.7910669075434,1500.0,3.7910669075433816,nan,nan,1.81661718399846,ok
CEC2014,DE,15,CEC2014-F15,Multimodal,30,5,1005,300000,299700,1516.620196134181,1500.0,16.620196134181015,nan,nan,7.294112256990047,ok
CEC2014,PSO,15,CEC2014-F15,Multimodal,30,5,1005,300000,300000,32672.935154814168,1500.0,31172.935154814168,nan,nan,3.4764448189962422,ok
CEC2014,DMGSO,15,CEC2014-F15,Multimodal,30,6,,300000,300000,1514.6591517453642,1500.0,14.65915174536417,935,18,8.494416182002169,ok
CEC2014,CMA-ES,15,CEC2014-F15,Multimodal,30,6,1006,300000,21322,1502.6994459288526,1500.0,2.699445928852583,nan,nan,2.214282354005263,ok
CEC2014,DE,15,CEC2014-F15,Multimodal,30,6,1006,300000,299700,1516.1896466271364,1500.0,16.189646627136426,nan,nan,7.23904985000263,ok
CEC2014,PSO,15,CEC2014-F15,Multimodal,30,6,1006,300000,300000,3998.703685875411,1500.0,2498.703685875411,nan,nan,3.311854324012529,ok
CEC2014,DMGSO,15,CEC2014-F15,Multimodal,30,7,,300000,300000,1512.0402342190653,1500.0,12.040234219065269,995,15,8.613330099004088,ok
CEC2014,CMA-ES,15,CEC2014-F15,Multimodal,30,7,1007,300000,57050,1501.5505497115971,1500.0,1.5505497115971139,nan,nan,4.981374335999135,ok
CEC2014,DE,15,CEC2014-F15,Multimodal,30,7,1007,300000,299700,1518.4711103645714,1500.0,18.47111036457136,nan,nan,7.414810091999243,ok
CEC2014,PSO,15,CEC2014-F15,Multimodal,30,7,1007,300000,300000,45465.419758360826,1500.0,43965.419758360826,nan,nan,3.3307168949977495,ok
CEC2014,DMGSO,15,CEC2014-F15,Multimodal,30,8,,300000,300000,1507.3221756309115,1500.0,7.322175630911488,956,16,8.445212657999946,ok
CEC2014,CMA-ES,15,CEC2014-F15,Multimodal,30,8,1008,300000,22008,1503.3165559812876,1500.0,3.3165559812875927,nan,nan,2.0645259270095266,ok
CEC2014,DE,15,CEC2014-F15,Multimodal,30,8,1008,300000,299700,1516.030506978707,1500.0,16.03050697870708,nan,nan,7.242334923997987,ok
CEC2014,PSO,15,CEC2014-F15,Multimodal,30,8,1008,300000,300000,1906.6075760867066,1500.0,406.60757608670656,nan,nan,3.1951328980067046,ok
CEC2014,DMGSO,15,CEC2014-F15,Multimodal,30,9,,300000,300000,1515.8917410375252,1500.0,15.891741037525208,698,11,8.363347653008532,ok
CEC2014,CMA-ES,15,CEC2014-F15,Multimodal,30,9,1009,300000,20412,1502.4241444935694,1500.0,2.424144493569429,nan,nan,1.8405026490072487,ok
CEC2014,DE,15,CEC2014-F15,Multimodal,30,9,1009,300000,299700,1516.339601764045,1500.0,16.339601764045028,nan,nan,7.214706632003072,ok
CEC2014,PSO,15,CEC2014-F15,Multimodal,30,9,1009,300000,300000,928217.0407910929,1500.0,926717.0407910929,nan,nan,3.3498156769928755,ok
CEC2014,DMGSO,15,CEC2014-F15,Multimodal,30,10,,300000,300000,1514.307901349425,1500.0,14.307901349425038,975,16,8.476954106998164,ok
CEC2014,CMA-ES,15,CEC2014-F15,Multimodal,30,10,1010,300000,19698,1503.2073044373756,1500.0,3.2073044373755693,nan,nan,1.7978256950009381,ok
CEC2014,DE,15,CEC2014-F15,Multimodal,30,10,1010,300000,299700,1517.1554762245453,1500.0,17.155476224545282,nan,nan,7.369387901999289,ok
CEC2014,PSO,15,CEC2014-F15,Multimodal,30,10,1010,300000,300000,132409.1252874449,1500.0,130909.12528744491,nan,nan,3.2795166230062023,ok
CEC2014,DMGSO,15,CEC2014-F15,Multimodal,30,11,,300000,300000,1512.0983350309255,1500.0,12.098335030925455,1050,14,8.438982395993662,ok
CEC2014,CMA-ES,15,CEC2014-F15,Multimodal,30,11,1011,300000,19446,1504.3633672351918,1500.0,4.363367235191845,nan,nan,1.794443261998822,ok
CEC2014,DE,15,CEC2014-F15,Multimodal,30,11,1011,300000,299700,1515.1853437715677,1500.0,15.18534377156766,nan,nan,7.179705464004655,ok
CEC2014,PSO,15,CEC2014-F15,Multimodal,30,11,1011,300000,300000,2653.946563875328,1500.0,1153.9465638753281,nan,nan,3.323497410994605,ok
CEC2014,DMGSO,15,CEC2014-F15,Multimodal,30,12,,300000,300000,1513.7910757770528,1500.0,13.79107577705281,707,13,8.481239671004005,ok
CEC2014,CMA-ES,15,CEC2014-F15,Multimodal,30,12,1012,300000,19628,1504.6037078854956,1500.0,4.6037078854956235,nan,nan,1.7967403149959864,ok
CEC2014,DE,15,CEC2014-F15,Multimodal,30,12,1012,300000,299700,1515.100761380475,1500.0,15.100761380474978,nan,nan,7.268352170009166,ok
CEC2014,PSO,15,CEC2014-F15,Multimodal,30,12,1012,300000,300000,8253.634921155932,1500.0,6753.634921155932,nan,nan,3.229690845008008,ok
CEC2014,DMGSO,15,CEC2014-F15,Multimodal,30,13,,300000,300000,1516.0785208397149,1500.0,16.078520839714884,1039,15,8.54086273899884,ok
CEC2014,CMA-ES,15,CEC2014-F15,Multimodal,30,13,1013,300000,17878,1504.0275674601594,1500.0,4.027567460159389,nan,nan,1.907482678987435,ok
CEC2014,DE,15,CEC2014-F15,Multimodal,30,13,1013,300000,299700,1516.195540770334,1500.0,16.19554077033399,nan,nan,7.310805693996372,ok
CEC2014,PSO,15,CEC2014-F15,Multimodal,30,13,1013,300000,300000,7118.711047554192,1500.0,5618.711047554192,nan,nan,3.3257727309974143,ok
CEC2014,DMGSO,15,CEC2014-F15,Multimodal,30,14,,300000,300000,1512.9606932772062,1500.0,12.960693277206246,1039,15,8.447428176004905,ok
CEC2014,CMA-ES,15,CEC2014-F15,Multimodal,30,14,1014,300000,35784,1506.2235652018521,1500.0,6.223565201852125,nan,nan,3.338514771006885,ok
CEC2014,DE,15,CEC2014-F15,Multimodal,30,14,1014,300000,299700,1515.3266302448806,1500.0,15.326630244880562,nan,nan,7.537641827002517,ok
CEC2014,PSO,15,CEC2014-F15,Multimodal,30,14,1014,300000,300000,153868.08591539087,1500.0,152368.08591539087,nan,nan,3.2680137830029707,ok
CEC2014,DMGSO,15,CEC2014-F15,Multimodal,30,15,,300000,300000,1511.8500165756975,1500.0,11.85001657569751,912,17,8.5460776980035,ok
CEC2014,CMA-ES,15,CEC2014-F15,Multimodal,30,15,1015,300000,19880,1503.2535495692005,1500.0,3.253549569200459,nan,nan,1.9783964620000916,ok
CEC2014,DE,15,CEC2014-F15,Multimodal,30,15,1015,300000,299700,1516.624563859772,1500.0,16.624563859772024,nan,nan,7.102128205006011,ok
CEC2014,PSO,15,CEC2014-F15,Multimodal,30,15,1015,300000,300000,21458.961406256058,1500.0,19958.961406256058,nan,nan,3.2822882879991084,ok
CEC2014,DMGSO,15,CEC2014-F15,Multimodal,30,16,,300000,300000,1516.7053728957094,1500.0,16.705372895709388,190,2,8.461178992001805,ok
CEC2014,CMA-ES,15,CEC2014-F15,Multimodal,30,16,1016,300000,21336,1502.873506086706,1500.0,2.873506086705902,nan,nan,1.96979702799581,ok
CEC2014,DE,15,CEC2014-F15,Multimodal,30,16,1016,300000,299700,1517.0712779046721,1500.0,17.071277904672115,nan,nan,7.255279275006615,ok
CEC2014,PSO,15,CEC2014-F15,Multimodal,30,16,1016,300000,300000,1764394.062782489,1500.0,1762894.062782489,nan,nan,3.2492571839975426,ok
CEC2014,DMGSO,15,CEC2014-F15,Multimodal,30,17,,300000,300000,1521.4880269742189,1500.0,21.488026974218883,879,18,8.474909604992718,ok
CEC2014,CMA-ES,15,CEC2014-F15,Multimodal,30,17,1017,300000,19544,1502.937249975838,1500.0,2.9372499758380854,nan,nan,1.789199421997182,ok
CEC2014,DE,15,CEC2014-F15,Multimodal,30,17,1017,300000,299700,1516.468390839315,1500.0,16.468390839314907,nan,nan,7.301806731004035,ok
CEC2014,PSO,15,CEC2014-F15,Multimodal,30,17,1017,300000,300000,66212.51536964012,1500.0,64712.515369640125,nan,nan,3.338474548989325,ok
CEC2014,DMGSO,15,CEC2014-F15,Multimodal,30,18,,300000,300000,1513.9382082513778,1500.0,13.938208251377773,949,16,8.531311883998569,ok
CEC2014,CMA-ES,15,CEC2014-F15,Multimodal,30,18,1018,300000,16954,1502.9607551214258,1500.0,2.960755121425791,nan,nan,1.55219883499376,ok
CEC2014,DE,15,CEC2014-F15,Multimodal,30,18,1018,300000,299700,1516.8120556916328,1500.0,16.81205569163285,nan,nan,7.254126050000195,ok
CEC2014,PSO,15,CEC2014-F15,Multimodal,30,18,1018,300000,300000,4585.206076328564,1500.0,3085.2060763285644,nan,nan,3.423368440999184,ok
CEC2014,DMGSO,15,CEC2014-F15,Multimodal,30,19,,300000,300000,1514.460317619803,1500.0,14.460317619802936,810,16,8.685074203007389,ok
CEC2014,CMA-ES,15,CEC2014-F15,Multimodal,30,19,1019,300000,20790,1502.4386986366385,1500.0,2.4386986366384917,nan,nan,2.1985434789967258,ok
CEC2014,DE,15,CEC2014-F15,Multimodal,30,19,1019,300000,299700,1516.4292388197157,1500.0,16.429238819715692,nan,nan,7.167626020993339,ok
CEC2014,PSO,15,CEC2014-F15,Multimodal,30,19,1019,300000,300000,279805.1125716052,1500.0,278305.1125716052,nan,nan,3.2939178139931755,ok
CEC2014,DMGSO,15,CEC2014-F15,Multimodal,30,20,,300000,300000,1512.8227971519864,1500.0,12.822797151986379,941,16,8.523308019997785,ok
CEC2014,CMA-ES,15,CEC2014-F15,Multimodal,30,20,1020,300000,20188,1502.948496071396,1500.0,2.9484960713959936,nan,nan,2.082089042000007,ok
CEC2014,DE,15,CEC2014-F15,Multimodal,30,20,1020,300000,299700,1514.7446308216788,1500.0,14.744630821678811,nan,nan,7.365501136009698,ok
CEC2014,PSO,15,CEC2014-F15,Multimodal,30,20,1020,300000,300000,717749.3230334691,1500.0,716249.3230334691,nan,nan,3.295986766999704,ok
CEC2014,DMGSO,15,CEC2014-F15,Multimodal,30,21,,300000,300000,1519.8200939093906,1500.0,19.820093909390607,566,5,8.546953905999544,ok
CEC2014,CMA-ES,15,CEC2014-F15,Multimodal,30,21,1021,300000,18256,1503.5890965601332,1500.0,3.5890965601331573,nan,nan,1.6587121689954074,ok
CEC2014,DE,15,CEC2014-F15,Multimodal,30,21,1021,300000,299700,1513.728718037611,1500.0,13.728718037611088,nan,nan,7.185567350999918,ok
CEC2014,PSO,15,CEC2014-F15,Multimodal,30,21,1021,300000,300000,66047.49149034289,1500.0,64547.49149034289,nan,nan,3.2989434909977717,ok
CEC2014,DMGSO,15,CEC2014-F15,Multimodal,30,22,,300000,300000,1516.4536114416985,1500.0,16.453611441698513,917,15,8.525692494004034,ok
CEC2014,CMA-ES,15,CEC2014-F15,Multimodal,30,22,1022,300000,22722,1502.6639608285598,1500.0,2.663960828559766,nan,nan,2.1107147360016825,ok
CEC2014,DE,15,CEC2014-F15,Multimodal,30,22,1022,300000,299700,1515.206332317805,1500.0,15.206332317804936,nan,nan,7.148460124008125,ok
CEC2014,PSO,15,CEC2014-F15,Multimodal,30,22,1022,300000,300000,286113.11867157783,1500.0,284613.11867157783,nan,nan,3.4144550649943994,ok
CEC2014,DMGSO,15,CEC2014-F15,Multimodal,30,23,,300000,300000,1512.4097094900649,1500.0,12.40970949006487,899,18,8.657613467992633,ok
CEC2014,CMA-ES,15,CEC2014-F15,Multimodal,30,23,1023,300000,27272,1504.3419544943845,1500.0,4.341954494384481,nan,nan,2.5440316570020514,ok
CEC2014,DE,15,CEC2014-F15,Multimodal,30,23,1023,300000,299700,1516.2926339705007,1500.0,16.292633970500674,nan,nan,7.246851749994676,ok
CEC2014,PSO,15,CEC2014-F15,Multimodal,30,23,1023,300000,300000,61038.93456759912,1500.0,59538.93456759912,nan,nan,3.289999763990636,ok
CEC2014,DMGSO,15,CEC2014-F15,Multimodal,30,24,,300000,300000,1513.6495166416537,1500.0,13.64951664165369,743,7,8.488152892998187,ok
CEC2014,CMA-ES,15,CEC2014-F15,Multimodal,30,24,1024,300000,22876,1502.4697159706968,1500.0,2.469715970696825,nan,nan,2.343887424998684,ok
CEC2014,DE,15,CEC2014-F15,Multimodal,30,24,1024,300000,299700,1517.4855292977088,1500.0,17.48552929770881,nan,nan,7.404400968007394,ok
CEC2014,PSO,15,CEC2014-F15,Multimodal,30,24,1024,300000,300000,137700.59331263744,1500.0,136200.59331263744,nan,nan,3.2213999209925532,ok
CEC2014,DMGSO,15,CEC2014-F15,Multimodal,30,25,,300000,300000,1516.2037486655174,1500.0,16.203748665517423,826,15,8.32273534500564,ok
CEC2014,CMA-ES,15,CEC2014-F15,Multimodal,30,25,1025,300000,36694,1502.1271420301114,1500.0,2.127142030111372,nan,nan,3.2833818739891285,ok
CEC2014,DE,15,CEC2014-F15,Multimodal,30,25,1025,300000,299700,1516.4211723191377,1500.0,16.421172319137668,nan,nan,7.2746360059973085,ok
CEC2014,PSO,15,CEC2014-F15,Multimodal,30,25,1025,300000,300000,234070.85968010745,1500.0,232570.85968010745,nan,nan,3.4549963859899435,ok
CEC2014,DMGSO,15,CEC2014-F15,Multimodal,30,26,,300000,300000,1514.6031723272608,1500.0,14.603172327260836,901,17,8.507152660007705,ok
CEC2014,CMA-ES,15,CEC2014-F15,Multimodal,30,26,1026,300000,22344,1503.4813997053575,1500.0,3.4813997053574894,nan,nan,2.3278117169975303,ok
CEC2014,DE,15,CEC2014-F15,Multimodal,30,26,1026,300000,299700,1514.1857416173295,1500.0,14.18574161732954,nan,nan,7.391850289001013,ok
CEC2014,PSO,15,CEC2014-F15,Multimodal,30,26,1026,300000,300000,219215.63607251336,1500.0,217715.63607251336,nan,nan,3.4092536870011827,ok
CEC2014,DMGSO,15,CEC2014-F15,Multimodal,30,27,,300000,300000,1518.8437914553085,1500.0,18.84379145530852,903,17,8.66622954000195,ok
CEC2014,CMA-ES,15,CEC2014-F15,Multimodal,30,27,1027,300000,19166,1502.6612712447902,1500.0,2.661271244790214,nan,nan,1.7598765309958253,ok
CEC2014,DE,15,CEC2014-F15,Multimodal,30,27,1027,300000,299700,1514.9129343150053,1500.0,14.91293431500526,nan,nan,7.618208678002702,ok
CEC2014,PSO,15,CEC2014-F15,Multimodal,30,27,1027,300000,300000,241945.1591475424,1500.0,240445.1591475424,nan,nan,3.1815120489918627,ok
CEC2014,DMGSO,15,CEC2014-F15,Multimodal,30,28,,300000,300000,1515.1063671875397,1500.0,15.106367187539718,899,18,8.508396617995459,ok
CEC2014,CMA-ES,15,CEC2014-F15,Multimodal,30,28,1028,300000,19082,1506.2693258670465,1500.0,6.269325867046518,nan,nan,1.7648451150016626,ok
CEC2014,DE,15,CEC2014-F15,Multimodal,30,28,1028,300000,299700,1518.7287224212353,1500.0,18.72872242123526,nan,nan,7.425814639005694,ok
CEC2014,PSO,15,CEC2014-F15,Multimodal,30,28,1028,300000,300000,63557.50795706682,1500.0,62057.50795706682,nan,nan,3.182098538003629,ok
CEC2014,DMGSO,15,CEC2014-F15,Multimodal,30,29,,300000,300000,1511.9720870521844,1500.0,11.972087052184406,1024,15,8.370597195986193,ok
CEC2014,CMA-ES,15,CEC2014-F15,Multimodal,30,29,1029,300000,17780,1503.4429186853722,1500.0,3.442918685372206,nan,nan,1.5978266879974399,ok
CEC2014,DE,15,CEC2014-F15,Multimodal,30,29,1029,300000,299700,1515.2006584518674,1500.0,15.200658451867412,nan,nan,7.504220627000905,ok
CEC2014,PSO,15,CEC2014-F15,Multimodal,30,29,1029,300000,300000,13285.91776184546,1500.0,11785.91776184546,nan,nan,3.297852360003162,ok
CEC2014,DMGSO,16,CEC2014-F16,Multimodal,30,0,,300000,300000,1613.232164532151,1600.0,13.232164532151046,131,20,46.68549375500879,ok
CEC2014,CMA-ES,16,CEC2014-F16,Multimodal,30,0,1000,300000,20342,1613.726868712299,1600.0,13.726868712298938,nan,nan,4.377373768991674,ok
CEC2014,DE,16,CEC2014-F16,Multimodal,30,0,1000,300000,299700,1612.411417835471,1600.0,12.411417835470957,nan,nan,44.52521186800732,ok
CEC2014,PSO,16,CEC2014-F16,Multimodal,30,0,1000,300000,300000,1611.8414916438373,1600.0,11.841491643837344,nan,nan,41.45438490099332,ok
CEC2014,DMGSO,16,CEC2014-F16,Multimodal,30,1,,300000,300000,1613.5007809914403,1600.0,13.500780991440251,704,19,46.516385918002925,ok
CEC2014,CMA-ES,16,CEC2014-F16,Multimodal,30,1,1001,300000,20342,1613.7372058589601,1600.0,13.737205858960124,nan,nan,4.542708805995062,ok
CEC2014,DE,16,CEC2014-F16,Multimodal,30,1,1001,300000,299700,1612.4475469739982,1600.0,12.447546973998215,nan,nan,44.580745761006256,ok
CEC2014,PSO,16,CEC2014-F16,Multimodal,30,1,1001,300000,300000,1611.8488526535325,1600.0,11.848852653532504,nan,nan,40.84643148598843,ok
CEC2014,DMGSO,16,CEC2014-F16,Multimodal,30,2,,300000,300000,1613.8812826761484,1600.0,13.88128267614843,146,20,45.8462296469952,ok
CEC2014,CMA-ES,16,CEC2014-F16,Multimodal,30,2,1002,300000,17752,1613.696998873588,1600.0,13.696998873587972,nan,nan,3.8862399839999853,ok
CEC2014,DE,16,CEC2014-F16,Multimodal,30,2,1002,300000,299700,1612.724301789475,1600.0,12.724301789475021,nan,nan,44.82054740299645,ok
CEC2014,PSO,16,CEC2014-F16,Multimodal,30,2,1002,300000,300000,1612.0483637793393,1600.0,12.048363779339297,nan,nan,40.916583972008084,ok
CEC2014,DMGSO,16,CEC2014-F16,Multimodal,30,3,,300000,300000,1613.6489956609264,1600.0,13.648995660926403,175,20,45.866269196005305,ok
CEC2014,CMA-ES,16,CEC2014-F16,Multimodal,30,3,1003,300000,19628,1613.7326368506488,1600.0,13.73263685064876,nan,nan,4.323607972997706,ok
CEC2014,DE,16,CEC2014-F16,Multimodal,30,3,1003,300000,299700,1612.244315161985,1600.0,12.244315161985014,nan,nan,44.71440998399339,ok
CEC2014,PSO,16,CEC2014-F16,Multimodal,30,3,1003,300000,300000,1610.8204257960742,1600.0,10.820425796074232,nan,nan,41.39285810399451,ok
CEC2014,DMGSO,16,CEC2014-F16,Multimodal,30,4,,300000,300000,1613.4078552586654,1600.0,13.40785525866545,405,20,46.436020744993584,ok
CEC2014,CMA-ES,16,CEC2014-F16,Multimodal,30,4,1004,300000,18046,1613.7365295717527,1600.0,13.736529571752726,nan,nan,4.219518258003518,ok
CEC2014,DE,16,CEC2014-F16,Multimodal,30,4,1004,300000,299700,1612.8799605662812,1600.0,12.87996056628117,nan,nan,44.687029868000536,ok
CEC2014,PSO,16,CEC2014-F16,Multimodal,30,4,1004,300000,300000,1611.832629718479,1600.0,11.832629718478984,nan,nan,40.928076561001944,ok
CEC2014,DMGSO,16,CEC2014-F16,Multimodal,30,5,,300000,300000,1613.4570028076537,1600.0,13.45700280765368,421,20,46.990683789001196,ok
CEC2014,CMA-ES,16,CEC2014-F16,Multimodal,30,5,1005,300000,22974,1613.6936918012143,1600.0,13.6936918012143,nan,nan,5.139360260000103,ok
CEC2014,DE,16,CEC2014-F16,Multimodal,30,5,1005,300000,299700,1612.1514350121577,1600.0,12.151435012157663,nan,nan,44.473859637000714,ok
CEC2014,PSO,16,CEC2014-F16,Multimodal,30,5,1005,300000,300000,1612.2408700674537,1600.0,12.24087006745367,nan,nan,40.925358015010715,ok
CEC2014,DMGSO,16,CEC2014-F16,Multimodal,30,6,,300000,300000,1613.4435251528728,1600.0,13.44352515287278,291,20,46.17904913400707,ok
CEC2014,CMA-ES,16,CEC2014-F16,Multimodal,30,6,1006,300000,18200,1613.728202117131,1600.0,13.728202117131104,nan,nan,4.214543790003518,ok
CEC2014,DE,16,CEC2014-F16,Multimodal,30,6,1006,300000,299700,1612.8542242132946,1600.0,12.854224213294628,nan,nan,45.07171126600588,ok
CEC2014,PSO,16,CEC2014-F16,Multimodal,30,6,1006,300000,300000,1612.3047554246002,1600.0,12.304755424600216,nan,nan,40.38106331399467,ok
CEC2014,DMGSO,16,CEC2014-F16,Multimodal,30,7,,300000,300000,1613.240074778902,1600.0,13.240074778901999,130,20,46.323892280008295,ok
CEC2014,CMA-ES,16,CEC2014-F16,Multimodal,30,7,1007,300000,18410,1613.6930815666851,1600.0,13.693081566685123,nan,nan,4.071914943007869,ok
CEC2014,DE,16,CEC2014-F16,Multimodal,30,7,1007,300000,299700,1612.6776474957417,1600.0,12.677647495741667,nan,nan,43.70460437399743,ok
CEC2014,PSO,16,CEC2014-F16,Multimodal,30,7,1007,300000,300000,1611.2657549750377,1600.0,11.26575497503768,nan,nan,41.03153650001332,ok
CEC2014,DMGSO,16,CEC2014-F16,Multimodal,30,8,,300000,300000,1613.7106225380437,1600.0,13.710622538043708,378,20,45.45963541499805,ok
CEC2014,CMA-ES,16,CEC2014-F16,Multimodal,30,8,1008,300000,18718,1613.7278275818617,1600.0,13.727827581861675,nan,nan,4.2313077399885515,ok
CEC2014,DE,16,CEC2014-F16,Multimodal,30,8,1008,300000,299700,1612.554108604517,1600.0,12.554108604517069,nan,nan,44.5125254339946,ok
CEC2014,PSO,16,CEC2014-F16,Multimodal,30,8,1008,300000,300000,1612.2500949363225,1600.0,12.250094936322512,nan,nan,40.93747817599797,ok
CEC2014,DMGSO,16,CEC2014-F16,Multimodal,30,9,,300000,300000,1613.3742430744294,1600.0,13.374243074429387,154,20,46.64845721700112,ok
CEC2014,CMA-ES,16,CEC2014-F16,Multimodal,30,9,1009,300000,27048,1613.72597390494,1600.0,13.72597390494002,nan,nan,6.168085654993774,ok
CEC2014,DE,16,CEC2014-F16,Multimodal,30,9,1009,300000,299700,1612.1225910183307,1600.0,12.122591018330695,nan,nan,44.48363566500484,ok
CEC2014,PSO,16,CEC2014-F16,Multimodal,30,9,1009,300000,300000,1611.492182431487,1600.0,11.492182431486981,nan,nan,41.18726611600141,ok
CEC2014,DMGSO,16,CEC2014-F16,Multimodal,30,10,,300000,300000,1613.829648871978,1600.0,13.829648871977952,119,20,46.925840361989685,ok
CEC2014,CMA-ES,16,CEC2014-F16,Multimodal,30,10,1010,300000,48552,1613.7130326947397,1600.0,13.713032694739695,nan,nan,10.883597156003816,ok
CEC2014,DE,16,CEC2014-F16,Multimodal,30,10,1010,300000,299700,1612.0621074963483,1600.0,12.06210749634829,nan,nan,45.33539119899797,ok
CEC2014,PSO,16,CEC2014-F16,Multimodal,30,10,1010,300000,300000,1611.2275527679465,1600.0,11.227552767946463,nan,nan,42.03998851700453,ok
CEC2014,DMGSO,16,CEC2014-F16,Multimodal,30,11,,300000,300000,1613.6442199084509,1600.0,13.64421990845085,181,20,46.463073505001375,ok
CEC2014,CMA-ES,16,CEC2014-F16,Multimodal,30,11,1011,300000,19040,1613.7301607139882,1600.0,13.730160713988198,nan,nan,4.291693753009895,ok
CEC2014,DE,16,CEC2014-F16,Multimodal,30,11,1011,300000,299700,1612.1452795956006,1600.0,12.145279595600641,nan,nan,44.867338789990754,ok
CEC2014,PSO,16,CEC2014-F16,Multimodal,30,11,1011,300000,300000,1611.6050051009825,1600.0,11.605005100982453,nan,nan,40.70803803099261,ok
CEC2014,DMGSO,16,CEC2014-F16,Multimodal,30,12,,300000,300000,1613.4642345682628,1600.0,13.464234568262782,170,20,45.59802072899765,ok
CEC2014,CMA-ES,16,CEC2014-F16,Multimodal,30,12,1012,300000,19432,1613.729572550168,1600.0,13.729572550168086,nan,nan,4.3316692450025585,ok
CEC2014,DE,16,CEC2014-F16,Multimodal,30,12,1012,300000,299700,1612.0190792598387,1600.0,12.01907925983869,nan,nan,44.31487156500225,ok
CEC2014,PSO,16,CEC2014-F16,Multimodal,30,12,1012,300000,300000,1611.5663374503947,1600.0,11.566337450394713,nan,nan,40.767523457994685,ok
CEC2014,DMGSO,16,CEC2014-F16,Multimodal,30,13,,300000,300000,1613.4125034919255,1600.0,13.412503491925463,242,20,46.44240513299883,ok
CEC2014,CMA-ES,16,CEC2014-F16,Multimodal,30,13,1013,300000,26502,1613.7266760993732,1600.0,13.726676099373208,nan,nan,5.976471166999545,ok
CEC2014,DE,16,CEC2014-F16,Multimodal,30,13,1013,300000,299700,1612.635153402574,1600.0,12.635153402573906,nan,nan,43.55126029900566,ok
CEC2014,PSO,16,CEC2014-F16,Multimodal,30,13,1013,300000,300000,1611.7567491623247,1600.0,11.756749162324695,nan,nan,40.203727554006036,ok
CEC2014,DMGSO,16,CEC2014-F16,Multimodal,30,14,,300000,300000,1613.2906674701796,1600.0,13.290667470179642,307,20,44.664497888006736,ok
CEC2014,CMA-ES,16,CEC2014-F16,Multimodal,30,14,1014,300000,18088,1613.7371659850003,1600.0,13.737165985000274,nan,nan,4.088326754994341,ok
CEC2014,DE,16,CEC2014-F16,Multimodal,30,14,1014,300000,299700,1612.684308826359,1600.0,12.684308826359029,nan,nan,43.902420190002886,ok
CEC2014,PSO,16,CEC2014-F16,Multimodal,30,14,1014,300000,300000,1612.090615165079,1600.0,12.090615165079043,nan,nan,39.78144066598907,ok
CEC2014,DMGSO,16,CEC2014-F16,Multimodal,30,15,,300000,300000,1613.6641106740067,1600.0,13.664110674006679,139,20,45.332315878986265,ok
CEC2014,CMA-ES,16,CEC2014-F16,Multimodal,30,15,1015,300000,17696,1613.772773003495,1600.0,13.772773003495104,nan,nan,3.979603172003408,ok
CEC2014,DE,16,CEC2014-F16,Multimodal,30,15,1015,300000,299700,1612.8399210773325,1600.0,12.83992107733252,nan,nan,44.1447236410022,ok
CEC2014,PSO,16,CEC2014-F16,Multimodal,30,15,1015,300000,300000,1611.7886370081458,1600.0,11.78863700814577,nan,nan,40.80721810999967,ok
CEC2014,DMGSO,16,CEC2014-F16,Multimodal,30,16,,300000,300000,1613.5183575263043,1600.0,13.518357526304271,162,20,45.47027022000111,ok
CEC2014,CMA-ES,16,CEC2014-F16,Multimodal,30,16,1016,300000,40502,1613.7306138348247,1600.0,13.73061383482468,nan,nan,9.231364606006537,ok
CEC2014,DE,16,CEC2014-F16,Multimodal,30,16,1016,300000,299700,1612.4412683683415,1600.0,12.441268368341525,nan,nan,44.30607223599509,ok
CEC2014,PSO,16,CEC2014-F16,Multimodal,30,16,1016,300000,300000,1612.674585341637,1600.0,12.674585341637112,nan,nan,40.13213915900269,ok
CEC2014,DMGSO,16,CEC2014-F16,Multimodal,30,17,,300000,300000,1613.0260260313455,1600.0,13.02602603134551,202,20,45.846418123997864,ok
CEC2014,CMA-ES,16,CEC2014-F16,Multimodal,30,17,1017,300000,19586,1613.729572550168,1600.0,13.729572550168086,nan,nan,4.5061316690116655,ok
CEC2014,DE,16,CEC2014-F16,Multimodal,30,17,1017,300000,299700,1612.458121192997,1600.0,12.458121192996941,nan,nan,44.75014144599845,ok
CEC2014,PSO,16,CEC2014-F16,Multimodal,30,17,1017,300000,300000,1611.7004163867655,1600.0,11.700416386765482,nan,nan,40.426184508003644,ok
CEC2014,DMGSO,16,CEC2014-F16,Multimodal,30,18,,300000,300000,1613.898433923022,1600.0,13.898433923021912,128,20,46.2441943599988,ok
CEC2014,CMA-ES,16,CEC2014-F16,Multimodal,30,18,1018,300000,18270,1613.7289532594348,1600.0,13.728953259434775,nan,nan,4.085542062995955,ok
CEC2014,DE,16,CEC2014-F16,Multimodal,30,18,1018,300000,299700,1612.5411625252457,1600.0,12.541162525245682,nan,nan,44.61657623700739,ok
CEC2014,PSO,16,CEC2014-F16,Multimodal,30,18,1018,300000,300000,1611.4675793504641,1600.0,11.46757935046412,nan,nan,40.10526362199744,ok
CEC2014,DMGSO,16,CEC2014-F16,Multimodal,30,19,,300000,300000,1613.0372502630362,1600.0,13.037250263036185,149,20,46.07766783499392,ok
CEC2014,CMA-ES,16,CEC2014-F16,Multimodal,30,19,1019,300000,20776,1613.7354313642568,1600.0,13.735431364256783,nan,nan,4.724549085003673,ok
CEC2014,DE,16,CEC2014-F16,Multimodal,30,19,1019,300000,299700,1612.3028806667965,1600.0,12.302880666796455,nan,nan,45.731051166992984,ok
CEC2014,PSO,16,CEC2014-F16,Multimodal,30,19,1019,300000,300000,1611.5996116942672,1600.0,11.599611694267196,nan,nan,41.849966455003596,ok
CEC2014,DMGSO,16,CEC2014-F16,Multimodal,30,20,,300000,300000,1613.6952269526269,1600.0,13.695226952626854,165,20,49.1609381439921,ok
CEC2014,CMA-ES,16,CEC2014-F16,Multimodal,30,20,1020,300000,18494,1613.7309223497007,1600.0,13.730922349700677,nan,nan,4.1090251420100685,ok
CEC2014,DE,16,CEC2014-F16,Multimodal,30,20,1020,300000,299700,1612.7569092333579,1600.0,12.756909233357874,nan,nan,46.651665509998566,ok
CEC2014,PSO,16,CEC2014-F16,Multimodal,30,20,1020,300000,300000,1612.3385823065635,1600.0,12.338582306563467,nan,nan,41.968383513987646,ok
CEC2014,DMGSO,16,CEC2014-F16,Multimodal,30,21,,300000,300000,1613.2960837872365,1600.0,13.296083787236512,139,20,46.92109602900746,ok
CEC2014,CMA-ES,16,CEC2014-F16,Multimodal,30,21,1021,300000,17724,1613.7267690373972,1600.0,13.726769037397162,nan,nan,3.8509082560049137,ok
CEC2014,DE,16,CEC2014-F16,Multimodal,30,21,1021,300000,299700,1612.7329975353994,1600.0,12.732997535399363,nan,nan,45.84402935899561,ok
CEC2014,PSO,16,CEC2014-F16,Multimodal,30,21,1021,300000,300000,1612.6613163488767,1600.0,12.661316348876653,nan,nan,40.504408988010255,ok
CEC2014,DMGSO,16,CEC2014-F16,Multimodal,30,22,,300000,300000,1613.9073011175433,1600.0,13.907301117543284,356,20,47.557654653006466,ok
CEC2014,CMA-ES,16,CEC2014-F16,Multimodal,30,22,1022,300000,19040,1613.728763311052,1600.0,13.728763311052035,nan,nan,4.247409614006756,ok
CEC2014,DE,16,CEC2014-F16,Multimodal,30,22,1022,300000,299700,1612.565890603512,1600.0,12.565890603511889,nan,nan,44.28699255500396,ok
CEC2014,PSO,16,CEC2014-F16,Multimodal,30,22,1022,300000,300000,1611.7326298317007,1600.0,11.732629831700706,nan,nan,42.016690191987436,ok
CEC2014,DMGSO,16,CEC2014-F16,Multimodal,30,23,,300000,300000,1613.362901210912,1600.0,13.362901210912014,187,20,46.68700905100559,ok
CEC2014,CMA-ES,16,CEC2014-F16,Multimodal,30,23,1023,300000,20944,1613.696328802129,1600.0,13.696328802129074,nan,nan,4.612448838990531,ok
CEC2014,DE,16,CEC2014-F16,Multimodal,30,23,1023,300000,299700,1612.4725338533603,1600.0,12.472533853360346,nan,nan,44.49552460599807,ok
CEC2014,PSO,16,CEC2014-F16,Multimodal,30,23,1023,300000,300000,1611.5952654305324,1600.0,11.595265430532436,nan,nan,40.507779685998685,ok
CEC2014,DMGSO,16,CEC2014-F16,Multimodal,30,24,,300000,300000,1613.813137918706,1600.0,13.813137918705934,126,20,46.13508157999604,ok
CEC2014,CMA-ES,16,CEC2014-F16,Multimodal,30,24,1024,300000,20132,1613.6981478181715,1600.0,13.698147818171492,nan,nan,4.466036937999888,ok
CEC2014,DE,16,CEC2014-F16,Multimodal,30,24,1024,300000,299700,1612.6321183689327,1600.0,12.632118368932652,nan,nan,46.14301871199859,ok
CEC2014,PSO,16,CEC2014-F16,Multimodal,30,24,1024,300000,300000,1612.0147945766935,1600.0,12.014794576693475,nan,nan,41.01036998999189,ok
CEC2014,DMGSO,16,CEC2014-F16,Multimodal,30,25,,300000,300000,1613.1540132896453,1600.0,13.154013289645263,203,20,47.16536121799436,ok
CEC2014,CMA-ES,16,CEC2014-F16,Multimodal,30,25,1025,300000,17850,1613.7348393332848,1600.0,13.734839333284754,nan,nan,3.867663206998259,ok
CEC2014,DE,16,CEC2014-F16,Multimodal,30,25,1025,300000,299700,1612.77783577013,1600.0,12.777835770129968,nan,nan,46.02045055900817,ok
CEC2014,PSO,16,CEC2014-F16,Multimodal,30,25,1025,300000,300000,1611.6266018659683,1600.0,11.626601865968269,nan,nan,40.199517143992125,ok
CEC2014,DMGSO,16,CEC2014-F16,Multimodal,30,26,,300000,300000,1613.164362050683,1600.0,13.16436205068294,278,20,45.2704405879922,ok
CEC2014,CMA-ES,16,CEC2014-F16,Multimodal,30,26,1026,300000,30968,1613.6656643925314,1600.0,13.665664392531426,nan,nan,6.8013519429950975,ok
CEC2014,DE,16,CEC2014-F16,Multimodal,30,26,1026,300000,299700,1612.189409355076,1600.0,12.189409355075895,nan,nan,46.164116466010455,ok
CEC2014,PSO,16,CEC2014-F16,Multimodal,30,26,1026,300000,300000,1611.991184145915,1600.0,11.991184145914985,nan,nan,40.89207912101119,ok
CEC2014,DMGSO,16,CEC2014-F16,Multimodal,30,27,,300000,300000,1613.4833067641116,1600.0,13.483306764111603,404,20,47.87692010999308,ok
CEC2014,CMA-ES,16,CEC2014-F16,Multimodal,30,27,1027,300000,21392,1613.7323135894994,1600.0,13.732313589499427,nan,nan,4.85184852599923,ok
CEC2014,DE,16,CEC2014-F16,Multimodal,30,27,1027,300000,299700,1612.1993976114989,1600.0,12.199397611498853,nan,nan,45.73331420500472,ok
CEC2014,PSO,16,CEC2014-F16,Multimodal,30,27,1027,300000,300000,1612.5301466163132,1600.0,12.530146616313232,nan,nan,41.43294616699859,ok
CEC2014,DMGSO,16,CEC2014-F16,Multimodal,30,28,,300000,300000,1613.8434366374313,1600.0,13.843436637431296,151,20,48.21174052800052,ok
CEC2014,CMA-ES,16,CEC2014-F16,Multimodal,30,28,1028,300000,25200,1613.7530322919506,1600.0,13.753032291950603,nan,nan,5.68019173599896,ok
CEC2014,DE,16,CEC2014-F16,Multimodal,30,28,1028,300000,299700,1612.6823182020369,1600.0,12.682318202036868,nan,nan,44.98496611099108,ok
CEC2014,PSO,16,CEC2014-F16,Multimodal,30,28,1028,300000,300000,1611.2909203550992,1600.0,11.29092035509916,nan,nan,42.47389617100998,ok
CEC2014,DMGSO,16,CEC2014-F16,Multimodal,30,29,,300000,300000,1613.3598243620618,1600.0,13.359824362061772,312,20,47.67063460400095,ok
CEC2014,CMA-ES,16,CEC2014-F16,Multimodal,30,29,1029,300000,19754,1613.729577219516,1600.0,13.729577219515932,nan,nan,4.2071385650051525,ok
CEC2014,DE,16,CEC2014-F16,Multimodal,30,29,1029,300000,299700,1612.7169020275123,1600.0,12.716902027512333,nan,nan,44.41908762899402,ok
CEC2014,PSO,16,CEC2014-F16,Multimodal,30,29,1029,300000,300000,1611.8431350523088,1600.0,11.843135052308753,nan,nan,41.4893163839879,ok
CEC2014,DMGSO,17,CEC2014-F17,Hybrid,30,0,,300000,300000,87556.28483546614,1700.0,85856.28483546614,1505,6,14.937536639001337,ok
CEC2014,CMA-ES,17,CEC2014-F17,Hybrid,30,0,1000,300000,88424,2083.8069972572766,1700.0,383.80699725727663,nan,nan,10.449601533997338,ok
CEC2014,DE,17,CEC2014-F17,Hybrid,30,0,1000,300000,299700,18605.81151549668,1700.0,16905.81151549668,nan,nan,14.335160747999907,ok
CEC2014,PSO,17,CEC2014-F17,Hybrid,30,0,1000,300000,300000,202544.45410112233,1700.0,200844.45410112233,nan,nan,10.257979563000845,ok
CEC2014,DMGSO,17,CEC2014-F17,Hybrid,30,1,,300000,300000,254627.7848498091,1700.0,252927.7848498091,1495,6,15.222618540006806,ok
CEC2014,CMA-ES,17,CEC2014-F17,Hybrid,30,1,1001,300000,59080,2734.193318386461,1700.0,1034.1933183864612,nan,nan,7.414097539003706,ok
CEC2014,DE,17,CEC2014-F17,Hybrid,30,1,1001,300000,299700,10744.400895612749,1700.0,9044.400895612749,nan,nan,14.09464430200751,ok
CEC2014,PSO,17,CEC2014-F17,Hybrid,30,1,1001,300000,300000,10139263.824976379,1700.0,10137563.824976379,nan,nan,9.66361012699781,ok
CEC2014,DMGSO,17,CEC2014-F17,Hybrid,30,2,,300000,300000,289576.53429480374,1700.0,287876.53429480374,1680,4,15.001071505990694,ok
CEC2014,CMA-ES,17,CEC2014-F17,Hybrid,30,2,1002,300000,46410,1964.910408143832,1700.0,264.910408143832,nan,nan,5.442377511004452,ok
CEC2014,DE,17,CEC2014-F17,Hybrid,30,2,1002,300000,299700,18297.934296905933,1700.0,16597.934296905933,nan,nan,13.738747979004984,ok
CEC2014,PSO,17,CEC2014-F17,Hybrid,30,2,1002,300000,300000,378100.40165307047,1700.0,376400.40165307047,nan,nan,10.063246856996557,ok
CEC2014,DMGSO,17,CEC2014-F17,Hybrid,30,3,,300000,300000,167476.72086009933,1700.0,165776.72086009933,1500,7,16.182154930997058,ok
CEC2014,CMA-ES,17,CEC2014-F17,Hybrid,30,3,1003,300000,64008,2515.5238456609827,1700.0,815.5238456609827,nan,nan,8.190137982994202,ok
CEC2014,DE,17,CEC2014-F17,Hybrid,30,3,1003,300000,299700,15500.489519318584,1700.0,13800.489519318584,nan,nan,14.105565591991763,ok
CEC2014,PSO,17,CEC2014-F17,Hybrid,30,3,1003,300000,300000,34612824.99980345,1700.0,34611124.99980345,nan,nan,9.91963824800041,ok
CEC2014,DMGSO,17,CEC2014-F17,Hybrid,30,4,,300000,300000,110172.58386238082,1700.0,108472.58386238082,1564,4,15.313906533003319,ok
CEC2014,CMA-ES,17,CEC2014-F17,Hybrid,30,4,1004,300000,47250,2126.8300963228457,1700.0,426.83009632284575,nan,nan,5.898973659990588,ok
CEC2014,DE,17,CEC2014-F17,Hybrid,30,4,1004,300000,299700,15148.0411838871,1700.0,13448.0411838871,nan,nan,14.026371729996754,ok
CEC2014,PSO,17,CEC2014-F17,Hybrid,30,4,1004,300000,300000,1122805.8333061237,1700.0,1121105.8333061237,nan,nan,10.137505170991062,ok
CEC2014,DMGSO,17,CEC2014-F17,Hybrid,30,5,,300000,300000,136021.7994391423,1700.0,134321.7994391423,1439,8,15.316111791005824,ok
CEC2014,CMA-ES,17,CEC2014-F17,Hybrid,30,5,1005,300000,46830,2100.139685958216,1700.0,400.139685958216,nan,nan,5.508582716007368,ok
CEC2014,DE,17,CEC2014-F17,Hybrid,30,5,1005,300000,299700,11970.344391471062,1700.0,10270.344391471062,nan,nan,14.333561991996248,ok
CEC2014,PSO,17,CEC2014-F17,Hybrid,30,5,1005,300000,300000,547439.065430316,1700.0,545739.065430316,nan,nan,10.42829792399425,ok
CEC2014,DMGSO,17,CEC2014-F17,Hybrid,30,6,,300000,300000,292134.9806951489,1700.0,290434.9806951489,1303,10,15.363733727994259,ok
CEC2014,CMA-ES,17,CEC2014-F17,Hybrid,30,6,1006,300000,47936,1896.9092282885892,1700.0,196.90922828858925,nan,nan,6.104179347996251,ok
CEC2014,DE,17,CEC2014-F17,Hybrid,30,6,1006,300000,299700,42218.777542600335,1700.0,40518.777542600335,nan,nan,14.30221889600216,ok
CEC2014,PSO,17,CEC2014-F17,Hybrid,30,6,1006,300000,300000,537637.3427918778,1700.0,535937.3427918778,nan,nan,9.613896399998339,ok
CEC2014,DMGSO,17,CEC2014-F17,Hybrid,30,7,,300000,300000,130737.58545639613,1700.0,129037.58545639613,1527,6,15.832693810996716,ok
CEC2014,CMA-ES,17,CEC2014-F17,Hybrid,30,7,1007,300000,59542,2200.5087444855553,1700.0,500.5087444855553,nan,nan,7.173955782011035,ok
CEC2014,DE,17,CEC2014-F17,Hybrid,30,7,1007,300000,299700,52483.49269938907,1700.0,50783.49269938907,nan,nan,14.072837244995753,ok
CEC2014,PSO,17,CEC2014-F17,Hybrid,30,7,1007,300000,300000,959876.1327968749,1700.0,958176.1327968749,nan,nan,9.726775171002373,ok
CEC2014,DMGSO,17,CEC2014-F17,Hybrid,30,8,,300000,300000,158304.79004707694,1700.0,156604.79004707694,1537,6,14.872283712000353,ok
CEC2014,CMA-ES,17,CEC2014-F17,Hybrid,30,8,1008,300000,42980,1986.6101432003256,1700.0,286.61014320032564,nan,nan,5.4412753130018245,ok
CEC2014,DE,17,CEC2014-F17,Hybrid,30,8,1008,300000,299700,14658.98176315186,1700.0,12958.98176315186,nan,nan,14.023170373999164,ok
CEC2014,PSO,17,CEC2014-F17,Hybrid,30,8,1008,300000,300000,705162.6699735725,1700.0,703462.6699735725,nan,nan,9.75516006599355,ok
CEC2014,DMGSO,17,CEC2014-F17,Hybrid,30,9,,300000,300000,88319.47923117928,1700.0,86619.47923117928,1547,5,15.621440855000401,ok
CEC2014,CMA-ES,17,CEC2014-F17,Hybrid,30,9,1009,300000,41706,1743.7780469674458,1700.0,43.77804696744579,nan,nan,4.772120830006315,ok
CEC2014,DE,17,CEC2014-F17,Hybrid,30,9,1009,300000,299700,7796.818151321755,1700.0,6096.818151321755,nan,nan,14.384825471002841,ok
CEC2014,PSO,17,CEC2014-F17,Hybrid,30,9,1009,300000,300000,282079.6602177706,1700.0,280379.6602177706,nan,nan,10.210138914990239,ok
CEC2014,DMGSO,17,CEC2014-F17,Hybrid,30,10,,300000,300000,57614.78799437998,1700.0,55914.78799437998,1573,4,15.912267270003213,ok
CEC2014,CMA-ES,17,CEC2014-F17,Hybrid,30,10,1010,300000,166404,3542.0223708721196,1700.0,1842.0223708721196,nan,nan,20.635146044005523,ok
CEC2014,DE,17,CEC2014-F17,Hybrid,30,10,1010,300000,299700,13062.447300955735,1700.0,11362.447300955735,nan,nan,14.146072103991173,ok
CEC2014,PSO,17,CEC2014-F17,Hybrid,30,10,1010,300000,300000,28129321.898193758,1700.0,28127621.898193758,nan,nan,9.705152827998972,ok
CEC2014,DMGSO,17,CEC2014-F17,Hybrid,30,11,,300000,300000,107590.90531212771,1700.0,105890.90531212771,1428,8,15.410149861010723,ok
CEC2014,CMA-ES,17,CEC2014-F17,Hybrid,30,11,1011,300000,79268,2487.550096709155,1700.0,787.5500967091548,nan,nan,9.64694283499557,ok
CEC2014,DE,17,CEC2014-F17,Hybrid,30,11,1011,300000,299700,7062.509295137301,1700.0,5362.509295137301,nan,nan,13.772721730987541,ok
CEC2014,PSO,17,CEC2014-F17,Hybrid,30,11,1011,300000,300000,727640.5433836752,1700.0,725940.5433836752,nan,nan,10.170099565002602,ok
CEC2014,DMGSO,17,CEC2014-F17,Hybrid,30,12,,300000,300000,73594.47658074282,1700.0,71894.47658074282,1511,7,15.227973058004864,ok
CEC2014,CMA-ES,17,CEC2014-F17,Hybrid,30,12,1012,300000,44604,1764.7413319238185,1700.0,64.7413319238185,nan,nan,5.121350325993262,ok
CEC2014,DE,17,CEC2014-F17,Hybrid,30,12,1012,300000,299700,11482.172368721593,1700.0,9782.172368721593,nan,nan,14.545023364000372,ok
CEC2014,PSO,17,CEC2014-F17,Hybrid,30,12,1012,300000,300000,159722.32096802306,1700.0,158022.32096802306,nan,nan,10.321802379010478,ok
CEC2014,DMGSO,17,CEC2014-F17,Hybrid,30,13,,300000,300000,142285.06822481137,1700.0,140585.06822481137,1707,3,15.762299672001973,ok
CEC2014,CMA-ES,17,CEC2014-F17,Hybrid,30,13,1013,300000,44562,1786.5602904441448,1700.0,86.56029044414481,nan,nan,4.951334457990015,ok
CEC2014,DE,17,CEC2014-F17,Hybrid,30,13,1013,300000,299700,12376.591162424327,1700.0,10676.591162424327,nan,nan,14.185552779003046,ok
CEC2014,PSO,17,CEC2014-F17,Hybrid,30,13,1013,300000,300000,786862.223678851,1700.0,785162.223678851,nan,nan,10.123683988000266,ok
CEC2014,DMGSO,17,CEC2014-F17,Hybrid,30,14,,300000,300000,70210.04109126588,1700.0,68510.04109126588,1551,5,15.219946625002194,ok
CEC2014,CMA-ES,17,CEC2014-F17,Hybrid,30,14,1014,300000,94066,1993.3213165167995,1700.0,293.32131651679947,nan,nan,11.910569779996877,ok
CEC2014,DE,17,CEC2014-F17,Hybrid,30,14,1014,300000,299700,10363.199249305171,1700.0,8663.199249305171,nan,nan,14.004470777013921,ok
CEC2014,PSO,17,CEC2014-F17,Hybrid,30,14,1014,300000,300000,1408262.4144281328,1700.0,1406562.4144281328,nan,nan,9.681872080996982,ok
CEC2014,DMGSO,17,CEC2014-F17,Hybrid,30,15,,300000,300000,99699.37977405511,1700.0,97999.37977405511,1372,8,15.967604036006378,ok
CEC2014,CMA-ES,17,CEC2014-F17,Hybrid,30,15,1015,300000,44506,2039.13250409202,1700.0,339.1325040920201,nan,nan,5.117093149994616,ok
CEC2014,DE,17,CEC2014-F17,Hybrid,30,15,1015,300000,299700,31342.083706938323,1700.0,29642.083706938323,nan,nan,14.33014589000959,ok
CEC2014,PSO,17,CEC2014-F17,Hybrid,30,15,1015,300000,300000,131656.96027248175,1700.0,129956.96027248175,nan,nan,9.820147351012565,ok
CEC2014,DMGSO,17,CEC2014-F17,Hybrid,30,16,,300000,300000,115573.2970488202,1700.0,113873.2970488202,1566,6,15.058406722993823,ok
CEC2014,CMA-ES,17,CEC2014-F17,Hybrid,30,16,1016,300000,55118,2285.9280762713897,1700.0,585.9280762713897,nan,nan,6.678939452001941,ok
CEC2014,DE,17,CEC2014-F17,Hybrid,30,16,1016,300000,299700,13542.082367346611,1700.0,11842.082367346611,nan,nan,14.451670815004036,ok
CEC2014,PSO,17,CEC2014-F17,Hybrid,30,16,1016,300000,300000,15069097.435792163,1700.0,15067397.435792163,nan,nan,9.857713106001029,ok
CEC2014,DMGSO,17,CEC2014-F17,Hybrid,30,17,,300000,300000,85895.81984291025,1700.0,84195.81984291025,1463,6,15.085678100003861,ok
CEC2014,CMA-ES,17,CEC2014-F17,Hybrid,30,17,1017,300000,70938,2016.8984984438064,1700.0,316.8984984438064,nan,nan,8.571350562997395,ok
CEC2014,DE,17,CEC2014-F17,Hybrid,30,17,1017,300000,299700,15070.363599023716,1700.0,13370.363599023716,nan,nan,14.247080727000139,ok
CEC2014,PSO,17,CEC2014-F17,Hybrid,30,17,1017,300000,300000,13901426.674424237,1700.0,13899726.674424237,nan,nan,10.148383866006043,ok
CEC2014,DMGSO,17,CEC2014-F17,Hybrid,30,18,,300000,300000,251064.41463198338,1700.0,249364.41463198338,1558,5,15.191780719003873,ok
CEC2014,CMA-ES,17,CEC2014-F17,Hybrid,30,18,1018,300000,59822,1793.5253032521512,1700.0,93.52530325215116,nan,nan,6.648775006993674,ok
CEC2014,DE,17,CEC2014-F17,Hybrid,30,18,1018,300000,299700,22887.500642620456,1700.0,21187.500642620456,nan,nan,13.670195496990345,ok
CEC2014,PSO,17,CEC2014-F17,Hybrid,30,18,1018,300000,300000,7733086.0798316235,1700.0,7731386.0798316235,nan,nan,10.047940951000783,ok
CEC2014,DMGSO,17,CEC2014-F17,Hybrid,30,19,,300000,300000,98614.23412475683,1700.0,96914.23412475683,1524,5,15.928744143995573,ok
CEC2014,CMA-ES,17,CEC2014-F17,Hybrid,30,19,1019,300000,64484,1977.2544380058232,1700.0,277.2544380058232,nan,nan,8.048756550997496,ok
CEC2014,DE,17,CEC2014-F17,Hybrid,30,19,1019,300000,299700,20904.884447586406,1700.0,19204.884447586406,nan,nan,14.467161306994967,ok
CEC2014,PSO,17,CEC2014-F17,Hybrid,30,19,1019,300000,300000,163021.50835799502,1700.0,161321.50835799502,nan,nan,10.304085091003799,ok
CEC2014,DMGSO,17,CEC2014-F17,Hybrid,30,20,,300000,300000,124904.81770777801,1700.0,123204.81770777801,1583,5,15.512850809012889,ok
CEC2014,CMA-ES,17,CEC2014-F17,Hybrid,30,20,1020,300000,43722,1780.6602488735996,1700.0,80.66024887359958,nan,nan,5.119577862991719,ok
CEC2014,DE,17,CEC2014-F17,Hybrid,30,20,1020,300000,299700,20039.518265860315,1700.0,18339.518265860315,nan,nan,13.86663557200518,ok
CEC2014,PSO,17,CEC2014-F17,Hybrid,30,20,1020,300000,300000,3379468.088270193,1700.0,3377768.088270193,nan,nan,9.783946762996493,ok
CEC2014,DMGSO,17,CEC2014-F17,Hybrid,30,21,,300000,300000,94230.26231090876,1700.0,92530.26231090876,1477,7,15.071696332990541,ok
CEC2014,CMA-ES,17,CEC2014-F17,Hybrid,30,21,1021,300000,87094,3663.6112611067574,1700.0,1963.6112611067574,nan,nan,11.505107770994073,ok
CEC2014,DE,17,CEC2014-F17,Hybrid,30,21,1021,300000,299700,10428.182880825725,1700.0,8728.182880825725,nan,nan,13.593047749993275,ok
CEC2014,PSO,17,CEC2014-F17,Hybrid,30,21,1021,300000,300000,4375487.184400309,1700.0,4373787.184400309,nan,nan,10.184631144991727,ok
CEC2014,DMGSO,17,CEC2014-F17,Hybrid,30,22,,300000,300000,123162.0296665949,1700.0,121462.0296665949,1568,4,16.04946344200289,ok
CEC2014,CMA-ES,17,CEC2014-F17,Hybrid,30,22,1022,300000,47194,1930.6230535619836,1700.0,230.62305356198362,nan,nan,5.63555477099726,ok
CEC2014,DE,17,CEC2014-F17,Hybrid,30,22,1022,300000,299700,16128.448960689626,1700.0,14428.448960689626,nan,nan,13.92433889899985,ok
CEC2014,PSO,17,CEC2014-F17,Hybrid,30,22,1022,300000,300000,8754791.9891506,1700.0,8753091.9891506,nan,nan,9.978832897992106,ok
CEC2014,DMGSO,17,CEC2014-F17,Hybrid,30,23,,300000,300000,159031.39296729228,1700.0,157331.39296729228,1681,3,15.605113936995622,ok
CEC2014,CMA-ES,17,CEC2014-F17,Hybrid,30,23,1023,300000,52934,2035.0995298858866,1700.0,335.09952988588657,nan,nan,6.326957675002632,ok
CEC2014,DE,17,CEC2014-F17,Hybrid,30,23,1023,300000,299700,6469.385266292857,1700.0,4769.385266292857,nan,nan,14.041851517002215,ok
CEC2014,PSO,17,CEC2014-F17,Hybrid,30,23,1023,300000,300000,6283310.176169,1700.0,6281610.176169,nan,nan,10.050147169007687,ok
CEC2014,DMGSO,17,CEC2014-F17,Hybrid,30,24,,300000,300000,73631.2941820222,1700.0,71931.2941820222,1686,2,15.258010642006411,ok
CEC2014,CMA-ES,17,CEC2014-F17,Hybrid,30,24,1024,300000,49616,2053.3724568713774,1700.0,353.3724568713774,nan,nan,6.330525872006547,ok
CEC2014,DE,17,CEC2014-F17,Hybrid,30,24,1024,300000,299700,18485.60225655103,1700.0,16785.60225655103,nan,nan,13.866163471000618,ok
CEC2014,PSO,17,CEC2014-F17,Hybrid,30,24,1024,300000,300000,317561.1179474845,1700.0,315861.1179474845,nan,nan,9.790637502999743,ok
CEC2014,DMGSO,17,CEC2014-F17,Hybrid,30,25,,300000,300000,132031.698232955,1700.0,130331.69823295501,1436,7,15.990046437989804,ok
CEC2014,CMA-ES,17,CEC2014-F17,Hybrid,30,25,1025,300000,46844,1896.2033239597808,1700.0,196.20332395978085,nan,nan,5.453825026997947,ok
CEC2014,DE,17,CEC2014-F17,Hybrid,30,25,1025,300000,299700,9343.745504863698,1700.0,7643.745504863698,nan,nan,13.89675933799299,ok
CEC2014,PSO,17,CEC2014-F17,Hybrid,30,25,1025,300000,300000,8525034.057780972,1700.0,8523334.057780972,nan,nan,9.689004672007286,ok
CEC2014,DMGSO,17,CEC2014-F17,Hybrid,30,26,,300000,300000,76349.00057669767,1700.0,74649.00057669767,1712,3,15.172078536998015,ok
CEC2014,CMA-ES,17,CEC2014-F17,Hybrid,30,26,1026,300000,46270,1925.8512953443314,1700.0,225.85129534433145,nan,nan,5.188138755009277,ok
CEC2014,DE,17,CEC2014-F17,Hybrid,30,26,1026,300000,299700,8727.129418457449,1700.0,7027.129418457449,nan,nan,13.98128583599464,ok
CEC2014,PSO,17,CEC2014-F17,Hybrid,30,26,1026,300000,300000,867648.1302824812,1700.0,865948.1302824812,nan,nan,10.05677599098999,ok
CEC2014,DMGSO,17,CEC2014-F17,Hybrid,30,27,,300000,300000,73091.80183699487,1700.0,71391.80183699487,1524,5,15.40681978399516,ok
CEC2014,CMA-ES,17,CEC2014-F17,Hybrid,30,27,1027,300000,41356,1748.752634145932,1700.0,48.75263414593201,nan,nan,4.492109390004771,ok
CEC2014,DE,17,CEC2014-F17,Hybrid,30,27,1027,300000,299700,14941.16309578421,1700.0,13241.16309578421,nan,nan,14.090592352004023,ok
CEC2014,PSO,17,CEC2014-F17,Hybrid,30,27,1027,300000,300000,3386969.236001695,1700.0,3385269.236001695,nan,nan,10.200051328007248,ok
CEC2014,DMGSO,17,CEC2014-F17,Hybrid,30,28,,300000,300000,104253.45593910127,1700.0,102553.45593910127,1513,6,15.681142200992326,ok
CEC2014,CMA-ES,17,CEC2014-F17,Hybrid,30,28,1028,300000,131894,1991.106543411756,1700.0,291.1065434117561,nan,nan,15.786368337998283,ok
CEC2014,DE,17,CEC2014-F17,Hybrid,30,28,1028,300000,299700,12313.880048797184,1700.0,10613.880048797184,nan,nan,14.162663470997359,ok
CEC2014,PSO,17,CEC2014-F17,Hybrid,30,28,1028,300000,300000,3640754.3361957017,1700.0,3639054.3361957017,nan,nan,10.071743710999726,ok
CEC2014,DMGSO,17,CEC2014-F17,Hybrid,30,29,,300000,300000,122076.92991470681,1700.0,120376.92991470681,1663,3,15.398484958990593,ok
CEC2014,CMA-ES,17,CEC2014-F17,Hybrid,30,29,1029,300000,48524,1909.0266649742618,1700.0,209.02666497426185,nan,nan,5.884689263999462,ok
CEC2014,DE,17,CEC2014-F17,Hybrid,30,29,1029,300000,299700,13732.870770664911,1700.0,12032.870770664911,nan,nan,14.581786589013063,ok
CEC2014,PSO,17,CEC2014-F17,Hybrid,30,29,1029,300000,300000,3987702.82154786,1700.0,3986002.82154786,nan,nan,9.928434732995811,ok
CEC2014,DMGSO,18,CEC2014-F18,Hybrid,30,0,,300000,300000,85343.10524039005,1800.0,83543.10524039005,1608,4,9.435380766008166,ok
CEC2014,CMA-ES,18,CEC2014-F18,Hybrid,30,0,1000,300000,140210,2051.3627508470013,1800.0,251.36275084700128,nan,nan,13.47429555299459,ok
CEC2014,DE,18,CEC2014-F18,Hybrid,30,0,1000,300000,299700,40362.32678436703,1800.0,38562.32678436703,nan,nan,8.552227401989512,ok
CEC2014,PSO,18,CEC2014-F18,Hybrid,30,0,1000,300000,300000,143922.50253969192,1800.0,142122.50253969192,nan,nan,4.482612546009477,ok
CEC2014,DMGSO,18,CEC2014-F18,Hybrid,30,1,,300000,300000,71263.70805572232,1800.0,69463.70805572232,1264,9,9.840582418008125,ok
CEC2014,CMA-ES,18,CEC2014-F18,Hybrid,30,1,1001,300000,138460,1924.6529892827712,1800.0,124.65298928277116,nan,nan,12.77173587300058,ok
CEC2014,DE,18,CEC2014-F18,Hybrid,30,1,1001,300000,299700,62256.33360044172,1800.0,60456.33360044172,nan,nan,8.650344229012262,ok
CEC2014,PSO,18,CEC2014-F18,Hybrid,30,1,1001,300000,300000,7143119.162388876,1800.0,7141319.162388876,nan,nan,4.4737579689972335,ok
CEC2014,DMGSO,18,CEC2014-F18,Hybrid,30,2,,300000,300000,92583.13256292291,1800.0,90783.13256292291,1262,8,9.92594991500664,ok
CEC2014,CMA-ES,18,CEC2014-F18,Hybrid,30,2,1002,300000,144620,1956.1124249740787,1800.0,156.11242497407875,nan,nan,13.07181761499669,ok
CEC2014,DE,18,CEC2014-F18,Hybrid,30,2,1002,300000,299700,49833.08891279161,1800.0,48033.08891279161,nan,nan,8.381961384002352,ok
CEC2014,PSO,18,CEC2014-F18,Hybrid,30,2,1002,300000,300000,233802.9738549277,1800.0,232002.9738549277,nan,nan,4.328683727988391,ok
CEC2014,DMGSO,18,CEC2014-F18,Hybrid,30,3,,300000,300000,59633.62214495761,1800.0,57833.62214495761,1323,8,9.87774743900809,ok
CEC2014,CMA-ES,18,CEC2014-F18,Hybrid,30,3,1003,300000,190050,1987.873029703893,1800.0,187.87302970389305,nan,nan,17.770691366997198,ok
CEC2014,DE,18,CEC2014-F18,Hybrid,30,3,1003,300000,299700,102019.50307651504,1800.0,100219.50307651504,nan,nan,8.600267123998492,ok
CEC2014,PSO,18,CEC2014-F18,Hybrid,30,3,1003,300000,300000,211425.2559558704,1800.0,209625.2559558704,nan,nan,4.475158800996724,ok
CEC2014,DMGSO,18,CEC2014-F18,Hybrid,30,4,,300000,300000,98115.07717021038,1800.0,96315.07717021038,1282,9,9.912658556990209,ok
CEC2014,CMA-ES,18,CEC2014-F18,Hybrid,30,4,1004,300000,136584,2077.8273630015283,1800.0,277.8273630015283,nan,nan,14.825333739994676,ok
CEC2014,DE,18,CEC2014-F18,Hybrid,30,4,1004,300000,299700,67202.51943027956,1800.0,65402.51943027956,nan,nan,8.459328788012499,ok
CEC2014,PSO,18,CEC2014-F18,Hybrid,30,4,1004,300000,300000,248486.08433180355,1800.0,246686.08433180355,nan,nan,4.349878328997875,ok
CEC2014,DMGSO,18,CEC2014-F18,Hybrid,30,5,,300000,300000,76684.64499936967,1800.0,74884.64499936967,1516,4,9.566718134010443,ok
CEC2014,CMA-ES,18,CEC2014-F18,Hybrid,30,5,1005,300000,239610,1952.6039768816686,1800.0,152.6039768816686,nan,nan,22.588088771997718,ok
CEC2014,DE,18,CEC2014-F18,Hybrid,30,5,1005,300000,299700,56590.42042972268,1800.0,54790.42042972268,nan,nan,8.879377522986033,ok
CEC2014,PSO,18,CEC2014-F18,Hybrid,30,5,1005,300000,300000,257389.792576526,1800.0,255589.792576526,nan,nan,4.570564325011219,ok
CEC2014,DMGSO,18,CEC2014-F18,Hybrid,30,6,,300000,300000,100658.07010895852,1800.0,98858.07010895852,1456,5,9.535784085994237,ok
CEC2014,CMA-ES,18,CEC2014-F18,Hybrid,30,6,1006,300000,200690,1924.3654783189015,1800.0,124.36547831890152,nan,nan,20.388225640010205,ok
CEC2014,DE,18,CEC2014-F18,Hybrid,30,6,1006,300000,299700,104381.45607594546,1800.0,102581.45607594546,nan,nan,8.41996239600121,ok
CEC2014,PSO,18,CEC2014-F18,Hybrid,30,6,1006,300000,300000,547305.9129461185,1800.0,545505.9129461185,nan,nan,4.437781393004116,ok
CEC2014,DMGSO,18,CEC2014-F18,Hybrid,30,7,,300000,300000,70137.32641523058,1800.0,68337.32641523058,1364,7,9.944638651999412,ok
CEC2014,CMA-ES,18,CEC2014-F18,Hybrid,30,7,1007,300000,168490,2084.7270938079782,1800.0,284.72709380797824,nan,nan,15.622501534002367,ok
CEC2014,DE,18,CEC2014-F18,Hybrid,30,7,1007,300000,299700,89830.1853390449,1800.0,88030.1853390449,nan,nan,8.348582678998355,ok
CEC2014,PSO,18,CEC2014-F18,Hybrid,30,7,1007,300000,300000,67568314.5039503,1800.0,67566514.5039503,nan,nan,4.359096498999861,ok
CEC2014,DMGSO,18,CEC2014-F18,Hybrid,30,8,,300000,300000,89543.54785816607,1800.0,87743.54785816607,1471,4,9.539806482003769,ok
CEC2014,CMA-ES,18,CEC2014-F18,Hybrid,30,8,1008,300000,87010,2199.162731517085,1800.0,399.1627315170849,nan,nan,8.341827873999137,ok
CEC2014,DE,18,CEC2014-F18,Hybrid,30,8,1008,300000,299700,74476.4030628352,1800.0,72676.4030628352,nan,nan,8.435927059996175,ok
CEC2014,PSO,18,CEC2014-F18,Hybrid,30,8,1008,300000,300000,214168.9606385797,1800.0,212368.9606385797,nan,nan,4.32391555000504,ok
CEC2014,DMGSO,18,CEC2014-F18,Hybrid,30,9,,300000,300000,77079.55571086299,1800.0,75279.55571086299,1398,6,9.475698562004254,ok
CEC2014,CMA-ES,18,CEC2014-F18,Hybrid,30,9,1009,300000,156310,1861.4100985548498,1800.0,61.41009855484981,nan,nan,14.812745340997935,ok
CEC2014,DE,18,CEC2014-F18,Hybrid,30,9,1009,300000,299700,61351.29757762412,1800.0,59551.29757762412,nan,nan,8.451667714005453,ok
CEC2014,PSO,18,CEC2014-F18,Hybrid,30,9,1009,300000,300000,4106602.233980336,1800.0,4104802.233980336,nan,nan,4.402076144993771,ok
CEC2014,DMGSO,18,CEC2014-F18,Hybrid,30,10,,300000,300000,87159.51628176615,1800.0,85359.51628176615,1345,9,9.725180793990148,ok
CEC2014,CMA-ES,18,CEC2014-F18,Hybrid,30,10,1010,300000,284970,2876.536183363067,1800.0,1076.5361833630668,nan,nan,30.16276268400543,ok
CEC2014,DE,18,CEC2014-F18,Hybrid,30,10,1010,300000,299700,77318.63988242486,1800.0,75518.63988242486,nan,nan,8.374293547996785,ok
CEC2014,PSO,18,CEC2014-F18,Hybrid,30,10,1010,300000,300000,16677905.406932859,1800.0,16676105.406932859,nan,nan,4.279463151993696,ok
CEC2014,DMGSO,18,CEC2014-F18,Hybrid,30,11,,300000,300000,89605.71095085816,1800.0,87805.71095085816,1295,8,9.679217651006184,ok
CEC2014,CMA-ES,18,CEC2014-F18,Hybrid,30,11,1011,300000,229880,2449.810208842679,1800.0,649.810208842679,nan,nan,24.865830590002588,ok
CEC2014,DE,18,CEC2014-F18,Hybrid,30,11,1011,300000,299700,62002.90525774022,1800.0,60202.90525774022,nan,nan,8.204486773000099,ok
CEC2014,PSO,18,CEC2014-F18,Hybrid,30,11,1011,300000,300000,51252035.59109259,1800.0,51250235.59109259,nan,nan,4.397229071997572,ok
CEC2014,DMGSO,18,CEC2014-F18,Hybrid,30,12,,300000,300000,72007.63210593077,1800.0,70207.63210593077,1404,7,9.60238151300291,ok
CEC2014,CMA-ES,18,CEC2014-F18,Hybrid,30,12,1012,300000,299992,2161.656521775646,1800.0,361.65652177564607,nan,nan,29.72868587600533,ok
CEC2014,DE,18,CEC2014-F18,Hybrid,30,12,1012,300000,299700,99182.66844271508,1800.0,97382.66844271508,nan,nan,8.482141361004324,ok
CEC2014,PSO,18,CEC2014-F18,Hybrid,30,12,1012,300000,300000,219776.47148761887,1800.0,217976.47148761887,nan,nan,4.417479609997827,ok
CEC2014,DMGSO,18,CEC2014-F18,Hybrid,30,13,,300000,300000,51990.7194401599,1800.0,50190.7194401599,1362,8,9.688577982000425,ok
CEC2014,CMA-ES,18,CEC2014-F18,Hybrid,30,13,1013,300000,99162,1912.8269877658706,1800.0,112.82698776587063,nan,nan,9.05391640200105,ok
CEC2014,DE,18,CEC2014-F18,Hybrid,30,13,1013,300000,299700,72663.98648829572,1800.0,70863.98648829572,nan,nan,8.52475111199601,ok
CEC2014,PSO,18,CEC2014-F18,Hybrid,30,13,1013,300000,300000,7210830.5115027735,1800.0,7209030.5115027735,nan,nan,4.193862065993017,ok
CEC2014,DMGSO,18,CEC2014-F18,Hybrid,30,14,,300000,300000,33843.973226998074,1800.0,32043.973226998074,1467,5,9.803059268990182,ok
CEC2014,CMA-ES,18,CEC2014-F18,Hybrid,30,14,1014,300000,154630,1904.4026149697518,1800.0,104.40261496975177,nan,nan,14.812323562000529,ok
CEC2014,DE,18,CEC2014-F18,Hybrid,30,14,1014,300000,299700,102141.25459360787,1800.0,100341.25459360787,nan,nan,8.491374901001109,ok
CEC2014,PSO,18,CEC2014-F18,Hybrid,30,14,1014,300000,300000,200440.73029198206,1800.0,198640.73029198206,nan,nan,4.595016498991754,ok
CEC2014,DMGSO,18,CEC2014-F18,Hybrid,30,15,,300000,300000,80668.14885511048,1800.0,78868.14885511048,1280,9,10.15738601400517,ok
CEC2014,CMA-ES,18,CEC2014-F18,Hybrid,30,15,1015,300000,182742,2354.641879892854,1800.0,554.6418798928539,nan,nan,17.694839298987063,ok
CEC2014,DE,18,CEC2014-F18,Hybrid,30,15,1015,300000,299700,109460.67681213212,1800.0,107660.67681213212,nan,nan,8.597608334996039,ok
CEC2014,PSO,18,CEC2014-F18,Hybrid,30,15,1015,300000,300000,169270263.97547945,1800.0,169268463.97547945,nan,nan,4.553210254001897,ok
CEC2014,DMGSO,18,CEC2014-F18,Hybrid,30,16,,300000,300000,102598.29595230194,1800.0,100798.29595230194,1327,9,9.843184796001879,ok
CEC2014,CMA-ES,18,CEC2014-F18,Hybrid,30,16,1016,300000,167720,2049.1035213475216,1800.0,249.10352134752156,nan,nan,15.495580477989279,ok
CEC2014,DE,18,CEC2014-F18,Hybrid,30,16,1016,300000,299700,67384.39978596123,1800.0,65584.39978596123,nan,nan,8.371006952991593,ok
CEC2014,PSO,18,CEC2014-F18,Hybrid,30,16,1016,300000,300000,263031.8233454691,1800.0,261231.82334546908,nan,nan,4.572055067008478,ok
CEC2014,DMGSO,18,CEC2014-F18,Hybrid,30,17,,300000,300000,89408.26328233273,1800.0,87608.26328233273,1376,6,9.673746015003417,ok
CEC2014,CMA-ES,18,CEC2014-F18,Hybrid,30,17,1017,300000,212310,2969.208941085912,1800.0,1169.208941085912,nan,nan,23.214855610000086,ok
CEC2014,DE,18,CEC2014-F18,Hybrid,30,17,1017,300000,299700,85043.23345786575,1800.0,83243.23345786575,nan,nan,8.214636233009514,ok
CEC2014,PSO,18,CEC2014-F18,Hybrid,30,17,1017,300000,300000,283606.2779128886,1800.0,281806.2779128886,nan,nan,4.215602377997129,ok
CEC2014,DMGSO,18,CEC2014-F18,Hybrid,30,18,,300000,300000,126778.02079465573,1800.0,124978.02079465573,1402,5,9.475313681003172,ok
CEC2014,CMA-ES,18,CEC2014-F18,Hybrid,30,18,1018,300000,117740,1949.600102371025,1800.0,149.60010237102506,nan,nan,10.635330285993405,ok
CEC2014,DE,18,CEC2014-F18,Hybrid,30,18,1018,300000,299700,62456.212564682966,1800.0,60656.212564682966,nan,nan,8.151937033006107,ok
CEC2014,PSO,18,CEC2014-F18,Hybrid,30,18,1018,300000,300000,197974.1258542937,1800.0,196174.1258542937,nan,nan,4.2491216600028565,ok
CEC2014,DMGSO,18,CEC2014-F18,Hybrid,30,19,,300000,300000,119258.15284520219,1800.0,117458.15284520219,1645,2,9.37898551300168,ok
CEC2014,CMA-ES,18,CEC2014-F18,Hybrid,30,19,1019,300000,98798,2001.2735810746208,1800.0,201.27358107462078,nan,nan,9.284629980000318,ok
CEC2014,DE,18,CEC2014-F18,Hybrid,30,19,1019,300000,299700,82863.02523755004,1800.0,81063.02523755004,nan,nan,8.414978145010537,ok
CEC2014,PSO,18,CEC2014-F18,Hybrid,30,19,1019,300000,300000,7224293.218339061,1800.0,7222493.218339061,nan,nan,4.370740276994184,ok
CEC2014,DMGSO,18,CEC2014-F18,Hybrid,30,20,,300000,300000,82771.51458919648,1800.0,80971.51458919648,1411,7,9.758881198999006,ok
CEC2014,CMA-ES,18,CEC2014-F18,Hybrid,30,20,1020,300000,247100,3400.3691190974578,1800.0,1600.3691190974578,nan,nan,23.86122654900828,ok
CEC2014,DE,18,CEC2014-F18,Hybrid,30,20,1020,300000,299700,86077.41746309024,1800.0,84277.41746309024,nan,nan,8.206932647997746,ok
CEC2014,PSO,18,CEC2014-F18,Hybrid,30,20,1020,300000,300000,249098907.90103978,1800.0,249097107.90103978,nan,nan,4.1808862459874945,ok
CEC2014,DMGSO,18,CEC2014-F18,Hybrid,30,21,,300000,300000,86352.312983079,1800.0,84552.312983079,1229,10,9.464154950997909,ok
CEC2014,CMA-ES,18,CEC2014-F18,Hybrid,30,21,1021,300000,120960,2132.926078604048,1800.0,332.92607860404814,nan,nan,11.397319691008306,ok
CEC2014,DE,18,CEC2014-F18,Hybrid,30,21,1021,300000,299700,73712.2215897633,1800.0,71912.2215897633,nan,nan,8.400846948003164,ok
CEC2014,PSO,18,CEC2014-F18,Hybrid,30,21,1021,300000,300000,211188.33668496,1800.0,209388.33668496,nan,nan,4.236482968000928,ok
CEC2014,DMGSO,18,CEC2014-F18,Hybrid,30,22,,300000,300000,79206.41332961747,1800.0,77406.41332961747,1553,5,9.416387884004507,ok
CEC2014,CMA-ES,18,CEC2014-F18,Hybrid,30,22,1022,300000,140840,2180.278216630785,1800.0,380.2782166307852,nan,nan,13.059274104001815,ok
CEC2014,DE,18,CEC2014-F18,Hybrid,30,22,1022,300000,299700,74646.38189280541,1800.0,72846.38189280541,nan,nan,8.506162231991766,ok
CEC2014,PSO,18,CEC2014-F18,Hybrid,30,22,1022,300000,300000,245434.46172356064,1800.0,243634.46172356064,nan,nan,4.3989473580004415,ok
CEC2014,DMGSO,18,CEC2014-F18,Hybrid,30,23,,300000,300000,90506.28034914989,1800.0,88706.28034914989,1653,1,9.356810159006272,ok
CEC2014,CMA-ES,18,CEC2014-F18,Hybrid,30,23,1023,300000,124530,2204.923586846703,1800.0,404.9235868467031,nan,nan,11.248317649005912,ok
CEC2014,DE,18,CEC2014-F18,Hybrid,30,23,1023,300000,299700,62599.815302239804,1800.0,60799.815302239804,nan,nan,8.642685753002297,ok
CEC2014,PSO,18,CEC2014-F18,Hybrid,30,23,1023,300000,300000,220602.86411210144,1800.0,218802.86411210144,nan,nan,4.483860818989342,ok
CEC2014,DMGSO,18,CEC2014-F18,Hybrid,30,24,,300000,300000,89132.82392109348,1800.0,87332.82392109348,1275,9,9.595049066003412,ok
CEC2014,CMA-ES,18,CEC2014-F18,Hybrid,30,24,1024,300000,259000,2494.6032966570765,1800.0,694.6032966570765,nan,nan,28.4007731689926,ok
CEC2014,DE,18,CEC2014-F18,Hybrid,30,24,1024,300000,299700,82521.18617091942,1800.0,80721.18617091942,nan,nan,8.501563829006045,ok
CEC2014,PSO,18,CEC2014-F18,Hybrid,30,24,1024,300000,300000,242395.9852841972,1800.0,240595.9852841972,nan,nan,4.5145003750076285,ok
CEC2014,DMGSO,18,CEC2014-F18,Hybrid,30,25,,300000,300000,72332.94031536636,1800.0,70532.94031536636,1288,8,10.032622472004732,ok
CEC2014,CMA-ES,18,CEC2014-F18,Hybrid,30,25,1025,300000,198660,2184.8586110148203,1800.0,384.8586110148203,nan,nan,18.595405418003793,ok
CEC2014,DE,18,CEC2014-F18,Hybrid,30,25,1025,300000,299700,81263.90081183484,1800.0,79463.90081183484,nan,nan,8.497752404000494,ok
CEC2014,PSO,18,CEC2014-F18,Hybrid,30,25,1025,300000,300000,223143.735923382,1800.0,221343.735923382,nan,nan,4.20280401299533,ok
CEC2014,DMGSO,18,CEC2014-F18,Hybrid,30,26,,300000,300000,87091.04199373489,1800.0,85291.04199373489,1377,7,9.545208516006824,ok
CEC2014,CMA-ES,18,CEC2014-F18,Hybrid,30,26,1026,300000,299992,2143.583410638492,1800.0,343.58341063849184,nan,nan,28.084790339999017,ok
CEC2014,DE,18,CEC2014-F18,Hybrid,30,26,1026,300000,299700,92438.50951456427,1800.0,90638.50951456427,nan,nan,8.49790203399607,ok
CEC2014,PSO,18,CEC2014-F18,Hybrid,30,26,1026,300000,300000,147239.20244825853,1800.0,145439.20244825853,nan,nan,4.28719606300001,ok
CEC2014,DMGSO,18,CEC2014-F18,Hybrid,30,27,,300000,300000,94991.69989631038,1800.0,93191.69989631038,1478,5,9.270661689006374,ok
CEC2014,CMA-ES,18,CEC2014-F18,Hybrid,30,27,1027,300000,293720,1979.3051450937598,1800.0,179.30514509375985,nan,nan,27.288366656997823,ok
CEC2014,DE,18,CEC2014-F18,Hybrid,30,27,1027,300000,299700,54946.21791504113,1800.0,53146.21791504113,nan,nan,8.442563432996394,ok
CEC2014,PSO,18,CEC2014-F18,Hybrid,30,27,1027,300000,300000,241113.11748605687,1800.0,239313.11748605687,nan,nan,4.396476629000972,ok
CEC2014,DMGSO,18,CEC2014-F18,Hybrid,30,28,,300000,300000,39351.184764861384,1800.0,37551.184764861384,1298,9,9.6955131769937,ok
CEC2014,CMA-ES,18,CEC2014-F18,Hybrid,30,28,1028,300000,187110,2022.316914378765,1800.0,222.31691437876498,nan,nan,17.35785129699798,ok
CEC2014,DE,18,CEC2014-F18,Hybrid,30,28,1028,300000,299700,97857.41216860065,1800.0,96057.41216860065,nan,nan,8.265522181987762,ok
CEC2014,PSO,18,CEC2014-F18,Hybrid,30,28,1028,300000,300000,245784.1550913269,1800.0,243984.1550913269,nan,nan,4.171713453004486,ok
CEC2014,DMGSO,18,CEC2014-F18,Hybrid,30,29,,300000,300000,70508.04672862981,1800.0,68708.04672862981,1388,7,9.358401556994068,ok
CEC2014,CMA-ES,18,CEC2014-F18,Hybrid,30,29,1029,300000,105630,1919.3226253254606,1800.0,119.32262532546065,nan,nan,9.987652058000094,ok
CEC2014,DE,18,CEC2014-F18,Hybrid,30,29,1029,300000,299700,97840.23785162407,1800.0,96040.23785162407,nan,nan,8.633712762006326,ok
CEC2014,PSO,18,CEC2014-F18,Hybrid,30,29,1029,300000,300000,190963.57660730754,1800.0,189163.57660730754,nan,nan,4.473579257988604,ok
CEC2014,DMGSO,19,CEC2014-F19,Hybrid,30,0,,300000,300000,1934.0817277072604,1900.0,34.08172770726037,875,15,33.974116149998736,ok
CEC2014,CMA-ES,19,CEC2014-F19,Hybrid,30,0,1000,300000,127610,1906.9866905862623,1900.0,6.986690586262284,nan,nan,22.027428952991613,ok
CEC2014,DE,19,CEC2014-F19,Hybrid,30,0,1000,300000,299700,1927.526912158638,1900.0,27.52691215863797,nan,nan,30.527039300010074,ok
CEC2014,PSO,19,CEC2014-F19,Hybrid,30,0,1000,300000,300000,383363.28803841793,1900.0,381463.28803841793,nan,nan,27.108681780999177,ok
CEC2014,DMGSO,19,CEC2014-F19,Hybrid,30,1,,300000,300000,1942.0020666609237,1900.0,42.002066660923674,788,16,34.832757647003746,ok
CEC2014,CMA-ES,19,CEC2014-F19,Hybrid,30,1,1001,300000,140238,1908.419070933058,1900.0,8.419070933058038,nan,nan,25.07219393599371,ok
CEC2014,DE,19,CEC2014-F19,Hybrid,30,1,1001,300000,299700,1950.2333419167053,1900.0,50.233341916705285,nan,nan,31.57493716799945,ok
CEC2014,PSO,19,CEC2014-F19,Hybrid,30,1,1001,300000,300000,297644.4961530178,1900.0,295744.4961530178,nan,nan,28.609308947998215,ok
CEC2014,DMGSO,19,CEC2014-F19,Hybrid,30,2,,300000,300000,1931.7106413347842,1900.0,31.710641334784214,798,15,32.448101195011986,ok
CEC2014,CMA-ES,19,CEC2014-F19,Hybrid,30,2,1002,300000,116424,1912.2227730026796,1900.0,12.22277300267956,nan,nan,21.12243101200147,ok
CEC2014,DE,19,CEC2014-F19,Hybrid,30,2,1002,300000,299700,2119.421469971352,1900.0,219.42146997135205,nan,nan,31.123768902994925,ok
CEC2014,PSO,19,CEC2014-F19,Hybrid,30,2,1002,300000,300000,193601.37015813755,1900.0,191701.37015813755,nan,nan,28.31653422099771,ok
CEC2014,DMGSO,19,CEC2014-F19,Hybrid,30,3,,300000,300000,1937.2060263958726,1900.0,37.20602639587264,800,16,35.55779540500953,ok
CEC2014,CMA-ES,19,CEC2014-F19,Hybrid,30,3,1003,300000,97720,1910.7126448632052,1900.0,10.712644863205242,nan,nan,18.24427062799805,ok
CEC2014,DE,19,CEC2014-F19,Hybrid,30,3,1003,300000,299700,1929.1223112508862,1900.0,29.12231125088624,nan,nan,32.92516360800073,ok
CEC2014,PSO,19,CEC2014-F19,Hybrid,30,3,1003,300000,300000,5956.43149247472,1900.0,4056.4314924747196,nan,nan,28.449808548990404,ok
CEC2014,DMGSO,19,CEC2014-F19,Hybrid,30,4,,300000,300000,1938.50647379793,1900.0,38.506473797930084,792,16,35.02108082300401,ok
CEC2014,CMA-ES,19,CEC2014-F19,Hybrid,30,4,1004,300000,160160,1908.6967057171767,1900.0,8.696705717176656,nan,nan,31.715175611010636,ok
CEC2014,DE,19,CEC2014-F19,Hybrid,30,4,1004,300000,299700,1927.5154674872938,1900.0,27.51546748729379,nan,nan,31.860716158000287,ok
CEC2014,PSO,19,CEC2014-F19,Hybrid,30,4,1004,300000,300000,2023.7983703658308,1900.0,123.7983703658308,nan,nan,27.67424760600261,ok
CEC2014,DMGSO,19,CEC2014-F19,Hybrid,30,5,,300000,300000,1930.9599355659254,1900.0,30.959935565925434,814,15,32.851284714997746,ok
CEC2014,CMA-ES,19,CEC2014-F19,Hybrid,30,5,1005,300000,126630,1914.742536464252,1900.0,14.742536464251998,nan,nan,23.232628602010664,ok
CEC2014,DE,19,CEC2014-F19,Hybrid,30,5,1005,300000,299700,1933.2303373849688,1900.0,33.230337384968834,nan,nan,33.18253223900683,ok
CEC2014,PSO,19,CEC2014-F19,Hybrid,30,5,1005,300000,300000,1953.5416121067494,1900.0,53.541612106749426,nan,nan,27.730807312997058,ok
CEC2014,DMGSO,19,CEC2014-F19,Hybrid,30,6,,300000,300000,1932.569336914774,1900.0,32.56933691477411,1005,13,33.58781357300177,ok
CEC2014,CMA-ES,19,CEC2014-F19,Hybrid,30,6,1006,300000,120890,1915.4805580341813,1900.0,15.480558034181286,nan,nan,22.642862476001028,ok
CEC2014,DE,19,CEC2014-F19,Hybrid,30,6,1006,300000,299700,1933.019648851407,1900.0,33.019648851407055,nan,nan,32.62232675400446,ok
CEC2014,PSO,19,CEC2014-F19,Hybrid,30,6,1006,300000,300000,1057281.219221758,1900.0,1055381.219221758,nan,nan,28.71187762200134,ok
CEC2014,DMGSO,19,CEC2014-F19,Hybrid,30,7,,300000,300000,1932.7546135797272,1900.0,32.75461357972722,841,15,35.052666873001726,ok
CEC2014,CMA-ES,19,CEC2014-F19,Hybrid,30,7,1007,300000,158550,1907.5990380419591,1900.0,7.5990380419591474,nan,nan,29.304093577011372,ok
CEC2014,DE,19,CEC2014-F19,Hybrid,30,7,1007,300000,299700,1931.485445559196,1900.0,31.485445559196023,nan,nan,33.49647085800825,ok
CEC2014,PSO,19,CEC2014-F19,Hybrid,30,7,1007,300000,300000,2755.8531930827057,1900.0,855.8531930827057,nan,nan,28.739240105991485,ok
CEC2014,DMGSO,19,CEC2014-F19,Hybrid,30,8,,300000,300000,1933.068836605569,1900.0,33.068836605569004,918,14,34.01203515799716,ok
CEC2014,CMA-ES,19,CEC2014-F19,Hybrid,30,8,1008,300000,142100,1912.394946178299,1900.0,12.394946178299051,nan,nan,26.998966616010875,ok
CEC2014,DE,19,CEC2014-F19,Hybrid,30,8,1008,300000,299700,1944.5144054676039,1900.0,44.514405467603865,nan,nan,33.10908132599434,ok
CEC2014,PSO,19,CEC2014-F19,Hybrid,30,8,1008,300000,300000,5316.386516169694,1900.0,3416.386516169694,nan,nan,29.213781712998752,ok
CEC2014,DMGSO,19,CEC2014-F19,Hybrid,30,9,,300000,300000,1932.67681557822,1900.0,32.67681557821993,870,15,35.79810035999981,ok
CEC2014,CMA-ES,19,CEC2014-F19,Hybrid,30,9,1009,300000,125818,1910.4014390857205,1900.0,10.40143908572054,nan,nan,22.643390454992186,ok
CEC2014,DE,19,CEC2014-F19,Hybrid,30,9,1009,300000,299700,1932.1016286192414,1900.0,32.10162861924141,nan,nan,34.25025728100445,ok
CEC2014,PSO,19,CEC2014-F19,Hybrid,30,9,1009,300000,300000,1933.4207553029225,1900.0,33.420755302922544,nan,nan,29.227321219994337,ok
CEC2014,DMGSO,19,CEC2014-F19,Hybrid,30,10,,300000,300000,1931.8552150020266,1900.0,31.855215002026625,809,15,34.3241476760013,ok
CEC2014,CMA-ES,19,CEC2014-F19,Hybrid,30,10,1010,300000,121296,1916.5566600473546,1900.0,16.556660047354626,nan,nan,23.59382057399489,ok
CEC2014,DE,19,CEC2014-F19,Hybrid,30,10,1010,300000,299700,2010.7132367861236,1900.0,110.71323678612362,nan,nan,32.34227376501076,ok
CEC2014,PSO,19,CEC2014-F19,Hybrid,30,10,1010,300000,300000,2066.6219665854956,1900.0,166.62196658549556,nan,nan,28.171831921994453,ok
CEC2014,DMGSO,19,CEC2014-F19,Hybrid,30,11,,300000,300000,1933.143793615566,1900.0,33.14379361556598,914,14,33.90070527399075,ok
CEC2014,CMA-ES,19,CEC2014-F19,Hybrid,30,11,1011,300000,155680,1915.9555283423365,1900.0,15.955528342336493,nan,nan,29.686900747998152,ok
CEC2014,DE,19,CEC2014-F19,Hybrid,30,11,1011,300000,299700,1931.9879894164476,1900.0,31.98798941644759,nan,nan,31.865748791009537,ok
CEC2014,PSO,19,CEC2014-F19,Hybrid,30,11,1011,300000,300000,1966.2913519183485,1900.0,66.29135191834848,nan,nan,28.596430846999283,ok
CEC2014,DMGSO,19,CEC2014-F19,Hybrid,30,12,,300000,300000,1940.826199775799,1900.0,40.82619977579907,1004,13,34.47312121700088,ok
CEC2014,CMA-ES,19,CEC2014-F19,Hybrid,30,12,1012,300000,119980,1911.3302768578399,1900.0,11.330276857839863,nan,nan,22.249128013005247,ok
CEC2014,DE,19,CEC2014-F19,Hybrid,30,12,1012,300000,299700,1923.2235520088345,1900.0,23.22355200883453,nan,nan,31.924336602998665,ok
CEC2014,PSO,19,CEC2014-F19,Hybrid,30,12,1012,300000,300000,2024.4083930741929,1900.0,124.40839307419287,nan,nan,29.42242879899277,ok
CEC2014,DMGSO,19,CEC2014-F19,Hybrid,30,13,,300000,300000,1935.3868784359106,1900.0,35.3868784359106,1164,10,34.952611748012714,ok
CEC2014,CMA-ES,19,CEC2014-F19,Hybrid,30,13,1013,300000,129360,1910.8123406703087,1900.0,10.812340670308686,nan,nan,24.241692106006667,ok
CEC2014,DE,19,CEC2014-F19,Hybrid,30,13,1013,300000,299700,1927.3690921895468,1900.0,27.36909218954679,nan,nan,32.912674420003896,ok
CEC2014,PSO,19,CEC2014-F19,Hybrid,30,13,1013,300000,300000,1928.3227819724252,1900.0,28.32278197242522,nan,nan,29.057362756997463,ok
CEC2014,DMGSO,19,CEC2014-F19,Hybrid,30,14,,300000,300000,1935.430129162002,1900.0,35.430129162002004,948,14,33.98856978099502,ok
CEC2014,CMA-ES,19,CEC2014-F19,Hybrid,30,14,1014,300000,134680,1910.9275942341903,1900.0,10.927594234190337,nan,nan,24.351718452002387,ok
CEC2014,DE,19,CEC2014-F19,Hybrid,30,14,1014,300000,299700,1941.8850084036299,1900.0,41.885008403629854,nan,nan,32.839500627000234,ok
CEC2014,PSO,19,CEC2014-F19,Hybrid,30,14,1014,300000,300000,2204.139047521695,1900.0,304.1390475216949,nan,nan,29.242779184991377,ok
CEC2014,DMGSO,19,CEC2014-F19,Hybrid,30,15,,300000,300000,1931.5688997068094,1900.0,31.56889970680936,832,15,34.89174694700341,ok
CEC2014,CMA-ES,19,CEC2014-F19,Hybrid,30,15,1015,300000,99652,1907.259142064396,1900.0,7.259142064395974,nan,nan,18.38579861499602,ok
CEC2014,DE,19,CEC2014-F19,Hybrid,30,15,1015,300000,299700,1940.931861850301,1900.0,40.93186185030095,nan,nan,32.13402067300922,ok
CEC2014,PSO,19,CEC2014-F19,Hybrid,30,15,1015,300000,300000,373574.0077093699,1900.0,371674.0077093699,nan,nan,28.78655655599141,ok
CEC2014,DMGSO,19,CEC2014-F19,Hybrid,30,16,,300000,300000,1938.1500893663433,1900.0,38.15008936634331,833,16,33.96144703599566,ok
CEC2014,CMA-ES,19,CEC2014-F19,Hybrid,30,16,1016,300000,122962,1919.9356739651726,1900.0,19.935673965172555,nan,nan,22.473908241998288,ok
CEC2014,DE,19,CEC2014-F19,Hybrid,30,16,1016,300000,299700,1926.1543497733876,1900.0,26.154349773387594,nan,nan,33.32068979799806,ok
CEC2014,PSO,19,CEC2014-F19,Hybrid,30,16,1016,300000,300000,13876.420504664555,1900.0,11976.420504664555,nan,nan,29.267531894991407,ok
CEC2014,DMGSO,19,CEC2014-F19,Hybrid,30,17,,300000,300000,1931.0332737521594,1900.0,31.033273752159403,871,14,34.249283519995515,ok
CEC2014,CMA-ES,19,CEC2014-F19,Hybrid,30,17,1017,300000,96040,1911.9913445162993,1900.0,11.99134451629925,nan,nan,18.327648819002206,ok
CEC2014,DE,19,CEC2014-F19,Hybrid,30,17,1017,300000,299700,1943.5068897691074,1900.0,43.506889769107374,nan,nan,32.35067233000882,ok
CEC2014,PSO,19,CEC2014-F19,Hybrid,30,17,1017,300000,300000,1945.0182375804513,1900.0,45.01823758045134,nan,nan,30.45692070601217,ok
CEC2014,DMGSO,19,CEC2014-F19,Hybrid,30,18,,300000,300000,1939.895803656836,1900.0,39.89580365683605,907,14,36.23944025899982,ok
CEC2014,CMA-ES,19,CEC2014-F19,Hybrid,30,18,1018,300000,126420,1912.5159304718304,1900.0,12.515930471830416,nan,nan,24.477502779001952,ok
CEC2014,DE,19,CEC2014-F19,Hybrid,30,18,1018,300000,299700,1936.1340595846527,1900.0,36.13405958465273,nan,nan,32.70927501301048,ok
CEC2014,PSO,19,CEC2014-F19,Hybrid,30,18,1018,300000,300000,9386.310749931858,1900.0,7486.310749931858,nan,nan,28.802028534002602,ok
CEC2014,DMGSO,19,CEC2014-F19,Hybrid,30,19,,300000,300000,1925.5728579152774,1900.0,25.572857915277382,806,16,33.571876632006024,ok
CEC2014,CMA-ES,19,CEC2014-F19,Hybrid,30,19,1019,300000,147840,1921.0283830360436,1900.0,21.02838303604358,nan,nan,28.19572808399971,ok
CEC2014,DE,19,CEC2014-F19,Hybrid,30,19,1019,300000,299700,1926.0302799552749,1900.0,26.030279955274864,nan,nan,32.52644899200823,ok
CEC2014,PSO,19,CEC2014-F19,Hybrid,30,19,1019,300000,300000,2256.388238199517,1900.0,356.3882381995172,nan,nan,28.183488695998676,ok
CEC2014,DMGSO,19,CEC2014-F19,Hybrid,30,20,,300000,300000,1936.5857338014189,1900.0,36.58573380141888,811,15,33.83746366201376,ok
CEC2014,CMA-ES,19,CEC2014-F19,Hybrid,30,20,1020,300000,110950,1910.8084181626864,1900.0,10.808418162686394,nan,nan,20.3957699980092,ok
CEC2014,DE,19,CEC2014-F19,Hybrid,30,20,1020,300000,299700,1931.2732538490263,1900.0,31.273253849026332,nan,nan,33.232741136002005,ok
CEC2014,PSO,19,CEC2014-F19,Hybrid,30,20,1020,300000,300000,2878.226505307871,1900.0,978.2265053078709,nan,nan,29.554099982997286,ok
CEC2014,DMGSO,19,CEC2014-F19,Hybrid,30,21,,300000,300000,1940.5511235205456,1900.0,40.551123520545616,920,15,34.30737815400062,ok
CEC2014,CMA-ES,19,CEC2014-F19,Hybrid,30,21,1021,300000,110460,1916.2294599339104,1900.0,16.229459933910448,nan,nan,20.894757791000302,ok
CEC2014,DE,19,CEC2014-F19,Hybrid,30,21,1021,300000,299700,1942.4164229401342,1900.0,42.416422940134225,nan,nan,32.294727324988344,ok
CEC2014,PSO,19,CEC2014-F19,Hybrid,30,21,1021,300000,300000,1965.0032789048187,1900.0,65.00327890481867,nan,nan,28.435434158003773,ok
CEC2014,DMGSO,19,CEC2014-F19,Hybrid,30,22,,300000,300000,1937.8008108628371,1900.0,37.800810862837125,861,15,33.70306244600215,ok
CEC2014,CMA-ES,19,CEC2014-F19,Hybrid,30,22,1022,300000,116578,1908.461072205833,1900.0,8.461072205833034,nan,nan,20.964425131009193,ok
CEC2014,DE,19,CEC2014-F19,Hybrid,30,22,1022,300000,299700,1942.8852167850255,1900.0,42.88521678502548,nan,nan,32.9713173659984,ok
CEC2014,PSO,19,CEC2014-F19,Hybrid,30,22,1022,300000,300000,23925.03243947911,1900.0,22025.03243947911,nan,nan,29.257100884002284,ok
CEC2014,DMGSO,19,CEC2014-F19,Hybrid,30,23,,300000,300000,1940.156102627498,1900.0,40.15610262749806,1225,9,34.66938055100036,ok
CEC2014,CMA-ES,19,CEC2014-F19,Hybrid,30,23,1023,300000,129640,1913.8897515706485,1900.0,13.889751570648514,nan,nan,24.123258851002902,ok
CEC2014,DE,19,CEC2014-F19,Hybrid,30,23,1023,300000,299700,1929.4704569667254,1900.0,29.47045696672535,nan,nan,33.30014852900058,ok
CEC2014,PSO,19,CEC2014-F19,Hybrid,30,23,1023,300000,300000,6773.037438773878,1900.0,4873.037438773878,nan,nan,29.82052930399368,ok
CEC2014,DMGSO,19,CEC2014-F19,Hybrid,30,24,,300000,300000,1944.7566925491324,1900.0,44.75669254913237,827,15,35.81223467699601,ok
CEC2014,CMA-ES,19,CEC2014-F19,Hybrid,30,24,1024,300000,85568,1926.0483754438646,1900.0,26.048375443864643,nan,nan,16.592323202989064,ok
CEC2014,DE,19,CEC2014-F19,Hybrid,30,24,1024,300000,299700,1933.7724961658264,1900.0,33.7724961658264,nan,nan,33.08969309399254,ok
CEC2014,PSO,19,CEC2014-F19,Hybrid,30,24,1024,300000,300000,13463.255627763987,1900.0,11563.255627763987,nan,nan,29.458278541002073,ok
CEC2014,DMGSO,19,CEC2014-F19,Hybrid,30,25,,300000,300000,1925.5803423276516,1900.0,25.58034232765158,1070,12,34.632071512998664,ok
CEC2014,CMA-ES,19,CEC2014-F19,Hybrid,30,25,1025,300000,102270,1915.1569882840238,1900.0,15.156988284023782,nan,nan,18.613957951005432,ok
CEC2014,DE,19,CEC2014-F19,Hybrid,30,25,1025,300000,299700,1930.8685501761727,1900.0,30.868550176172675,nan,nan,32.26545319899742,ok
CEC2014,PSO,19,CEC2014-F19,Hybrid,30,25,1025,300000,300000,1398609.6699994819,1900.0,1396709.6699994819,nan,nan,28.4588253480033,ok
CEC2014,DMGSO,19,CEC2014-F19,Hybrid,30,26,,300000,300000,1941.5468072038764,1900.0,41.54680720387637,962,13,34.37851708900416,ok
CEC2014,CMA-ES,19,CEC2014-F19,Hybrid,30,26,1026,300000,108710,1907.2692052471211,1900.0,7.2692052471211355,nan,nan,19.83124408700678,ok
CEC2014,DE,19,CEC2014-F19,Hybrid,30,26,1026,300000,299700,1946.2103396311188,1900.0,46.21033963111881,nan,nan,32.320989247993566,ok
CEC2014,PSO,19,CEC2014-F19,Hybrid,30,26,1026,300000,300000,1934.2594588677853,1900.0,34.25945886778527,nan,nan,28.420495975995436,ok
CEC2014,DMGSO,19,CEC2014-F19,Hybrid,30,27,,300000,300000,1933.661807881471,1900.0,33.66180788147108,895,14,33.875932162001845,ok
CEC2014,CMA-ES,19,CEC2014-F19,Hybrid,30,27,1027,300000,106890,1914.926767178311,1900.0,14.92676717831091,nan,nan,20.38977734799846,ok
CEC2014,DE,19,CEC2014-F19,Hybrid,30,27,1027,300000,299700,1936.69227289938,1900.0,36.69227289937999,nan,nan,32.655307060005725,ok
CEC2014,PSO,19,CEC2014-F19,Hybrid,30,27,1027,300000,300000,193874.1115128045,1900.0,191974.1115128045,nan,nan,28.32329834898701,ok
CEC2014,DMGSO,19,CEC2014-F19,Hybrid,30,28,,300000,300000,1934.9633274148357,1900.0,34.9633274148357,761,16,34.16361442199559,ok
CEC2014,CMA-ES,19,CEC2014-F19,Hybrid,30,28,1028,300000,115010,1907.0450936916031,1900.0,7.045093691603142,nan,nan,21.011950543994317,ok
CEC2014,DE,19,CEC2014-F19,Hybrid,30,28,1028,300000,299700,1936.6590519728186,1900.0,36.65905197281859,nan,nan,32.6045128400001,ok
CEC2014,PSO,19,CEC2014-F19,Hybrid,30,28,1028,300000,300000,10831.630748179361,1900.0,8931.630748179361,nan,nan,29.402134351010318,ok
CEC2014,DMGSO,19,CEC2014-F19,Hybrid,30,29,,300000,300000,1930.95519410372,1900.0,30.955194103720032,933,13,34.34491641999921,ok
CEC2014,CMA-ES,19,CEC2014-F19,Hybrid,30,29,1029,300000,158130,1910.6270113038174,1900.0,10.627011303817426,nan,nan,28.909244480993948,ok
CEC2014,DE,19,CEC2014-F19,Hybrid,30,29,1029,300000,299700,1929.5666494422496,1900.0,29.566649442249627,nan,nan,33.19663750899781,ok
CEC2014,PSO,19,CEC2014-F19,Hybrid,30,29,1029,300000,300000,1970.4189339324864,1900.0,70.41893393248642,nan,nan,29.146706764993723,ok
CEC2014,DMGSO,20,CEC2014-F20,Hybrid,30,0,,300000,300000,18015.10720856422,2000.0,16015.107208564219,1415,7,12.799194060993614,ok
CEC2014,CMA-ES,20,CEC2014-F20,Hybrid,30,0,1000,300000,114170,2019.994683197268,2000.0,19.994683197267932,nan,nan,12.198373209001147,ok
CEC2014,DE,20,CEC2014-F20,Hybrid,30,0,1000,300000,299700,2364.312905458243,2000.0,364.3129054582432,nan,nan,11.142209329002071,ok
CEC2014,PSO,20,CEC2014-F20,Hybrid,30,0,1000,300000,300000,1318722.7663596524,2000.0,1316722.7663596524,nan,nan,6.872365079005249,ok
CEC2014,DMGSO,20,CEC2014-F20,Hybrid,30,1,,300000,300000,29893.585216080428,2000.0,27893.585216080428,1464,6,12.83322075101023,ok
CEC2014,CMA-ES,20,CEC2014-F20,Hybrid,30,1,1001,300000,142520,2040.5468613908608,2000.0,40.54686139086084,nan,nan,16.20071187200665,ok
CEC2014,DE,20,CEC2014-F20,Hybrid,30,1,1001,300000,299700,2170.889097080484,2000.0,170.88909708048413,nan,nan,11.295414947002428,ok
CEC2014,PSO,20,CEC2014-F20,Hybrid,30,1,1001,300000,300000,7470466826.538279,2000.0,7470464826.538279,nan,nan,6.980005588993663,ok
CEC2014,DMGSO,20,CEC2014-F20,Hybrid,30,2,,300000,300000,40223.18283063943,2000.0,38223.18283063943,1633,4,12.786417258001165,ok
CEC2014,CMA-ES,20,CEC2014-F20,Hybrid,30,2,1002,300000,116410,2019.0036618661154,2000.0,19.003661866115408,nan,nan,12.367789233001531,ok
CEC2014,DE,20,CEC2014-F20,Hybrid,30,2,1002,300000,299700,2186.1594969157154,2000.0,186.1594969157154,nan,nan,11.417559979003272,ok
CEC2014,PSO,20,CEC2014-F20,Hybrid,30,2,1002,300000,300000,288928.0462127526,2000.0,286928.0462127526,nan,nan,7.170102537013008,ok
CEC2014,DMGSO,20,CEC2014-F20,Hybrid,30,3,,300000,300000,34639.53830930045,2000.0,32639.53830930045,1484,6,12.526452759993845,ok
CEC2014,CMA-ES,20,CEC2014-F20,Hybrid,30,3,1003,300000,111160,2024.5411352605165,2000.0,24.541135260516512,nan,nan,12.132530331000453,ok
CEC2014,DE,20,CEC2014-F20,Hybrid,30,3,1003,300000,299700,2322.9996379945756,2000.0,322.99963799457555,nan,nan,11.237638600010541,ok
CEC2014,PSO,20,CEC2014-F20,Hybrid,30,3,1003,300000,300000,66267270623.41969,2000.0,66267268623.41969,nan,nan,7.023496339999838,ok
CEC2014,DMGSO,20,CEC2014-F20,Hybrid,30,4,,300000,300000,40884.317382554334,2000.0,38884.317382554334,1412,6,12.490926707992912,ok
CEC2014,CMA-ES,20,CEC2014-F20,Hybrid,30,4,1004,300000,115920,2028.7716737150931,2000.0,28.77167371509313,nan,nan,12.567272330998094,ok
CEC2014,DE,20,CEC2014-F20,Hybrid,30,4,1004,300000,299700,2263.0939697449926,2000.0,263.0939697449926,nan,nan,11.220052889009821,ok
CEC2014,PSO,20,CEC2014-F20,Hybrid,30,4,1004,300000,300000,541253392.3702868,2000.0,541251392.3702868,nan,nan,7.042225294993841,ok
CEC2014,DMGSO,20,CEC2014-F20,Hybrid,30,5,,300000,300000,33681.328631261385,2000.0,31681.328631261385,1378,7,12.898000690998742,ok
CEC2014,CMA-ES,20,CEC2014-F20,Hybrid,30,5,1005,300000,103180,2093.5979150453463,2000.0,93.59791504534633,nan,nan,11.31517960698693,ok
CEC2014,DE,20,CEC2014-F20,Hybrid,30,5,1005,300000,299700,2201.132435973053,2000.0,201.1324359730529,nan,nan,11.318163143005222,ok
CEC2014,PSO,20,CEC2014-F20,Hybrid,30,5,1005,300000,300000,1411271.6290622985,2000.0,1409271.6290622985,nan,nan,7.108918582001934,ok
CEC2014,DMGSO,20,CEC2014-F20,Hybrid,30,6,,300000,300000,30525.740723255403,2000.0,28525.740723255403,1521,5,12.784705084006418,ok
CEC2014,CMA-ES,20,CEC2014-F20,Hybrid,30,6,1006,300000,149310,2030.6050153141575,2000.0,30.605015314157527,nan,nan,17.268073738989187,ok
CEC2014,DE,20,CEC2014-F20,Hybrid,30,6,1006,300000,299700,2224.424969846892,2000.0,224.42496984689205,nan,nan,11.202960279013496,ok
CEC2014,PSO,20,CEC2014-F20,Hybrid,30,6,1006,300000,300000,65363541287.79251,2000.0,65363539287.79251,nan,nan,7.221781072992599,ok
CEC2014,DMGSO,20,CEC2014-F20,Hybrid,30,7,,300000,300000,50731.70899443265,2000.0,48731.70899443265,1517,5,12.767756183995516,ok
CEC2014,CMA-ES,20,CEC2014-F20,Hybrid,30,7,1007,300000,261940,2016.108362143077,2000.0,16.108362143077102,nan,nan,29.226131293995422,ok
CEC2014,DE,20,CEC2014-F20,Hybrid,30,7,1007,300000,299700,2149.93771661343,2000.0,149.93771661342998,nan,nan,11.127055103002931,ok
CEC2014,PSO,20,CEC2014-F20,Hybrid,30,7,1007,300000,300000,424309.5378507116,2000.0,422309.5378507116,nan,nan,7.218133536007372,ok
CEC2014,DMGSO,20,CEC2014-F20,Hybrid,30,8,,300000,300000,38414.14108857432,2000.0,36414.14108857432,1696,2,12.572536741005024,ok
CEC2014,CMA-ES,20,CEC2014-F20,Hybrid,30,8,1008,300000,180810,2014.120855305941,2000.0,14.12085530594095,nan,nan,19.109328903999995,ok
CEC2014,DE,20,CEC2014-F20,Hybrid,30,8,1008,300000,299700,2185.4963142757892,2000.0,185.49631427578925,nan,nan,10.97579701799259,ok
CEC2014,PSO,20,CEC2014-F20,Hybrid,30,8,1008,300000,300000,806248.0916332185,2000.0,804248.0916332185,nan,nan,6.923436205004691,ok
CEC2014,DMGSO,20,CEC2014-F20,Hybrid,30,9,,300000,300000,34850.939555120334,2000.0,32850.939555120334,1423,6,12.516389958007494,ok
CEC2014,CMA-ES,20,CEC2014-F20,Hybrid,30,9,1009,300000,160300,2290.6924669719588,2000.0,290.69246697195877,nan,nan,17.661704830999952,ok
CEC2014,DE,20,CEC2014-F20,Hybrid,30,9,1009,300000,299700,2304.9739680982216,2000.0,304.9739680982216,nan,nan,11.125714263005648,ok
CEC2014,PSO,20,CEC2014-F20,Hybrid,30,9,1009,300000,300000,9633683360.574934,2000.0,9633681360.574934,nan,nan,6.987493394000921,ok
CEC2014,DMGSO,20,CEC2014-F20,Hybrid,30,10,,300000,300000,23863.032215132604,2000.0,21863.032215132604,1447,6,12.384022223995999,ok
CEC2014,CMA-ES,20,CEC2014-F20,Hybrid,30,10,1010,300000,164500,2024.755081104649,2000.0,24.75508110464898,nan,nan,19.036648230001447,ok
CEC2014,DE,20,CEC2014-F20,Hybrid,30,10,1010,300000,299700,3780.7165477931294,2000.0,1780.7165477931294,nan,nan,10.973317880998366,ok
CEC2014,PSO,20,CEC2014-F20,Hybrid,30,10,1010,300000,300000,1116778223.545738,2000.0,1116776223.545738,nan,nan,6.926342178005143,ok
CEC2014,DMGSO,20,CEC2014-F20,Hybrid,30,11,,300000,300000,22057.832659887536,2000.0,20057.832659887536,1449,7,12.42813749301422,ok
CEC2014,CMA-ES,20,CEC2014-F20,Hybrid,30,11,1011,300000,264810,2019.0319661267383,2000.0,19.031966126738325,nan,nan,33.22896860599576,ok
CEC2014,DE,20,CEC2014-F20,Hybrid,30,11,1011,300000,299700,2242.4906824333893,2000.0,242.49068243338934,nan,nan,11.384784427005798,ok
CEC2014,PSO,20,CEC2014-F20,Hybrid,30,11,1011,300000,300000,309235.5561192373,2000.0,307235.5561192373,nan,nan,7.1735876239981735,ok
CEC2014,DMGSO,20,CEC2014-F20,Hybrid,30,12,,300000,300000,42409.258485467464,2000.0,40409.258485467464,1421,6,12.742534605000401,ok
CEC2014,CMA-ES,20,CEC2014-F20,Hybrid,30,12,1012,300000,198590,2016.6995117216986,2000.0,16.699511721698627,nan,nan,22.857807402004255,ok
CEC2014,DE,20,CEC2014-F20,Hybrid,30,12,1012,300000,299700,2163.1948001314026,2000.0,163.19480013140264,nan,nan,11.841979812001227,ok
CEC2014,PSO,20,CEC2014-F20,Hybrid,30,12,1012,300000,300000,186902.08896012523,2000.0,184902.08896012523,nan,nan,7.467231167000136,ok
CEC2014,DMGSO,20,CEC2014-F20,Hybrid,30,13,,300000,300000,42033.944186235036,2000.0,40033.944186235036,1478,5,13.230803308004397,ok
CEC2014,CMA-ES,20,CEC2014-F20,Hybrid,30,13,1013,300000,110530,2008.2752174584461,2000.0,8.27521745844615,nan,nan,12.597352267999668,ok
CEC2014,DE,20,CEC2014-F20,Hybrid,30,13,1013,300000,299700,2167.046717925579,2000.0,167.04671792557883,nan,nan,11.250205240008654,ok
CEC2014,PSO,20,CEC2014-F20,Hybrid,30,13,1013,300000,300000,18032797517.54684,2000.0,18032795517.54684,nan,nan,7.253038680006284,ok
CEC2014,DMGSO,20,CEC2014-F20,Hybrid,30,14,,300000,300000,37660.63218648501,2000.0,35660.63218648501,1249,1,12.610493063999456,ok
CEC2014,CMA-ES,20,CEC2014-F20,Hybrid,30,14,1014,300000,112210,2010.310254806901,2000.0,10.310254806900957,nan,nan,12.678846142007387,ok
CEC2014,DE,20,CEC2014-F20,Hybrid,30,14,1014,300000,299700,3907.4521304848176,2000.0,1907.4521304848176,nan,nan,11.040068990012514,ok
CEC2014,PSO,20,CEC2014-F20,Hybrid,30,14,1014,300000,300000,176216.70261281828,2000.0,174216.70261281828,nan,nan,6.80245040000591,ok
CEC2014,DMGSO,20,CEC2014-F20,Hybrid,30,15,,300000,300000,43689.22635039946,2000.0,41689.22635039946,1514,6,12.517999411997152,ok
CEC2014,CMA-ES,20,CEC2014-F20,Hybrid,30,15,1015,300000,110390,2016.2499396832093,2000.0,16.249939683209277,nan,nan,12.421336674000486,ok
CEC2014,DE,20,CEC2014-F20,Hybrid,30,15,1015,300000,299700,2226.077650244986,2000.0,226.07765024498622,nan,nan,11.348839858997962,ok
CEC2014,PSO,20,CEC2014-F20,Hybrid,30,15,1015,300000,300000,4099889805.524785,2000.0,4099887805.524785,nan,nan,7.190042367001297,ok
CEC2014,DMGSO,20,CEC2014-F20,Hybrid,30,16,,300000,300000,40051.751577907635,2000.0,38051.751577907635,1515,5,12.784150736013544,ok
CEC2014,CMA-ES,20,CEC2014-F20,Hybrid,30,16,1016,300000,159110,2010.5088211075445,2000.0,10.508821107544463,nan,nan,18.128762045002077,ok
CEC2014,DE,20,CEC2014-F20,Hybrid,30,16,1016,300000,299700,2191.1450678592396,2000.0,191.1450678592396,nan,nan,11.374074000996188,ok
CEC2014,PSO,20,CEC2014-F20,Hybrid,30,16,1016,300000,300000,19690947538.920765,2000.0,19690945538.920765,nan,nan,7.039270271008718,ok
CEC2014,DMGSO,20,CEC2014-F20,Hybrid,30,17,,300000,300000,31261.716954615757,2000.0,29261.716954615757,1525,5,12.865654944005655,ok
CEC2014,CMA-ES,20,CEC2014-F20,Hybrid,30,17,1017,300000,168070,2043.4170582608856,2000.0,43.4170582608856,nan,nan,18.800642511996557,ok
CEC2014,DE,20,CEC2014-F20,Hybrid,30,17,1017,300000,299700,2179.03230803504,2000.0,179.03230803503993,nan,nan,11.110340216997429,ok
CEC2014,PSO,20,CEC2014-F20,Hybrid,30,17,1017,300000,300000,5057791.692699812,2000.0,5055791.692699812,nan,nan,6.933679380003014,ok
CEC2014,DMGSO,20,CEC2014-F20,Hybrid,30,18,,300000,300000,50051.310718537236,2000.0,48051.310718537236,1128,3,12.778890870002215,ok
CEC2014,CMA-ES,20,CEC2014-F20,Hybrid,30,18,1018,300000,146930,2009.4170471630139,2000.0,9.417047163013876,nan,nan,15.460956509006792,ok
CEC2014,DE,20,CEC2014-F20,Hybrid,30,18,1018,300000,299700,3304.0882262666332,2000.0,1304.0882262666332,nan,nan,11.119125172001077,ok
CEC2014,PSO,20,CEC2014-F20,Hybrid,30,18,1018,300000,300000,224498.59069614948,2000.0,222498.59069614948,nan,nan,6.940055838000262,ok
CEC2014,DMGSO,20,CEC2014-F20,Hybrid,30,19,,300000,300000,23359.00256619892,2000.0,21359.00256619892,1387,7,12.60140039298858,ok
CEC2014,CMA-ES,20,CEC2014-F20,Hybrid,30,19,1019,300000,143080,2019.0103080368783,2000.0,19.010308036878314,nan,nan,15.113791124007548,ok
CEC2014,DE,20,CEC2014-F20,Hybrid,30,19,1019,300000,299700,2146.2534314653185,2000.0,146.2534314653185,nan,nan,11.0013756690023,ok
CEC2014,PSO,20,CEC2014-F20,Hybrid,30,19,1019,300000,300000,127126.38618706091,2000.0,125126.38618706091,nan,nan,7.092219879006734,ok
CEC2014,DMGSO,20,CEC2014-F20,Hybrid,30,20,,300000,300000,25533.082209206663,2000.0,23533.082209206663,1567,6,12.737889377996908,ok
CEC2014,CMA-ES,20,CEC2014-F20,Hybrid,30,20,1020,300000,287924,2125.9301179485847,2000.0,125.93011794858467,nan,nan,33.49495780500001,ok
CEC2014,DE,20,CEC2014-F20,Hybrid,30,20,1020,300000,299700,2150.020557375518,2000.0,150.0205573755179,nan,nan,10.909799172994099,ok
CEC2014,PSO,20,CEC2014-F20,Hybrid,30,20,1020,300000,300000,196922.8957709611,2000.0,194922.8957709611,nan,nan,7.226158082004986,ok
CEC2014,DMGSO,20,CEC2014-F20,Hybrid,30,21,,300000,300000,35041.37029545741,2000.0,33041.37029545741,1548,3,13.865205897003761,ok
CEC2014,CMA-ES,20,CEC2014-F20,Hybrid,30,21,1021,300000,153020,2042.570981883386,2000.0,42.57098188338591,nan,nan,16.86217679400579,ok
CEC2014,DE,20,CEC2014-F20,Hybrid,30,21,1021,300000,299700,2455.8143423356255,2000.0,455.8143423356255,nan,nan,11.213679424006841,ok
CEC2014,PSO,20,CEC2014-F20,Hybrid,30,21,1021,300000,300000,18816588873.057262,2000.0,18816586873.057262,nan,nan,7.292604258997017,ok
CEC2014,DMGSO,20,CEC2014-F20,Hybrid,30,22,,300000,300000,31354.810930266667,2000.0,29354.810930266667,1480,5,13.595892512996215,ok
CEC2014,CMA-ES,20,CEC2014-F20,Hybrid,30,22,1022,300000,125510,2021.5298751862265,2000.0,21.52987518622649,nan,nan,14.774378568006796,ok
CEC2014,DE,20,CEC2014-F20,Hybrid,30,22,1022,300000,299700,2112.644696676155,2000.0,112.64469667615504,nan,nan,11.165784508004435,ok
CEC2014,PSO,20,CEC2014-F20,Hybrid,30,22,1022,300000,300000,5915652063.705714,2000.0,5915650063.705714,nan,nan,7.017037115001585,ok
CEC2014,DMGSO,20,CEC2014-F20,Hybrid,30,23,,300000,300000,18455.706653199126,2000.0,16455.706653199126,1570,5,12.636187900003279,ok
CEC2014,CMA-ES,20,CEC2014-F20,Hybrid,30,23,1023,300000,144130,2022.988952419015,2000.0,22.98895241901505,nan,nan,15.656830708001507,ok
CEC2014,DE,20,CEC2014-F20,Hybrid,30,23,1023,300000,299700,12832.459805315775,2000.0,10832.459805315775,nan,nan,11.52441598000587,ok
CEC2014,PSO,20,CEC2014-F20,Hybrid,30,23,1023,300000,300000,258401.97283762615,2000.0,256401.97283762615,nan,nan,7.146265221002977,ok
CEC2014,DMGSO,20,CEC2014-F20,Hybrid,30,24,,300000,300000,52620.03782738808,2000.0,50620.03782738808,1362,7,12.826261447000434,ok
CEC2014,CMA-ES,20,CEC2014-F20,Hybrid,30,24,1024,300000,140770,2031.0051414496963,2000.0,31.00514144969634,nan,nan,17.38511108100647,ok
CEC2014,DE,20,CEC2014-F20,Hybrid,30,24,1024,300000,299700,2100.4804006802847,2000.0,100.48040068028467,nan,nan,11.208661445009056,ok
CEC2014,PSO,20,CEC2014-F20,Hybrid,30,24,1024,300000,300000,242943.20149655844,2000.0,240943.20149655844,nan,nan,7.098778924002545,ok
CEC2014,DMGSO,20,CEC2014-F20,Hybrid,30,25,,300000,300000,40718.932365859684,2000.0,38718.932365859684,1574,4,12.795158060995163,ok
CEC2014,CMA-ES,20,CEC2014-F20,Hybrid,30,25,1025,300000,123410,2046.90339612626,2000.0,46.90339612626008,nan,nan,13.310218707003514,ok
CEC2014,DE,20,CEC2014-F20,Hybrid,30,25,1025,300000,299700,2217.492363725416,2000.0,217.492363725416,nan,nan,10.961377949002781,ok
CEC2014,PSO,20,CEC2014-F20,Hybrid,30,25,1025,300000,300000,21395030010.4874,2000.0,21395028010.4874,nan,nan,6.8627073770039715,ok
CEC2014,DMGSO,20,CEC2014-F20,Hybrid,30,26,,300000,300000,35322.599388321556,2000.0,33322.599388321556,1496,5,12.463763436011504,ok
CEC2014,CMA-ES,20,CEC2014-F20,Hybrid,30,26,1026,300000,141750,2015.138881181202,2000.0,15.138881181201896,nan,nan,15.957101174004492,ok
CEC2014,DE,20,CEC2014-F20,Hybrid,30,26,1026,300000,299700,3599.966681451181,2000.0,1599.966681451181,nan,nan,11.156998820006265,ok
CEC2014,PSO,20,CEC2014-F20,Hybrid,30,26,1026,300000,300000,320353.5825627506,2000.0,318353.5825627506,nan,nan,6.901242194013321,ok
CEC2014,DMGSO,20,CEC2014-F20,Hybrid,30,27,,300000,300000,27967.923116903545,2000.0,25967.923116903545,1495,5,12.410610980005004,ok
CEC2014,CMA-ES,20,CEC2014-F20,Hybrid,30,27,1027,300000,105560,2017.3268137843797,2000.0,17.326813784379738,nan,nan,11.264028389996383,ok
CEC2014,DE,20,CEC2014-F20,Hybrid,30,27,1027,300000,299700,11982.966541562024,2000.0,9982.966541562024,nan,nan,11.178231832003803,ok
CEC2014,PSO,20,CEC2014-F20,Hybrid,30,27,1027,300000,300000,314433.9620415059,2000.0,312433.9620415059,nan,nan,6.830667097994592,ok
CEC2014,DMGSO,20,CEC2014-F20,Hybrid,30,28,,300000,300000,12702.211470877508,2000.0,10702.211470877508,1640,3,12.558733076002682,ok
CEC2014,CMA-ES,20,CEC2014-F20,Hybrid,30,28,1028,300000,111580,2022.0164102788845,2000.0,22.01641027888445,nan,nan,11.897433914011344,ok
CEC2014,DE,20,CEC2014-F20,Hybrid,30,28,1028,300000,299700,2290.9641775339505,2000.0,290.96417753395053,nan,nan,11.140677677001804,ok
CEC2014,PSO,20,CEC2014-F20,Hybrid,30,28,1028,300000,300000,59465322263.680786,2000.0,59465320263.680786,nan,nan,6.87270477299171,ok
CEC2014,DMGSO,20,CEC2014-F20,Hybrid,30,29,,300000,300000,19998.100294860167,2000.0,17998.100294860167,1523,5,12.422083810990443,ok
CEC2014,CMA-ES,20,CEC2014-F20,Hybrid,30,29,1029,300000,108080,2028.235577112307,2000.0,28.235577112307055,nan,nan,12.088154309007223,ok
CEC2014,DE,20,CEC2014-F20,Hybrid,30,29,1029,300000,299700,2106.4453624149496,2000.0,106.44536241494961,nan,nan,11.027346518996637,ok
CEC2014,PSO,20,CEC2014-F20,Hybrid,30,29,1029,300000,300000,183845027.4866665,2000.0,183843027.4866665,nan,nan,6.882858458004193,ok
CEC2014,DMGSO,21,CEC2014-F21,Hybrid,30,0,,300000,300000,55860.144286744515,2100.0,53760.144286744515,1574,5,23.485726718994556,ok
CEC2014,CMA-ES,21,CEC2014-F21,Hybrid,30,0,1000,300000,207130,2101.4885299499742,2100.0,1.488529949974236,nan,nan,30.412109887009137,ok
CEC2014,DE,21,CEC2014-F21,Hybrid,30,0,1000,300000,299700,23698.81923779796,2100.0,21598.81923779796,nan,nan,21.60454174601182,ok
CEC2014,PSO,21,CEC2014-F21,Hybrid,30,0,1000,300000,300000,31042707.624803577,2100.0,31040607.624803577,nan,nan,18.389553246001014,ok
CEC2014,DMGSO,21,CEC2014-F21,Hybrid,30,1,,300000,300000,57703.172577005535,2100.0,55603.172577005535,1733,2,23.56650481899851,ok
CEC2014,CMA-ES,21,CEC2014-F21,Hybrid,30,1,1001,300000,202510,2323.0377606138636,2100.0,223.0377606138636,nan,nan,30.998031112001627,ok
CEC2014,DE,21,CEC2014-F21,Hybrid,30,1,1001,300000,299700,10123.755364023356,2100.0,8023.755364023356,nan,nan,21.590186828005244,ok
CEC2014,PSO,21,CEC2014-F21,Hybrid,30,1,1001,300000,300000,890010.3397088007,2100.0,887910.3397088007,nan,nan,18.08966760300973,ok
CEC2014,DMGSO,21,CEC2014-F21,Hybrid,30,2,,300000,300000,44134.29300437345,2100.0,42034.29300437345,1447,5,23.594493008000427,ok
CEC2014,CMA-ES,21,CEC2014-F21,Hybrid,30,2,1002,300000,201250,2101.9082447456935,2100.0,1.908244745693537,nan,nan,29.411792148006498,ok
CEC2014,DE,21,CEC2014-F21,Hybrid,30,2,1002,300000,299700,8716.70118852992,2100.0,6616.70118852992,nan,nan,22.20228743099142,ok
CEC2014,PSO,21,CEC2014-F21,Hybrid,30,2,1002,300000,300000,7077867.089109409,2100.0,7075767.089109409,nan,nan,18.540662735002115,ok
CEC2014,DMGSO,21,CEC2014-F21,Hybrid,30,3,,300000,300000,33573.19598867235,2100.0,31473.19598867235,1587,4,24.691596981996554,ok
CEC2014,CMA-ES,21,CEC2014-F21,Hybrid,30,3,1003,300000,299992,2909.0716320504544,2100.0,809.0716320504544,nan,nan,48.39704536300269,ok
CEC2014,DE,21,CEC2014-F21,Hybrid,30,3,1003,300000,299700,7121.074126482681,2100.0,5021.074126482681,nan,nan,23.233966255997075,ok
CEC2014,PSO,21,CEC2014-F21,Hybrid,30,3,1003,300000,300000,51764541.99819256,2100.0,51762441.99819256,nan,nan,18.118601858994225,ok
CEC2014,DMGSO,21,CEC2014-F21,Hybrid,30,4,,300000,300000,34211.458085419814,2100.0,32111.458085419814,1587,3,23.7507717670087,ok
CEC2014,CMA-ES,21,CEC2014-F21,Hybrid,30,4,1004,300000,299992,2105.6692200713105,2100.0,5.669220071310519,nan,nan,47.44699575800041,ok
CEC2014,DE,21,CEC2014-F21,Hybrid,30,4,1004,300000,299700,14197.0310750529,2100.0,12097.0310750529,nan,nan,23.18858292400546,ok
CEC2014,PSO,21,CEC2014-F21,Hybrid,30,4,1004,300000,300000,150778907.46175873,2100.0,150776807.46175873,nan,nan,17.74694080799236,ok
CEC2014,DMGSO,21,CEC2014-F21,Hybrid,30,5,,300000,300000,48840.92103784019,2100.0,46740.92103784019,1533,4,25.12590970999736,ok
CEC2014,CMA-ES,21,CEC2014-F21,Hybrid,30,5,1005,300000,198240,2105.7013413888876,2100.0,5.701341388887613,nan,nan,30.207831046005595,ok
CEC2014,DE,21,CEC2014-F21,Hybrid,30,5,1005,300000,299700,6073.739093648392,2100.0,3973.7390936483916,nan,nan,22.442559775998234,ok
CEC2014,PSO,21,CEC2014-F21,Hybrid,30,5,1005,300000,300000,19059734.437600262,2100.0,19057634.437600262,nan,nan,18.046893011996872,ok
CEC2014,DMGSO,21,CEC2014-F21,Hybrid,30,6,,300000,300000,58136.440067682895,2100.0,56036.440067682895,1550,4,24.183725177994347,ok
CEC2014,CMA-ES,21,CEC2014-F21,Hybrid,30,6,1006,300000,212100,2105.9087884591945,2100.0,5.908788459194511,nan,nan,33.8435003439954,ok
CEC2014,DE,21,CEC2014-F21,Hybrid,30,6,1006,300000,299700,8586.253606392824,2100.0,6486.253606392824,nan,nan,22.399890581000363,ok
CEC2014,PSO,21,CEC2014-F21,Hybrid,30,6,1006,300000,300000,47357035.483667925,2100.0,47354935.483667925,nan,nan,17.74906819500029,ok
CEC2014,DMGSO,21,CEC2014-F21,Hybrid,30,7,,300000,300000,44340.59927595764,2100.0,42240.59927595764,1782,1,24.227998604997993,ok
CEC2014,CMA-ES,21,CEC2014-F21,Hybrid,30,7,1007,300000,245420,2968.38359603298,2100.0,868.3835960329802,nan,nan,40.211343126007705,ok
CEC2014,DE,21,CEC2014-F21,Hybrid,30,7,1007,300000,299700,38198.479068242916,2100.0,36098.479068242916,nan,nan,21.50781134699355,ok
CEC2014,PSO,21,CEC2014-F21,Hybrid,30,7,1007,300000,300000,4042091.36969129,2100.0,4039991.36969129,nan,nan,18.34323594100715,ok
CEC2014,DMGSO,21,CEC2014-F21,Hybrid,30,8,,300000,300000,37644.742823148204,2100.0,35544.742823148204,1647,3,24.21213978700689,ok
CEC2014,CMA-ES,21,CEC2014-F21,Hybrid,30,8,1008,300000,229166,2319.2235788722373,2100.0,219.22357887223734,nan,nan,36.112048534007045,ok
CEC2014,DE,21,CEC2014-F21,Hybrid,30,8,1008,300000,299700,4078.943531046017,2100.0,1978.9435310460171,nan,nan,22.64474753801187,ok
CEC2014,PSO,21,CEC2014-F21,Hybrid,30,8,1008,300000,300000,21217695.3574752,2100.0,21215595.3574752,nan,nan,17.987081682003918,ok
CEC2014,DMGSO,21,CEC2014-F21,Hybrid,30,9,,300000,300000,49374.69499769033,2100.0,47274.69499769033,1533,6,22.857098884007428,ok
CEC2014,CMA-ES,21,CEC2014-F21,Hybrid,30,9,1009,300000,183610,2458.9435862138175,2100.0,358.9435862138175,nan,nan,29.851646390001406,ok
CEC2014,DE,21,CEC2014-F21,Hybrid,30,9,1009,300000,299700,5286.791045822729,2100.0,3186.791045822729,nan,nan,22.022733384001185,ok
CEC2014,PSO,21,CEC2014-F21,Hybrid,30,9,1009,300000,300000,5917468.242436392,2100.0,5915368.242436392,nan,nan,17.787716132006608,ok
CEC2014,DMGSO,21,CEC2014-F21,Hybrid,30,10,,300000,300000,28799.831317638702,2100.0,26699.831317638702,1565,5,23.354312290000962,ok
CEC2014,CMA-ES,21,CEC2014-F21,Hybrid,30,10,1010,300000,120610,2105.9343435776927,2100.0,5.934343577692744,nan,nan,18.208222068002215,ok
CEC2014,DE,21,CEC2014-F21,Hybrid,30,10,1010,300000,299700,5699.307569923785,2100.0,3599.307569923785,nan,nan,21.41854469900136,ok
CEC2014,PSO,21,CEC2014-F21,Hybrid,30,10,1010,300000,300000,190010057.3698849,2100.0,190007957.3698849,nan,nan,16.924249771996983,ok
CEC2014,DMGSO,21,CEC2014-F21,Hybrid,30,11,,300000,300000,41504.35138654389,2100.0,39404.35138654389,1558,5,23.11447028699331,ok
CEC2014,CMA-ES,21,CEC2014-F21,Hybrid,30,11,1011,300000,227920,2747.4848561088656,2100.0,647.4848561088656,nan,nan,34.318396750008105,ok
CEC2014,DE,21,CEC2014-F21,Hybrid,30,11,1011,300000,299700,4183.650038895364,2100.0,2083.6500388953637,nan,nan,21.216395058989292,ok
CEC2014,PSO,21,CEC2014-F21,Hybrid,30,11,1011,300000,300000,53921477.56491076,2100.0,53919377.56491076,nan,nan,17.82703371399839,ok
CEC2014,DMGSO,21,CEC2014-F21,Hybrid,30,12,,300000,300000,43535.97274543635,2100.0,41435.97274543635,1624,4,23.614227758997004,ok
CEC2014,CMA-ES,21,CEC2014-F21,Hybrid,30,12,1012,300000,193340,2529.9027411747106,2100.0,429.9027411747106,nan,nan,30.136844109001686,ok
CEC2014,DE,21,CEC2014-F21,Hybrid,30,12,1012,300000,299700,3971.361177945084,2100.0,1871.361177945084,nan,nan,21.777852213999722,ok
CEC2014,PSO,21,CEC2014-F21,Hybrid,30,12,1012,300000,300000,821552584.2761352,2100.0,821550484.2761352,nan,nan,17.29719449300319,ok
CEC2014,DMGSO,21,CEC2014-F21,Hybrid,30,13,,300000,300000,28784.76077127106,2100.0,26684.76077127106,1662,3,23.089715399997658,ok
CEC2014,CMA-ES,21,CEC2014-F21,Hybrid,30,13,1013,300000,204960,2319.0052187150573,2100.0,219.00521871505725,nan,nan,33.473501061002025,ok
CEC2014,DE,21,CEC2014-F21,Hybrid,30,13,1013,300000,299700,5005.317818557427,2100.0,2905.317818557427,nan,nan,21.93957072601188,ok
CEC2014,PSO,21,CEC2014-F21,Hybrid,30,13,1013,300000,300000,105989.04323504234,2100.0,103889.04323504234,nan,nan,17.700800150996656,ok
CEC2014,DMGSO,21,CEC2014-F21,Hybrid,30,14,,300000,300000,31929.11293408636,2100.0,29829.11293408636,1555,3,23.313402436004253,ok
CEC2014,CMA-ES,21,CEC2014-F21,Hybrid,30,14,1014,300000,189490,2101.8499343463495,2100.0,1.849934346349528,nan,nan,28.420097199996235,ok
CEC2014,DE,21,CEC2014-F21,Hybrid,30,14,1014,300000,299700,6232.715225459797,2100.0,4132.715225459797,nan,nan,22.06376945399097,ok
CEC2014,PSO,21,CEC2014-F21,Hybrid,30,14,1014,300000,300000,96404025.93358529,2100.0,96401925.93358529,nan,nan,18.175592093000887,ok
CEC2014,DMGSO,21,CEC2014-F21,Hybrid,30,15,,300000,300000,38681.9517369045,2100.0,36581.9517369045,1547,5,24.484655605003354,ok
CEC2014,CMA-ES,21,CEC2014-F21,Hybrid,30,15,1015,300000,83846,2681.2065859192094,2100.0,581.2065859192094,nan,nan,12.02837155299494,ok
CEC2014,DE,21,CEC2014-F21,Hybrid,30,15,1015,300000,299700,7059.926529950609,2100.0,4959.926529950609,nan,nan,22.781605430995114,ok
CEC2014,PSO,21,CEC2014-F21,Hybrid,30,15,1015,300000,300000,3989006.6190973315,2100.0,3986906.6190973315,nan,nan,18.638484781011357,ok
CEC2014,DMGSO,21,CEC2014-F21,Hybrid,30,16,,300000,300000,37702.74601026079,2100.0,35602.74601026079,1544,4,24.133258169007604,ok
CEC2014,CMA-ES,21,CEC2014-F21,Hybrid,30,16,1016,300000,299992,2101.9060257992423,2100.0,1.906025799242343,nan,nan,46.94796236199909,ok
CEC2014,DE,21,CEC2014-F21,Hybrid,30,16,1016,300000,299700,4598.3235995810355,2100.0,2498.3235995810355,nan,nan,21.99703572600265,ok
CEC2014,PSO,21,CEC2014-F21,Hybrid,30,16,1016,300000,300000,17661005.050955296,2100.0,17658905.050955296,nan,nan,17.98726763400191,ok
CEC2014,DMGSO,21,CEC2014-F21,Hybrid,30,17,,300000,300000,50864.0859900775,2100.0,48764.0859900775,1464,6,23.695830355005455,ok
CEC2014,CMA-ES,21,CEC2014-F21,Hybrid,30,17,1017,300000,156660,2536.592428334894,2100.0,436.59242833489407,nan,nan,23.4116112000047,ok
CEC2014,DE,21,CEC2014-F21,Hybrid,30,17,1017,300000,299700,21219.843950241597,2100.0,19119.843950241597,nan,nan,21.905392906002817,ok
CEC2014,PSO,21,CEC2014-F21,Hybrid,30,17,1017,300000,300000,150376.27430787013,2100.0,148276.27430787013,nan,nan,18.109856584997033,ok
CEC2014,DMGSO,21,CEC2014-F21,Hybrid,30,18,,300000,300000,48694.00622776752,2100.0,46594.00622776752,1575,4,23.404488202999346,ok
CEC2014,CMA-ES,21,CEC2014-F21,Hybrid,30,18,1018,300000,227640,2101.2769984641013,2100.0,1.2769984641013252,nan,nan,34.933782890992006,ok
CEC2014,DE,21,CEC2014-F21,Hybrid,30,18,1018,300000,299700,3713.5294797513816,2100.0,1613.5294797513816,nan,nan,21.950607113991282,ok
CEC2014,PSO,21,CEC2014-F21,Hybrid,30,18,1018,300000,300000,18922454.125146087,2100.0,18920354.125146087,nan,nan,17.804521625992493,ok
CEC2014,DMGSO,21,CEC2014-F21,Hybrid,30,19,,300000,300000,64956.83105713968,2100.0,62856.83105713968,1640,3,23.833412678010063,ok
CEC2014,CMA-ES,21,CEC2014-F21,Hybrid,30,19,1019,300000,293440,2319.1019565595825,2100.0,219.1019565595825,nan,nan,44.89123091800138,ok
CEC2014,DE,21,CEC2014-F21,Hybrid,30,19,1019,300000,299700,22039.547953510028,2100.0,19939.547953510028,nan,nan,21.929460664003273,ok
CEC2014,PSO,21,CEC2014-F21,Hybrid,30,19,1019,300000,300000,79171221.65281087,2100.0,79169121.65281087,nan,nan,16.949485093005933,ok
CEC2014,DMGSO,21,CEC2014-F21,Hybrid,30,20,,300000,300000,63275.08535715478,2100.0,61175.08535715478,1727,2,23.81622574600624,ok
CEC2014,CMA-ES,21,CEC2014-F21,Hybrid,30,20,1020,300000,189980,2101.8197826556775,2100.0,1.8197826556774999,nan,nan,29.15248454399989,ok
CEC2014,DE,21,CEC2014-F21,Hybrid,30,20,1020,300000,299700,6024.456605081525,2100.0,3924.4566050815247,nan,nan,21.68082427101035,ok
CEC2014,PSO,21,CEC2014-F21,Hybrid,30,20,1020,300000,300000,341598.1801976942,2100.0,339498.1801976942,nan,nan,17.420726397002,ok
CEC2014,DMGSO,21,CEC2014-F21,Hybrid,30,21,,300000,300000,34286.94036414866,2100.0,32186.940364148657,1456,6,23.100494104000973,ok
CEC2014,CMA-ES,21,CEC2014-F21,Hybrid,30,21,1021,300000,299992,2536.011845601471,2100.0,436.0118456014711,nan,nan,46.760729097994044,ok
CEC2014,DE,21,CEC2014-F21,Hybrid,30,21,1021,300000,299700,5648.199204729181,2100.0,3548.1992047291806,nan,nan,21.93796773000213,ok
CEC2014,PSO,21,CEC2014-F21,Hybrid,30,21,1021,300000,300000,3133848.813705654,2100.0,3131748.813705654,nan,nan,17.74118275901128,ok
CEC2014,DMGSO,21,CEC2014-F21,Hybrid,30,22,,300000,300000,25005.162745244754,2100.0,22905.162745244754,1673,3,23.755551319991355,ok
CEC2014,CMA-ES,21,CEC2014-F21,Hybrid,30,22,1022,300000,195650,2101.8618245177236,2100.0,1.8618245177235622,nan,nan,30.84863382099138,ok
CEC2014,DE,21,CEC2014-F21,Hybrid,30,22,1022,300000,299700,4290.181627764316,2100.0,2190.1816277643156,nan,nan,21.442099350999342,ok
CEC2014,PSO,21,CEC2014-F21,Hybrid,30,22,1022,300000,300000,16889172.464125365,2100.0,16887072.464125365,nan,nan,18.26387037600216,ok
CEC2014,DMGSO,21,CEC2014-F21,Hybrid,30,23,,300000,300000,40417.89661341673,2100.0,38317.89661341673,1607,5,23.77798774599796,ok
CEC2014,CMA-ES,21,CEC2014-F21,Hybrid,30,23,1023,300000,246750,2539.8628668994647,2100.0,439.86286689946473,nan,nan,38.80646493298991,ok
CEC2014,DE,21,CEC2014-F21,Hybrid,30,23,1023,300000,299700,25942.797815874896,2100.0,23842.797815874896,nan,nan,21.56880416799686,ok
CEC2014,PSO,21,CEC2014-F21,Hybrid,30,23,1023,300000,300000,54870238.085072465,2100.0,54868138.085072465,nan,nan,17.593958344994462,ok
CEC2014,DMGSO,21,CEC2014-F21,Hybrid,30,24,,300000,300000,22471.51094334396,2100.0,20371.51094334396,1649,3,23.57753368500562,ok
CEC2014,CMA-ES,21,CEC2014-F21,Hybrid,30,24,1024,300000,133350,2101.769730342921,2100.0,1.769730342920866,nan,nan,20.031456456999877,ok
CEC2014,DE,21,CEC2014-F21,Hybrid,30,24,1024,300000,299700,7796.095277635446,2100.0,5696.095277635446,nan,nan,21.792424257990206,ok
CEC2014,PSO,21,CEC2014-F21,Hybrid,30,24,1024,300000,300000,2226644.5083707757,2100.0,2224544.5083707757,nan,nan,17.85340112200356,ok
CEC2014,DMGSO,21,CEC2014-F21,Hybrid,30,25,,300000,300000,28013.928528448545,2100.0,25913.928528448545,1652,3,23.790496988993254,ok
CEC2014,CMA-ES,21,CEC2014-F21,Hybrid,30,25,1025,300000,255850,2530.102626306359,2100.0,430.10262630635907,nan,nan,38.06763894199685,ok
CEC2014,DE,21,CEC2014-F21,Hybrid,30,25,1025,300000,299700,4368.783065374037,2100.0,2268.7830653740366,nan,nan,21.549839287006762,ok
CEC2014,PSO,21,CEC2014-F21,Hybrid,30,25,1025,300000,300000,208885.97524961288,2100.0,206785.97524961288,nan,nan,17.912632469000528,ok
CEC2014,DMGSO,21,CEC2014-F21,Hybrid,30,26,,300000,300000,45238.694829445434,2100.0,43138.694829445434,1739,2,23.44060386600904,ok
CEC2014,CMA-ES,21,CEC2014-F21,Hybrid,30,26,1026,300000,137410,2674.4388974743224,2100.0,574.4388974743224,nan,nan,21.028317844000412,ok
CEC2014,DE,21,CEC2014-F21,Hybrid,30,26,1026,300000,299700,12144.144231500051,2100.0,10044.144231500051,nan,nan,21.350144632000593,ok
CEC2014,PSO,21,CEC2014-F21,Hybrid,30,26,1026,300000,300000,206771876.7654499,2100.0,206769776.7654499,nan,nan,17.71553098699951,ok
CEC2014,DMGSO,21,CEC2014-F21,Hybrid,30,27,,300000,300000,39613.40330062162,2100.0,37513.40330062162,1687,2,23.726368679999723,ok
CEC2014,CMA-ES,21,CEC2014-F21,Hybrid,30,27,1027,300000,156030,2886.706722332657,2100.0,786.7067223326571,nan,nan,24.842005245998735,ok
CEC2014,DE,21,CEC2014-F21,Hybrid,30,27,1027,300000,299700,9965.61235896382,2100.0,7865.612358963819,nan,nan,21.646615827005007,ok
CEC2014,PSO,21,CEC2014-F21,Hybrid,30,27,1027,300000,300000,5963239.197887904,2100.0,5961139.197887904,nan,nan,17.672164110001177,ok
CEC2014,DMGSO,21,CEC2014-F21,Hybrid,30,28,,300000,300000,25307.306614771645,2100.0,23207.306614771645,1438,6,23.364581692003412,ok
CEC2014,CMA-ES,21,CEC2014-F21,Hybrid,30,28,1028,300000,191478,2101.9402965171334,2100.0,1.9402965171334472,nan,nan,30.34608204300457,ok
CEC2014,DE,21,CEC2014-F21,Hybrid,30,28,1028,300000,299700,6909.075342035717,2100.0,4809.075342035717,nan,nan,21.70517133899557,ok
CEC2014,PSO,21,CEC2014-F21,Hybrid,30,28,1028,300000,300000,14509030.047926899,2100.0,14506930.047926899,nan,nan,17.589350232010474,ok
CEC2014,DMGSO,21,CEC2014-F21,Hybrid,30,29,,300000,300000,49057.37765999999,2100.0,46957.37765999999,1621,5,23.097185657999944,ok
CEC2014,CMA-ES,21,CEC2014-F21,Hybrid,30,29,1029,300000,171080,2102.0970130331507,2100.0,2.097013033150688,nan,nan,25.986967194010504,ok
CEC2014,DE,21,CEC2014-F21,Hybrid,30,29,1029,300000,299700,15387.705074939666,2100.0,13287.705074939666,nan,nan,21.152343091001967,ok
CEC2014,PSO,21,CEC2014-F21,Hybrid,30,29,1029,300000,300000,802624.4571374693,2100.0,800524.4571374693,nan,nan,17.359560210999916,ok
CEC2014,DMGSO,22,CEC2014-F22,Hybrid,30,0,,300000,300000,2850.962034051722,2200.0,650.9620340517222,1096,13,72.69622552199871,ok
CEC2014,CMA-ES,22,CEC2014-F22,Hybrid,30,0,1000,300000,68810,2438.833390951412,2200.0,238.83339095141218,nan,nan,21.544324006012175,ok
CEC2014,DE,22,CEC2014-F22,Hybrid,30,0,1000,300000,299700,2454.1589954685446,2200.0,254.15899546854462,nan,nan,70.23273101799714,ok
CEC2014,PSO,22,CEC2014-F22,Hybrid,30,0,1000,300000,300000,4505.063480808274,2200.0,2305.063480808274,nan,nan,66.90283453300071,ok
CEC2014,DMGSO,22,CEC2014-F22,Hybrid,30,1,,300000,300000,2786.840993750098,2200.0,586.8409937500978,1138,12,72.33033930500096,ok
CEC2014,CMA-ES,22,CEC2014-F22,Hybrid,30,1,1001,300000,80192,2221.137737433044,2200.0,21.137737433044094,nan,nan,25.39048949800781,ok
CEC2014,DE,22,CEC2014-F22,Hybrid,30,1,1001,300000,299700,2232.8636750863657,2200.0,32.863675086365674,nan,nan,72.99568455001281,ok
CEC2014,PSO,22,CEC2014-F22,Hybrid,30,1,1001,300000,300000,4179.602108964228,2200.0,1979.6021089642281,nan,nan,69.77719598800468,ok
CEC2014,DMGSO,22,CEC2014-F22,Hybrid,30,2,,300000,300000,2573.0832023898697,2200.0,373.0832023898697,1155,12,74.35083037400909,ok
CEC2014,CMA-ES,22,CEC2014-F22,Hybrid,30,2,1002,300000,64512,2440.5914504596203,2200.0,240.59145045962032,nan,nan,21.015583126005367,ok
CEC2014,DE,22,CEC2014-F22,Hybrid,30,2,1002,300000,299700,2234.7085854467978,2200.0,34.70858544679777,nan,nan,71.07525267999154,ok
CEC2014,PSO,22,CEC2014-F22,Hybrid,30,2,1002,300000,300000,3484.8540773711375,2200.0,1284.8540773711375,nan,nan,69.01059345500835,ok
CEC2014,DMGSO,22,CEC2014-F22,Hybrid,30,3,,300000,300000,3719.242145684486,2200.0,1519.2421456844859,135,0,72.56380453200836,ok
CEC2014,CMA-ES,22,CEC2014-F22,Hybrid,30,3,1003,300000,102830,2658.5108024767983,2200.0,458.5108024767983,nan,nan,33.486495430988725,ok
CEC2014,DE,22,CEC2014-F22,Hybrid,30,3,1003,300000,299700,2883.8671403112317,2200.0,683.8671403112317,nan,nan,71.10872324700176,ok
CEC2014,PSO,22,CEC2014-F22,Hybrid,30,3,1003,300000,300000,4511.454887522783,2200.0,2311.454887522783,nan,nan,67.37493915300001,ok
CEC2014,DMGSO,22,CEC2014-F22,Hybrid,30,4,,300000,300000,2407.518489481388,2200.0,207.51848948138786,1240,11,74.41753574600443,ok
CEC2014,CMA-ES,22,CEC2014-F22,Hybrid,30,4,1004,300000,77490,2439.3897679662396,2200.0,239.38976796623956,nan,nan,23.987924661007128,ok
CEC2014,DE,22,CEC2014-F22,Hybrid,30,4,1004,300000,299700,2454.2115447784645,2200.0,254.21154477846449,nan,nan,71.52184318500804,ok
CEC2014,PSO,22,CEC2014-F22,Hybrid,30,4,1004,300000,300000,5325.008648303787,2200.0,3125.0086483037867,nan,nan,69.58919695700752,ok
CEC2014,DMGSO,22,CEC2014-F22,Hybrid,30,5,,300000,300000,2593.3628920006495,2200.0,393.3628920006495,1179,12,73.81951094699616,ok
CEC2014,CMA-ES,22,CEC2014-F22,Hybrid,30,5,1005,300000,72450,2440.012324911448,2200.0,240.0123249114481,nan,nan,23.344902337004896,ok
CEC2014,DE,22,CEC2014-F22,Hybrid,30,5,1005,300000,299700,2457.3904592050703,2200.0,257.39045920507033,nan,nan,69.24458114300796,ok
CEC2014,PSO,22,CEC2014-F22,Hybrid,30,5,1005,300000,300000,8499.528395492754,2200.0,6299.5283954927545,nan,nan,67.36545093799941,ok
CEC2014,DMGSO,22,CEC2014-F22,Hybrid,30,6,,300000,300000,2832.3209595521103,2200.0,632.3209595521103,1176,11,71.3041157300031,ok
CEC2014,CMA-ES,22,CEC2014-F22,Hybrid,30,6,1006,300000,70014,2440.063465908521,2200.0,240.0634659085208,nan,nan,21.880655151995597,ok
CEC2014,DE,22,CEC2014-F22,Hybrid,30,6,1006,300000,299700,2450.2566696704507,2200.0,250.25666967045072,nan,nan,70.88716894299432,ok
CEC2014,PSO,22,CEC2014-F22,Hybrid,30,6,1006,300000,300000,7915.647222682594,2200.0,5715.647222682594,nan,nan,67.91846292199625,ok
CEC2014,DMGSO,22,CEC2014-F22,Hybrid,30,7,,300000,300000,2627.66358962132,2200.0,427.66358962132017,1129,11,72.51678070399794,ok
CEC2014,CMA-ES,22,CEC2014-F22,Hybrid,30,7,1007,300000,62090,2224.4065136854174,2200.0,24.406513685417394,nan,nan,19.21395997199579,ok
CEC2014,DE,22,CEC2014-F22,Hybrid,30,7,1007,300000,299700,2458.5276960887422,2200.0,258.52769608874223,nan,nan,69.04339299500862,ok
CEC2014,PSO,22,CEC2014-F22,Hybrid,30,7,1007,300000,300000,8760.894386532924,2200.0,6560.894386532924,nan,nan,67.43485015499755,ok
CEC2014,DMGSO,22,CEC2014-F22,Hybrid,30,8,,300000,300000,2737.338626817153,2200.0,537.338626817153,1186,10,73.26773103099549,ok
CEC2014,CMA-ES,22,CEC2014-F22,Hybrid,30,8,1008,300000,65030,2658.4099085936164,2200.0,458.40990859361636,nan,nan,22.294308784010354,ok
CEC2014,DE,22,CEC2014-F22,Hybrid,30,8,1008,300000,299700,2669.207609437955,2200.0,469.20760943795494,nan,nan,72.98545521000051,ok
CEC2014,PSO,22,CEC2014-F22,Hybrid,30,8,1008,300000,300000,4310.23192543543,2200.0,2110.2319254354297,nan,nan,69.70156614598818,ok
CEC2014,DMGSO,22,CEC2014-F22,Hybrid,30,9,,300000,300000,2888.2669311733107,2200.0,688.2669311733107,1161,12,73.7713560530101,ok
CEC2014,CMA-ES,22,CEC2014-F22,Hybrid,30,9,1009,300000,64890,2440.8113412685875,2200.0,240.8113412685875,nan,nan,21.55207731499104,ok
CEC2014,DE,22,CEC2014-F22,Hybrid,30,9,1009,300000,299700,2671.786613315397,2200.0,471.78661331539706,nan,nan,72.54347569699166,ok
CEC2014,PSO,22,CEC2014-F22,Hybrid,30,9,1009,300000,300000,3305.581530581442,2200.0,1105.5815305814422,nan,nan,69.12333151600615,ok
CEC2014,DMGSO,22,CEC2014-F22,Hybrid,30,10,,300000,300000,2666.936235096556,2200.0,466.9362350965562,1140,12,74.69808638800168,ok
CEC2014,CMA-ES,22,CEC2014-F22,Hybrid,30,10,1010,300000,79730,2439.216725219649,2200.0,239.2167252196491,nan,nan,26.784697441005846,ok
CEC2014,DE,22,CEC2014-F22,Hybrid,30,10,1010,300000,299700,2671.335783461664,2200.0,471.33578346166405,nan,nan,72.54304401500849,ok
CEC2014,PSO,22,CEC2014-F22,Hybrid,30,10,1010,300000,300000,3197.85464667437,2200.0,997.8546466743701,nan,nan,70.56434392200026,ok
CEC2014,DMGSO,22,CEC2014-F22,Hybrid,30,11,,300000,300000,2443.1702435603734,2200.0,243.17024356037336,1182,12,77.06092406199605,ok
CEC2014,CMA-ES,22,CEC2014-F22,Hybrid,30,11,1011,300000,65660,2659.192088949936,2200.0,459.1920889499361,nan,nan,22.756945966990315,ok
CEC2014,DE,22,CEC2014-F22,Hybrid,30,11,1011,300000,299700,2457.289425060071,2200.0,257.28942506007115,nan,nan,74.5025573699968,ok
CEC2014,PSO,22,CEC2014-F22,Hybrid,30,11,1011,300000,300000,2630.9751651047927,2200.0,430.9751651047927,nan,nan,69.42051740299212,ok
CEC2014,DMGSO,22,CEC2014-F22,Hybrid,30,12,,300000,300000,3080.4627663669476,2200.0,880.4627663669476,1188,12,73.2872477859928,ok
CEC2014,CMA-ES,22,CEC2014-F22,Hybrid,30,12,1012,300000,82390,2440.2037360725435,2200.0,240.2037360725435,nan,nan,27.6872366519965,ok
CEC2014,DE,22,CEC2014-F22,Hybrid,30,12,1012,300000,299700,2671.340783566153,2200.0,471.3407835661528,nan,nan,71.13609239899961,ok
CEC2014,PSO,22,CEC2014-F22,Hybrid,30,12,1012,300000,300000,9531.812119698177,2200.0,7331.812119698177,nan,nan,68.29851407400565,ok
CEC2014,DMGSO,22,CEC2014-F22,Hybrid,30,13,,300000,300000,2687.484161030571,2200.0,487.48416103057116,1154,12,73.41431315199588,ok
CEC2014,CMA-ES,22,CEC2014-F22,Hybrid,30,13,1013,300000,56084,2440.3477121709575,2200.0,240.3477121709575,nan,nan,19.291083497009822,ok
CEC2014,DE,22,CEC2014-F22,Hybrid,30,13,1013,300000,299700,2452.494535141962,2200.0,252.49453514196193,nan,nan,72.05376559800061,ok
CEC2014,PSO,22,CEC2014-F22,Hybrid,30,13,1013,300000,300000,12400.480383004697,2200.0,10200.480383004697,nan,nan,68.68104043399217,ok
CEC2014,DMGSO,22,CEC2014-F22,Hybrid,30,14,,300000,300000,3236.4345989085987,2200.0,1036.4345989085987,1169,12,72.61593136900046,ok
CEC2014,CMA-ES,22,CEC2014-F22,Hybrid,30,14,1014,300000,67802,2438.8589049739057,2200.0,238.85890497390574,nan,nan,23.048292289007804,ok
CEC2014,DE,22,CEC2014-F22,Hybrid,30,14,1014,300000,299700,2235.980405829568,2200.0,35.9804058295681,nan,nan,71.91824878299667,ok
CEC2014,PSO,22,CEC2014-F22,Hybrid,30,14,1014,300000,300000,13723.953186795954,2200.0,11523.953186795954,nan,nan,68.31603735400131,ok
CEC2014,DMGSO,22,CEC2014-F22,Hybrid,30,15,,300000,300000,2600.77145251333,2200.0,400.77145251333013,1154,12,73.34183256099641,ok
CEC2014,CMA-ES,22,CEC2014-F22,Hybrid,30,15,1015,300000,74788,2221.6349138371697,2200.0,21.634913837169734,nan,nan,23.174942449011724,ok
CEC2014,DE,22,CEC2014-F22,Hybrid,30,15,1015,300000,299700,2956.940314963931,2200.0,756.9403149639311,nan,nan,73.24222757300595,ok
CEC2014,PSO,22,CEC2014-F22,Hybrid,30,15,1015,300000,300000,2386453.5753421793,2200.0,2384253.5753421793,nan,nan,69.03151515699574,ok
CEC2014,DMGSO,22,CEC2014-F22,Hybrid,30,16,,300000,300000,2428.8072424498077,2200.0,228.80724244980775,1246,11,72.85716531799699,ok
CEC2014,CMA-ES,22,CEC2014-F22,Hybrid,30,16,1016,300000,58128,2658.3358370740725,2200.0,458.3358370740725,nan,nan,19.286635145996115,ok
CEC2014,DE,22,CEC2014-F22,Hybrid,30,16,1016,300000,299700,2887.7945039482156,2200.0,687.7945039482156,nan,nan,71.27812169599929,ok
CEC2014,PSO,22,CEC2014-F22,Hybrid,30,16,1016,300000,300000,8294.92241063962,2200.0,6094.92241063962,nan,nan,69.01041055300448,ok
CEC2014,DMGSO,22,CEC2014-F22,Hybrid,30,17,,300000,300000,2677.3283673555725,2200.0,477.3283673555725,1138,12,74.0396004429931,ok
CEC2014,CMA-ES,22,CEC2014-F22,Hybrid,30,17,1017,300000,60830,2657.5566145541256,2200.0,457.55661455412564,nan,nan,20.184831917009433,ok
CEC2014,DE,22,CEC2014-F22,Hybrid,30,17,1017,300000,299700,2455.993604712784,2200.0,255.99360471278396,nan,nan,74.40647999700741,ok
CEC2014,PSO,22,CEC2014-F22,Hybrid,30,17,1017,300000,300000,4792.919256775413,2200.0,2592.9192567754126,nan,nan,68.89348707199679,ok
CEC2014,DMGSO,22,CEC2014-F22,Hybrid,30,18,,300000,300000,2408.5181100169593,2200.0,208.51811001695933,1191,12,74.13782473499305,ok
CEC2014,CMA-ES,22,CEC2014-F22,Hybrid,30,18,1018,300000,75740,2220.869674548004,2200.0,20.869674548003786,nan,nan,23.68512935898616,ok
CEC2014,DE,22,CEC2014-F22,Hybrid,30,18,1018,300000,299700,2458.3235954598576,2200.0,258.32359545985764,nan,nan,76.70071240699326,ok
CEC2014,PSO,22,CEC2014-F22,Hybrid,30,18,1018,300000,300000,8436.01286652076,2200.0,6236.012866520759,nan,nan,74.32826922299864,ok
CEC2014,DMGSO,22,CEC2014-F22,Hybrid,30,19,,300000,300000,2362.088361889705,2200.0,162.08836188970508,1176,12,74.23501412699989,ok
CEC2014,CMA-ES,22,CEC2014-F22,Hybrid,30,19,1019,300000,24220,2449.2189295847043,2200.0,249.21892958470426,nan,nan,7.752056022000033,ok
CEC2014,DE,22,CEC2014-F22,Hybrid,30,19,1019,300000,299700,2452.468105162278,2200.0,252.46810516227788,nan,nan,72.62922818899096,ok
CEC2014,PSO,22,CEC2014-F22,Hybrid,30,19,1019,300000,300000,3527.9526731751826,2200.0,1327.9526731751826,nan,nan,68.87222322900197,ok
CEC2014,DMGSO,22,CEC2014-F22,Hybrid,30,20,,300000,300000,2729.194189746166,2200.0,529.1941897461661,1175,11,75.10582702499232,ok
CEC2014,CMA-ES,22,CEC2014-F22,Hybrid,30,20,1020,300000,55580,2444.5218055183554,2200.0,244.52180551835545,nan,nan,17.577234382988536,ok
CEC2014,DE,22,CEC2014-F22,Hybrid,30,20,1020,300000,299700,2454.9885140625247,2200.0,254.9885140625247,nan,nan,72.51564271999814,ok
CEC2014,PSO,22,CEC2014-F22,Hybrid,30,20,1020,300000,300000,4155.2185510213485,2200.0,1955.2185510213485,nan,nan,69.85374710900942,ok
CEC2014,DMGSO,22,CEC2014-F22,Hybrid,30,21,,300000,300000,2656.7084321572856,2200.0,456.70843215728564,1183,11,75.16894705999584,ok
CEC2014,CMA-ES,22,CEC2014-F22,Hybrid,30,21,1021,300000,104650,2656.520158851188,2200.0,456.52015885118817,nan,nan,32.68590948700148,ok
CEC2014,DE,22,CEC2014-F22,Hybrid,30,21,1021,300000,299700,2668.2672597197684,2200.0,468.2672597197684,nan,nan,72.56712950899964,ok
CEC2014,PSO,22,CEC2014-F22,Hybrid,30,21,1021,300000,300000,7562.487424674808,2200.0,5362.487424674808,nan,nan,70.64886953899986,ok
CEC2014,DMGSO,22,CEC2014-F22,Hybrid,30,22,,300000,300000,2310.256413128346,2200.0,110.25641312834614,1198,11,73.06287234400224,ok
CEC2014,CMA-ES,22,CEC2014-F22,Hybrid,30,22,1022,300000,81550,2899.478395996523,2200.0,699.478395996523,nan,nan,27.35472493999987,ok
CEC2014,DE,22,CEC2014-F22,Hybrid,30,22,1022,300000,299700,2670.5178027379848,2200.0,470.51780273798477,nan,nan,72.12007058000017,ok
CEC2014,PSO,22,CEC2014-F22,Hybrid,30,22,1022,300000,300000,7527.77656100678,2200.0,5327.77656100678,nan,nan,68.98109928799386,ok
CEC2014,DMGSO,22,CEC2014-F22,Hybrid,30,23,,300000,300000,2911.1185826174233,2200.0,711.1185826174233,1052,12,75.03489645301306,ok
CEC2014,CMA-ES,22,CEC2014-F22,Hybrid,30,23,1023,300000,101486,2222.3697923513014,2200.0,22.369792351301385,nan,nan,35.43216608300281,ok
CEC2014,DE,22,CEC2014-F22,Hybrid,30,23,1023,300000,299700,2232.9029042942298,2200.0,32.90290429422976,nan,nan,70.72312441200484,ok
CEC2014,PSO,22,CEC2014-F22,Hybrid,30,23,1023,300000,300000,16302.124878072527,2200.0,14102.124878072527,nan,nan,71.96518754899444,ok
CEC2014,DMGSO,22,CEC2014-F22,Hybrid,30,24,,300000,300000,2476.3135730204813,2200.0,276.3135730204813,1194,12,74.54783072700957,ok
CEC2014,CMA-ES,22,CEC2014-F22,Hybrid,30,24,1024,300000,67746,2439.4176911706923,2200.0,239.41769117069225,nan,nan,23.177380430992343,ok
CEC2014,DE,22,CEC2014-F22,Hybrid,30,24,1024,300000,299700,2232.1444853330863,2200.0,32.14448533308632,nan,nan,73.99651795699901,ok
CEC2014,PSO,22,CEC2014-F22,Hybrid,30,24,1024,300000,300000,5574.337696033003,2200.0,3374.3376960330033,nan,nan,69.48635487200227,ok
CEC2014,DMGSO,22,CEC2014-F22,Hybrid,30,25,,300000,300000,2813.455210871087,2200.0,613.4552108710868,1084,12,74.72001062300114,ok
CEC2014,CMA-ES,22,CEC2014-F22,Hybrid,30,25,1025,300000,75180,2222.9792227212542,2200.0,22.979222721254246,nan,nan,25.386075477988925,ok
CEC2014,DE,22,CEC2014-F22,Hybrid,30,25,1025,300000,299700,2453.142530411012,2200.0,253.1425304110121,nan,nan,73.35716633699485,ok
CEC2014,PSO,22,CEC2014-F22,Hybrid,30,25,1025,300000,300000,9326.909752903724,2200.0,7126.909752903724,nan,nan,68.76677388999087,ok
CEC2014,DMGSO,22,CEC2014-F22,Hybrid,30,26,,300000,300000,2478.4969129622073,2200.0,278.49691296220726,1113,13,75.74052275800204,ok
CEC2014,CMA-ES,22,CEC2014-F22,Hybrid,30,26,1026,300000,98980,2440.2532605607616,2200.0,240.25326056076165,nan,nan,34.346196326005156,ok
CEC2014,DE,22,CEC2014-F22,Hybrid,30,26,1026,300000,299700,2679.6508512687114,2200.0,479.65085126871145,nan,nan,71.86342564701044,ok
CEC2014,PSO,22,CEC2014-F22,Hybrid,30,26,1026,300000,300000,6992.054293533412,2200.0,4792.054293533412,nan,nan,68.30613413700485,ok
CEC2014,DMGSO,22,CEC2014-F22,Hybrid,30,27,,300000,300000,3042.279005555336,2200.0,842.279005555336,1153,12,75.67291316398769,ok
CEC2014,CMA-ES,22,CEC2014-F22,Hybrid,30,27,1027,300000,66710,2875.8273358451506,2200.0,675.8273358451506,nan,nan,22.625847247007187,ok
CEC2014,DE,22,CEC2014-F22,Hybrid,30,27,1027,300000,299700,2453.3929479243525,2200.0,253.39294792435248,nan,nan,74.70348674801062,ok
CEC2014,PSO,22,CEC2014-F22,Hybrid,30,27,1027,300000,300000,3752.7153104651625,2200.0,1552.7153104651625,nan,nan,68.36221749598917,ok
CEC2014,DMGSO,22,CEC2014-F22,Hybrid,30,28,,300000,300000,2590.261948506384,2200.0,390.2619485063842,1166,12,75.09914512799878,ok
CEC2014,CMA-ES,22,CEC2014-F22,Hybrid,30,28,1028,300000,88690,2221.742365063909,2200.0,21.742365063908892,nan,nan,30.78256463300204,ok
CEC2014,DE,22,CEC2014-F22,Hybrid,30,28,1028,300000,299700,2237.677493591383,2200.0,37.677493591383154,nan,nan,73.04399126200587,ok
CEC2014,PSO,22,CEC2014-F22,Hybrid,30,28,1028,300000,300000,8056.871865696337,2200.0,5856.871865696337,nan,nan,72.59280144999502,ok
CEC2014,DMGSO,22,CEC2014-F22,Hybrid,30,29,,300000,300000,2604.023309203517,2200.0,404.0233092035169,1142,11,76.52293580400874,ok
CEC2014,CMA-ES,22,CEC2014-F22,Hybrid,30,29,1029,300000,77574,2439.743132148213,2200.0,239.74313214821314,nan,nan,26.163330650000717,ok
CEC2014,DE,22,CEC2014-F22,Hybrid,30,29,1029,300000,299700,2454.687013555448,2200.0,254.68701355544817,nan,nan,72.62588235099975,ok
CEC2014,PSO,22,CEC2014-F22,Hybrid,30,29,1029,300000,300000,5053.0562273639425,2200.0,2853.0562273639425,nan,nan,71.25056030999986,ok
CEC2014,DMGSO,23,CEC2014-F23,Composition,30,0,,300000,300000,2522.8769733348836,2300.0,222.8769733348836,1358,6,20.21117938500538,ok
CEC2014,CMA-ES,23,CEC2014-F23,Composition,30,0,1000,300000,8442,2500.0000000006685,2300.0,200.00000000066848,nan,nan,1.1004534029925708,ok
CEC2014,DE,23,CEC2014-F23,Composition,30,0,1000,300000,299700,2522.8462494991513,2300.0,222.84624949915133,nan,nan,17.757828882997273,ok
CEC2014,PSO,23,CEC2014-F23,Composition,30,0,1000,300000,300000,2604.990171192068,2300.0,304.9901711920679,nan,nan,14.196941036003409,ok
CEC2014,DMGSO,23,CEC2014-F23,Composition,30,1,,300000,300000,2522.8618175560246,2300.0,222.86181755602456,1421,6,20.28406039100082,ok
CEC2014,CMA-ES,23,CEC2014-F23,Composition,30,1,1001,300000,8470,2500.0000000006116,2300.0,200.00000000061164,nan,nan,1.0998789909936022,ok
CEC2014,DE,23,CEC2014-F23,Composition,30,1,1001,300000,299700,2522.846249499152,2300.0,222.84624949915178,nan,nan,18.353445539993118,ok
CEC2014,PSO,23,CEC2014-F23,Composition,30,1,1001,300000,300000,2633.660858890728,2300.0,333.6608588907279,nan,nan,13.729552638003952,ok
CEC2014,DMGSO,23,CEC2014-F23,Composition,30,2,,300000,300000,2522.86048536231,2300.0,222.8604853623101,1410,6,20.174110720996396,ok
CEC2014,CMA-ES,23,CEC2014-F23,Composition,30,2,1002,300000,8372,2500.000000000498,2300.0,200.00000000049795,nan,nan,1.115479251006036,ok
CEC2014,DE,23,CEC2014-F23,Composition,30,2,1002,300000,299700,2522.846249499152,2300.0,222.84624949915178,nan,nan,19.013198902001022,ok
CEC2014,PSO,23,CEC2014-F23,Composition,30,2,1002,300000,300000,2662.9310921579145,2300.0,362.93109215791446,nan,nan,14.718497235007817,ok
CEC2014,DMGSO,23,CEC2014-F23,Composition,30,3,,300000,300000,2522.85888278934,2300.0,222.85888278934,1304,8,19.136928873995203,ok
CEC2014,CMA-ES,23,CEC2014-F23,Composition,30,3,1003,300000,8344,2500.000000000637,2300.0,200.0000000006371,nan,nan,1.0548019609996118,ok
CEC2014,DE,23,CEC2014-F23,Composition,30,3,1003,300000,284400,2522.8462494991513,2300.0,222.84624949915133,nan,nan,17.225167848999263,ok
CEC2014,PSO,23,CEC2014-F23,Composition,30,3,1003,300000,300000,2633.7362148873653,2300.0,333.73621488736535,nan,nan,13.319567620012094,ok
CEC2014,DMGSO,23,CEC2014-F23,Composition,30,4,,300000,300000,2522.859220298219,2300.0,222.85922029821904,1329,7,19.85515066899825,ok
CEC2014,CMA-ES,23,CEC2014-F23,Composition,30,4,1004,300000,8568,2500.000000000635,2300.0,200.00000000063483,nan,nan,1.0585267809947254,ok
CEC2014,DE,23,CEC2014-F23,Composition,30,4,1004,300000,254700,2522.8462494991513,2300.0,222.84624949915133,nan,nan,15.319272267995984,ok
CEC2014,PSO,23,CEC2014-F23,Composition,30,4,1004,300000,300000,2630.6951663854356,2300.0,330.69516638543564,nan,nan,13.772490960996947,ok
CEC2014,DMGSO,23,CEC2014-F23,Composition,30,5,,300000,300000,2522.8625830874917,2300.0,222.86258308749166,1290,8,19.130150165990926,ok
CEC2014,CMA-ES,23,CEC2014-F23,Composition,30,5,1005,300000,8428,2500.000000000502,2300.0,200.00000000050204,nan,nan,1.0038580319960602,ok
CEC2014,DE,23,CEC2014-F23,Composition,30,5,1005,300000,299700,2522.8462494991513,2300.0,222.84624949915133,nan,nan,17.58787175299949,ok
CEC2014,PSO,23,CEC2014-F23,Composition,30,5,1005,300000,300000,2777.072629327344,2300.0,477.0726293273442,nan,nan,13.916681654998683,ok
CEC2014,DMGSO,23,CEC2014-F23,Composition,30,6,,300000,300000,2522.8593836047444,2300.0,222.85938360474438,1321,8,19.838202026003273,ok
CEC2014,CMA-ES,23,CEC2014-F23,Composition,30,6,1006,300000,8120,2500.00000000057,2300.0,200.0000000005698,nan,nan,1.1572666790016228,ok
CEC2014,DE,23,CEC2014-F23,Composition,30,6,1006,300000,262350,2522.8462494991513,2300.0,222.84624949915133,nan,nan,15.965587647006032,ok
CEC2014,PSO,23,CEC2014-F23,Composition,30,6,1006,300000,300000,2634.84532741183,2300.0,334.8453274118301,nan,nan,13.33894105500076,ok
CEC2014,DMGSO,23,CEC2014-F23,Composition,30,7,,300000,300000,2522.856826539805,2300.0,222.85682653980484,1314,7,19.160027488993364,ok
CEC2014,CMA-ES,23,CEC2014-F23,Composition,30,7,1007,300000,8288,2500.000000000528,2300.0,200.00000000052796,nan,nan,1.1601733429997694,ok
CEC2014,DE,23,CEC2014-F23,Composition,30,7,1007,300000,288900,2522.8462494991513,2300.0,222.84624949915133,nan,nan,17.358051796007203,ok
CEC2014,PSO,23,CEC2014-F23,Composition,30,7,1007,300000,300000,2623.019284153869,2300.0,323.0192841538692,nan,nan,14.427592122010537,ok
CEC2014,DMGSO,23,CEC2014-F23,Composition,30,8,,300000,300000,2522.861356477906,2300.0,222.86135647790616,1336,7,19.90803421101009,ok
CEC2014,CMA-ES,23,CEC2014-F23,Composition,30,8,1008,300000,8232,2500.0000000005775,2300.0,200.00000000057753,nan,nan,0.998756904999027,ok
CEC2014,DE,23,CEC2014-F23,Composition,30,8,1008,300000,281700,2522.8462494991513,2300.0,222.84624949915133,nan,nan,17.197503495001,ok
CEC2014,PSO,23,CEC2014-F23,Composition,30,8,1008,300000,300000,2702.0218256674916,2300.0,402.0218256674916,nan,nan,13.93210439599352,ok
CEC2014,DMGSO,23,CEC2014-F23,Composition,30,9,,300000,300000,2522.863608920181,2300.0,222.86360892018092,1429,6,20.45824568599346,ok
CEC2014,CMA-ES,23,CEC2014-F23,Composition,30,9,1009,300000,8428,2500.000000000527,2300.0,200.00000000052705,nan,nan,1.1801580869941972,ok
CEC2014,DE,23,CEC2014-F23,Composition,30,9,1009,300000,299700,2522.846249499152,2300.0,222.84624949915178,nan,nan,17.88812094599416,ok
CEC2014,PSO,23,CEC2014-F23,Composition,30,9,1009,300000,300000,2745.106402292094,2300.0,445.1064022920941,nan,nan,14.17303108300257,ok
CEC2014,DMGSO,23,CEC2014-F23,Composition,30,10,,300000,300000,2522.855295572812,2300.0,222.85529557281188,1531,4,21.526081036994583,ok
CEC2014,CMA-ES,23,CEC2014-F23,Composition,30,10,1010,300000,8260,2500.000000000576,2300.0,200.00000000057616,nan,nan,1.169486027007224,ok
CEC2014,DE,23,CEC2014-F23,Composition,30,10,1010,300000,299700,2522.846249499152,2300.0,222.84624949915178,nan,nan,18.268492982009775,ok
CEC2014,PSO,23,CEC2014-F23,Composition,30,10,1010,300000,300000,2619.500601545981,2300.0,319.5006015459812,nan,nan,14.072648055996979,ok
CEC2014,DMGSO,23,CEC2014-F23,Composition,30,11,,300000,300000,2522.8584613883895,2300.0,222.85846138838951,1406,7,18.970202885990147,ok
CEC2014,CMA-ES,23,CEC2014-F23,Composition,30,11,1011,300000,8512,2500.0000000005452,2300.0,200.00000000054524,nan,nan,1.028221514003235,ok
CEC2014,DE,23,CEC2014-F23,Composition,30,11,1011,300000,299700,2522.846249499152,2300.0,222.84624949915178,nan,nan,18.53709706000518,ok
CEC2014,PSO,23,CEC2014-F23,Composition,30,11,1011,300000,300000,2824.6997179945447,2300.0,524.6997179945447,nan,nan,14.788131317007355,ok
CEC2014,DMGSO,23,CEC2014-F23,Composition,30,12,,300000,300000,2522.8569794659165,2300.0,222.85697946591654,1385,7,21.11236780299805,ok
CEC2014,CMA-ES,23,CEC2014-F23,Composition,30,12,1012,300000,8064,2500.000000000558,2300.0,200.00000000055797,nan,nan,0.9818188299977919,ok
CEC2014,DE,23,CEC2014-F23,Composition,30,12,1012,300000,299700,2522.846249499152,2300.0,222.84624949915178,nan,nan,17.66586666900548,ok
CEC2014,PSO,23,CEC2014-F23,Composition,30,12,1012,300000,300000,2635.522313945854,2300.0,335.52231394585397,nan,nan,14.281795917995623,ok
CEC2014,DMGSO,23,CEC2014-F23,Composition,30,13,,300000,300000,2522.8651522120467,2300.0,222.86515221204672,1379,7,19.627502949995687,ok
CEC2014,CMA-ES,23,CEC2014-F23,Composition,30,13,1013,300000,8246,2500.000000000679,2300.0,200.00000000067894,nan,nan,1.0389009279897436,ok
CEC2014,DE,23,CEC2014-F23,Composition,30,13,1013,300000,299700,2522.846249499152,2300.0,222.84624949915178,nan,nan,18.048996943005477,ok
CEC2014,PSO,23,CEC2014-F23,Composition,30,13,1013,300000,300000,2618.105734369511,2300.0,318.1057343695111,nan,nan,13.561108227993827,ok
CEC2014,DMGSO,23,CEC2014-F23,Composition,30,14,,300000,300000,2522.8615188402923,2300.0,222.86151884029232,1388,6,18.926678852003533,ok
CEC2014,CMA-ES,23,CEC2014-F23,Composition,30,14,1014,300000,8008,2500.0000000006753,2300.0,200.0000000006753,nan,nan,0.9840901090065017,ok
CEC2014,DE,23,CEC2014-F23,Composition,30,14,1014,300000,276300,2522.8462494991513,2300.0,222.84624949915133,nan,nan,16.123467312994762,ok
CEC2014,PSO,23,CEC2014-F23,Composition,30,14,1014,300000,300000,2678.1785477633766,2300.0,378.1785477633766,nan,nan,13.522817137010861,ok
CEC2014,DMGSO,23,CEC2014-F23,Composition,30,15,,300000,300000,2522.8595320973814,2300.0,222.85953209738136,1396,6,19.97410343401134,ok
CEC2014,CMA-ES,23,CEC2014-F23,Composition,30,15,1015,300000,8302,2500.0000000006103,2300.0,200.00000000061027,nan,nan,1.0585771390033187,ok
CEC2014,DE,23,CEC2014-F23,Composition,30,15,1015,300000,239850,2522.8462494991513,2300.0,222.84624949915133,nan,nan,14.043243958003586,ok
CEC2014,PSO,23,CEC2014-F23,Composition,30,15,1015,300000,300000,2584.2678543807924,2300.0,284.2678543807924,nan,nan,13.527120605998789,ok
CEC2014,DMGSO,23,CEC2014-F23,Composition,30,16,,300000,300000,2522.8854807260914,2300.0,222.88548072609137,1524,4,18.832010081008775,ok
CEC2014,CMA-ES,23,CEC2014-F23,Composition,30,16,1016,300000,8134,2500.000000000712,2300.0,200.00000000071213,nan,nan,0.9927817919960944,ok
CEC2014,DE,23,CEC2014-F23,Composition,30,16,1016,300000,299700,2522.846249499152,2300.0,222.84624949915178,nan,nan,17.386915630995645,ok
CEC2014,PSO,23,CEC2014-F23,Composition,30,16,1016,300000,300000,2600.2327788034645,2300.0,300.2327788034645,nan,nan,14.020326101002865,ok
CEC2014,DMGSO,23,CEC2014-F23,Composition,30,17,,300000,300000,2522.860680640254,2300.0,222.86068064025403,1318,8,19.486764362998656,ok
CEC2014,CMA-ES,23,CEC2014-F23,Composition,30,17,1017,300000,8442,2500.000000000528,2300.0,200.00000000052796,nan,nan,1.070918186000199,ok
CEC2014,DE,23,CEC2014-F23,Composition,30,17,1017,300000,263250,2522.8462494991513,2300.0,222.84624949915133,nan,nan,15.448347593002836,ok
CEC2014,PSO,23,CEC2014-F23,Composition,30,17,1017,300000,300000,2591.6366434621,2300.0,291.6366434621,nan,nan,13.154205279992311,ok
CEC2014,DMGSO,23,CEC2014-F23,Composition,30,18,,300000,300000,2522.8699242026396,2300.0,222.8699242026396,1297,7,18.490196373008075,ok
CEC2014,CMA-ES,23,CEC2014-F23,Composition,30,18,1018,300000,8442,2500.0000000004716,2300.0,200.00000000047157,nan,nan,1.0262566419987706,ok
CEC2014,DE,23,CEC2014-F23,Composition,30,18,1018,300000,299700,2522.846249499152,2300.0,222.84624949915178,nan,nan,18.650067990995012,ok
CEC2014,PSO,23,CEC2014-F23,Composition,30,18,1018,300000,300000,2645.8898825365895,2300.0,345.88988253658954,nan,nan,14.575758368999232,ok
CEC2014,DMGSO,23,CEC2014-F23,Composition,30,19,,300000,300000,2522.880056040154,2300.0,222.88005604015416,1534,4,21.38401762099238,ok
CEC2014,CMA-ES,23,CEC2014-F23,Composition,30,19,1019,300000,8330,2500.0000000005543,2300.0,200.00000000055434,nan,nan,1.0952303600060986,ok
CEC2014,DE,23,CEC2014-F23,Composition,30,19,1019,300000,299700,2522.846249499152,2300.0,222.84624949915178,nan,nan,18.889212141002645,ok
CEC2014,PSO,23,CEC2014-F23,Composition,30,19,1019,300000,300000,2631.4766236196697,2300.0,331.4766236196697,nan,nan,14.758158434007782,ok
CEC2014,DMGSO,23,CEC2014-F23,Composition,30,20,,300000,300000,2522.8611447647877,2300.0,222.8611447647877,1301,8,20.854208734002896,ok
CEC2014,CMA-ES,23,CEC2014-F23,Composition,30,20,1020,300000,8288,2500.000000000579,2300.0,200.0000000005789,nan,nan,1.0524748260068009,ok
CEC2014,DE,23,CEC2014-F23,Composition,30,20,1020,300000,299700,2522.846249499152,2300.0,222.84624949915178,nan,nan,17.88215090999438,ok
CEC2014,PSO,23,CEC2014-F23,Composition,30,20,1020,300000,300000,2676.327234271996,2300.0,376.3272342719961,nan,nan,13.835163026000373,ok
CEC2014,DMGSO,23,CEC2014-F23,Composition,30,21,,300000,300000,2522.8547602602016,2300.0,222.8547602602016,1412,6,20.16578809999919,ok
CEC2014,CMA-ES,23,CEC2014-F23,Composition,30,21,1021,300000,8246,2500.0000000004907,2300.0,200.00000000049067,nan,nan,0.9503696049941937,ok
CEC2014,DE,23,CEC2014-F23,Composition,30,21,1021,300000,278100,2522.8462494991513,2300.0,222.84624949915133,nan,nan,17.20224646400311,ok
CEC2014,PSO,23,CEC2014-F23,Composition,30,21,1021,300000,300000,2707.0912326643347,2300.0,407.0912326643347,nan,nan,13.690196355993976,ok
CEC2014,DMGSO,23,CEC2014-F23,Composition,30,22,,300000,300000,2522.8621528839385,2300.0,222.8621528839385,1282,8,19.105220867000753,ok
CEC2014,CMA-ES,23,CEC2014-F23,Composition,30,22,1022,300000,8120,2500.0000000005043,2300.0,200.00000000050431,nan,nan,1.0510001229995396,ok
CEC2014,DE,23,CEC2014-F23,Composition,30,22,1022,300000,299700,2522.846249499152,2300.0,222.84624949915178,nan,nan,17.48638977900555,ok
CEC2014,PSO,23,CEC2014-F23,Composition,30,22,1022,300000,300000,2613.971561341249,2300.0,313.97156134124907,nan,nan,13.396991290996084,ok
CEC2014,DMGSO,23,CEC2014-F23,Composition,30,23,,300000,300000,2522.8642907964586,2300.0,222.8642907964586,1274,8,19.112866530995234,ok
CEC2014,CMA-ES,23,CEC2014-F23,Composition,30,23,1023,300000,8442,2500.000000000609,2300.0,200.0000000006089,nan,nan,1.0610232519975398,ok
CEC2014,DE,23,CEC2014-F23,Composition,30,23,1023,300000,299700,2522.8462494991513,2300.0,222.84624949915133,nan,nan,17.436125591993914,ok
CEC2014,PSO,23,CEC2014-F23,Composition,30,23,1023,300000,300000,2909.235924756932,2300.0,609.235924756932,nan,nan,13.562676906003617,ok
CEC2014,DMGSO,23,CEC2014-F23,Composition,30,24,,300000,300000,2522.861135032406,2300.0,222.86113503240585,1284,8,19.28445014699537,ok
CEC2014,CMA-ES,23,CEC2014-F23,Composition,30,24,1024,300000,8288,2500.000000000547,2300.0,200.00000000054706,nan,nan,1.1188567169883754,ok
CEC2014,DE,23,CEC2014-F23,Composition,30,24,1024,300000,269100,2522.8462494991513,2300.0,222.84624949915133,nan,nan,15.646160611009691,ok
CEC2014,PSO,23,CEC2014-F23,Composition,30,24,1024,300000,300000,2639.372555792851,2300.0,339.372555792851,nan,nan,13.470248814002844,ok
CEC2014,DMGSO,23,CEC2014-F23,Composition,30,25,,300000,300000,2522.867742635868,2300.0,222.86774263586813,1395,7,18.94738713299739,ok
CEC2014,CMA-ES,23,CEC2014-F23,Composition,30,25,1025,300000,8554,2500.0000000005025,2300.0,200.0000000005025,nan,nan,1.1246538700070232,ok
CEC2014,DE,23,CEC2014-F23,Composition,30,25,1025,300000,299700,2522.846249499152,2300.0,222.84624949915178,nan,nan,17.645533558010357,ok
CEC2014,PSO,23,CEC2014-F23,Composition,30,25,1025,300000,300000,2695.4054754819176,2300.0,395.4054754819176,nan,nan,13.482164612985798,ok
CEC2014,DMGSO,23,CEC2014-F23,Composition,30,26,,300000,300000,2522.865781558324,2300.0,222.86578155832422,1290,8,19.269597016987973,ok
CEC2014,CMA-ES,23,CEC2014-F23,Composition,30,26,1026,300000,7896,2500.000000000599,2300.0,200.0000000005989,nan,nan,1.066421095005353,ok
CEC2014,DE,23,CEC2014-F23,Composition,30,26,1026,300000,291150,2522.8462494991513,2300.0,222.84624949915133,nan,nan,16.66714035801124,ok
CEC2014,PSO,23,CEC2014-F23,Composition,30,26,1026,300000,300000,2716.2098724557854,2300.0,416.20987245578544,nan,nan,13.481248910000431,ok
CEC2014,DMGSO,23,CEC2014-F23,Composition,30,27,,300000,300000,2522.86052182858,2300.0,222.8605218285802,1441,5,18.858383245998994,ok
CEC2014,CMA-ES,23,CEC2014-F23,Composition,30,27,1027,300000,8050,2500.0000000005516,2300.0,200.0000000005516,nan,nan,1.0671103869972285,ok
CEC2014,DE,23,CEC2014-F23,Composition,30,27,1027,300000,299700,2522.846249499152,2300.0,222.84624949915178,nan,nan,17.63783627199882,ok
CEC2014,PSO,23,CEC2014-F23,Composition,30,27,1027,300000,300000,2708.7049308408386,2300.0,408.70493084083864,nan,nan,13.220424030994764,ok
CEC2014,DMGSO,23,CEC2014-F23,Composition,30,28,,300000,300000,2522.8623834455598,2300.0,222.86238344555977,1263,8,18.41355612699408,ok
CEC2014,CMA-ES,23,CEC2014-F23,Composition,30,28,1028,300000,8008,2500.0000000004843,2300.0,200.0000000004843,nan,nan,1.0605154209915781,ok
CEC2014,DE,23,CEC2014-F23,Composition,30,28,1028,300000,266400,2522.8462494991513,2300.0,222.84624949915133,nan,nan,15.2198143699934,ok
CEC2014,PSO,23,CEC2014-F23,Composition,30,28,1028,300000,300000,2597.3455366113344,2300.0,297.3455366113344,nan,nan,13.034217431995785,ok
CEC2014,DMGSO,23,CEC2014-F23,Composition,30,29,,300000,300000,2522.8620341105125,2300.0,222.86203411051247,1356,7,19.30009273100586,ok
CEC2014,CMA-ES,23,CEC2014-F23,Composition,30,29,1029,300000,7980,2500.0000000006457,2300.0,200.00000000064574,nan,nan,1.001563422003528,ok
CEC2014,DE,23,CEC2014-F23,Composition,30,29,1029,300000,299700,2522.846249499152,2300.0,222.84624949915178,nan,nan,17.32682252099039,ok
CEC2014,PSO,23,CEC2014-F23,Composition,30,29,1029,300000,300000,2689.920922559326,2300.0,389.92092255932585,nan,nan,13.281663679008489,ok
CEC2014,DMGSO,24,CEC2014-F24,Composition,30,0,,300000,300000,2626.2990704283416,2400.0,226.29907042834157,1078,12,21.418425001000287,ok
CEC2014,CMA-ES,24,CEC2014-F24,Composition,30,0,1000,300000,49966,2600.0000000000955,2400.0,200.0000000000955,nan,nan,6.8398538769979496,ok
CEC2014,DE,24,CEC2014-F24,Composition,30,0,1000,300000,299700,2621.4206814707904,2400.0,221.42068147079044,nan,nan,19.584980225001345,ok
CEC2014,PSO,24,CEC2014-F24,Composition,30,0,1000,300000,300000,2702.237998347809,2400.0,302.237998347809,nan,nan,15.934161509008845,ok
CEC2014,DMGSO,24,CEC2014-F24,Composition,30,1,,300000,300000,2627.0557783303884,2400.0,227.05577833038842,1036,14,21.719674948995817,ok
CEC2014,CMA-ES,24,CEC2014-F24,Composition,30,1,1001,300000,157150,2600.000000002523,2400.0,200.00000000252294,nan,nan,22.12996600200131,ok
CEC2014,DE,24,CEC2014-F24,Composition,30,1,1001,300000,299700,2618.7414178146573,2400.0,218.74141781465732,nan,nan,19.309955745004117,ok
CEC2014,PSO,24,CEC2014-F24,Composition,30,1,1001,300000,300000,2714.453148659746,2400.0,314.45314865974615,nan,nan,15.900942171007046,ok
CEC2014,DMGSO,24,CEC2014-F24,Composition,30,2,,300000,300000,2625.8466020592873,2400.0,225.8466020592873,1005,15,21.948648662000778,ok
CEC2014,CMA-ES,24,CEC2014-F24,Composition,30,2,1002,300000,60718,2600.0000000000914,2400.0,200.0000000000914,nan,nan,8.346952139007044,ok
CEC2014,DE,24,CEC2014-F24,Composition,30,2,1002,300000,299700,2600.272124342324,2400.0,200.27212434232388,nan,nan,19.987743803998455,ok
CEC2014,PSO,24,CEC2014-F24,Composition,30,2,1002,300000,300000,2694.6409930530012,2400.0,294.64099305300124,nan,nan,16.2347585529933,ok
CEC2014,DMGSO,24,CEC2014-F24,Composition,30,3,,300000,300000,2627.0848168885336,2400.0,227.08481688853362,1041,14,21.53814759400848,ok
CEC2014,CMA-ES,24,CEC2014-F24,Composition,30,3,1003,300000,55300,2600.0000000001073,2400.0,200.00000000010732,nan,nan,7.676982668999699,ok
CEC2014,DE,24,CEC2014-F24,Composition,30,3,1003,300000,299700,2641.124620598858,2400.0,241.1246205988582,nan,nan,19.763754754007095,ok
CEC2014,PSO,24,CEC2014-F24,Composition,30,3,1003,300000,300000,2729.9961714310984,2400.0,329.99617143109845,nan,nan,16.15177781401144,ok
CEC2014,DMGSO,24,CEC2014-F24,Composition,30,4,,300000,300000,2630.382254781972,2400.0,230.38225478197182,1269,8,21.804669566001394,ok
CEC2014,CMA-ES,24,CEC2014-F24,Composition,30,4,1004,300000,55804,2600.0000000001355,2400.0,200.00000000013551,nan,nan,7.334312652994413,ok
CEC2014,DE,24,CEC2014-F24,Composition,30,4,1004,300000,299700,2600.1353744361545,2400.0,200.1353744361545,nan,nan,19.34764943999471,ok
CEC2014,PSO,24,CEC2014-F24,Composition,30,4,1004,300000,300000,2704.683907455804,2400.0,304.6839074558038,nan,nan,16.053812723999727,ok
CEC2014,DMGSO,24,CEC2014-F24,Composition,30,5,,300000,300000,2631.020376695974,2400.0,231.02037669597394,1151,11,20.880786064997665,ok
CEC2014,CMA-ES,24,CEC2014-F24,Composition,30,5,1005,300000,59262,2600.000000000221,2400.0,200.000000000221,nan,nan,8.340722032997292,ok
CEC2014,DE,24,CEC2014-F24,Composition,30,5,1005,300000,299700,2600.1694085882664,2400.0,200.16940858826638,nan,nan,18.923111810989212,ok
CEC2014,PSO,24,CEC2014-F24,Composition,30,5,1005,300000,300000,2725.947075166882,2400.0,325.94707516688186,nan,nan,15.633832858002279,ok
CEC2014,DMGSO,24,CEC2014-F24,Composition,30,6,,300000,300000,2630.8963395364044,2400.0,230.8963395364044,1077,13,21.61213841800054,ok
CEC2014,CMA-ES,24,CEC2014-F24,Composition,30,6,1006,300000,49028,2600.000000000094,2400.0,200.00000000009413,nan,nan,7.017494098996394,ok
CEC2014,DE,24,CEC2014-F24,Composition,30,6,1006,300000,299700,2626.860799146646,2400.0,226.86079914664606,nan,nan,19.768377593005425,ok
CEC2014,PSO,24,CEC2014-F24,Composition,30,6,1006,300000,300000,2721.097974452954,2400.0,321.0979744529541,nan,nan,16.135203004989307,ok
CEC2014,DMGSO,24,CEC2014-F24,Composition,30,7,,300000,300000,2628.946079896074,2400.0,228.94607989607402,948,16,21.43948791200819,ok
CEC2014,CMA-ES,24,CEC2014-F24,Composition,30,7,1007,300000,52696,2600.0000000000864,2400.0,200.0000000000864,nan,nan,6.938041929999599,ok
CEC2014,DE,24,CEC2014-F24,Composition,30,7,1007,300000,299700,2642.2197108219852,2400.0,242.21971082198525,nan,nan,19.931638779002242,ok
CEC2014,PSO,24,CEC2014-F24,Composition,30,7,1007,300000,300000,2726.2094286485567,2400.0,326.2094286485567,nan,nan,15.907234714002698,ok
CEC2014,DMGSO,24,CEC2014-F24,Composition,30,8,,300000,300000,2625.97869190504,2400.0,225.9786919050398,923,16,21.14628296600131,ok
CEC2014,CMA-ES,24,CEC2014-F24,Composition,30,8,1008,300000,54432,2600.000000000082,2400.0,200.00000000008185,nan,nan,7.351078680003411,ok
CEC2014,DE,24,CEC2014-F24,Composition,30,8,1008,300000,267300,2639.999256307646,2400.0,239.9992563076462,nan,nan,17.805974456001422,ok
CEC2014,PSO,24,CEC2014-F24,Composition,30,8,1008,300000,300000,2626.0852756512563,2400.0,226.08527565125632,nan,nan,15.751801017002435,ok
CEC2014,DMGSO,24,CEC2014-F24,Composition,30,9,,300000,300000,2628.6455322216466,2400.0,228.6455322216466,978,15,21.199923542997567,ok
CEC2014,CMA-ES,24,CEC2014-F24,Composition,30,9,1009,300000,54600,2600.0000000001137,2400.0,200.0000000001137,nan,nan,7.6151435610081535,ok
CEC2014,DE,24,CEC2014-F24,Composition,30,9,1009,300000,299700,2600.163344091216,2400.0,200.163344091216,nan,nan,19.5755984790012,ok
CEC2014,PSO,24,CEC2014-F24,Composition,30,9,1009,300000,300000,2703.146040838291,2400.0,303.1460408382909,nan,nan,16.22494538099272,ok
CEC2014,DMGSO,24,CEC2014-F24,Composition,30,10,,300000,300000,2620.8780616590557,2400.0,220.87806165905567,1050,13,21.869542073996854,ok
CEC2014,CMA-ES,24,CEC2014-F24,Composition,30,10,1010,300000,55006,2600.000000000122,2400.0,200.00000000012187,nan,nan,7.704935989997466,ok
CEC2014,DE,24,CEC2014-F24,Composition,30,10,1010,300000,270900,2634.6245569789926,2400.0,234.6245569789926,nan,nan,17.899860870005796,ok
CEC2014,PSO,24,CEC2014-F24,Composition,30,10,1010,300000,300000,2623.76292664872,2400.0,223.76292664872017,nan,nan,15.893327024008613,ok
CEC2014,DMGSO,24,CEC2014-F24,Composition,30,11,,300000,300000,2629.6189185697917,2400.0,229.61891856979173,945,15,21.329260353988502,ok
CEC2014,CMA-ES,24,CEC2014-F24,Composition,30,11,1011,300000,54054,2600.0000000000605,2400.0,200.00000000006048,nan,nan,7.644068150999374,ok
CEC2014,DE,24,CEC2014-F24,Composition,30,11,1011,300000,299700,2626.69884187537,2400.0,226.6988418753699,nan,nan,19.646900934007135,ok
CEC2014,PSO,24,CEC2014-F24,Composition,30,11,1011,300000,300000,2720.6542184006444,2400.0,320.65421840064437,nan,nan,16.123821501998464,ok
CEC2014,DMGSO,24,CEC2014-F24,Composition,30,12,,300000,300000,2630.3800042688117,2400.0,230.38000426881172,1099,12,21.30598340900906,ok
CEC2014,CMA-ES,24,CEC2014-F24,Composition,30,12,1012,300000,61180,2600.000000000113,2400.0,200.00000000011278,nan,nan,8.666257635995862,ok
CEC2014,DE,24,CEC2014-F24,Composition,30,12,1012,300000,299700,2600.208553037142,2400.0,200.20855303714188,nan,nan,19.046063241010415,ok
CEC2014,PSO,24,CEC2014-F24,Composition,30,12,1012,300000,300000,2662.9581997777877,2400.0,262.95819977778774,nan,nan,15.707516720998683,ok
CEC2014,DMGSO,24,CEC2014-F24,Composition,30,13,,300000,300000,2628.089942558676,2400.0,228.08994255867583,1224,11,21.840858705007122,ok
CEC2014,CMA-ES,24,CEC2014-F24,Composition,30,13,1013,300000,52836,2600.0000000000846,2400.0,200.00000000008458,nan,nan,7.432706597988727,ok
CEC2014,DE,24,CEC2014-F24,Composition,30,13,1013,300000,299700,2600.1779289072806,2400.0,200.1779289072806,nan,nan,19.28214918001322,ok
CEC2014,PSO,24,CEC2014-F24,Composition,30,13,1013,300000,300000,2695.260625980835,2400.0,295.2606259808349,nan,nan,16.194590974002494,ok
CEC2014,DMGSO,24,CEC2014-F24,Composition,30,14,,300000,300000,2626.86231796708,2400.0,226.8623179670799,994,15,21.727968783001415,ok
CEC2014,CMA-ES,24,CEC2014-F24,Composition,30,14,1014,300000,50092,2600.000000000104,2400.0,200.00000000010414,nan,nan,7.073258136995719,ok
CEC2014,DE,24,CEC2014-F24,Composition,30,14,1014,300000,299700,2637.817546104581,2400.0,237.8175461045812,nan,nan,19.943491440004436,ok
CEC2014,PSO,24,CEC2014-F24,Composition,30,14,1014,300000,300000,2719.5907096496526,2400.0,319.5907096496526,nan,nan,15.853290757993818,ok
CEC2014,DMGSO,24,CEC2014-F24,Composition,30,15,,300000,300000,2626.563047478266,2400.0,226.56304747826607,1075,13,21.61515063200204,ok
CEC2014,CMA-ES,24,CEC2014-F24,Composition,30,15,1015,300000,56042,2600.0000000000705,2400.0,200.0000000000705,nan,nan,7.442552651002188,ok
CEC2014,DE,24,CEC2014-F24,Composition,30,15,1015,300000,299700,2635.200111113753,2400.0,235.20011111375288,nan,nan,19.690796644004877,ok
CEC2014,PSO,24,CEC2014-F24,Composition,30,15,1015,300000,300000,2751.6813694384423,2400.0,351.6813694384423,nan,nan,16.18445288199291,ok
CEC2014,DMGSO,24,CEC2014-F24,Composition,30,16,,300000,300000,2629.0392336443288,2400.0,229.03923364432876,993,16,21.576767580991145,ok
CEC2014,CMA-ES,24,CEC2014-F24,Composition,30,16,1016,300000,53550,2600.000000000099,2400.0,200.00000000009913,nan,nan,7.44711670599645,ok
CEC2014,DE,24,CEC2014-F24,Composition,30,16,1016,300000,299700,2600.2325698810446,2400.0,200.23256988104458,nan,nan,19.041882182005793,ok
CEC2014,PSO,24,CEC2014-F24,Composition,30,16,1016,300000,300000,2711.2298658401887,2400.0,311.2298658401887,nan,nan,16.385842942996533,ok
CEC2014,DMGSO,24,CEC2014-F24,Composition,30,17,,300000,300000,2626.888547393292,2400.0,226.8885473932919,1093,13,21.611389361001784,ok
CEC2014,CMA-ES,24,CEC2014-F24,Composition,30,17,1017,300000,63294,2600.000000000167,2400.0,200.0000000001669,nan,nan,8.836417963000713,ok
CEC2014,DE,24,CEC2014-F24,Composition,30,17,1017,300000,299700,2600.1678226609706,2400.0,200.16782266097061,nan,nan,19.159467044999474,ok
CEC2014,PSO,24,CEC2014-F24,Composition,30,17,1017,300000,300000,2778.2217395570433,2400.0,378.2217395570433,nan,nan,16.30190112099808,ok
CEC2014,DMGSO,24,CEC2014-F24,Composition,30,18,,300000,300000,2629.9395350458085,2400.0,229.9395350458085,817,18,21.212632933005807,ok
CEC2014,CMA-ES,24,CEC2014-F24,Composition,30,18,1018,300000,132468,2600.0000000003015,2400.0,200.0000000003015,nan,nan,18.51334056101041,ok
CEC2014,DE,24,CEC2014-F24,Composition,30,18,1018,300000,299700,2600.15617123836,2400.0,200.15617123836,nan,nan,19.27863929400337,ok
CEC2014,PSO,24,CEC2014-F24,Composition,30,18,1018,300000,300000,2707.766952819017,2400.0,307.7669528190172,nan,nan,15.785736307996558,ok
CEC2014,DMGSO,24,CEC2014-F24,Composition,30,19,,300000,300000,2630.1645621367406,2400.0,230.16456213674064,910,17,21.338936882006237,ok
CEC2014,CMA-ES,24,CEC2014-F24,Composition,30,19,1019,300000,55678,2600.000000000143,2400.0,200.0000000001428,nan,nan,7.5921239129966125,ok
CEC2014,DE,24,CEC2014-F24,Composition,30,19,1019,300000,277200,2641.6096329370225,2400.0,241.60963293702252,nan,nan,18.565115044999402,ok
CEC2014,PSO,24,CEC2014-F24,Composition,30,19,1019,300000,300000,2726.6574739986117,2400.0,326.65747399861175,nan,nan,15.836713564989623,ok
CEC2014,DMGSO,24,CEC2014-F24,Composition,30,20,,300000,300000,2626.718191211063,2400.0,226.71819121106319,997,15,21.80106940199039,ok
CEC2014,CMA-ES,24,CEC2014-F24,Composition,30,20,1020,300000,57148,2600.0000000000523,2400.0,200.0000000000523,nan,nan,7.966649729991332,ok
CEC2014,DE,24,CEC2014-F24,Composition,30,20,1020,300000,299700,2626.2280694332953,2400.0,226.22806943329533,nan,nan,19.24862966699584,ok
CEC2014,PSO,24,CEC2014-F24,Composition,30,20,1020,300000,300000,2629.6162349282918,2400.0,229.61623492829176,nan,nan,15.97684715599462,ok
CEC2014,DMGSO,24,CEC2014-F24,Composition,30,21,,300000,300000,2625.1166343434793,2400.0,225.1166343434793,1007,14,21.106181543989806,ok
CEC2014,CMA-ES,24,CEC2014-F24,Composition,30,21,1021,300000,53662,2600.0000000000755,2400.0,200.0000000000755,nan,nan,7.48969809099799,ok
CEC2014,DE,24,CEC2014-F24,Composition,30,21,1021,300000,299700,2600.1555701093175,2400.0,200.15557010931752,nan,nan,19.773472241999116,ok
CEC2014,PSO,24,CEC2014-F24,Composition,30,21,1021,300000,300000,2676.655144963858,2400.0,276.6551449638582,nan,nan,15.578257329005282,ok
CEC2014,DMGSO,24,CEC2014-F24,Composition,30,22,,300000,300000,2627.9113681497583,2400.0,227.91136814975835,1092,12,21.46961809298955,ok
CEC2014,CMA-ES,24,CEC2014-F24,Composition,30,22,1022,300000,66948,2600.0000000001082,2400.0,200.00000000010823,nan,nan,9.206330971006537,ok
CEC2014,DE,24,CEC2014-F24,Composition,30,22,1022,300000,299700,2600.1590529071245,2400.0,200.15905290712453,nan,nan,19.46641856599308,ok
CEC2014,PSO,24,CEC2014-F24,Composition,30,22,1022,300000,300000,2756.230726904795,2400.0,356.2307269047951,nan,nan,15.897807640998508,ok
CEC2014,DMGSO,24,CEC2014-F24,Composition,30,23,,300000,300000,2631.0307701634174,2400.0,231.0307701634174,874,17,21.473387575999368,ok
CEC2014,CMA-ES,24,CEC2014-F24,Composition,30,23,1023,300000,61642,2600.0000000001082,2400.0,200.00000000010823,nan,nan,8.585003875006805,ok
CEC2014,DE,24,CEC2014-F24,Composition,30,23,1023,300000,274050,2635.4656658657445,2400.0,235.46566586574454,nan,nan,18.002550337012508,ok
CEC2014,PSO,24,CEC2014-F24,Composition,30,23,1023,300000,300000,2715.4416793359364,2400.0,315.44167933593644,nan,nan,15.577173285986646,ok
CEC2014,DMGSO,24,CEC2014-F24,Composition,30,24,,300000,300000,2625.8685398692232,2400.0,225.86853986922324,990,14,21.43976938299602,ok
CEC2014,CMA-ES,24,CEC2014-F24,Composition,30,24,1024,300000,46718,2600.0000000001082,2400.0,200.00000000010823,nan,nan,6.432518842993886,ok
CEC2014,DE,24,CEC2014-F24,Composition,30,24,1024,300000,299700,2621.9070558077424,2400.0,221.90705580774238,nan,nan,19.812514795994502,ok
CEC2014,PSO,24,CEC2014-F24,Composition,30,24,1024,300000,300000,2729.092242588618,2400.0,329.09224258861786,nan,nan,16.163566274000914,ok
CEC2014,DMGSO,24,CEC2014-F24,Composition,30,25,,300000,300000,2629.9077014886243,2400.0,229.9077014886243,880,17,21.538372470007744,ok
CEC2014,CMA-ES,24,CEC2014-F24,Composition,30,25,1025,300000,56294,2600.000000000179,2400.0,200.00000000017917,nan,nan,7.782885852007894,ok
CEC2014,DE,24,CEC2014-F24,Composition,30,25,1025,300000,299700,2600.298398149765,2400.0,200.29839814976503,nan,nan,19.564664129007724,ok
CEC2014,PSO,24,CEC2014-F24,Composition,30,25,1025,300000,300000,2729.447227777322,2400.0,329.44722777732204,nan,nan,16.04730044300959,ok
CEC2014,DMGSO,24,CEC2014-F24,Composition,30,26,,300000,300000,2624.2066091310585,2400.0,224.20660913105849,1071,13,21.35031277500093,ok
CEC2014,CMA-ES,24,CEC2014-F24,Composition,30,26,1026,300000,62524,2600.0000000002615,2400.0,200.00000000026148,nan,nan,8.861566245002905,ok
CEC2014,DE,24,CEC2014-F24,Composition,30,26,1026,300000,299700,2600.2258029101067,2400.0,200.22580291010672,nan,nan,19.452808089990867,ok
CEC2014,PSO,24,CEC2014-F24,Composition,30,26,1026,300000,300000,2717.352808967426,2400.0,317.352808967426,nan,nan,16.04613202699693,ok
CEC2014,DMGSO,24,CEC2014-F24,Composition,30,27,,300000,300000,2625.8459052797607,2400.0,225.8459052797607,886,18,21.699977406999096,ok
CEC2014,CMA-ES,24,CEC2014-F24,Composition,30,27,1027,300000,49476,2600.000000000105,2400.0,200.00000000010505,nan,nan,6.7418560560035985,ok
CEC2014,DE,24,CEC2014-F24,Composition,30,27,1027,300000,299700,2600.188863531687,2400.0,200.18886353168682,nan,nan,19.4588528519962,ok
CEC2014,PSO,24,CEC2014-F24,Composition,30,27,1027,300000,300000,2758.9713577987886,2400.0,358.97135779878863,nan,nan,15.65420948099927,ok
CEC2014,DMGSO,24,CEC2014-F24,Composition,30,28,,300000,300000,2615.531111751026,2400.0,215.53111175102595,1006,15,21.02137175599637,ok
CEC2014,CMA-ES,24,CEC2014-F24,Composition,30,28,1028,300000,56420,2600.000000000106,2400.0,200.00000000010596,nan,nan,7.580035585007863,ok
CEC2014,DE,24,CEC2014-F24,Composition,30,28,1028,300000,299700,2600.3734836012177,2400.0,200.37348360121769,nan,nan,19.526725449002697,ok
CEC2014,PSO,24,CEC2014-F24,Composition,30,28,1028,300000,300000,2738.447285605742,2400.0,338.44728560574185,nan,nan,16.16637356200954,ok
CEC2014,DMGSO,24,CEC2014-F24,Composition,30,29,,300000,300000,2627.897280231712,2400.0,227.8972802317121,889,17,21.47210320000886,ok
CEC2014,CMA-ES,24,CEC2014-F24,Composition,30,29,1029,300000,57904,2600.0000000000973,2400.0,200.00000000009732,nan,nan,7.698319629998878,ok
CEC2014,DE,24,CEC2014-F24,Composition,30,29,1029,300000,299700,2639.0598185315243,2400.0,239.05981853152434,nan,nan,19.961674531994504,ok
CEC2014,PSO,24,CEC2014-F24,Composition,30,29,1029,300000,300000,2706.134035753952,2400.0,306.13403575395205,nan,nan,16.03151749999961,ok
CEC2014,DMGSO,25,CEC2014-F25,Composition,30,0,,300000,300000,2714.877651544798,2500.0,214.87765154479803,1347,10,21.60820223200426,ok
CEC2014,CMA-ES,25,CEC2014-F25,Composition,30,0,1000,300000,8316,2700.0000000000286,2500.0,200.00000000002865,nan,nan,1.1386057369963964,ok
CEC2014,DE,25,CEC2014-F25,Composition,30,0,1000,300000,299700,2704.7086252091067,2500.0,204.70862520910669,nan,nan,20.556036027002847,ok
CEC2014,PSO,25,CEC2014-F25,Composition,30,0,1000,300000,300000,2714.644126035035,2500.0,214.6441260350348,nan,nan,16.091838723004912,ok
CEC2014,DMGSO,25,CEC2014-F25,Composition,30,1,,300000,300000,2713.815976732155,2500.0,213.81597673215492,1397,7,22.053780731992447,ok
CEC2014,CMA-ES,25,CEC2014-F25,Composition,30,1,1001,300000,8582,2700.000000000024,2500.0,200.0000000000241,nan,nan,1.1795673910091864,ok
CEC2014,DE,25,CEC2014-F25,Composition,30,1,1001,300000,299700,2703.5929796577284,2500.0,203.5929796577284,nan,nan,20.1221810499992,ok
CEC2014,PSO,25,CEC2014-F25,Composition,30,1,1001,300000,300000,2748.3393075383274,2500.0,248.33930753832738,nan,nan,15.778068547995645,ok
CEC2014,DMGSO,25,CEC2014-F25,Composition,30,2,,300000,300000,2713.56562533609,2500.0,213.56562533608985,1233,10,22.35969953300082,ok
CEC2014,CMA-ES,25,CEC2014-F25,Composition,30,2,1002,300000,8554,2700.0000000000246,2500.0,200.00000000002456,nan,nan,1.2189638249983545,ok
CEC2014,DE,25,CEC2014-F25,Composition,30,2,1002,300000,299700,2703.971348487157,2500.0,203.97134848715677,nan,nan,20.580602934001945,ok
CEC2014,PSO,25,CEC2014-F25,Composition,30,2,1002,300000,300000,2722.7861402791054,2500.0,222.78614027910544,nan,nan,15.58238587899541,ok
CEC2014,DMGSO,25,CEC2014-F25,Composition,30,3,,300000,300000,2725.356394031352,2500.0,225.356394031352,1170,11,21.909713027009275,ok
CEC2014,CMA-ES,25,CEC2014-F25,Composition,30,3,1003,300000,8330,2700.000000000027,2500.0,200.00000000002683,nan,nan,1.1336111769924173,ok
CEC2014,DE,25,CEC2014-F25,Composition,30,3,1003,300000,299700,2704.1244324513477,2500.0,204.12443245134773,nan,nan,20.642806454998208,ok
CEC2014,PSO,25,CEC2014-F25,Composition,30,3,1003,300000,300000,2713.2870593381876,2500.0,213.28705933818765,nan,nan,16.133941545005655,ok
CEC2014,DMGSO,25,CEC2014-F25,Composition,30,4,,300000,300000,2720.2895337246546,2500.0,220.28953372465458,1164,11,22.09223132400075,ok
CEC2014,CMA-ES,25,CEC2014-F25,Composition,30,4,1004,300000,8400,2700.000000000027,2500.0,200.00000000002683,nan,nan,1.236687203985639,ok
CEC2014,DE,25,CEC2014-F25,Composition,30,4,1004,300000,299700,2704.211656780273,2500.0,204.2116567802732,nan,nan,20.446972727004322,ok
CEC2014,PSO,25,CEC2014-F25,Composition,30,4,1004,300000,300000,2734.6032073570013,2500.0,234.60320735700134,nan,nan,15.992391246007173,ok
CEC2014,DMGSO,25,CEC2014-F25,Composition,30,5,,300000,300000,2708.4019019458706,2500.0,208.40190194587058,1158,12,21.821332391002215,ok
CEC2014,CMA-ES,25,CEC2014-F25,Composition,30,5,1005,300000,8204,2700.0000000000223,2500.0,200.00000000002228,nan,nan,1.1337617230019532,ok
CEC2014,DE,25,CEC2014-F25,Composition,30,5,1005,300000,299700,2704.781928203774,2500.0,204.781928203774,nan,nan,20.31569572800072,ok
CEC2014,PSO,25,CEC2014-F25,Composition,30,5,1005,300000,300000,2747.8727522759773,2500.0,247.8727522759773,nan,nan,15.884650218999013,ok
CEC2014,DMGSO,25,CEC2014-F25,Composition,30,6,,300000,300000,2721.4357703651,2500.0,221.43577036509987,1152,11,21.885303796007065,ok
CEC2014,CMA-ES,25,CEC2014-F25,Composition,30,6,1006,300000,8414,2700.0000000000236,2500.0,200.00000000002365,nan,nan,1.1845366249908693,ok
CEC2014,DE,25,CEC2014-F25,Composition,30,6,1006,300000,299700,2704.803605464746,2500.0,204.80360546474594,nan,nan,20.49318236799445,ok
CEC2014,PSO,25,CEC2014-F25,Composition,30,6,1006,300000,300000,2707.803259852506,2500.0,207.80325985250602,nan,nan,16.170860159996664,ok
CEC2014,DMGSO,25,CEC2014-F25,Composition,30,7,,300000,300000,2722.0237562869806,2500.0,222.02375628698064,1073,12,21.478058351000072,ok
CEC2014,CMA-ES,25,CEC2014-F25,Composition,30,7,1007,300000,8246,2700.000000000024,2500.0,200.0000000000241,nan,nan,1.164344107004581,ok
CEC2014,DE,25,CEC2014-F25,Composition,30,7,1007,300000,299700,2704.125002032405,2500.0,204.12500203240506,nan,nan,20.781341227004305,ok
CEC2014,PSO,25,CEC2014-F25,Composition,30,7,1007,300000,300000,2718.982159817886,2500.0,218.982159817886,nan,nan,16.14368069000193,ok
CEC2014,DMGSO,25,CEC2014-F25,Composition,30,8,,300000,300000,2712.0652418866835,2500.0,212.06524188668345,1141,11,22.220132657996146,ok
CEC2014,CMA-ES,25,CEC2014-F25,Composition,30,8,1008,300000,8400,2700.000000000023,2500.0,200.0000000000232,nan,nan,1.222465184997418,ok
CEC2014,DE,25,CEC2014-F25,Composition,30,8,1008,300000,299700,2703.8572510478166,2500.0,203.8572510478166,nan,nan,20.33990981199895,ok
CEC2014,PSO,25,CEC2014-F25,Composition,30,8,1008,300000,300000,2749.7961165376323,2500.0,249.79611653763232,nan,nan,15.928347965003923,ok
CEC2014,DMGSO,25,CEC2014-F25,Composition,30,9,,300000,300000,2711.4176947156616,2500.0,211.41769471566158,1223,9,22.079313203998026,ok
CEC2014,CMA-ES,25,CEC2014-F25,Composition,30,9,1009,300000,8316,2700.0000000000246,2500.0,200.00000000002456,nan,nan,1.1072959610028192,ok
CEC2014,DE,25,CEC2014-F25,Composition,30,9,1009,300000,299700,2704.8701585708113,2500.0,204.87015857081133,nan,nan,20.161552735997248,ok
CEC2014,PSO,25,CEC2014-F25,Composition,30,9,1009,300000,300000,2738.8352564584056,2500.0,238.83525645840564,nan,nan,15.625443110999186,ok
CEC2014,DMGSO,25,CEC2014-F25,Composition,30,10,,300000,300000,2711.6868963423303,2500.0,211.68689634233033,1330,10,21.405688729006215,ok
CEC2014,CMA-ES,25,CEC2014-F25,Composition,30,10,1010,300000,8414,2700.000000000025,2500.0,200.000000000025,nan,nan,1.1724131900118664,ok
CEC2014,DE,25,CEC2014-F25,Composition,30,10,1010,300000,299700,2703.8812966974406,2500.0,203.88129669744058,nan,nan,20.522347635996994,ok
CEC2014,PSO,25,CEC2014-F25,Composition,30,10,1010,300000,300000,2715.117438261005,2500.0,215.1174382610052,nan,nan,15.834717646008357,ok
CEC2014,DMGSO,25,CEC2014-F25,Composition,30,11,,300000,300000,2731.1684986391,2500.0,231.1684986391001,1293,8,22.20905456598848,ok
CEC2014,CMA-ES,25,CEC2014-F25,Composition,30,11,1011,300000,8008,2700.000000000027,2500.0,200.00000000002683,nan,nan,1.140815588994883,ok
CEC2014,DE,25,CEC2014-F25,Composition,30,11,1011,300000,299700,2703.7448124049597,2500.0,203.7448124049597,nan,nan,19.818550769006833,ok
CEC2014,PSO,25,CEC2014-F25,Composition,30,11,1011,300000,300000,2754.766757663801,2500.0,254.76675766380095,nan,nan,15.835733305997564,ok
CEC2014,DMGSO,25,CEC2014-F25,Composition,30,12,,300000,300000,2713.587409841037,2500.0,213.5874098410368,1148,11,21.33386013499694,ok
CEC2014,CMA-ES,25,CEC2014-F25,Composition,30,12,1012,300000,8078,2700.0000000000264,2500.0,200.00000000002638,nan,nan,1.0865201220003655,ok
CEC2014,DE,25,CEC2014-F25,Composition,30,12,1012,300000,299700,2703.7606483195705,2500.0,203.76064831957046,nan,nan,20.413888041992323,ok
CEC2014,PSO,25,CEC2014-F25,Composition,30,12,1012,300000,300000,2752.1482038019094,2500.0,252.1482038019094,nan,nan,16.272199911007192,ok
CEC2014,DMGSO,25,CEC2014-F25,Composition,30,13,,300000,300000,2711.963413176324,2500.0,211.96341317632414,1226,11,22.051380022006924,ok
CEC2014,CMA-ES,25,CEC2014-F25,Composition,30,13,1013,300000,8414,2700.0000000000177,2500.0,200.00000000001774,nan,nan,1.1606548660056433,ok
CEC2014,DE,25,CEC2014-F25,Composition,30,13,1013,300000,299700,2703.885934887178,2500.0,203.88593488717788,nan,nan,20.299912638001842,ok
CEC2014,PSO,25,CEC2014-F25,Composition,30,13,1013,300000,300000,2721.332305801573,2500.0,221.33230580157306,nan,nan,16.300896840999485,ok
CEC2014,DMGSO,25,CEC2014-F25,Composition,30,14,,300000,300000,2714.142665450069,2500.0,214.14266545006922,1256,9,22.102757885004394,ok
CEC2014,CMA-ES,25,CEC2014-F25,Composition,30,14,1014,300000,8400,2700.0000000000264,2500.0,200.00000000002638,nan,nan,1.1391805880120955,ok
CEC2014,DE,25,CEC2014-F25,Composition,30,14,1014,300000,299700,2703.834937133108,2500.0,203.83493713310781,nan,nan,20.467119334993185,ok
CEC2014,PSO,25,CEC2014-F25,Composition,30,14,1014,300000,300000,2720.635621111375,2500.0,220.6356211113748,nan,nan,15.8543991750048,ok
CEC2014,DMGSO,25,CEC2014-F25,Composition,30,15,,300000,300000,2723.968566330184,2500.0,223.96856633018388,1390,7,22.338778132994776,ok
CEC2014,CMA-ES,25,CEC2014-F25,Composition,30,15,1015,300000,8260,2700.0000000000255,2500.0,200.00000000002547,nan,nan,1.1170605049992446,ok
CEC2014,DE,25,CEC2014-F25,Composition,30,15,1015,300000,299700,2704.9534424468607,2500.0,204.95344244686066,nan,nan,20.011565116001293,ok
CEC2014,PSO,25,CEC2014-F25,Composition,30,15,1015,300000,300000,2714.712478578153,2500.0,214.71247857815297,nan,nan,16.3150806719932,ok
CEC2014,DMGSO,25,CEC2014-F25,Composition,30,16,,300000,300000,2724.1508596010667,2500.0,224.1508596010667,1216,11,21.849630420008907,ok
CEC2014,CMA-ES,25,CEC2014-F25,Composition,30,16,1016,300000,8120,2700.00000000003,2500.0,200.00000000003,nan,nan,1.1092110910103656,ok
CEC2014,DE,25,CEC2014-F25,Composition,30,16,1016,300000,299700,2703.706177390866,2500.0,203.70617739086583,nan,nan,20.56580082999426,ok
CEC2014,PSO,25,CEC2014-F25,Composition,30,16,1016,300000,300000,2727.3240554141917,2500.0,227.32405541419166,nan,nan,15.690050034012529,ok
CEC2014,DMGSO,25,CEC2014-F25,Composition,30,17,,300000,300000,2713.8851385044336,2500.0,213.8851385044336,1321,10,21.735938116005855,ok
CEC2014,CMA-ES,25,CEC2014-F25,Composition,30,17,1017,300000,8414,2700.0000000000236,2500.0,200.00000000002365,nan,nan,1.1682442519959295,ok
CEC2014,DE,25,CEC2014-F25,Composition,30,17,1017,300000,299700,2703.8232217828718,2500.0,203.82322178287177,nan,nan,20.268369076002273,ok
CEC2014,PSO,25,CEC2014-F25,Composition,30,17,1017,300000,300000,2724.9598900837873,2500.0,224.9598900837873,nan,nan,16.36728278499504,ok
CEC2014,DMGSO,25,CEC2014-F25,Composition,30,18,,300000,300000,2721.0912921610025,2500.0,221.09129216100246,1074,14,21.95553801000642,ok
CEC2014,CMA-ES,25,CEC2014-F25,Composition,30,18,1018,300000,8428,2700.0000000000286,2500.0,200.00000000002865,nan,nan,1.1650039320084034,ok
CEC2014,DE,25,CEC2014-F25,Composition,30,18,1018,300000,299700,2703.933472305481,2500.0,203.9334723054808,nan,nan,20.32214550099161,ok
CEC2014,PSO,25,CEC2014-F25,Composition,30,18,1018,300000,300000,2719.5719931187123,2500.0,219.57199311871227,nan,nan,16.290638587001013,ok
CEC2014,DMGSO,25,CEC2014-F25,Composition,30,19,,300000,300000,2722.9876703390028,2500.0,222.98767033900276,1111,13,21.80187110400584,ok
CEC2014,CMA-ES,25,CEC2014-F25,Composition,30,19,1019,300000,8162,2700.0000000000277,2500.0,200.00000000002774,nan,nan,1.125308592003421,ok
CEC2014,DE,25,CEC2014-F25,Composition,30,19,1019,300000,299700,2704.0388497977983,2500.0,204.03884979779832,nan,nan,20.20995023899013,ok
CEC2014,PSO,25,CEC2014-F25,Composition,30,19,1019,300000,300000,2721.096822102029,2500.0,221.0968221020289,nan,nan,16.304741264000768,ok
CEC2014,DMGSO,25,CEC2014-F25,Composition,30,20,,300000,300000,2718.551602541074,2500.0,218.55160254107386,1155,12,22.035179180005798,ok
CEC2014,CMA-ES,25,CEC2014-F25,Composition,30,20,1020,300000,8442,2700.000000000023,2500.0,200.0000000000232,nan,nan,1.1854763190058293,ok
CEC2014,DE,25,CEC2014-F25,Composition,30,20,1020,300000,299700,2704.688319604999,2500.0,204.68831960499892,nan,nan,20.065178745993762,ok
CEC2014,PSO,25,CEC2014-F25,Composition,30,20,1020,300000,300000,2718.2362502362657,2500.0,218.23625023626573,nan,nan,16.234713227007887,ok
CEC2014,DMGSO,25,CEC2014-F25,Composition,30,21,,300000,300000,2710.732073526265,2500.0,210.73207352626514,1099,11,21.775041150991456,ok
CEC2014,CMA-ES,25,CEC2014-F25,Composition,30,21,1021,300000,7882,2700.000000000025,2500.0,200.000000000025,nan,nan,1.0062109080026858,ok
CEC2014,DE,25,CEC2014-F25,Composition,30,21,1021,300000,299700,2704.219169056321,2500.0,204.21916905632088,nan,nan,20.35841563298891,ok
CEC2014,PSO,25,CEC2014-F25,Composition,30,21,1021,300000,300000,2730.610951746405,2500.0,230.61095174640514,nan,nan,15.986512404007954,ok
CEC2014,DMGSO,25,CEC2014-F25,Composition,30,22,,300000,300000,2709.7745337718857,2500.0,209.77453377188567,1100,13,21.86880724200455,ok
CEC2014,CMA-ES,25,CEC2014-F25,Composition,30,22,1022,300000,8400,2700.0000000000223,2500.0,200.00000000002228,nan,nan,1.184566141004325,ok
CEC2014,DE,25,CEC2014-F25,Composition,30,22,1022,300000,299700,2703.7358843681554,2500.0,203.73588436815544,nan,nan,20.286759349997737,ok
CEC2014,PSO,25,CEC2014-F25,Composition,30,22,1022,300000,300000,2715.8089171114875,2500.0,215.80891711148752,nan,nan,16.522612690998358,ok
CEC2014,DMGSO,25,CEC2014-F25,Composition,30,23,,300000,300000,2712.805506829405,2500.0,212.8055068294052,1066,15,21.466243650997058,ok
CEC2014,CMA-ES,25,CEC2014-F25,Composition,30,23,1023,300000,8036,2700.0000000000246,2500.0,200.00000000002456,nan,nan,1.1218711889960105,ok
CEC2014,DE,25,CEC2014-F25,Composition,30,23,1023,300000,299700,2705.2648983336976,2500.0,205.2648983336976,nan,nan,19.98790046700742,ok
CEC2014,PSO,25,CEC2014-F25,Composition,30,23,1023,300000,300000,2716.6272950767634,2500.0,216.6272950767634,nan,nan,16.004470731000765,ok
CEC2014,DMGSO,25,CEC2014-F25,Composition,30,24,,300000,300000,2715.670956738306,2500.0,215.6709567383059,1118,12,21.77353438398859,ok
CEC2014,CMA-ES,25,CEC2014-F25,Composition,30,24,1024,300000,8344,2700.0000000000305,2500.0,200.00000000003047,nan,nan,1.1144790269900113,ok
CEC2014,DE,25,CEC2014-F25,Composition,30,24,1024,300000,299700,2704.036621781311,2500.0,204.03662178131117,nan,nan,20.269669178000186,ok
CEC2014,PSO,25,CEC2014-F25,Composition,30,24,1024,300000,300000,2737.557405710183,2500.0,237.55740571018305,nan,nan,15.86142991700035,ok
CEC2014,DMGSO,25,CEC2014-F25,Composition,30,25,,300000,300000,2715.523995437535,2500.0,215.52399543753518,1287,9,22.042620310006896,ok
CEC2014,CMA-ES,25,CEC2014-F25,Composition,30,25,1025,300000,8652,2700.0000000000246,2500.0,200.00000000002456,nan,nan,1.1974215139925946,ok
CEC2014,DE,25,CEC2014-F25,Composition,30,25,1025,300000,299700,2703.591455381082,2500.0,203.59145538108214,nan,nan,20.28765553201083,ok
CEC2014,PSO,25,CEC2014-F25,Composition,30,25,1025,300000,300000,2725.924799353234,2500.0,225.924799353234,nan,nan,16.163775353998062,ok
CEC2014,DMGSO,25,CEC2014-F25,Composition,30,26,,300000,300000,2726.571382327245,2500.0,226.57138232724492,1061,15,22.338941256006365,ok
CEC2014,CMA-ES,25,CEC2014-F25,Composition,30,26,1026,300000,8344,2700.00000000002,2500.0,200.00000000002,nan,nan,1.141742574996897,ok
CEC2014,DE,25,CEC2014-F25,Composition,30,26,1026,300000,299700,2704.41825012038,2500.0,204.41825012037998,nan,nan,20.44061503400735,ok
CEC2014,PSO,25,CEC2014-F25,Composition,30,26,1026,300000,300000,2719.2594835612276,2500.0,219.25948356122763,nan,nan,15.87987389000773,ok
CEC2014,DMGSO,25,CEC2014-F25,Composition,30,27,,300000,300000,2721.5989880808243,2500.0,221.59898808082426,1115,13,22.145279189993744,ok
CEC2014,CMA-ES,25,CEC2014-F25,Composition,30,27,1027,300000,8064,2700.0000000000264,2500.0,200.00000000002638,nan,nan,1.0915531369973905,ok
CEC2014,DE,25,CEC2014-F25,Composition,30,27,1027,300000,299700,2704.331626443309,2500.0,204.33162644330878,nan,nan,19.876712573997793,ok
CEC2014,PSO,25,CEC2014-F25,Composition,30,27,1027,300000,300000,2729.2315776893583,2500.0,229.23157768935835,nan,nan,15.888631498004543,ok
CEC2014,DMGSO,25,CEC2014-F25,Composition,30,28,,300000,300000,2715.3465622819012,2500.0,215.34656228190124,1150,12,21.635586965989205,ok
CEC2014,CMA-ES,25,CEC2014-F25,Composition,30,28,1028,300000,8274,2700.0000000000236,2500.0,200.00000000002365,nan,nan,1.1678278950130334,ok
CEC2014,DE,25,CEC2014-F25,Composition,30,28,1028,300000,299700,2704.450367562284,2500.0,204.4503675622841,nan,nan,20.032686938997358,ok
CEC2014,PSO,25,CEC2014-F25,Composition,30,28,1028,300000,300000,2705.6540565544237,2500.0,205.65405655442373,nan,nan,16.07809088799695,ok
CEC2014,DMGSO,25,CEC2014-F25,Composition,30,29,,300000,300000,2721.8173084913046,2500.0,221.81730849130463,1072,14,21.726591017009923,ok
CEC2014,CMA-ES,25,CEC2014-F25,Composition,30,29,1029,300000,8484,2700.000000000021,2500.0,200.00000000002092,nan,nan,1.1632760960055748,ok
CEC2014,DE,25,CEC2014-F25,Composition,30,29,1029,300000,299700,2704.339973644209,2500.0,204.33997364420884,nan,nan,20.212541703003808,ok
CEC2014,PSO,25,CEC2014-F25,Composition,30,29,1029,300000,300000,2712.524412436163,2500.0,212.52441243616295,nan,nan,15.840576305010472,ok
CEC2014,DMGSO,26,CEC2014-F26,Composition,30,0,,300000,300000,2800.1886881552464,2600.0,200.18868815524638,1613,4,111.32284292200347,ok
CEC2014,CMA-ES,26,CEC2014-F26,Composition,30,0,1000,300000,10962,2800.000000000001,2600.0,200.0000000000009,nan,nan,5.062721783993766,ok
CEC2014,DE,26,CEC2014-F26,Composition,30,0,1000,300000,299700,2700.317595964859,2600.0,100.31759596485881,nan,nan,110.22238195600221,ok
CEC2014,PSO,26,CEC2014-F26,Composition,30,0,1000,300000,300000,2704.8607826826155,2600.0,104.86078268261554,nan,nan,107.11992552100855,ok
CEC2014,DMGSO,26,CEC2014-F26,Composition,30,1,,300000,300000,2700.6277565239666,2600.0,100.62775652396658,1297,9,112.01647482000408,ok
CEC2014,CMA-ES,26,CEC2014-F26,Composition,30,1,1001,300000,10402,2800.000000000001,2600.0,200.0000000000009,nan,nan,4.528529802002595,ok
CEC2014,DE,26,CEC2014-F26,Composition,30,1,1001,300000,299700,2700.5078867826583,2600.0,100.50788678265826,nan,nan,111.96572794500389,ok
CEC2014,PSO,26,CEC2014-F26,Composition,30,1,1001,300000,300000,2707.9820161686253,2600.0,107.98201616862525,nan,nan,107.21188783500111,ok
CEC2014,DMGSO,26,CEC2014-F26,Composition,30,2,,300000,300000,2800.1882235367307,2600.0,200.18822353673067,1719,3,112.1468877360021,ok
CEC2014,CMA-ES,26,CEC2014-F26,Composition,30,2,1002,300000,10612,2800.000000000001,2600.0,200.0000000000009,nan,nan,4.6253011530061485,ok
CEC2014,DE,26,CEC2014-F26,Composition,30,2,1002,300000,299700,2700.461398395038,2600.0,100.46139839503803,nan,nan,112.56517891600379,ok
CEC2014,PSO,26,CEC2014-F26,Composition,30,2,1002,300000,300000,2706.065707198263,2600.0,106.06570719826323,nan,nan,106.82425927299482,ok
CEC2014,DMGSO,26,CEC2014-F26,Composition,30,3,,300000,300000,2800.305733158916,2600.0,200.30573315891615,1442,7,112.8692253909976,ok
CEC2014,CMA-ES,26,CEC2014-F26,Composition,30,3,1003,300000,9716,2800.000000000001,2600.0,200.0000000000009,nan,nan,4.243112985990592,ok
CEC2014,DE,26,CEC2014-F26,Composition,30,3,1003,300000,299700,2700.2879648929134,2600.0,100.28796489291335,nan,nan,110.43023782399541,ok
CEC2014,PSO,26,CEC2014-F26,Composition,30,3,1003,300000,300000,2705.649814491068,2600.0,105.6498144910679,nan,nan,105.60597386599693,ok
CEC2014,DMGSO,26,CEC2014-F26,Composition,30,4,,300000,300000,2800.0889118172245,2600.0,200.08891181722447,1592,4,111.10528503199748,ok
CEC2014,CMA-ES,26,CEC2014-F26,Composition,30,4,1004,300000,11480,2800.000000000001,2600.0,200.0000000000009,nan,nan,5.027539631002583,ok
CEC2014,DE,26,CEC2014-F26,Composition,30,4,1004,300000,299700,2700.658618370809,2600.0,100.65861837080911,nan,nan,110.741097266,ok
CEC2014,PSO,26,CEC2014-F26,Composition,30,4,1004,300000,300000,2706.763841960445,2600.0,106.763841960445,nan,nan,106.94736959399597,ok
CEC2014,DMGSO,26,CEC2014-F26,Composition,30,5,,300000,300000,2700.494950767129,2600.0,100.49495076712901,1320,10,110.9773178280011,ok
CEC2014,CMA-ES,26,CEC2014-F26,Composition,30,5,1005,300000,11270,2800.000000000001,2600.0,200.0000000000009,nan,nan,4.938422797000385,ok
CEC2014,DE,26,CEC2014-F26,Composition,30,5,1005,300000,299700,2700.3582261264664,2600.0,100.35822612646643,nan,nan,112.00683654198656,ok
CEC2014,PSO,26,CEC2014-F26,Composition,30,5,1005,300000,300000,2704.656046017312,2600.0,104.65604601731184,nan,nan,105.66935968300095,ok
CEC2014,DMGSO,26,CEC2014-F26,Composition,30,6,,300000,300000,2700.5747062625273,2600.0,100.57470626252734,1390,8,111.47086530399974,ok
CEC2014,CMA-ES,26,CEC2014-F26,Composition,30,6,1006,300000,10976,2800.000000000002,2600.0,200.00000000000182,nan,nan,4.782888715999434,ok
CEC2014,DE,26,CEC2014-F26,Composition,30,6,1006,300000,299700,2700.4228026974547,2600.0,100.4228026974547,nan,nan,109.43336425400048,ok
CEC2014,PSO,26,CEC2014-F26,Composition,30,6,1006,300000,300000,2965.786012691602,2600.0,365.7860126916021,nan,nan,105.84599963200162,ok
CEC2014,DMGSO,26,CEC2014-F26,Composition,30,7,,300000,300000,2700.361577642879,2600.0,100.36157764287918,1317,8,111.03654689599352,ok
CEC2014,CMA-ES,26,CEC2014-F26,Composition,30,7,1007,300000,10542,2800.000000000001,2600.0,200.0000000000009,nan,nan,4.588632028011489,ok
CEC2014,DE,26,CEC2014-F26,Composition,30,7,1007,300000,299700,2700.2539574264097,2600.0,100.25395742640967,nan,nan,112.01781961799134,ok
CEC2014,PSO,26,CEC2014-F26,Composition,30,7,1007,300000,300000,2705.5016771749997,2600.0,105.50167717499971,nan,nan,107.76922206900781,ok
CEC2014,DMGSO,26,CEC2014-F26,Composition,30,8,,300000,300000,2700.4870644218345,2600.0,100.48706442183448,1393,9,112.53053635200195,ok
CEC2014,CMA-ES,26,CEC2014-F26,Composition,30,8,1008,300000,10542,2800.0000000000014,2600.0,200.00000000000136,nan,nan,4.601930685996194,ok
CEC2014,DE,26,CEC2014-F26,Composition,30,8,1008,300000,299700,2700.3266140018727,2600.0,100.32661400187271,nan,nan,113.15950727301242,ok
CEC2014,PSO,26,CEC2014-F26,Composition,30,8,1008,300000,300000,2706.188869670143,2600.0,106.18886967014305,nan,nan,109.17456192900136,ok
CEC2014,DMGSO,26,CEC2014-F26,Composition,30,9,,300000,300000,2700.431374905899,2600.0,100.43137490589879,1289,9,114.54594843000814,ok
CEC2014,CMA-ES,26,CEC2014-F26,Composition,30,9,1009,300000,10878,2800.0000000000014,2600.0,200.00000000000136,nan,nan,4.737441828008741,ok
CEC2014,DE,26,CEC2014-F26,Composition,30,9,1009,300000,299700,2700.3277161253714,2600.0,100.32771612537135,nan,nan,110.2985226810124,ok
CEC2014,PSO,26,CEC2014-F26,Composition,30,9,1009,300000,300000,2962.2304406330295,2600.0,362.2304406330295,nan,nan,106.43463924800744,ok
CEC2014,DMGSO,26,CEC2014-F26,Composition,30,10,,300000,300000,2800.164084826008,2600.0,200.1640848260081,1610,4,110.38783633300045,ok
CEC2014,CMA-ES,26,CEC2014-F26,Composition,30,10,1010,300000,10416,2800.0000000000014,2600.0,200.00000000000136,nan,nan,4.584863526994013,ok
CEC2014,DE,26,CEC2014-F26,Composition,30,10,1010,300000,299700,2700.300994575172,2600.0,100.3009945751719,nan,nan,110.70127923799737,ok
CEC2014,PSO,26,CEC2014-F26,Composition,30,10,1010,300000,300000,2707.1499009243407,2600.0,107.14990092434073,nan,nan,106.69316756399348,ok
CEC2014,DMGSO,26,CEC2014-F26,Composition,30,11,,300000,300000,2700.2967174743185,2600.0,100.29671747431848,1401,7,111.19668337800249,ok
CEC2014,CMA-ES,26,CEC2014-F26,Composition,30,11,1011,300000,10374,2800.0000000000014,2600.0,200.00000000000136,nan,nan,4.549686589991325,ok
CEC2014,DE,26,CEC2014-F26,Composition,30,11,1011,300000,299700,2700.411579813884,2600.0,100.41157981388415,nan,nan,113.27238463399408,ok
CEC2014,PSO,26,CEC2014-F26,Composition,30,11,1011,300000,300000,2705.377043750367,2600.0,105.37704375036719,nan,nan,108.55220843999996,ok
CEC2014,DMGSO,26,CEC2014-F26,Composition,30,12,,300000,300000,2800.1890637855113,2600.0,200.18906378551128,1575,5,113.63428389299952,ok
CEC2014,CMA-ES,26,CEC2014-F26,Composition,30,12,1012,300000,10444,2800.0000000000014,2600.0,200.00000000000136,nan,nan,4.534497946995543,ok
CEC2014,DE,26,CEC2014-F26,Composition,30,12,1012,300000,299700,2700.3485508278113,2600.0,100.34855082781132,nan,nan,111.94621610100148,ok
CEC2014,PSO,26,CEC2014-F26,Composition,30,12,1012,300000,300000,2802.635604249439,2600.0,202.63560424943898,nan,nan,107.12364502799755,ok
CEC2014,DMGSO,26,CEC2014-F26,Composition,30,13,,300000,300000,2700.695118475327,2600.0,100.69511847532704,1397,8,111.58160020200012,ok
CEC2014,CMA-ES,26,CEC2014-F26,Composition,30,13,1013,300000,10024,2800.000000000001,2600.0,200.0000000000009,nan,nan,4.368674849989475,ok
CEC2014,DE,26,CEC2014-F26,Composition,30,13,1013,300000,299700,2700.3259999456236,2600.0,100.32599994562361,nan,nan,112.63654631799727,ok
CEC2014,PSO,26,CEC2014-F26,Composition,30,13,1013,300000,300000,2816.7063807331815,2600.0,216.7063807331815,nan,nan,108.98138736600231,ok
CEC2014,DMGSO,26,CEC2014-F26,Composition,30,14,,300000,300000,2800.157329326557,2600.0,200.15732932655692,1626,4,112.65886253200006,ok
CEC2014,CMA-ES,26,CEC2014-F26,Composition,30,14,1014,300000,10962,2800.000000000001,2600.0,200.0000000000009,nan,nan,4.7795450529956724,ok
CEC2014,DE,26,CEC2014-F26,Composition,30,14,1014,300000,299700,2700.4046514732827,2600.0,100.40465147328268,nan,nan,110.37121169200691,ok
CEC2014,PSO,26,CEC2014-F26,Composition,30,14,1014,300000,300000,2812.207406213111,2600.0,212.20740621311097,nan,nan,106.84547583399399,ok
CEC2014,DMGSO,26,CEC2014-F26,Composition,30,15,,300000,300000,2800.171624810513,2600.0,200.1716248105131,1454,6,110.82995371600555,ok
CEC2014,CMA-ES,26,CEC2014-F26,Composition,30,15,1015,300000,10444,2800.000000000001,2600.0,200.0000000000009,nan,nan,4.582996232013102,ok
CEC2014,DE,26,CEC2014-F26,Composition,30,15,1015,300000,299700,2700.40800119928,2600.0,100.40800119928008,nan,nan,111.30192404601257,ok
CEC2014,PSO,26,CEC2014-F26,Composition,30,15,1015,300000,300000,2706.5234408566885,2600.0,106.52344085668847,nan,nan,106.36411277599109,ok
CEC2014,DMGSO,26,CEC2014-F26,Composition,30,16,,300000,300000,2700.488669669653,2600.0,100.48866966965306,1499,6,112.27196816499054,ok
CEC2014,CMA-ES,26,CEC2014-F26,Composition,30,16,1016,300000,11088,2800.000000000001,2600.0,200.0000000000009,nan,nan,4.841812560000108,ok
CEC2014,DE,26,CEC2014-F26,Composition,30,16,1016,300000,299700,2700.4045596853384,2600.0,100.40455968533843,nan,nan,111.76563668399467,ok
CEC2014,PSO,26,CEC2014-F26,Composition,30,16,1016,300000,300000,2973.8494810130355,2600.0,373.84948101303553,nan,nan,107.33076230601,ok
CEC2014,DMGSO,26,CEC2014-F26,Composition,30,17,,300000,300000,2700.570772973746,2600.0,100.57077297374599,1503,6,112.26920856301149,ok
CEC2014,CMA-ES,26,CEC2014-F26,Composition,30,17,1017,300000,11312,2800.000000000001,2600.0,200.0000000000009,nan,nan,4.956314266004483,ok
CEC2014,DE,26,CEC2014-F26,Composition,30,17,1017,300000,299700,2700.3926492879364,2600.0,100.39264928793636,nan,nan,111.15325776999816,ok
CEC2014,PSO,26,CEC2014-F26,Composition,30,17,1017,300000,300000,2706.282263650626,2600.0,106.28226365062619,nan,nan,107.68765443799202,ok
CEC2014,DMGSO,26,CEC2014-F26,Composition,30,18,,300000,300000,2700.4027250132726,2600.0,100.40272501327263,1352,8,113.01019791398721,ok
CEC2014,CMA-ES,26,CEC2014-F26,Composition,30,18,1018,300000,9842,2800.000000000001,2600.0,200.0000000000009,nan,nan,4.293285866006045,ok
CEC2014,DE,26,CEC2014-F26,Composition,30,18,1018,300000,299700,2700.3628937964,2600.0,100.36289379639993,nan,nan,112.73060984100448,ok
CEC2014,PSO,26,CEC2014-F26,Composition,30,18,1018,300000,300000,2972.351411362848,2600.0,372.351411362848,nan,nan,107.81638804299291,ok
CEC2014,DMGSO,26,CEC2014-F26,Composition,30,19,,300000,300000,2700.4889244417714,2600.0,100.48892444177136,1311,10,113.45627373299794,ok
CEC2014,CMA-ES,26,CEC2014-F26,Composition,30,19,1019,300000,11298,2800.000000000001,2600.0,200.0000000000009,nan,nan,4.9300862569944,ok
CEC2014,DE,26,CEC2014-F26,Composition,30,19,1019,300000,299700,2700.422099239596,2600.0,100.42209923959581,nan,nan,111.0283777959994,ok
CEC2014,PSO,26,CEC2014-F26,Composition,30,19,1019,300000,300000,2707.574093441208,2600.0,107.57409344120788,nan,nan,107.95210763800424,ok
CEC2014,DMGSO,26,CEC2014-F26,Composition,30,20,,300000,300000,2700.4328623818737,2600.0,100.43286238187375,1251,11,113.5610518399917,ok
CEC2014,CMA-ES,26,CEC2014-F26,Composition,30,20,1020,300000,11186,2800.000000000001,2600.0,200.0000000000009,nan,nan,4.910141246000421,ok
CEC2014,DE,26,CEC2014-F26,Composition,30,20,1020,300000,299700,2700.2956756478407,2600.0,100.29567564784065,nan,nan,110.1887003150041,ok
CEC2014,PSO,26,CEC2014-F26,Composition,30,20,1020,300000,300000,2994.109974790077,2600.0,394.1099747900771,nan,nan,105.78317743199295,ok
CEC2014,DMGSO,26,CEC2014-F26,Composition,30,21,,300000,300000,2800.1774767729635,2600.0,200.17747677296347,1758,2,111.35433788799855,ok
CEC2014,CMA-ES,26,CEC2014-F26,Composition,30,21,1021,300000,9674,2800.000000000001,2600.0,200.0000000000009,nan,nan,4.4480077769985655,ok
CEC2014,DE,26,CEC2014-F26,Composition,30,21,1021,300000,299700,2700.428997185665,2600.0,100.42899718566514,nan,nan,111.94499703600013,ok
CEC2014,PSO,26,CEC2014-F26,Composition,30,21,1021,300000,300000,2704.8641112001683,2600.0,104.86411120016828,nan,nan,107.78129677999823,ok
CEC2014,DMGSO,26,CEC2014-F26,Composition,30,22,,300000,300000,2800.2146562797184,2600.0,200.21465627971838,1726,3,112.27544737099379,ok
CEC2014,CMA-ES,26,CEC2014-F26,Composition,30,22,1022,300000,11312,2800.000000000001,2600.0,200.0000000000009,nan,nan,5.1715204380016075,ok
CEC2014,DE,26,CEC2014-F26,Composition,30,22,1022,300000,299700,2700.4690989568403,2600.0,100.4690989568403,nan,nan,111.15010116901249,ok
CEC2014,PSO,26,CEC2014-F26,Composition,30,22,1022,300000,300000,2708.8798783251805,2600.0,108.87987832518047,nan,nan,107.87226738499885,ok
CEC2014,DMGSO,26,CEC2014-F26,Composition,30,23,,300000,300000,2700.356987908049,2600.0,100.35698790804918,1502,5,111.18089591999887,ok
CEC2014,CMA-ES,26,CEC2014-F26,Composition,30,23,1023,300000,10472,2800.0000000000014,2600.0,200.00000000000136,nan,nan,4.846570724010235,ok
CEC2014,DE,26,CEC2014-F26,Composition,30,23,1023,300000,299700,2700.337739899899,2600.0,100.33773989989913,nan,nan,112.54519569200056,ok
CEC2014,PSO,26,CEC2014-F26,Composition,30,23,1023,300000,300000,2705.1338741733034,2600.0,105.13387417330341,nan,nan,107.81039426199277,ok
CEC2014,DMGSO,26,CEC2014-F26,Composition,30,24,,300000,300000,2800.2701099893507,2600.0,200.27010998935066,1638,4,113.01895216699631,ok
CEC2014,CMA-ES,26,CEC2014-F26,Composition,30,24,1024,300000,10570,2800.000000000002,2600.0,200.00000000000182,nan,nan,4.855041474002064,ok
CEC2014,DE,26,CEC2014-F26,Composition,30,24,1024,300000,299700,2700.3687891796976,2600.0,100.36878917969761,nan,nan,109.75937485400937,ok
CEC2014,PSO,26,CEC2014-F26,Composition,30,24,1024,300000,300000,2811.6062307580014,2600.0,211.6062307580014,nan,nan,107.44071857898962,ok
CEC2014,DMGSO,26,CEC2014-F26,Composition,30,25,,300000,300000,2700.5846222559453,2600.0,100.5846222559453,1363,9,111.97946833001333,ok
CEC2014,CMA-ES,26,CEC2014-F26,Composition,30,25,1025,300000,11046,2800.000000000001,2600.0,200.0000000000009,nan,nan,5.08490217301005,ok
CEC2014,DE,26,CEC2014-F26,Composition,30,25,1025,300000,299700,2700.333411316426,2600.0,100.33341131642601,nan,nan,110.01831681698968,ok
CEC2014,PSO,26,CEC2014-F26,Composition,30,25,1025,300000,300000,2810.4293336130972,2600.0,210.42933361309724,nan,nan,106.52522793899698,ok
CEC2014,DMGSO,26,CEC2014-F26,Composition,30,26,,300000,300000,2800.320201882486,2600.0,200.3202018824859,1526,4,111.35958635499992,ok
CEC2014,CMA-ES,26,CEC2014-F26,Composition,30,26,1026,300000,10640,2800.000000000001,2600.0,200.0000000000009,nan,nan,4.897740264990716,ok
CEC2014,DE,26,CEC2014-F26,Composition,30,26,1026,300000,299700,2700.3467222479576,2600.0,100.34672224795759,nan,nan,110.16897201599204,ok
CEC2014,PSO,26,CEC2014-F26,Composition,30,26,1026,300000,300000,2802.1513487043253,2600.0,202.1513487043253,nan,nan,107.05972603800183,ok
CEC2014,DMGSO,26,CEC2014-F26,Composition,30,27,,300000,300000,2800.122504534246,2600.0,200.12250453424622,1748,2,110.73119909099478,ok
CEC2014,CMA-ES,26,CEC2014-F26,Composition,30,27,1027,300000,10626,2800.000000000001,2600.0,200.0000000000009,nan,nan,4.913447737999377,ok
CEC2014,DE,26,CEC2014-F26,Composition,30,27,1027,300000,299700,2700.293602288819,2600.0,100.29360228881887,nan,nan,111.14982790699287,ok
CEC2014,PSO,26,CEC2014-F26,Composition,30,27,1027,300000,300000,2984.291629552755,2600.0,384.2916295527548,nan,nan,104.9428796400025,ok
CEC2014,DMGSO,26,CEC2014-F26,Composition,30,28,,300000,300000,2800.1618750415882,2600.0,200.16187504158825,1629,4,110.80335639900295,ok
CEC2014,CMA-ES,26,CEC2014-F26,Composition,30,28,1028,300000,11284,2800.0000000000014,2600.0,200.00000000000136,nan,nan,5.195879243998206,ok
CEC2014,DE,26,CEC2014-F26,Composition,30,28,1028,300000,299700,2700.261370216548,2600.0,100.26137021654813,nan,nan,113.92999601099291,ok
CEC2014,PSO,26,CEC2014-F26,Composition,30,28,1028,300000,300000,2705.551843575012,2600.0,105.55184357501184,nan,nan,107.28347637699335,ok
CEC2014,DMGSO,26,CEC2014-F26,Composition,30,29,,300000,300000,2800.18477430568,2600.0,200.1847743056801,1431,5,112.72499363099632,ok
CEC2014,CMA-ES,26,CEC2014-F26,Composition,30,29,1029,300000,10052,2800.0000000000014,2600.0,200.00000000000136,nan,nan,4.655330547000631,ok
CEC2014,DE,26,CEC2014-F26,Composition,30,29,1029,300000,299700,2700.323071286777,2600.0,100.32307128677712,nan,nan,113.09777388299699,ok
CEC2014,PSO,26,CEC2014-F26,Composition,30,29,1029,300000,300000,2708.626903180387,2600.0,108.62690318038722,nan,nan,108.76521566099836,ok
CEC2014,DMGSO,27,CEC2014-F27,Composition,30,0,,300000,300000,3103.783845491188,2700.0,403.783845491188,1127,10,111.41993564899894,ok
CEC2014,CMA-ES,27,CEC2014-F27,Composition,30,0,1000,300000,8372,2900.0000000001664,2700.0,200.00000000016644,nan,nan,3.817403633001959,ok
CEC2014,DE,27,CEC2014-F27,Composition,30,0,1000,300000,299700,3097.924469135914,2700.0,397.924469135914,nan,nan,109.61207739698875,ok
CEC2014,PSO,27,CEC2014-F27,Composition,30,0,1000,300000,300000,3828.19096266793,2700.0,1128.1909626679299,nan,nan,105.25101591199927,ok
CEC2014,DMGSO,27,CEC2014-F27,Composition,30,1,,300000,300000,3106.929277326299,2700.0,406.92927732629914,1175,9,111.09548558598908,ok
CEC2014,CMA-ES,27,CEC2014-F27,Composition,30,1,1001,300000,8428,2900.000000000163,2700.0,200.0000000001628,nan,nan,3.8614941269916017,ok
CEC2014,DE,27,CEC2014-F27,Composition,30,1,1001,300000,299700,3150.3534635988976,2700.0,450.35346359889763,nan,nan,111.18818906899833,ok
CEC2014,PSO,27,CEC2014-F27,Composition,30,1,1001,300000,300000,3687.3061427259618,2700.0,987.3061427259618,nan,nan,106.8740756479965,ok
CEC2014,DMGSO,27,CEC2014-F27,Composition,30,2,,300000,300000,3105.3693122100367,2700.0,405.3693122100367,952,12,111.62923130499257,ok
CEC2014,CMA-ES,27,CEC2014-F27,Composition,30,2,1002,300000,8148,2900.0000000001755,2700.0,200.00000000017553,nan,nan,3.7090612269967096,ok
CEC2014,DE,27,CEC2014-F27,Composition,30,2,1002,300000,299700,3100.693283647336,2700.0,400.6932836473361,nan,nan,111.06077191799704,ok
CEC2014,PSO,27,CEC2014-F27,Composition,30,2,1002,300000,300000,3758.5250625446038,2700.0,1058.5250625446038,nan,nan,106.91734271599853,ok
CEC2014,DMGSO,27,CEC2014-F27,Composition,30,3,,300000,300000,3103.9218190229353,2700.0,403.9218190229353,1280,8,111.72063582199917,ok
CEC2014,CMA-ES,27,CEC2014-F27,Composition,30,3,1003,300000,8540,2900.0000000001455,2700.0,200.00000000014552,nan,nan,3.916406859003473,ok
CEC2014,DE,27,CEC2014-F27,Composition,30,3,1003,300000,299700,3100.498465230023,2700.0,400.49846523002316,nan,nan,109.90661532699596,ok
CEC2014,PSO,27,CEC2014-F27,Composition,30,3,1003,300000,300000,3693.9437317062325,2700.0,993.9437317062325,nan,nan,105.93167741700017,ok
CEC2014,DMGSO,27,CEC2014-F27,Composition,30,4,,300000,300000,3104.2226331481634,2700.0,404.22263314816337,1160,10,111.52138943999307,ok
CEC2014,CMA-ES,27,CEC2014-F27,Composition,30,4,1004,300000,8764,2900.0000000001296,2700.0,200.0000000001296,nan,nan,3.998447917998419,ok
CEC2014,DE,27,CEC2014-F27,Composition,30,4,1004,300000,299700,3084.9731746689467,2700.0,384.97317466894674,nan,nan,110.03523032400699,ok
CEC2014,PSO,27,CEC2014-F27,Composition,30,4,1004,300000,300000,3732.9039214473846,2700.0,1032.9039214473846,nan,nan,105.86474420000741,ok
CEC2014,DMGSO,27,CEC2014-F27,Composition,30,5,,300000,300000,3105.1470381643603,2700.0,405.1470381643603,1133,11,110.24077147500066,ok
CEC2014,CMA-ES,27,CEC2014-F27,Composition,30,5,1005,300000,8512,2900.0000000001323,2700.0,200.00000000013233,nan,nan,3.871441834999132,ok
CEC2014,DE,27,CEC2014-F27,Composition,30,5,1005,300000,299700,3070.184555601818,2700.0,370.1845556018179,nan,nan,111.23022084099648,ok
CEC2014,PSO,27,CEC2014-F27,Composition,30,5,1005,300000,300000,3482.067553520939,2700.0,782.0675535209389,nan,nan,107.40174133000255,ok
CEC2014,DMGSO,27,CEC2014-F27,Composition,30,6,,300000,300000,3104.197003479135,2700.0,404.1970034791352,1177,10,112.16991374199279,ok
CEC2014,CMA-ES,27,CEC2014-F27,Composition,30,6,1006,300000,8148,2900.000000000147,2700.0,200.00000000014688,nan,nan,3.6844010979984887,ok
CEC2014,DE,27,CEC2014-F27,Composition,30,6,1006,300000,299700,3041.019244523046,2700.0,341.0192445230459,nan,nan,112.1844712359889,ok
CEC2014,PSO,27,CEC2014-F27,Composition,30,6,1006,300000,300000,3934.8978084426044,2700.0,1234.8978084426044,nan,nan,106.83684017299674,ok
CEC2014,DMGSO,27,CEC2014-F27,Composition,30,7,,300000,300000,3103.4105202829824,2700.0,403.41052028298236,914,14,111.8749638510053,ok
CEC2014,CMA-ES,27,CEC2014-F27,Composition,30,7,1007,300000,8512,2900.0000000001414,2700.0,200.00000000014143,nan,nan,3.900500181989628,ok
CEC2014,DE,27,CEC2014-F27,Composition,30,7,1007,300000,299700,3193.666749455352,2700.0,493.66674945535215,nan,nan,110.78424869300216,ok
CEC2014,PSO,27,CEC2014-F27,Composition,30,7,1007,300000,300000,3734.878743649277,2700.0,1034.878743649277,nan,nan,105.91411155401147,ok
CEC2014,DMGSO,27,CEC2014-F27,Composition,30,8,,300000,300000,3104.730837842289,2700.0,404.730837842289,1130,10,111.72976549099258,ok
CEC2014,CMA-ES,27,CEC2014-F27,Composition,30,8,1008,300000,8540,2900.000000000156,2700.0,200.00000000015598,nan,nan,3.8903219979983987,ok
CEC2014,DE,27,CEC2014-F27,Composition,30,8,1008,300000,299700,3084.2916533695375,2700.0,384.29165336953747,nan,nan,112.36203973100055,ok
CEC2014,PSO,27,CEC2014-F27,Composition,30,8,1008,300000,300000,3644.771962718087,2700.0,944.7719627180868,nan,nan,106.59428132799803,ok
CEC2014,DMGSO,27,CEC2014-F27,Composition,30,9,,300000,300000,3102.586337582781,2700.0,402.5863375827812,1245,10,112.89492581799277,ok
CEC2014,CMA-ES,27,CEC2014-F27,Composition,30,9,1009,300000,8162,2900.000000000158,2700.0,200.0000000001578,nan,nan,3.691809659008868,ok
CEC2014,DE,27,CEC2014-F27,Composition,30,9,1009,300000,299700,3034.0523411022205,2700.0,334.05234110222045,nan,nan,109.29511932100286,ok
CEC2014,PSO,27,CEC2014-F27,Composition,30,9,1009,300000,300000,3736.4017111897037,2700.0,1036.4017111897037,nan,nan,104.02411730401218,ok
CEC2014,DMGSO,27,CEC2014-F27,Composition,30,10,,300000,300000,3104.4712470368904,2700.0,404.4712470368904,1167,10,111.30294111400144,ok
CEC2014,CMA-ES,27,CEC2014-F27,Composition,30,10,1010,300000,8344,2900.000000000145,2700.0,200.00000000014506,nan,nan,3.8276130279991776,ok
CEC2014,DE,27,CEC2014-F27,Composition,30,10,1010,300000,299700,3010.243890246442,2700.0,310.2438902464419,nan,nan,110.18348563699692,ok
CEC2014,PSO,27,CEC2014-F27,Composition,30,10,1010,300000,300000,3782.2621492250714,2700.0,1082.2621492250714,nan,nan,105.17494878300931,ok
CEC2014,DMGSO,27,CEC2014-F27,Composition,30,11,,300000,300000,3102.597572205807,2700.0,402.59757220580696,1286,9,111.12115827100934,ok
CEC2014,CMA-ES,27,CEC2014-F27,Composition,30,11,1011,300000,8190,2900.000000000145,2700.0,200.00000000014506,nan,nan,3.690414614000474,ok
CEC2014,DE,27,CEC2014-F27,Composition,30,11,1011,300000,299700,3100.507751277811,2700.0,400.50775127781117,nan,nan,109.19523199199466,ok
CEC2014,PSO,27,CEC2014-F27,Composition,30,11,1011,300000,300000,3788.2888029785768,2700.0,1088.2888029785768,nan,nan,104.59987607999938,ok
CEC2014,DMGSO,27,CEC2014-F27,Composition,30,12,,300000,300000,3104.6942805167523,2700.0,404.6942805167523,1186,11,108.8225478480017,ok
CEC2014,CMA-ES,27,CEC2014-F27,Composition,30,12,1012,300000,8554,2900.000000000143,2700.0,200.0000000001428,nan,nan,3.656522851000773,ok
CEC2014,DE,27,CEC2014-F27,Composition,30,12,1012,300000,299700,3100.433028653255,2700.0,400.43302865325495,nan,nan,108.31991143499909,ok
CEC2014,PSO,27,CEC2014-F27,Composition,30,12,1012,300000,300000,3740.99701514745,2700.0,1040.99701514745,nan,nan,104.88041038799565,ok
CEC2014,DMGSO,27,CEC2014-F27,Composition,30,13,,300000,300000,3105.249293506415,2700.0,405.24929350641514,1240,9,111.56222278000496,ok
CEC2014,CMA-ES,27,CEC2014-F27,Composition,30,13,1013,300000,8764,2900.00000000016,2700.0,200.00000000016007,nan,nan,3.7713903940020828,ok
CEC2014,DE,27,CEC2014-F27,Composition,30,13,1013,300000,299700,3059.694942908807,2700.0,359.6949429088072,nan,nan,107.73657437298971,ok
CEC2014,PSO,27,CEC2014-F27,Composition,30,13,1013,300000,300000,3769.569549479763,2700.0,1069.5695494797628,nan,nan,104.4390287540009,ok
CEC2014,DMGSO,27,CEC2014-F27,Composition,30,14,,300000,300000,3103.051972654423,2700.0,403.051972654423,1417,7,115.657271843,ok
CEC2014,CMA-ES,27,CEC2014-F27,Composition,30,14,1014,300000,8358,2900.0000000001683,2700.0,200.00000000016826,nan,nan,3.4938157180000076,ok
CEC2014,DE,27,CEC2014-F27,Composition,30,14,1014,300000,299700,3091.7409032910437,2700.0,391.74090329104365,nan,nan,112.936259584,ok
CEC2014,PSO,27,CEC2014-F27,Composition,30,14,1014,300000,300000,3123.750813298777,2700.0,423.75081329877685,nan,nan,110.67303333199999,ok
CEC2014,DMGSO,27,CEC2014-F27,Composition,30,15,,300000,300000,3103.6266507750565,2700.0,403.62665077505653,1029,13,116.929087702,ok
CEC2014,CMA-ES,27,CEC2014-F27,Composition,30,15,1015,300000,8302,2900.0000000001623,2700.0,200.00000000016234,nan,nan,3.953830241999981,ok
CEC2014,DE,27,CEC2014-F27,Composition,30,15,1015,300000,299700,3138.0667078666584,2700.0,438.06670786665836,nan,nan,113.35750758899997,ok
CEC2014,PSO,27,CEC2014-F27,Composition,30,15,1015,300000,300000,4057.9194323525744,2700.0,1357.9194323525744,nan,nan,109.35683306300007,ok
CEC2014,DMGSO,27,CEC2014-F27,Composition,30,16,,300000,300000,3104.459415094833,2700.0,404.4594150948328,1092,11,114.13864751999995,ok
CEC2014,CMA-ES,27,CEC2014-F27,Composition,30,16,1016,300000,8204,2900.000000000129,2700.0,200.00000000012915,nan,nan,3.715899788999991,ok
CEC2014,DE,27,CEC2014-F27,Composition,30,16,1016,300000,299700,3129.614649379805,2700.0,429.6146493798051,nan,nan,110.29412865799986,ok
CEC2014,PSO,27,CEC2014-F27,Composition,30,16,1016,300000,300000,3863.5134015341137,2700.0,1163.5134015341137,nan,nan,110.12314885,ok
CEC2014,DMGSO,27,CEC2014-F27,Composition,30,17,,300000,300000,3105.878691755697,2700.0,405.8786917556972,919,15,114.53342535999991,ok
CEC2014,CMA-ES,27,CEC2014-F27,Composition,30,17,1017,300000,8456,2900.0000000001737,2700.0,200.0000000001737,nan,nan,3.951100102000055,ok
CEC2014,DE,27,CEC2014-F27,Composition,30,17,1017,300000,299700,3112.1520864215436,2700.0,412.1520864215436,nan,nan,111.22642895399986,ok
CEC2014,PSO,27,CEC2014-F27,Composition,30,17,1017,300000,300000,3821.6999590174214,2700.0,1121.6999590174214,nan,nan,106.49367119299995,ok
CEC2014,DMGSO,27,CEC2014-F27,Composition,30,18,,300000,300000,3106.6394245725087,2700.0,406.6394245725087,1145,9,114.71125809499995,ok
CEC2014,CMA-ES,27,CEC2014-F27,Composition,30,18,1018,300000,8260,2900.000000000141,2700.0,200.00000000014097,nan,nan,3.835659987000099,ok
CEC2014,DE,27,CEC2014-F27,Composition,30,18,1018,300000,299700,3100.5590930942703,2700.0,400.55909309427034,nan,nan,111.36610785399989,ok
CEC2014,PSO,27,CEC2014-F27,Composition,30,18,1018,300000,300000,3714.3418083495326,2700.0,1014.3418083495326,nan,nan,107.974971461,ok
CEC2014,DMGSO,27,CEC2014-F27,Composition,30,19,,300000,300000,3105.796871863346,2700.0,405.79687186334604,1089,10,111.0353516539999,ok
CEC2014,CMA-ES,27,CEC2014-F27,Composition,30,19,1019,300000,8526,2900.000000000142,2700.0,200.00000000014188,nan,nan,3.876631214000099,ok
CEC2014,DE,27,CEC2014-F27,Composition,30,19,1019,300000,299700,3003.916293957066,2700.0,303.91629395706605,nan,nan,112.710619726,ok
CEC2014,PSO,27,CEC2014-F27,Composition,30,19,1019,300000,300000,3814.983608110946,2700.0,1114.983608110946,nan,nan,107.38507038400007,ok
CEC2014,DMGSO,27,CEC2014-F27,Composition,30,20,,300000,300000,3105.237872615587,2700.0,405.2378726155871,1190,10,118.31089491300008,ok
CEC2014,CMA-ES,27,CEC2014-F27,Composition,30,20,1020,300000,8386,2900.0000000001664,2700.0,200.00000000016644,nan,nan,3.8155280790001598,ok
CEC2014,DE,27,CEC2014-F27,Composition,30,20,1020,300000,299700,3039.0966418783805,2700.0,339.0966418783805,nan,nan,111.02705990300001,ok
CEC2014,PSO,27,CEC2014-F27,Composition,30,20,1020,300000,300000,3682.9287472125466,2700.0,982.9287472125466,nan,nan,108.51722730799975,ok
CEC2014,DMGSO,27,CEC2014-F27,Composition,30,21,,300000,300000,3103.9190868476544,2700.0,403.9190868476544,1056,12,111.33300882499998,ok
CEC2014,CMA-ES,27,CEC2014-F27,Composition,30,21,1021,300000,8652,2900.0000000001355,2700.0,200.00000000013551,nan,nan,3.946733102000053,ok
CEC2014,DE,27,CEC2014-F27,Composition,30,21,1021,300000,299700,3040.1007038175826,2700.0,340.1007038175826,nan,nan,111.4716529289999,ok
CEC2014,PSO,27,CEC2014-F27,Composition,30,21,1021,300000,300000,3837.466748767304,2700.0,1137.4667487673041,nan,nan,107.77465430100028,ok
CEC2014,DMGSO,27,CEC2014-F27,Composition,30,22,,300000,300000,3104.186417191615,2700.0,404.18641719161496,1012,11,110.38897598099993,ok
CEC2014,CMA-ES,27,CEC2014-F27,Composition,30,22,1022,300000,8302,2900.0000000001496,2700.0,200.0000000001496,nan,nan,3.8094906410001386,ok
CEC2014,DE,27,CEC2014-F27,Composition,30,22,1022,300000,299700,3148.751565029197,2700.0,448.7515650291971,nan,nan,113.97838747300011,ok
CEC2014,PSO,27,CEC2014-F27,Composition,30,22,1022,300000,300000,3881.3454289939104,2700.0,1181.3454289939104,nan,nan,109.49408908299984,ok
CEC2014,DMGSO,27,CEC2014-F27,Composition,30,23,,300000,300000,3103.918501751078,2700.0,403.9185017510781,1306,9,112.363950896,ok
CEC2014,CMA-ES,27,CEC2014-F27,Composition,30,23,1023,300000,8498,2900.0000000001523,2700.0,200.00000000015234,nan,nan,3.867225788000269,ok
CEC2014,DE,27,CEC2014-F27,Composition,30,23,1023,300000,299700,3001.8271027934534,2700.0,301.8271027934534,nan,nan,110.38079629200001,ok
CEC2014,PSO,27,CEC2014-F27,Composition,30,23,1023,300000,300000,3711.103470080059,2700.0,1011.1034700800592,nan,nan,108.66631104099997,ok
CEC2014,DMGSO,27,CEC2014-F27,Composition,30,24,,300000,300000,3102.5776066488056,2700.0,402.5776066488056,1104,10,111.644566855,ok
CEC2014,CMA-ES,27,CEC2014-F27,Composition,30,24,1024,300000,8750,2900.000000000179,2700.0,200.00000000017917,nan,nan,4.020322963000126,ok
CEC2014,DE,27,CEC2014-F27,Composition,30,24,1024,300000,299700,3037.0419118907676,2700.0,337.04191189076755,nan,nan,109.46763740699998,ok
CEC2014,PSO,27,CEC2014-F27,Composition,30,24,1024,300000,300000,3931.0411302745074,2700.0,1231.0411302745074,nan,nan,105.30668799900013,ok
CEC2014,DMGSO,27,CEC2014-F27,Composition,30,25,,300000,300000,3104.9265591728367,2700.0,404.92655917283673,1076,12,114.61195278599962,ok
CEC2014,CMA-ES,27,CEC2014-F27,Composition,30,25,1025,300000,8750,2900.00000000016,2700.0,200.00000000016007,nan,nan,4.037538624999797,ok
CEC2014,DE,27,CEC2014-F27,Composition,30,25,1025,300000,299700,3139.863049843052,2700.0,439.86304984305207,nan,nan,111.64102626400017,ok
CEC2014,PSO,27,CEC2014-F27,Composition,30,25,1025,300000,300000,4028.9224455664917,2700.0,1328.9224455664917,nan,nan,105.52427881099993,ok
CEC2014,DMGSO,27,CEC2014-F27,Composition,30,26,,300000,300000,3103.427755788259,2700.0,403.4277557882592,1200,10,111.24876450200009,ok
CEC2014,CMA-ES,27,CEC2014-F27,Composition,30,26,1026,300000,8680,2900.0000000001273,2700.0,200.00000000012733,nan,nan,4.0062018910002735,ok
CEC2014,DE,27,CEC2014-F27,Composition,30,26,1026,300000,299700,3064.163604517461,2700.0,364.16360451746095,nan,nan,110.12229551000019,ok
CEC2014,PSO,27,CEC2014-F27,Composition,30,26,1026,300000,300000,3696.6734305177233,2700.0,996.6734305177233,nan,nan,108.83739741599948,ok
CEC2014,DMGSO,27,CEC2014-F27,Composition,30,27,,300000,300000,3106.860073074328,2700.0,406.86007307432783,1151,9,112.39084924300005,ok
CEC2014,CMA-ES,27,CEC2014-F27,Composition,30,27,1027,300000,8148,2900.0000000001605,2700.0,200.00000000016053,nan,nan,3.7466383439996207,ok
CEC2014,DE,27,CEC2014-F27,Composition,30,27,1027,300000,299700,3021.1253842020665,2700.0,321.12538420206647,nan,nan,111.41743841400057,ok
CEC2014,PSO,27,CEC2014-F27,Composition,30,27,1027,300000,300000,3157.302657949353,2700.0,457.30265794935303,nan,nan,108.68161623699962,ok
CEC2014,DMGSO,27,CEC2014-F27,Composition,30,28,,300000,300000,3106.0934386487984,2700.0,406.0934386487984,1045,12,112.12121959399974,ok
CEC2014,CMA-ES,27,CEC2014-F27,Composition,30,28,1028,300000,8666,2900.000000000164,2700.0,200.00000000016416,nan,nan,4.010612428000059,ok
CEC2014,DE,27,CEC2014-F27,Composition,30,28,1028,300000,299700,3101.0299077675504,2700.0,401.0299077675504,nan,nan,109.43920969700048,ok
CEC2014,PSO,27,CEC2014-F27,Composition,30,28,1028,300000,300000,3890.464227988879,2700.0,1190.464227988879,nan,nan,106.64550534099999,ok
CEC2014,DMGSO,27,CEC2014-F27,Composition,30,29,,300000,300000,3103.4441829736315,2700.0,403.44418297363154,1239,9,113.27506891299981,ok
CEC2014,CMA-ES,27,CEC2014-F27,Composition,30,29,1029,300000,8568,2900.000000000155,2700.0,200.00000000015507,nan,nan,3.9343356950003,ok
CEC2014,DE,27,CEC2014-F27,Composition,30,29,1029,300000,299700,3100.3924272124837,2700.0,400.39242721248365,nan,nan,111.05798087099993,ok
CEC2014,PSO,27,CEC2014-F27,Composition,30,29,1029,300000,300000,3838.2629689237165,2700.0,1138.2629689237165,nan,nan,105.8833080710001,ok
CEC2014,DMGSO,28,CEC2014-F28,Composition,30,0,,300000,300000,7231.6793241839705,2800.0,4431.6793241839705,711,20,70.69898895799997,ok
CEC2014,CMA-ES,28,CEC2014-F28,Composition,30,0,1000,300000,8638,3000.000000000405,2800.0,200.00000000040518,nan,nan,2.417448692999642,ok
CEC2014,DE,28,CEC2014-F28,Composition,30,0,1000,300000,299700,3623.481605469379,2800.0,823.4816054693788,nan,nan,69.08536884499972,ok
CEC2014,PSO,28,CEC2014-F28,Composition,30,0,1000,300000,300000,4734.619443052721,2800.0,1934.6194430527212,nan,nan,63.92323086899978,ok
CEC2014,DMGSO,28,CEC2014-F28,Composition,30,1,,300000,300000,6678.312566244069,2800.0,3878.312566244069,1108,7,68.74138549300005,ok
CEC2014,CMA-ES,28,CEC2014-F28,Composition,30,1,1001,300000,8372,3000.0000000004757,2800.0,200.00000000047567,nan,nan,2.4756702140002744,ok
CEC2014,DE,28,CEC2014-F28,Composition,30,1,1001,300000,299700,3679.4137095013107,2800.0,879.4137095013107,nan,nan,68.45124526099971,ok
CEC2014,PSO,28,CEC2014-F28,Composition,30,1,1001,300000,300000,4485.060992551338,2800.0,1685.0609925513381,nan,nan,64.45967922999989,ok
CEC2014,DMGSO,28,CEC2014-F28,Composition,30,2,,300000,300000,7568.802470636165,2800.0,4768.802470636165,619,20,68.31051175500033,ok
CEC2014,CMA-ES,28,CEC2014-F28,Composition,30,2,1002,300000,8918,3000.0000000004075,2800.0,200.00000000040745,nan,nan,2.644684228999722,ok
CEC2014,DE,28,CEC2014-F28,Composition,30,2,1002,300000,299700,3693.611399003638,2800.0,893.6113990036379,nan,nan,68.62783742800002,ok
CEC2014,PSO,28,CEC2014-F28,Composition,30,2,1002,300000,300000,4689.164225217266,2800.0,1889.164225217266,nan,nan,65.68641641900012,ok
CEC2014,DMGSO,28,CEC2014-F28,Composition,30,3,,300000,300000,6088.2067296164105,2800.0,3288.2067296164105,757,19,68.69877746700058,ok
CEC2014,CMA-ES,28,CEC2014-F28,Composition,30,3,1003,300000,8386,3000.0000000003843,2800.0,200.00000000038426,nan,nan,2.509570143000019,ok
CEC2014,DE,28,CEC2014-F28,Composition,30,3,1003,300000,299700,3486.74099469016,2800.0,686.7409946901598,nan,nan,66.24963722600023,ok
CEC2014,PSO,28,CEC2014-F28,Composition,30,3,1003,300000,300000,5665.662074163343,2800.0,2865.6620741633433,nan,nan,66.35436417399978,ok
CEC2014,DMGSO,28,CEC2014-F28,Composition,30,4,,300000,300000,7443.963583177185,2800.0,4643.963583177185,725,20,71.37734395899952,ok
CEC2014,CMA-ES,28,CEC2014-F28,Composition,30,4,1004,300000,8484,3000.00000000038,2800.0,200.00000000038017,nan,nan,2.5565886760005014,ok
CEC2014,DE,28,CEC2014-F28,Composition,30,4,1004,300000,299700,3649.851429990029,2800.0,849.8514299900289,nan,nan,67.65208751000046,ok
CEC2014,PSO,28,CEC2014-F28,Composition,30,4,1004,300000,300000,5123.1932465598475,2800.0,2323.1932465598475,nan,nan,63.67767665500014,ok
CEC2014,DMGSO,28,CEC2014-F28,Composition,30,5,,300000,300000,8023.153921421719,2800.0,5223.153921421719,1012,14,69.20960986499995,ok
CEC2014,CMA-ES,28,CEC2014-F28,Composition,30,5,1005,300000,8428,3000.000000000399,2800.0,200.0000000003988,nan,nan,2.50464508999994,ok
CEC2014,DE,28,CEC2014-F28,Composition,30,5,1005,300000,299700,3606.1428403588557,2800.0,806.1428403588557,nan,nan,67.72231209199981,ok
CEC2014,PSO,28,CEC2014-F28,Composition,30,5,1005,300000,300000,4453.230872486169,2800.0,1653.2308724861687,nan,nan,65.73188056100025,ok
CEC2014,DMGSO,28,CEC2014-F28,Composition,30,6,,300000,300000,7025.848640268988,2800.0,4225.848640268988,592,20,71.9080067040004,ok
CEC2014,CMA-ES,28,CEC2014-F28,Composition,30,6,1006,300000,8358,3000.000000000412,2800.0,200.000000000412,nan,nan,2.435703526999532,ok
CEC2014,DE,28,CEC2014-F28,Composition,30,6,1006,300000,299700,3659.2987694090825,2800.0,859.2987694090825,nan,nan,66.20948590599983,ok
CEC2014,PSO,28,CEC2014-F28,Composition,30,6,1006,300000,300000,5031.846359229499,2800.0,2231.8463592294993,nan,nan,62.16985450000084,ok
CEC2014,DMGSO,28,CEC2014-F28,Composition,30,7,,300000,300000,7675.844251890104,2800.0,4875.844251890104,615,20,70.16018323000026,ok
CEC2014,CMA-ES,28,CEC2014-F28,Composition,30,7,1007,300000,8638,3000.000000000433,2800.0,200.00000000043292,nan,nan,2.421584681999775,ok
CEC2014,DE,28,CEC2014-F28,Composition,30,7,1007,300000,299700,3646.375340741226,2800.0,846.375340741226,nan,nan,68.54283963399939,ok
CEC2014,PSO,28,CEC2014-F28,Composition,30,7,1007,300000,300000,4819.366176552357,2800.0,2019.3661765523566,nan,nan,63.90559190500062,ok
CEC2014,DMGSO,28,CEC2014-F28,Composition,30,8,,300000,300000,8207.658205471038,2800.0,5407.658205471038,1074,12,69.85125510799935,ok
CEC2014,CMA-ES,28,CEC2014-F28,Composition,30,8,1008,300000,8554,3000.0000000005293,2800.0,200.00000000052933,nan,nan,2.5228443920004793,ok
CEC2014,DE,28,CEC2014-F28,Composition,30,8,1008,300000,299700,3486.077876401937,2800.0,686.0778764019369,nan,nan,67.34069949900004,ok
CEC2014,PSO,28,CEC2014-F28,Composition,30,8,1008,300000,300000,4808.412973551431,2800.0,2008.4129735514307,nan,nan,64.46280605100037,ok
CEC2014,DMGSO,28,CEC2014-F28,Composition,30,9,,300000,300000,7627.273069544869,2800.0,4827.273069544869,759,19,69.80617335400075,ok
CEC2014,CMA-ES,28,CEC2014-F28,Composition,30,9,1009,300000,8428,3000.000000000464,2800.0,200.00000000046384,nan,nan,2.46593927899994,ok
CEC2014,DE,28,CEC2014-F28,Composition,30,9,1009,300000,299700,3614.1325722387455,2800.0,814.1325722387455,nan,nan,68.02313264300028,ok
CEC2014,PSO,28,CEC2014-F28,Composition,30,9,1009,300000,300000,4177.621219149165,2800.0,1377.621219149165,nan,nan,64.32839273700029,ok
CEC2014,DMGSO,28,CEC2014-F28,Composition,30,10,,300000,300000,6813.643084527238,2800.0,4013.643084527238,1035,14,69.24335976699967,ok
CEC2014,CMA-ES,28,CEC2014-F28,Composition,30,10,1010,300000,8764,3000.0000000005334,2800.0,200.00000000053342,nan,nan,2.637571664999996,ok
CEC2014,DE,28,CEC2014-F28,Composition,30,10,1010,300000,299700,3558.943385508742,2800.0,758.9433855087418,nan,nan,65.7498773569996,ok
CEC2014,PSO,28,CEC2014-F28,Composition,30,10,1010,300000,300000,5292.292488823738,2800.0,2492.2924888237376,nan,nan,63.625401376999434,ok
CEC2014,DMGSO,28,CEC2014-F28,Composition,30,11,,300000,300000,7383.662949581038,2800.0,4583.662949581038,717,19,69.47321900399947,ok
CEC2014,CMA-ES,28,CEC2014-F28,Composition,30,11,1011,300000,8652,3000.0000000004825,2800.0,200.0000000004825,nan,nan,2.6201770959996793,ok
CEC2014,DE,28,CEC2014-F28,Composition,30,11,1011,300000,299700,3628.189254470092,2800.0,828.1892544700918,nan,nan,66.06045532500048,ok
CEC2014,PSO,28,CEC2014-F28,Composition,30,11,1011,300000,300000,4619.411487550164,2800.0,1819.4114875501637,nan,nan,62.77114666699981,ok
CEC2014,DMGSO,28,CEC2014-F28,Composition,30,12,,300000,300000,7272.913150382059,2800.0,4472.913150382059,814,17,68.8678102470003,ok
CEC2014,CMA-ES,28,CEC2014-F28,Composition,30,12,1012,300000,8400,3000.0000000004957,2800.0,200.00000000049567,nan,nan,2.493733367999994,ok
CEC2014,DE,28,CEC2014-F28,Composition,30,12,1012,300000,299700,3632.840961692822,2800.0,832.840961692822,nan,nan,68.99869663699974,ok
CEC2014,PSO,28,CEC2014-F28,Composition,30,12,1012,300000,300000,4418.37903689982,2800.0,1618.3790368998198,nan,nan,62.95374002799963,ok
CEC2014,DMGSO,28,CEC2014-F28,Composition,30,13,,300000,300000,8096.655721048594,2800.0,5296.655721048594,796,18,69.67574760099978,ok
CEC2014,CMA-ES,28,CEC2014-F28,Composition,30,13,1013,300000,8568,3000.000000000447,2800.0,200.00000000044702,nan,nan,2.4240398740003,ok
CEC2014,DE,28,CEC2014-F28,Composition,30,13,1013,300000,299700,3100.0000004820486,2800.0,300.00000048204856,nan,nan,66.9814656489998,ok
CEC2014,PSO,28,CEC2014-F28,Composition,30,13,1013,300000,300000,5051.836469802078,2800.0,2251.8364698020778,nan,nan,64.25831324900173,ok
CEC2014,DMGSO,28,CEC2014-F28,Composition,30,14,,300000,300000,6908.90325613205,2800.0,4108.90325613205,891,15,70.4436868190005,ok
CEC2014,CMA-ES,28,CEC2014-F28,Composition,30,14,1014,300000,8344,3000.0000000003865,2800.0,200.00000000038654,nan,nan,2.4469007509997027,ok
CEC2014,DE,28,CEC2014-F28,Composition,30,14,1014,300000,299700,3675.431874211321,2800.0,875.431874211321,nan,nan,66.43212880200008,ok
CEC2014,PSO,28,CEC2014-F28,Composition,30,14,1014,300000,300000,4411.569258587866,2800.0,1611.569258587866,nan,nan,60.850997990000906,ok
CEC2014,DMGSO,28,CEC2014-F28,Composition,30,15,,300000,300000,7064.580456429396,2800.0,4264.580456429396,826,17,68.32897231800052,ok
CEC2014,CMA-ES,28,CEC2014-F28,Composition,30,15,1015,300000,8414,3000.0000000005375,2800.0,200.0000000005375,nan,nan,2.5836531259992626,ok
CEC2014,DE,28,CEC2014-F28,Composition,30,15,1015,300000,299700,3709.860311241643,2800.0,909.8603112416431,nan,nan,66.2931815360007,ok
CEC2014,PSO,28,CEC2014-F28,Composition,30,15,1015,300000,300000,4962.27025596728,2800.0,2162.27025596728,nan,nan,64.93747965900002,ok
CEC2014,DMGSO,28,CEC2014-F28,Composition,30,16,,300000,300000,7424.721082437241,2800.0,4624.721082437241,915,15,70.35356691199922,ok
CEC2014,CMA-ES,28,CEC2014-F28,Composition,30,16,1016,300000,8050,3000.000000000382,2800.0,200.000000000382,nan,nan,2.385738451999714,ok
CEC2014,DE,28,CEC2014-F28,Composition,30,16,1016,300000,299700,3643.518770087878,2800.0,843.5187700878778,nan,nan,66.3433207270009,ok
CEC2014,PSO,28,CEC2014-F28,Composition,30,16,1016,300000,300000,4657.794915863493,2800.0,1857.7949158634929,nan,nan,62.3090984290011,ok
CEC2014,DMGSO,28,CEC2014-F28,Composition,30,17,,300000,300000,7725.275821489009,2800.0,4925.275821489009,866,16,67.73034398500022,ok
CEC2014,CMA-ES,28,CEC2014-F28,Composition,30,17,1017,300000,8932,3000.0000000004984,2800.0,200.0000000004984,nan,nan,2.625273126001048,ok
CEC2014,DE,28,CEC2014-F28,Composition,30,17,1017,300000,299700,3654.407111263258,2800.0,854.4071112632578,nan,nan,67.57143266999992,ok
CEC2014,PSO,28,CEC2014-F28,Composition,30,17,1017,300000,300000,4979.294880475993,2800.0,2179.2948804759926,nan,nan,65.56317427900103,ok
CEC2014,DMGSO,28,CEC2014-F28,Composition,30,18,,300000,300000,7404.263470478579,2800.0,4604.263470478579,662,20,71.31810492600016,ok
CEC2014,CMA-ES,28,CEC2014-F28,Composition,30,18,1018,300000,8582,3000.0000000004397,2800.0,200.00000000043974,nan,nan,2.5509061080010724,ok
CEC2014,DE,28,CEC2014-F28,Composition,30,18,1018,300000,299700,3520.966849055312,2800.0,720.9668490553122,nan,nan,67.81237783800134,ok
CEC2014,PSO,28,CEC2014-F28,Composition,30,18,1018,300000,300000,4346.673238852349,2800.0,1546.6732388523487,nan,nan,62.82386081799996,ok
CEC2014,DMGSO,28,CEC2014-F28,Composition,30,19,,300000,300000,7769.024755818206,2800.0,4969.024755818206,692,20,68.39712358500037,ok
CEC2014,CMA-ES,28,CEC2014-F28,Composition,30,19,1019,300000,8302,3000.0000000004534,2800.0,200.00000000045338,nan,nan,2.3046647339997435,ok
CEC2014,DE,28,CEC2014-F28,Composition,30,19,1019,300000,299700,3549.670046231235,2800.0,749.6700462312351,nan,nan,65.04526883700055,ok
CEC2014,PSO,28,CEC2014-F28,Composition,30,19,1019,300000,300000,4429.610948271543,2800.0,1629.6109482715428,nan,nan,62.02044754899907,ok
CEC2014,DMGSO,28,CEC2014-F28,Composition,30,20,,300000,300000,8091.789104996857,2800.0,5291.789104996857,857,16,67.90574336999998,ok
CEC2014,CMA-ES,28,CEC2014-F28,Composition,30,20,1020,300000,8568,3000.0000000004347,2800.0,200.00000000043474,nan,nan,2.5978649600001518,ok
CEC2014,DE,28,CEC2014-F28,Composition,30,20,1020,300000,299700,3584.4062685355157,2800.0,784.4062685355157,nan,nan,67.64187515999947,ok
CEC2014,PSO,28,CEC2014-F28,Composition,30,20,1020,300000,300000,4994.809543480954,2800.0,2194.809543480954,nan,nan,63.63941195500047,ok
CEC2014,DMGSO,28,CEC2014-F28,Composition,30,21,,300000,300000,7620.248053981154,2800.0,4820.248053981154,859,17,69.00528141200084,ok
CEC2014,CMA-ES,28,CEC2014-F28,Composition,30,21,1021,300000,8400,3000.0000000004643,2800.0,200.0000000004643,nan,nan,2.434647493000739,ok
CEC2014,DE,28,CEC2014-F28,Composition,30,21,1021,300000,299700,3681.353759641851,2800.0,881.353759641851,nan,nan,65.91908067799886,ok
CEC2014,PSO,28,CEC2014-F28,Composition,30,21,1021,300000,300000,4638.089514640876,2800.0,1838.0895146408757,nan,nan,63.36787266800093,ok
CEC2014,DMGSO,28,CEC2014-F28,Composition,30,22,,300000,300000,7986.057052481712,2800.0,5186.057052481712,756,18,69.86207441700026,ok
CEC2014,CMA-ES,28,CEC2014-F28,Composition,30,22,1022,300000,8876,3000.000000000483,2800.0,200.00000000048294,nan,nan,2.660487009999997,ok
CEC2014,DE,28,CEC2014-F28,Composition,30,22,1022,300000,299700,3550.0128356721193,2800.0,750.0128356721193,nan,nan,66.15933885800041,ok
CEC2014,PSO,28,CEC2014-F28,Composition,30,22,1022,300000,300000,4624.159569058296,2800.0,1824.1595690582963,nan,nan,63.11242709199905,ok
CEC2014,DMGSO,28,CEC2014-F28,Composition,30,23,,300000,300000,6472.945747383375,2800.0,3672.9457473833754,796,18,70.63246354700095,ok
CEC2014,CMA-ES,28,CEC2014-F28,Composition,30,23,1023,300000,8806,3000.000000000475,2800.0,200.0000000004752,nan,nan,2.5302979850002885,ok
CEC2014,DE,28,CEC2014-F28,Composition,30,23,1023,300000,299700,3616.71488722182,2800.0,816.7148872218199,nan,nan,67.74871223300033,ok
CEC2014,PSO,28,CEC2014-F28,Composition,30,23,1023,300000,300000,4834.499683238777,2800.0,2034.499683238777,nan,nan,63.13231755800007,ok
CEC2014,DMGSO,28,CEC2014-F28,Composition,30,24,,300000,300000,7401.099474565139,2800.0,4601.099474565139,695,18,69.67957239399948,ok
CEC2014,CMA-ES,28,CEC2014-F28,Composition,30,24,1024,300000,8344,3000.0000000004766,2800.0,200.00000000047658,nan,nan,2.515831962999073,ok
CEC2014,DE,28,CEC2014-F28,Composition,30,24,1024,300000,299700,3602.581671181578,2800.0,802.5816711815778,nan,nan,65.36423622199982,ok
CEC2014,PSO,28,CEC2014-F28,Composition,30,24,1024,300000,300000,4569.385303329727,2800.0,1769.3853033297273,nan,nan,63.4084269899995,ok
CEC2014,DMGSO,28,CEC2014-F28,Composition,30,25,,300000,300000,8262.96508902676,2800.0,5462.96508902676,827,18,70.51143218300058,ok
CEC2014,CMA-ES,28,CEC2014-F28,Composition,30,25,1025,300000,8554,3000.0000000004516,2800.0,200.00000000045156,nan,nan,2.461900115999015,ok
CEC2014,DE,28,CEC2014-F28,Composition,30,25,1025,300000,299700,3608.2267826669704,2800.0,808.2267826669704,nan,nan,66.88646372900075,ok
CEC2014,PSO,28,CEC2014-F28,Composition,30,25,1025,300000,300000,5107.006307917842,2800.0,2307.0063079178417,nan,nan,62.497863348000465,ok
CEC2014,DMGSO,28,CEC2014-F28,Composition,30,26,,300000,300000,6036.313598406214,2800.0,3236.3135984062137,603,20,72.80224714900032,ok
CEC2014,CMA-ES,28,CEC2014-F28,Composition,30,26,1026,300000,8372,3000.0000000003615,2800.0,200.00000000036152,nan,nan,2.465249902999858,ok
CEC2014,DE,28,CEC2014-F28,Composition,30,26,1026,300000,299700,3507.5702942431476,2800.0,707.5702942431476,nan,nan,67.86361092199877,ok
CEC2014,PSO,28,CEC2014-F28,Composition,30,26,1026,300000,300000,5576.718719195845,2800.0,2776.7187191958446,nan,nan,64.64525096800025,ok
CEC2014,DMGSO,28,CEC2014-F28,Composition,30,27,,300000,300000,7614.124280163596,2800.0,4814.124280163596,763,18,72.91199235800013,ok
CEC2014,CMA-ES,28,CEC2014-F28,Composition,30,27,1027,300000,7854,3000.0000000004607,2800.0,200.00000000046066,nan,nan,2.308471306001593,ok
CEC2014,DE,28,CEC2014-F28,Composition,30,27,1027,300000,299700,3706.1505967977814,2800.0,906.1505967977814,nan,nan,65.68543933000001,ok
CEC2014,PSO,28,CEC2014-F28,Composition,30,27,1027,300000,300000,4045.537809518957,2800.0,1245.5378095189571,nan,nan,63.72230272999877,ok
CEC2014,DMGSO,28,CEC2014-F28,Composition,30,28,,300000,300000,6930.712600945521,2800.0,4130.712600945521,700,20,71.18749898299939,ok
CEC2014,CMA-ES,28,CEC2014-F28,Composition,30,28,1028,300000,8568,3000.000000000536,2800.0,200.00000000053615,nan,nan,2.557182358999853,ok
CEC2014,DE,28,CEC2014-F28,Composition,30,28,1028,300000,299700,3632.537680590613,2800.0,832.537680590613,nan,nan,66.34178131899898,ok
CEC2014,PSO,28,CEC2014-F28,Composition,30,28,1028,300000,300000,5572.877193449245,2800.0,2772.877193449245,nan,nan,63.89112374400065,ok
CEC2014,DMGSO,28,CEC2014-F28,Composition,30,29,,300000,300000,7183.192813411647,2800.0,4383.192813411647,892,15,72.01253267600077,ok
CEC2014,CMA-ES,28,CEC2014-F28,Composition,30,29,1029,300000,8568,3000.000000000501,2800.0,200.00000000050113,nan,nan,2.5477925129998766,ok
CEC2014,DE,28,CEC2014-F28,Composition,30,29,1029,300000,299700,3481.1957164804116,2800.0,681.1957164804116,nan,nan,66.6736953540003,ok
CEC2014,PSO,28,CEC2014-F28,Composition,30,29,1029,300000,300000,4246.898873603371,2800.0,1446.8988736033707,nan,nan,63.667135644000155,ok
CEC2014,DMGSO,29,CEC2014-F29,Composition,30,0,,300000,300000,15779.238675234761,2900.0,12879.238675234761,1300,11,53.53216642500047,ok
CEC2014,CMA-ES,29,CEC2014-F29,Composition,30,0,1000,300000,8554,3100.0005594638124,2900.0,200.00055946381235,nan,nan,2.1739838779994898,ok
CEC2014,DE,29,CEC2014-F29,Composition,30,0,1000,300000,299700,5494.875211607553,2900.0,2594.875211607553,nan,nan,53.534021798999675,ok
CEC2014,PSO,29,CEC2014-F29,Composition,30,0,1000,300000,300000,226784475.0565418,2900.0,226781575.0565418,nan,nan,48.46665287799988,ok
CEC2014,DMGSO,29,CEC2014-F29,Composition,30,1,,300000,300000,23453.77764287329,2900.0,20553.77764287329,1306,11,54.36895910500061,ok
CEC2014,CMA-ES,29,CEC2014-F29,Composition,30,1,1001,300000,8582,3100.000785811567,2900.0,200.00078581156686,nan,nan,1.9731831069984764,ok
CEC2014,DE,29,CEC2014-F29,Composition,30,1,1001,300000,299700,6588.45955161417,2900.0,3688.45955161417,nan,nan,52.41448181800115,ok
CEC2014,PSO,29,CEC2014-F29,Composition,30,1,1001,300000,300000,71238191.70644541,2900.0,71235291.70644541,nan,nan,48.004479288001676,ok
CEC2014,DMGSO,29,CEC2014-F29,Composition,30,2,,300000,300000,11418.996168661773,2900.0,8518.996168661773,1429,8,54.47685904500031,ok
CEC2014,CMA-ES,29,CEC2014-F29,Composition,30,2,1002,300000,7980,3100.000678854548,2900.0,200.0006788545479,nan,nan,1.8612610720010707,ok
CEC2014,DE,29,CEC2014-F29,Composition,30,2,1002,300000,299700,8679.993221758376,2900.0,5779.9932217583755,nan,nan,52.52286212599938,ok
CEC2014,PSO,29,CEC2014-F29,Composition,30,2,1002,300000,300000,113241862.00329943,2900.0,113238962.00329943,nan,nan,46.81424078300006,ok
CEC2014,DMGSO,29,CEC2014-F29,Composition,30,3,,300000,300000,12344.879369227827,2900.0,9444.879369227827,1438,6,54.11497295400113,ok
CEC2014,CMA-ES,29,CEC2014-F29,Composition,30,3,1003,300000,8330,3100.0006597943134,2900.0,200.00065979431338,nan,nan,1.9214612249998027,ok
CEC2014,DE,29,CEC2014-F29,Composition,30,3,1003,300000,299700,14321.06976011755,2900.0,11421.06976011755,nan,nan,52.1699480999996,ok
CEC2014,PSO,29,CEC2014-F29,Composition,30,3,1003,300000,300000,69902091.04427446,2900.0,69899191.04427446,nan,nan,48.365841867998824,ok
CEC2014,DMGSO,29,CEC2014-F29,Composition,30,4,,300000,300000,16176.64480754653,2900.0,13276.64480754653,1324,10,54.707471955000074,ok
CEC2014,CMA-ES,29,CEC2014-F29,Composition,30,4,1004,300000,8372,3100.000653918928,2900.0,200.00065391892804,nan,nan,1.9403439969992178,ok
CEC2014,DE,29,CEC2014-F29,Composition,30,4,1004,300000,299700,7601.761220046596,2900.0,4701.761220046596,nan,nan,52.102753069000755,ok
CEC2014,PSO,29,CEC2014-F29,Composition,30,4,1004,300000,300000,19117237.939913325,2900.0,19114337.939913325,nan,nan,49.197446596999725,ok
CEC2014,DMGSO,29,CEC2014-F29,Composition,30,5,,300000,300000,26484.71319225458,2900.0,23584.71319225458,1545,6,53.566067003999706,ok
CEC2014,CMA-ES,29,CEC2014-F29,Composition,30,5,1005,300000,8302,3100.000447126649,2900.0,200.00044712664885,nan,nan,1.909599986000103,ok
CEC2014,DE,29,CEC2014-F29,Composition,30,5,1005,300000,299700,9453.134005284279,2900.0,6553.134005284279,nan,nan,53.50527751100162,ok
CEC2014,PSO,29,CEC2014-F29,Composition,30,5,1005,300000,300000,100423342.22413191,2900.0,100420442.22413191,nan,nan,48.32516941799986,ok
CEC2014,DMGSO,29,CEC2014-F29,Composition,30,6,,300000,300000,25460.38125725826,2900.0,22560.38125725826,1326,8,53.25394850900011,ok
CEC2014,CMA-ES,29,CEC2014-F29,Composition,30,6,1006,300000,8344,3100.000677971066,2900.0,200.00067797106612,nan,nan,1.9158141870011605,ok
CEC2014,DE,29,CEC2014-F29,Composition,30,6,1006,300000,299700,7094.347054684449,2900.0,4194.347054684449,nan,nan,52.29439159100002,ok
CEC2014,PSO,29,CEC2014-F29,Composition,30,6,1006,300000,300000,35771098.84439105,2900.0,35768198.84439105,nan,nan,49.50825925800018,ok
CEC2014,DMGSO,29,CEC2014-F29,Composition,30,7,,300000,300000,8644.302500359016,2900.0,5744.3025003590155,1422,7,53.48901909799861,ok
CEC2014,CMA-ES,29,CEC2014-F29,Composition,30,7,1007,300000,8288,3100.0005565823562,2900.0,200.00055658235624,nan,nan,1.8562291329999425,ok
CEC2014,DE,29,CEC2014-F29,Composition,30,7,1007,300000,299700,5902.254650065008,2900.0,3002.254650065008,nan,nan,53.052082369000345,ok
CEC2014,PSO,29,CEC2014-F29,Composition,30,7,1007,300000,300000,32526345.292810097,2900.0,32523445.292810097,nan,nan,48.79342126600022,ok
CEC2014,DMGSO,29,CEC2014-F29,Composition,30,8,,300000,300000,23631.100301177008,2900.0,20731.100301177008,1272,11,54.45444692400088,ok
CEC2014,CMA-ES,29,CEC2014-F29,Composition,30,8,1008,300000,8246,3100.0005372989453,2900.0,200.00053729894535,nan,nan,1.8805256699997699,ok
CEC2014,DE,29,CEC2014-F29,Composition,30,8,1008,300000,299700,8524.247655302122,2900.0,5624.247655302122,nan,nan,51.40996778599947,ok
CEC2014,PSO,29,CEC2014-F29,Composition,30,8,1008,300000,300000,34394097.69664439,2900.0,34391197.69664439,nan,nan,46.317234314001325,ok
CEC2014,DMGSO,29,CEC2014-F29,Composition,30,9,,300000,300000,15460.530725122942,2900.0,12560.530725122942,1555,4,53.9139425960002,ok
CEC2014,CMA-ES,29,CEC2014-F29,Composition,30,9,1009,300000,8470,3100.0006064163117,2900.0,200.0006064163117,nan,nan,1.9830798980001418,ok
CEC2014,DE,29,CEC2014-F29,Composition,30,9,1009,300000,299700,5188.775092825832,2900.0,2288.775092825832,nan,nan,52.112868457999866,ok
CEC2014,PSO,29,CEC2014-F29,Composition,30,9,1009,300000,300000,98007612.31485428,2900.0,98004712.31485428,nan,nan,47.51981886899921,ok
CEC2014,DMGSO,29,CEC2014-F29,Composition,30,10,,300000,300000,32033.5251735802,2900.0,29133.5251735802,1324,10,52.86143762199936,ok
CEC2014,CMA-ES,29,CEC2014-F29,Composition,30,10,1010,300000,8050,3100.0005914231792,2900.0,200.00059142317923,nan,nan,1.843051394000213,ok
CEC2014,DE,29,CEC2014-F29,Composition,30,10,1010,300000,299700,6136.129180699728,2900.0,3236.129180699728,nan,nan,52.76881345400034,ok
CEC2014,PSO,29,CEC2014-F29,Composition,30,10,1010,300000,300000,157728958.1538419,2900.0,157726058.1538419,nan,nan,47.76645073399959,ok
CEC2014,DMGSO,29,CEC2014-F29,Composition,30,11,,300000,300000,11703.198481680261,2900.0,8803.198481680261,1445,8,54.124478398000065,ok
CEC2014,CMA-ES,29,CEC2014-F29,Composition,30,11,1011,300000,8540,3100.000681502514,2900.0,200.000681502514,nan,nan,1.9772520290007378,ok
CEC2014,DE,29,CEC2014-F29,Composition,30,11,1011,300000,299700,5559.633470619449,2900.0,2659.6334706194493,nan,nan,53.30923211300069,ok
CEC2014,PSO,29,CEC2014-F29,Composition,30,11,1011,300000,300000,268620846.22821045,2900.0,268617946.22821045,nan,nan,47.79494125199926,ok
CEC2014,DMGSO,29,CEC2014-F29,Composition,30,12,,300000,300000,15473.407900078808,2900.0,12573.407900078808,1501,6,53.27185945199926,ok
CEC2014,CMA-ES,29,CEC2014-F29,Composition,30,12,1012,300000,8358,3100.0005944353006,2900.0,200.00059443530063,nan,nan,1.9679415360005805,ok
CEC2014,DE,29,CEC2014-F29,Composition,30,12,1012,300000,299700,8490.239735927345,2900.0,5590.2397359273455,nan,nan,52.84825184100009,ok
CEC2014,PSO,29,CEC2014-F29,Composition,30,12,1012,300000,300000,63978934.2784913,2900.0,63976034.2784913,nan,nan,48.59307286399962,ok
CEC2014,DMGSO,29,CEC2014-F29,Composition,30,13,,300000,300000,16749.846920068343,2900.0,13849.846920068343,1304,10,54.340037351999854,ok
CEC2014,CMA-ES,29,CEC2014-F29,Composition,30,13,1013,300000,8330,3100.0005565691645,2900.0,200.00055656916447,nan,nan,1.953703946001042,ok
CEC2014,DE,29,CEC2014-F29,Composition,30,13,1013,300000,299700,11517.246505085212,2900.0,8617.246505085212,nan,nan,52.768349567999394,ok
CEC2014,PSO,29,CEC2014-F29,Composition,30,13,1013,300000,300000,1603702.1380525678,2900.0,1600802.1380525678,nan,nan,47.6595841519993,ok
CEC2014,DMGSO,29,CEC2014-F29,Composition,30,14,,300000,300000,12162.846232605942,2900.0,9262.846232605942,1349,9,53.0905787770007,ok
CEC2014,CMA-ES,29,CEC2014-F29,Composition,30,14,1014,300000,8008,3100.000695113103,2900.0,200.00069511310312,nan,nan,1.9652187440005946,ok
CEC2014,DE,29,CEC2014-F29,Composition,30,14,1014,300000,299700,7544.169902510188,2900.0,4644.169902510188,nan,nan,52.60586662800051,ok
CEC2014,PSO,29,CEC2014-F29,Composition,30,14,1014,300000,300000,176595393.66918045,2900.0,176592493.66918045,nan,nan,46.821867245998874,ok
CEC2014,DMGSO,29,CEC2014-F29,Composition,30,15,,300000,300000,18992.2601082941,2900.0,16092.2601082941,1399,9,54.31781914899875,ok
CEC2014,CMA-ES,29,CEC2014-F29,Composition,30,15,1015,300000,8568,3100.0006836679204,2900.0,200.00068366792038,nan,nan,1.9496955020003952,ok
CEC2014,DE,29,CEC2014-F29,Composition,30,15,1015,300000,299700,10144.648891502895,2900.0,7244.648891502895,nan,nan,51.264359799000886,ok
CEC2014,PSO,29,CEC2014-F29,Composition,30,15,1015,300000,300000,468597983.73320425,2900.0,468595083.73320425,nan,nan,47.572096246998626,ok
CEC2014,DMGSO,29,CEC2014-F29,Composition,30,16,,300000,300000,24227.416669303006,2900.0,21327.416669303006,1453,8,54.24147758199979,ok
CEC2014,CMA-ES,29,CEC2014-F29,Composition,30,16,1016,300000,8246,3100.000646382703,2900.0,200.00064638270305,nan,nan,2.1013143660002243,ok
CEC2014,DE,29,CEC2014-F29,Composition,30,16,1016,300000,299700,7334.242326394539,2900.0,4434.242326394539,nan,nan,51.53938739299883,ok
CEC2014,PSO,29,CEC2014-F29,Composition,30,16,1016,300000,300000,112072155.41256958,2900.0,112069255.41256958,nan,nan,48.52124684199953,ok
CEC2014,DMGSO,29,CEC2014-F29,Composition,30,17,,300000,300000,39743.03677463357,2900.0,36843.03677463357,1402,6,52.49814138900001,ok
CEC2014,CMA-ES,29,CEC2014-F29,Composition,30,17,1017,300000,8736,3100.000502542217,2900.0,200.00050254221696,nan,nan,1.9864224320008361,ok
CEC2014,DE,29,CEC2014-F29,Composition,30,17,1017,300000,299700,5579.9679910399045,2900.0,2679.9679910399045,nan,nan,52.43181938199996,ok
CEC2014,PSO,29,CEC2014-F29,Composition,30,17,1017,300000,300000,95405856.3170766,2900.0,95402956.3170766,nan,nan,48.39836065599957,ok
CEC2014,DMGSO,29,CEC2014-F29,Composition,30,18,,300000,300000,10495.98566166847,2900.0,7595.98566166847,1391,7,53.98048932900019,ok
CEC2014,CMA-ES,29,CEC2014-F29,Composition,30,18,1018,300000,8148,3100.000675327438,2900.0,200.00067532743788,nan,nan,1.945650129000569,ok
CEC2014,DE,29,CEC2014-F29,Composition,30,18,1018,300000,299700,5957.569636210288,2900.0,3057.569636210288,nan,nan,50.17583014400043,ok
CEC2014,PSO,29,CEC2014-F29,Composition,30,18,1018,300000,300000,286512764.7969651,2900.0,286509864.7969651,nan,nan,46.74105992600016,ok
CEC2014,DMGSO,29,CEC2014-F29,Composition,30,19,,300000,300000,23003.433586461222,2900.0,20103.433586461222,1380,9,52.6407723809989,ok
CEC2014,CMA-ES,29,CEC2014-F29,Composition,30,19,1019,300000,8232,3100.000665434687,2900.0,200.0006654346871,nan,nan,1.866792209999403,ok
CEC2014,DE,29,CEC2014-F29,Composition,30,19,1019,300000,299700,7119.492529941965,2900.0,4219.492529941965,nan,nan,52.98871241699999,ok
CEC2014,PSO,29,CEC2014-F29,Composition,30,19,1019,300000,300000,28881922.629813135,2900.0,28879022.629813135,nan,nan,46.70575078699949,ok
CEC2014,DMGSO,29,CEC2014-F29,Composition,30,20,,300000,300000,28552.10448279624,2900.0,25652.10448279624,1481,7,53.82266813000024,ok
CEC2014,CMA-ES,29,CEC2014-F29,Composition,30,20,1020,300000,7924,3100.000644015435,2900.0,200.00064401543477,nan,nan,1.7871977489994606,ok
CEC2014,DE,29,CEC2014-F29,Composition,30,20,1020,300000,299700,5398.4851752859195,2900.0,2498.4851752859195,nan,nan,51.52728261199991,ok
CEC2014,PSO,29,CEC2014-F29,Composition,30,20,1020,300000,300000,44857669.31018183,2900.0,44854769.31018183,nan,nan,48.21244023000145,ok
CEC2014,DMGSO,29,CEC2014-F29,Composition,30,21,,300000,300000,9981.466696451389,2900.0,7081.466696451389,1468,6,54.91034117300114,ok
CEC2014,CMA-ES,29,CEC2014-F29,Composition,30,21,1021,300000,8624,3100.000571311609,2900.0,200.00057131160884,nan,nan,2.159417177999785,ok
CEC2014,DE,29,CEC2014-F29,Composition,30,21,1021,300000,299700,7082.061950964241,2900.0,4182.061950964241,nan,nan,52.23248445700119,ok
CEC2014,PSO,29,CEC2014-F29,Composition,30,21,1021,300000,300000,31165701.41390221,2900.0,31162801.41390221,nan,nan,46.5604120629996,ok
CEC2014,DMGSO,29,CEC2014-F29,Composition,30,22,,300000,300000,22041.656197158736,2900.0,19141.656197158736,1422,9,54.804185283999686,ok
CEC2014,CMA-ES,29,CEC2014-F29,Composition,30,22,1022,300000,8246,3100.000750097505,2900.0,200.0007500975048,nan,nan,1.8476377510014572,ok
CEC2014,DE,29,CEC2014-F29,Composition,30,22,1022,300000,299700,6401.512239647513,2900.0,3501.5122396475126,nan,nan,52.34578127900022,ok
CEC2014,PSO,29,CEC2014-F29,Composition,30,22,1022,300000,300000,146149514.9660078,2900.0,146146614.9660078,nan,nan,46.57149607700012,ok
CEC2014,DMGSO,29,CEC2014-F29,Composition,30,23,,300000,300000,21488.725183772298,2900.0,18588.725183772298,1300,10,54.392951715999516,ok
CEC2014,CMA-ES,29,CEC2014-F29,Composition,30,23,1023,300000,8414,3100.000584791471,2900.0,200.00058479147083,nan,nan,1.9265667090003262,ok
CEC2014,DE,29,CEC2014-F29,Composition,30,23,1023,300000,299700,8989.972272560466,2900.0,6089.972272560466,nan,nan,53.70999156700054,ok
CEC2014,PSO,29,CEC2014-F29,Composition,30,23,1023,300000,300000,134876896.5997183,2900.0,134873996.5997183,nan,nan,47.18638859600105,ok
CEC2014,DMGSO,29,CEC2014-F29,Composition,30,24,,300000,300000,22656.537159156178,2900.0,19756.537159156178,1392,7,52.832085140000345,ok
CEC2014,CMA-ES,29,CEC2014-F29,Composition,30,24,1024,300000,8526,3100.000701814834,2900.0,200.00070181483397,nan,nan,1.8937148390014045,ok
CEC2014,DE,29,CEC2014-F29,Composition,30,24,1024,300000,299700,6537.411330538376,2900.0,3637.411330538376,nan,nan,53.11034707900035,ok
CEC2014,PSO,29,CEC2014-F29,Composition,30,24,1024,300000,300000,96473.26879530668,2900.0,93573.26879530668,nan,nan,49.963245118000486,ok
CEC2014,DMGSO,29,CEC2014-F29,Composition,30,25,,300000,300000,15994.428328058051,2900.0,13094.428328058051,1247,10,52.870704349001244,ok
CEC2014,CMA-ES,29,CEC2014-F29,Composition,30,25,1025,300000,8302,3100.0007097173557,2900.0,200.00070971735568,nan,nan,1.8503796310014877,ok
CEC2014,DE,29,CEC2014-F29,Composition,30,25,1025,300000,299700,6440.437451932728,2900.0,3540.4374519327284,nan,nan,51.920635656999366,ok
CEC2014,PSO,29,CEC2014-F29,Composition,30,25,1025,300000,300000,150948157.42480284,2900.0,150945257.42480284,nan,nan,47.94290852699851,ok
CEC2014,DMGSO,29,CEC2014-F29,Composition,30,26,,300000,300000,21263.187511715878,2900.0,18363.187511715878,1214,10,54.54414255900156,ok
CEC2014,CMA-ES,29,CEC2014-F29,Composition,30,26,1026,300000,8358,3100.0005659205926,2900.0,200.00056592059263,nan,nan,1.8785323659994901,ok
CEC2014,DE,29,CEC2014-F29,Composition,30,26,1026,300000,299700,7792.340940155942,2900.0,4892.340940155942,nan,nan,51.558040830999744,ok
CEC2014,PSO,29,CEC2014-F29,Composition,30,26,1026,300000,300000,14395336.597655268,2900.0,14392436.597655268,nan,nan,48.366568405999715,ok
CEC2014,DMGSO,29,CEC2014-F29,Composition,30,27,,300000,300000,21805.996190555896,2900.0,18905.996190555896,1265,9,53.47265071699985,ok
CEC2014,CMA-ES,29,CEC2014-F29,Composition,30,27,1027,300000,8218,3100.0006983399912,2900.0,200.00069833999123,nan,nan,1.9492689700000483,ok
CEC2014,DE,29,CEC2014-F29,Composition,30,27,1027,300000,299700,5338.9995880596725,2900.0,2438.9995880596725,nan,nan,50.76766519599914,ok
CEC2014,PSO,29,CEC2014-F29,Composition,30,27,1027,300000,300000,153681057.96958703,2900.0,153678157.96958703,nan,nan,46.18724814599955,ok
CEC2014,DMGSO,29,CEC2014-F29,Composition,30,28,,300000,300000,20941.073655300148,2900.0,18041.073655300148,1496,6,54.02146810699924,ok
CEC2014,CMA-ES,29,CEC2014-F29,Composition,30,28,1028,300000,8512,3100.0006724733585,2900.0,200.00067247335846,nan,nan,2.1253716909996,ok
CEC2014,DE,29,CEC2014-F29,Composition,30,28,1028,300000,299700,8412.971471868264,2900.0,5512.971471868264,nan,nan,51.69411155600028,ok
CEC2014,PSO,29,CEC2014-F29,Composition,30,28,1028,300000,300000,17635799.623347215,2900.0,17632899.623347215,nan,nan,47.10390086600091,ok
CEC2014,DMGSO,29,CEC2014-F29,Composition,30,29,,300000,300000,13727.355535714662,2900.0,10827.355535714662,1449,6,52.30234932700114,ok
CEC2014,CMA-ES,29,CEC2014-F29,Composition,30,29,1029,300000,8316,3100.000571019964,2900.0,200.0005710199639,nan,nan,2.018555169999672,ok
CEC2014,DE,29,CEC2014-F29,Composition,30,29,1029,300000,299700,7957.988968118613,2900.0,5057.988968118613,nan,nan,50.919826715000454,ok
CEC2014,PSO,29,CEC2014-F29,Composition,30,29,1029,300000,300000,53554327.505144686,2900.0,53551427.505144686,nan,nan,48.03129866600102,ok
CEC2014,DMGSO,30,CEC2014-F30,Composition,30,0,,300000,300000,20550.848507386447,3000.0,17550.848507386447,1499,7,103.62350610600151,ok
CEC2014,CMA-ES,30,CEC2014-F30,Composition,30,0,1000,300000,8106,3215.765455444146,3000.0,215.76545544414603,nan,nan,3.281807800001843,ok
CEC2014,DE,30,CEC2014-F30,Composition,30,0,1000,300000,299700,37735.26716395366,3000.0,34735.26716395366,nan,nan,103.23712002799948,ok
CEC2014,PSO,30,CEC2014-F30,Composition,30,0,1000,300000,300000,8166378.819824254,3000.0,8163378.819824254,nan,nan,99.25680703200123,ok
CEC2014,DMGSO,30,CEC2014-F30,Composition,30,1,,300000,300000,31341.90282563953,3000.0,28341.90282563953,1405,9,104.28123315099947,ok
CEC2014,CMA-ES,30,CEC2014-F30,Composition,30,1,1001,300000,8540,3211.5802972111737,3000.0,211.58029721117373,nan,nan,3.5061858749977546,ok
CEC2014,DE,30,CEC2014-F30,Composition,30,1,1001,300000,299700,190916.73149359092,3000.0,187916.73149359092,nan,nan,100.95507932200053,ok
CEC2014,PSO,30,CEC2014-F30,Composition,30,1,1001,300000,300000,18036102.306217983,3000.0,18033102.306217983,nan,nan,101.0286793080013,ok
CEC2014,DMGSO,30,CEC2014-F30,Composition,30,2,,300000,300000,35890.809298623135,3000.0,32890.809298623135,1432,8,104.34440888599784,ok
CEC2014,CMA-ES,30,CEC2014-F30,Composition,30,2,1002,300000,8302,3216.5315863413925,3000.0,216.53158634139254,nan,nan,3.399051500000496,ok
CEC2014,DE,30,CEC2014-F30,Composition,30,2,1002,300000,299700,24636.94953123299,3000.0,21636.94953123299,nan,nan,102.03702304599938,ok
CEC2014,PSO,30,CEC2014-F30,Composition,30,2,1002,300000,300000,16849858.52103392,3000.0,16846858.52103392,nan,nan,98.33732455000063,ok
CEC2014,DMGSO,30,CEC2014-F30,Composition,30,3,,300000,300000,29653.501953993768,3000.0,26653.501953993768,1496,7,103.44470492500113,ok
CEC2014,CMA-ES,30,CEC2014-F30,Composition,30,3,1003,300000,8246,3214.6074313399945,3000.0,214.6074313399945,nan,nan,3.3284854509984143,ok
CEC2014,DE,30,CEC2014-F30,Composition,30,3,1003,300000,299700,36910.02598864486,3000.0,33910.02598864486,nan,nan,100.75446228999863,ok
CEC2014,PSO,30,CEC2014-F30,Composition,30,3,1003,300000,300000,21196322.931410454,3000.0,21193322.931410454,nan,nan,98.50628156200037,ok
CEC2014,DMGSO,30,CEC2014-F30,Composition,30,4,,300000,300000,35911.975370956316,3000.0,32911.975370956316,1456,7,105.82773215199995,ok
CEC2014,CMA-ES,30,CEC2014-F30,Composition,30,4,1004,300000,8162,3214.420635363111,3000.0,214.42063536311116,nan,nan,3.318122000000585,ok
CEC2014,DE,30,CEC2014-F30,Composition,30,4,1004,300000,299700,29634.92433571088,3000.0,26634.92433571088,nan,nan,101.4976695410005,ok
CEC2014,PSO,30,CEC2014-F30,Composition,30,4,1004,300000,300000,87533813.02619827,3000.0,87530813.02619827,nan,nan,99.7432919669991,ok
CEC2014,DMGSO,30,CEC2014-F30,Composition,30,5,,300000,300000,29404.249506126223,3000.0,26404.249506126223,1555,6,105.56595415400079,ok
CEC2014,CMA-ES,30,CEC2014-F30,Composition,30,5,1005,300000,8456,3212.1943623493307,3000.0,212.19436234933073,nan,nan,3.4331480279979587,ok
CEC2014,DE,30,CEC2014-F30,Composition,30,5,1005,300000,299700,23123.962819136883,3000.0,20123.962819136883,nan,nan,102.02220597400083,ok
CEC2014,PSO,30,CEC2014-F30,Composition,30,5,1005,300000,300000,592957337.453721,3000.0,592954337.453721,nan,nan,102.49685067399696,ok
CEC2014,DMGSO,30,CEC2014-F30,Composition,30,6,,300000,300000,55793.68272859678,3000.0,52793.68272859678,1416,9,108.64768460599953,ok
CEC2014,CMA-ES,30,CEC2014-F30,Composition,30,6,1006,300000,8400,3214.9754283250413,3000.0,214.97542832504132,nan,nan,3.418174733000342,ok
CEC2014,DE,30,CEC2014-F30,Composition,30,6,1006,300000,299700,37719.13251232686,3000.0,34719.13251232686,nan,nan,101.75820653000119,ok
CEC2014,PSO,30,CEC2014-F30,Composition,30,6,1006,300000,300000,109345470.82874179,3000.0,109342470.82874179,nan,nan,100.82663496700116,ok
CEC2014,DMGSO,30,CEC2014-F30,Composition,30,7,,300000,300000,35524.017694895105,3000.0,32524.017694895105,1406,9,104.3523136540025,ok
CEC2014,CMA-ES,30,CEC2014-F30,Composition,30,7,1007,300000,8274,3211.9092716116425,3000.0,211.90927161164245,nan,nan,3.303070365000167,ok
CEC2014,DE,30,CEC2014-F30,Composition,30,7,1007,300000,299700,22668.030189366964,3000.0,19668.030189366964,nan,nan,103.05514194300122,ok
CEC2014,PSO,30,CEC2014-F30,Composition,30,7,1007,300000,300000,412458041.1556062,3000.0,412455041.1556062,nan,nan,98.02989691500261,ok
CEC2014,DMGSO,30,CEC2014-F30,Composition,30,8,,300000,300000,23962.049406150494,3000.0,20962.049406150494,1322,8,109.35362731799978,ok
CEC2014,CMA-ES,30,CEC2014-F30,Composition,30,8,1008,300000,8456,3212.9260486040826,3000.0,212.92604860408255,nan,nan,3.427547315000993,ok
CEC2014,DE,30,CEC2014-F30,Composition,30,8,1008,300000,299700,5353532.766556338,3000.0,5350532.766556338,nan,nan,104.43983630000002,ok
CEC2014,PSO,30,CEC2014-F30,Composition,30,8,1008,300000,300000,298850054.6488837,3000.0,298847054.6488837,nan,nan,100.21308594899892,ok
CEC2014,DMGSO,30,CEC2014-F30,Composition,30,9,,300000,300000,31362.802477996,3000.0,28362.802477996,1462,7,106.79376131599929,ok
CEC2014,CMA-ES,30,CEC2014-F30,Composition,30,9,1009,300000,8232,3215.9651620601167,3000.0,215.96516206011665,nan,nan,3.3137594959989656,ok
CEC2014,DE,30,CEC2014-F30,Composition,30,9,1009,300000,299700,16793.36351290653,3000.0,13793.36351290653,nan,nan,102.42500158400071,ok
CEC2014,PSO,30,CEC2014-F30,Composition,30,9,1009,300000,300000,120680650.81243022,3000.0,120677650.81243022,nan,nan,97.8296539160001,ok
CEC2014,DMGSO,30,CEC2014-F30,Composition,30,10,,300000,300000,15648.138971912247,3000.0,12648.138971912247,1586,5,105.24295461699876,ok
CEC2014,CMA-ES,30,CEC2014-F30,Composition,30,10,1010,300000,8358,3212.106942280433,3000.0,212.10694228043303,nan,nan,3.419609410000703,ok
CEC2014,DE,30,CEC2014-F30,Composition,30,10,1010,300000,299700,27056.744981022195,3000.0,24056.744981022195,nan,nan,103.78796525300277,ok
CEC2014,PSO,30,CEC2014-F30,Composition,30,10,1010,300000,300000,4927787868.26073,3000.0,4927784868.26073,nan,nan,99.52592039299998,ok
CEC2014,DMGSO,30,CEC2014-F30,Composition,30,11,,300000,300000,22142.868829431092,3000.0,19142.868829431092,1485,5,105.01195229600125,ok
CEC2014,CMA-ES,30,CEC2014-F30,Composition,30,11,1011,300000,8190,3211.5531258809997,3000.0,211.5531258809997,nan,nan,3.3326124960003654,ok
CEC2014,DE,30,CEC2014-F30,Composition,30,11,1011,300000,299700,24441.814855265162,3000.0,21441.814855265162,nan,nan,102.76841689899811,ok
CEC2014,PSO,30,CEC2014-F30,Composition,30,11,1011,300000,300000,419846515.4035793,3000.0,419843515.4035793,nan,nan,99.10944034699787,ok
CEC2014,DMGSO,30,CEC2014-F30,Composition,30,12,,300000,300000,95728.35484388637,3000.0,92728.35484388637,1456,8,105.19796104999841,ok
CEC2014,CMA-ES,30,CEC2014-F30,Composition,30,12,1012,300000,8120,3215.4802150571086,3000.0,215.48021505710858,nan,nan,3.3024942740012193,ok
CEC2014,DE,30,CEC2014-F30,Composition,30,12,1012,300000,299700,18047.030615135176,3000.0,15047.030615135176,nan,nan,104.13244421800118,ok
CEC2014,PSO,30,CEC2014-F30,Composition,30,12,1012,300000,300000,110370076.84991302,3000.0,110367076.84991302,nan,nan,98.91963807600041,ok
CEC2014,DMGSO,30,CEC2014-F30,Composition,30,13,,300000,300000,62703.34401546833,3000.0,59703.34401546833,1435,8,106.44716066599722,ok
CEC2014,CMA-ES,30,CEC2014-F30,Composition,30,13,1013,300000,8274,3214.7734067984297,3000.0,214.77340679842973,nan,nan,3.3604187359997013,ok
CEC2014,DE,30,CEC2014-F30,Composition,30,13,1013,300000,299700,21104.402204237118,3000.0,18104.402204237118,nan,nan,105.74424573599754,ok
CEC2014,PSO,30,CEC2014-F30,Composition,30,13,1013,300000,300000,46161914.83337026,3000.0,46158914.83337026,nan,nan,99.80743496500145,ok
CEC2014,DMGSO,30,CEC2014-F30,Composition,30,14,,300000,300000,25011.16172882593,3000.0,22011.16172882593,1363,9,105.18117176700252,ok
CEC2014,CMA-ES,30,CEC2014-F30,Composition,30,14,1014,300000,8470,3216.4754219647625,3000.0,216.47542196476252,nan,nan,3.4331225440000708,ok
CEC2014,DE,30,CEC2014-F30,Composition,30,14,1014,300000,299700,23967.025957626818,3000.0,20967.025957626818,nan,nan,105.89780934200098,ok
CEC2014,PSO,30,CEC2014-F30,Composition,30,14,1014,300000,300000,111909108.35406163,3000.0,111906108.35406163,nan,nan,97.49907541900029,ok
CEC2014,DMGSO,30,CEC2014-F30,Composition,30,15,,300000,300000,36772.464322164065,3000.0,33772.464322164065,1402,9,106.29782228100157,ok
CEC2014,CMA-ES,30,CEC2014-F30,Composition,30,15,1015,300000,8330,3213.293542639771,3000.0,213.2935426397712,nan,nan,3.3747237600000517,ok
CEC2014,DE,30,CEC2014-F30,Composition,30,15,1015,300000,299700,16901.596364887708,3000.0,13901.596364887708,nan,nan,104.24721543299893,ok
CEC2014,PSO,30,CEC2014-F30,Composition,30,15,1015,300000,300000,5975089.970762382,3000.0,5972089.970762382,nan,nan,100.00254784799836,ok
CEC2014,DMGSO,30,CEC2014-F30,Composition,30,16,,300000,300000,42366.02601536099,3000.0,39366.02601536099,1539,6,107.75998904199878,ok
CEC2014,CMA-ES,30,CEC2014-F30,Composition,30,16,1016,300000,8330,3216.3112699172198,3000.0,216.31126991721976,nan,nan,3.403935676000401,ok
CEC2014,DE,30,CEC2014-F30,Composition,30,16,1016,300000,299700,856553.6474026941,3000.0,853553.6474026941,nan,nan,103.45970395100085,ok
CEC2014,PSO,30,CEC2014-F30,Composition,30,16,1016,300000,300000,45651792.83307843,3000.0,45648792.83307843,nan,nan,102.29004619400075,ok
CEC2014,DMGSO,30,CEC2014-F30,Composition,30,17,,300000,300000,32794.99312172326,3000.0,29794.99312172326,1477,7,102.54252065100081,ok
CEC2014,CMA-ES,30,CEC2014-F30,Composition,30,17,1017,300000,8078,3213.7654557062187,3000.0,213.76545570621875,nan,nan,3.4736795959979645,ok
CEC2014,DE,30,CEC2014-F30,Composition,30,17,1017,300000,299700,18341.337400825236,3000.0,15341.337400825236,nan,nan,103.43117491700104,ok
CEC2014,PSO,30,CEC2014-F30,Composition,30,17,1017,300000,300000,10319001.380155206,3000.0,10316001.380155206,nan,nan,100.7075894189984,ok
CEC2014,DMGSO,30,CEC2014-F30,Composition,30,18,,300000,300000,45985.642493055195,3000.0,42985.642493055195,1422,6,105.77092702699883,ok
CEC2014,CMA-ES,30,CEC2014-F30,Composition,30,18,1018,300000,8092,3214.123968758689,3000.0,214.123968758689,nan,nan,3.524031520999415,ok
CEC2014,DE,30,CEC2014-F30,Composition,30,18,1018,300000,299700,18556.597098999293,3000.0,15556.597098999293,nan,nan,104.41693186900011,ok
CEC2014,PSO,30,CEC2014-F30,Composition,30,18,1018,300000,300000,51266656.4248758,3000.0,51263656.4248758,nan,nan,99.6220258300018,ok
CEC2014,DMGSO,30,CEC2014-F30,Composition,30,19,,300000,300000,48593.56262084962,3000.0,45593.56262084962,1055,3,103.57228165799825,ok
CEC2014,CMA-ES,30,CEC2014-F30,Composition,30,19,1019,300000,8288,3214.987846279989,3000.0,214.98784627998884,nan,nan,3.6502035789999354,ok
CEC2014,DE,30,CEC2014-F30,Composition,30,19,1019,300000,299700,439081.61091471603,3000.0,436081.61091471603,nan,nan,106.14139280000018,ok
CEC2014,PSO,30,CEC2014-F30,Composition,30,19,1019,300000,300000,1168065006.0307205,3000.0,1168062006.0307205,nan,nan,103.57850774100007,ok
CEC2014,DMGSO,30,CEC2014-F30,Composition,30,20,,300000,300000,43137.39829850503,3000.0,40137.39829850503,1458,6,106.23211915199863,ok
CEC2014,CMA-ES,30,CEC2014-F30,Composition,30,20,1020,300000,8148,3214.3511154016574,3000.0,214.35111540165735,nan,nan,3.5470389430010982,ok
CEC2014,DE,30,CEC2014-F30,Composition,30,20,1020,300000,299700,12815.147974848116,3000.0,9815.147974848116,nan,nan,102.55160614099805,ok
CEC2014,PSO,30,CEC2014-F30,Composition,30,20,1020,300000,300000,217099091.94243583,3000.0,217096091.94243583,nan,nan,99.47898195299786,ok
CEC2014,DMGSO,30,CEC2014-F30,Composition,30,21,,300000,300000,23388.052977826137,3000.0,20388.052977826137,1561,5,107.15366907399948,ok
CEC2014,CMA-ES,30,CEC2014-F30,Composition,30,21,1021,300000,8022,3216.0725934268257,3000.0,216.07259342682573,nan,nan,3.4475114479973854,ok
CEC2014,DE,30,CEC2014-F30,Composition,30,21,1021,300000,299700,2002611.8711191728,3000.0,1999611.8711191728,nan,nan,102.62501582899858,ok
CEC2014,PSO,30,CEC2014-F30,Composition,30,21,1021,300000,300000,43463674.29796975,3000.0,43460674.29796975,nan,nan,99.96856000499974,ok
CEC2014,DMGSO,30,CEC2014-F30,Composition,30,22,,300000,300000,25865.141797860422,3000.0,22865.141797860422,1484,7,106.05522384700089,ok
CEC2014,CMA-ES,30,CEC2014-F30,Composition,30,22,1022,300000,8218,3215.3008440769318,3000.0,215.30084407693175,nan,nan,3.5513691090018256,ok
CEC2014,DE,30,CEC2014-F30,Composition,30,22,1022,300000,299700,26728.280631209484,3000.0,23728.280631209484,nan,nan,104.45377192199885,ok
CEC2014,PSO,30,CEC2014-F30,Composition,30,22,1022,300000,300000,19117661.32011644,3000.0,19114661.32011644,nan,nan,99.05881939699975,ok
CEC2014,DMGSO,30,CEC2014-F30,Composition,30,23,,300000,300000,30133.362772872428,3000.0,27133.362772872428,1469,7,105.99378015200273,ok
CEC2014,CMA-ES,30,CEC2014-F30,Composition,30,23,1023,300000,8288,3209.731230544847,3000.0,209.73123054484722,nan,nan,3.610887505001301,ok
CEC2014,DE,30,CEC2014-F30,Composition,30,23,1023,300000,299700,41092.77635268464,3000.0,38092.77635268464,nan,nan,105.27056045599966,ok
CEC2014,PSO,30,CEC2014-F30,Composition,30,23,1023,300000,300000,1067463464.6851532,3000.0,1067460464.6851532,nan,nan,100.6930577719977,ok
CEC2014,DMGSO,30,CEC2014-F30,Composition,30,24,,300000,300000,23858.722885492425,3000.0,20858.722885492425,1524,6,105.41358088299967,ok
CEC2014,CMA-ES,30,CEC2014-F30,Composition,30,24,1024,300000,8274,3215.119625841004,3000.0,215.1196258410041,nan,nan,3.570719745999668,ok
CEC2014,DE,30,CEC2014-F30,Composition,30,24,1024,300000,299700,26193.075747565876,3000.0,23193.075747565876,nan,nan,102.24283656000262,ok
CEC2014,PSO,30,CEC2014-F30,Composition,30,24,1024,300000,300000,8193159.299692711,3000.0,8190159.299692711,nan,nan,98.86410384199917,ok
CEC2014,DMGSO,30,CEC2014-F30,Composition,30,25,,300000,300000,49993.126930834165,3000.0,46993.126930834165,1488,6,103.65192394399855,ok
CEC2014,CMA-ES,30,CEC2014-F30,Composition,30,25,1025,300000,8260,3213.5150703024433,3000.0,213.5150703024433,nan,nan,3.6294642300017586,ok
CEC2014,DE,30,CEC2014-F30,Composition,30,25,1025,300000,299700,103379.68750972609,3000.0,100379.68750972609,nan,nan,103.7607822179998,ok
CEC2014,PSO,30,CEC2014-F30,Composition,30,25,1025,300000,300000,18814915.98600175,3000.0,18811915.98600175,nan,nan,99.32661214299878,ok
CEC2014,DMGSO,30,CEC2014-F30,Composition,30,26,,300000,300000,19766.645063547552,3000.0,16766.645063547552,1494,6,108.8610337129976,ok
CEC2014,CMA-ES,30,CEC2014-F30,Composition,30,26,1026,300000,8358,3214.524232956261,3000.0,214.52423295626113,nan,nan,3.6080176790019323,ok
CEC2014,DE,30,CEC2014-F30,Composition,30,26,1026,300000,299700,22558.733184093784,3000.0,19558.733184093784,nan,nan,101.9636709080005,ok
CEC2014,PSO,30,CEC2014-F30,Composition,30,26,1026,300000,300000,4432539.328393942,3000.0,4429539.328393942,nan,nan,99.09275984099804,ok
CEC2014,DMGSO,30,CEC2014-F30,Composition,30,27,,300000,300000,30489.396244492906,3000.0,27489.396244492906,1685,4,104.40163033299905,ok
CEC2014,CMA-ES,30,CEC2014-F30,Composition,30,27,1027,300000,8316,3213.04815349567,3000.0,213.0481534956698,nan,nan,3.592587037001067,ok
CEC2014,DE,30,CEC2014-F30,Composition,30,27,1027,300000,299700,43939.44111731663,3000.0,40939.44111731663,nan,nan,105.95869373900132,ok
CEC2014,PSO,30,CEC2014-F30,Composition,30,27,1027,300000,300000,175880501.74749902,3000.0,175877501.74749902,nan,nan,100.98883388899776,ok
CEC2014,DMGSO,30,CEC2014-F30,Composition,30,28,,300000,300000,23995.277708068905,3000.0,20995.277708068905,1429,7,104.531478719,ok
CEC2014,CMA-ES,30,CEC2014-F30,Composition,30,28,1028,300000,8190,3212.191086504956,3000.0,212.19108650495582,nan,nan,3.5330908300020383,ok
CEC2014,DE,30,CEC2014-F30,Composition,30,28,1028,300000,299700,36590.873645921485,3000.0,33590.873645921485,nan,nan,102.96924127999955,ok
CEC2014,PSO,30,CEC2014-F30,Composition,30,28,1028,300000,300000,56528544.31103282,3000.0,56525544.31103282,nan,nan,98.6555059789971,ok
CEC2014,DMGSO,30,CEC2014-F30,Composition,30,29,,300000,300000,28794.14152573729,3000.0,25794.14152573729,1559,5,105.57320224700015,ok
CEC2014,CMA-ES,30,CEC2014-F30,Composition,30,29,1029,300000,8232,3215.2010758353963,3000.0,215.2010758353963,nan,nan,3.56581326700325,ok
CEC2014,DE,30,CEC2014-F30,Composition,30,29,1029,300000,299700,30789.875784332937,3000.0,27789.875784332937,nan,nan,104.87329838900041,ok
CEC2014,PSO,30,CEC2014-F30,Composition,30,29,1029,300000,300000,494626376.6243202,3000.0,494623376.6243202,nan,nan,98.2062597160002,ok
