dimension,function_id,algorithm,instances,configurations,observations,error_mean,error_median,error_std,error_q25,error_q75,error_iqr,error_min,error_max,fe_budget,fe_mean,fe_median,fe_min,fe_max
2,1,COBYLA,15,5,75,3.836930773104542e-15,0,1.5494288407592663e-14,0,0,0,0,1.1368683772161605e-13,2000,71.813333333333333,72,60,81
2,1,COMPASS,15,5,75,9.4739031434680043e-16,0,6.7441731897055438e-15,0,0,0,0,5.6843418860808027e-14,2000,215.05333333333334,215,193,244
2,1,DMGSO,15,5,75,1.8851239296771973e-05,3.178456609020941e-09,8.9901194653309915e-05,6.2421179336524801e-11,1.7762162940471171e-07,1.7755920822537519e-07,3.0411229090532288e-12,0.00071558567242390001,2000,2000,2000,2000,2000
2,1,NELDER-MEAD,15,5,75,1.3631036210881575e-09,1.0712710718507876e-09,7.906603614163707e-10,7.5866246618261347e-10,1.913576852530241e-09,1.1549143863476274e-09,1.5972290157151292e-10,3.4524738623531452e-09,2000,98.946666666666673,94,65,149
2,1,POWELL,15,5,75,0,0,0,0,0,0,0,0,2000,38.586666666666666,26,26,64
2,2,COBYLA,15,5,75,2.846263670751116,1.0971120725651282,4.413607362682014,0.35975156735285019,2.6922184312465394,2.3324668638936892,2.698508023968316e-05,19.360687646404383,2000,2000,2000,2000,2000
2,2,COMPASS,15,5,75,3.2211270687791215e-15,0,1.5943659050068096e-14,0,0,0,0,1.1368683772161605e-13,2000,236.12,237,213,259
2,2,DMGSO,15,5,75,76.658964226820785,42.217969859252477,84.701382307217713,1.4085304470956963,141.7922331915959,140.3837027445002,5.3494260043862596e-07,282.34169639302849,2000,2000,2000,2000,2000
2,2,NELDER-MEAD,15,5,75,0.03575674308931473,1.4818226645729735e-09,0.24173431398096928,8.8120799546231865e-10,3.4076546029382371e-09,2.5264466074759184e-09,1.4290435501607135e-10,2.028592696956963,2000,134.47999999999999,134,82,195
2,2,POWELL,15,5,75,2.4120832690065266e-05,5.3996984661353043e-10,5.4336188125369588e-05,1.8292567460775899e-10,6.8249086382365931e-09,6.6419829636288341e-09,1.9895196601282805e-13,0.00018388414594019999,2000,66.239999999999995,69,42,96
2,3,COBYLA,15,5,75,10.087214869099737,4.9747902476475048,10.057772343269002,3.9798311905542789,12.934432432041191,8.9546012414869125,7.1054273576010019e-15,49.747445869084487,2000,140.05333333333334,116,70,486
2,3,COMPASS,15,5,75,5.57175577315342,4.9747902476473769,4.8550085298566046,1.9899181141865903,7.9596623811081599,5.9697442669215697,0,19.899074983015623,2000,223.77333333333334,224,199,256
2,3,DMGSO,15,5,75,44.417905746793316,29.01936045022849,38.96963006304378,16.942586867945714,67.871974308614,50.929387440668286,1.6728332925006058,169.53576895009934,2000,2000,2000,2000,2000
2,3,NELDER-MEAD,15,5,75,47.530891941874302,28.853554587375129,49.257774949449363,9.949561257362177,68.153299628435008,58.203738371072831,0.99495937962299763,203.94951875370251,2000,70.680000000000007,63,50,128
2,3,POWELL,15,5,75,3.0211287084930269,3.979831195376335,2.0279625110789463,0.99495929154857876,3.9799319988370714,2.9849727072884926,1.7495125348432339e-09,7.9596623860244762,2000,72.040000000000006,62,53,296
2,4,COBYLA,15,5,75,8.4239528380945856,7.9596623811081884,6.3145501372744732,3.9798311905541777,9.9495602985803124,5.9697291080261348,2.8421709430404014e-14,28.853554125096345,2000,184.17333333333335,170,78,600
2,4,COMPASS,15,5,75,5.399293300927507,3.9798311905540871,5.7300033086362232,0.99495905709329679,6.4672263143777968,5.4722672572844999,0,24.873845033948555,2000,227.52000000000001,228,203,251
2,4,DMGSO,15,5,75,49.509999703910019,36.842860256128461,35.700556164044492,25.535346058451985,75.885433417568336,50.350087359116351,1.9909693372846391,170.22323540436844,2000,2000,2000,2000,2000
2,4,NELDER-MEAD,15,5,75,47.27905495404616,33.828325205395856,42.003400492609686,12.934432537575319,69.645735765474086,56.711303227898767,0.99496003075137196,168.13552522051356,2000,75.946666666666673,72,41,128
2,4,POWELL,15,5,75,3.1879319264885018,3.9798312685420498,1.9533067894242619,0.99495921887184124,4.9747902745671695,3.9798310556953282,8.02845789849016e-09,8.9546014321210095,2000,71.25333333333333,62,50,376
2,5,COBYLA,15,5,75,0,0,0,0,0,0,0,0,2000,20.506666666666668,21,18,22
2,5,COMPASS,15,5,75,0,0,0,0,0,0,0,0,2000,164.68000000000001,164,160,173
2,5,DMGSO,15,5,75,0.5073143046691363,0.033783822769381099,1.1215205830666231,0.0080363565119014498,0.13118922873478306,0.12315287222288161,0.0045347018087795003,3.5865913343464602,2000,2000,2000,2000,2000
2,5,NELDER-MEAD,15,5,75,0.38553339686346894,0,1.452248024857284,0,0,0,0,5.7830009529520794,2000,99.266666666666666,92,80,130
2,5,POWELL,15,5,75,7.8888434083159955e-05,3.1669177360527101e-05,0.00010815288692119125,5.9324934440496691e-06,0.00011943306418869999,0.00011350057074465032,0,0.00035436584205679998,2000,142.37333333333333,142,140,207
2,6,COBYLA,15,5,75,3.5896829621369588,0.079611425459958696,7.5516618288513726,2.1671553440683056e-12,3.7947337811309225,3.7947337811287554,8.8817841970012523e-16,42.08613027072704,2000,1460.8,2000,173,2000
2,6,COMPASS,15,5,75,3.1168139207788284,1.1368683772161605e-13,9.385295014230584,1.7763568394002505e-14,2.160049916710705e-12,2.1422863483167025e-12,0,44.821509245402012,2000,780.01333333333332,435,220,2000
2,6,DMGSO,15,5,75,1.6794215989714374,0.0019766715451224998,6.8283475526756572,0.00038607033394550002,0.01157585607133875,0.01118978573739325,1.7079744338843741e-06,45.63161534934261,2000,2000,2000,2000,2000
2,6,NELDER-MEAD,15,5,75,1.202583090653869,1.0326837451835048e-07,6.5947985900779225,4.8138772079653342e-08,2.8343702496158585e-07,2.3529825288193251e-07,1.9551991137234381e-09,52.427604294607022,2000,148.46666666666667,141,81,272
2,6,POWELL,15,5,75,3.2601984154932655,1.4946905338097947e-05,9.83017194354621,3.1779094911144057e-09,0.0027080688724652,0.0027080656945557089,2.2460255877376767e-11,46.228244800226094,2000,211.14666666666668,168,88,1175
2,7,COBYLA,15,5,75,4.8037166151323598,2.6425120414512837,7.4275430767339277,0.45304943442333467,5.8659497110478167,5.412900276624482,0,49.98770945759523,2000,26.800000000000001,25,20,98
2,7,COMPASS,15,5,75,1.2820658982892152,0.6303766520644416,1.7330505587021341,0.10902830875897961,1.8002134221847823,1.6911851134258027,0,9.3485788448628568,2000,164.56,162,154,210
2,7,DMGSO,15,5,75,246.27611624545005,51.297464480680361,557.75366443896633,11.407122282942417,193.67432785280181,182.26720556985939,0.1012904525246227,3321.7680736905841,2000,2000,2000,2000,2000
2,7,NELDER-MEAD,15,5,75,422.43911876575453,104.75544686871376,716.96079839865877,15.935305766968966,574.16674259241449,558.23143682544548,0.10902830875897961,3811.8657220256928,2000,38.06666666666667,43,11,65
2,7,POWELL,15,5,75,1.3729966190816012,0.49356554608611519,2.9142519396926683,0.1077892734859613,1.6488119180677572,1.5410226445817958,4.2419401324877981e-12,20.728974880437377,2000,111.50666666666666,104,36,230
2,8,COBYLA,15,5,75,0.50323648575125846,0.017793411728916901,1.4776996631937427,0.00174690971415935,0.33543744478044951,0.33369053506629015,3.0668462613903102e-05,10.158574036280356,2000,2000,2000,2000,2000
2,8,COMPASS,15,5,75,1.5274711037990596,0.039986348220064097,2.9788386068217405,0.030138601268842199,0.69212973676987133,0.66199113550102917,0.00013754272691810001,11.866883920155558,2000,2000,2000,2000,2000
2,8,DMGSO,15,5,75,1.6503342253842403,0.40537906511315208,2.8324970392484068,0.11198574026502364,1.4442444626486264,1.3322587223836027,0.00030076983587070001,10.630893544515128,2000,2000,2000,2000,2000
2,8,NELDER-MEAD,15,5,75,7.0438755273016796e-10,4.4833825540990802e-10,7.8990794007216938e-10,2.5191582153638592e-10,7.7470474479923713e-10,5.2278892326285121e-10,6.1397997797030257e-11,4.8718362677391269e-09,2000,158.86666666666667,156,92,312
2,8,POWELL,15,5,75,0.48787881143486972,0.28673701591130651,0.78473958560198265,0.020072341333606948,0.68249114950870648,0.66241880817509957,1.1546319456101628e-14,5.8474003909391854,2000,178.52000000000001,68,17,814
2,9,COBYLA,15,5,75,0.035919178238048854,0.0017089961909846,0.13917880825274759,0.00128126552110825,0.0029004690687663504,0.0016192035476581003,3.7285161781142051e-05,0.73945685905777481,2000,2000,2000,2000,2000
2,9,COMPASS,15,5,75,0.25488182008918053,0.0141769998378031,1.0332704789208216,0.0036779851326684499,0.038579090321581203,0.034901105188912755,1.8474111129762605e-13,7.6218451734903141,2000,1977.9066666666668,2000,980,2000
2,9,DMGSO,15,5,75,1.3205256494742845,0.1833679450389889,2.4192326264337054,0.059600805827279155,0.90447996235111461,0.8448791565238355,2.8387328889323271e-05,10.778498801585188,2000,2000,2000,2000,2000
2,9,NELDER-MEAD,15,5,75,7.0491930515004238e-10,4.7416381931952856e-10,6.301045635943483e-10,3.1551294910059369e-10,8.7166052153975215e-10,5.5614757243915847e-10,2.4122925879055398e-11,3.0248017424128193e-09,2000,144.13333333333333,139,81,230
2,9,POWELL,15,5,75,0.90361733929162713,0.27287629234171179,1.4902386746748733,0.072139382318086392,1.2754860311053164,1.20334664878723,5.7011773080262174e-09,8.0479890536557832,2000,151.85333333333332,123,27,671
2,10,COBYLA,15,5,75,10.22813586345336,6.5505800937264524,11.669895546818353,1.5917738814511324,15.65132722089114,14.059553339440008,0.0056764313182781998,49.257585373257228,2000,2000,2000,2000,2000
2,10,COMPASS,15,5,75,13.854089198298091,5.4588188732034268,17.042543195268909,1.6086778600256224,22.753213611231622,21.144535751206,0.0055267159176999002,66.472440798459502,2000,2000,2000,2000,2000
2,10,DMGSO,15,5,75,13.529834168860319,7.6836118136908453,16.208027277197857,1.4233808078999921,20.413373913575725,18.989993105675733,0.00031120355132679999,66.934911336619678,2000,2000,2000,2000,2000
2,10,NELDER-MEAD,15,5,75,0.11850801808209534,2.427306355912151e-09,0.73953214093570363,1.374697689016102e-09,3.9914844762733992e-09,2.616786787257297e-09,1.7830359411163954e-10,6.0961151084852645,2000,136.38666666666666,136,78,200
2,10,POWELL,15,5,75,11.001719877321095,5.0264559591303524,14.93912887401615,0.32286968394684479,19.900178378601705,19.57730869465486,1.7877255231724121e-11,67.575100319436899,2000,134.90666666666667,73,44,554
2,11,COBYLA,15,5,75,8.2399560893931802,2.5696430869951712,11.760570590404104,0.54192518839664849,12.693276665447003,12.151351477050355,9.6435738274891478e-05,52.49401794917037,2000,2000,2000,2000,2000
2,11,COMPASS,15,5,75,11.201757780751546,5.7801463864559004,14.919722065481009,1.9208713913263296,16.766491784679975,14.845620393353645,0.015431269490420599,82.207649608196959,2000,2000,2000,2000,2000
2,11,DMGSO,15,5,75,15.551627384479113,10.560101405375493,17.255387299938533,3.0587003367391112,20.831044140182868,17.772343803443757,0.11173332585661989,71.810399521898233,2000,2000,2000,2000,2000
2,11,NELDER-MEAD,15,5,75,0.13902706117222594,2.0285497726035832e-09,0.62211680905824918,1.3363319339987354e-09,4.1663164029870359e-09,2.8299844689883003e-09,2.1460833110609201e-10,4.0857085988536639,2000,144.37333333333333,135,52,680
2,11,POWELL,15,5,75,8.3977655977081795,4.0648468892820588,10.372910525295401,0.057408787784478152,14.05707531812941,13.999666530344932,6.8780536821577698e-12,40.226275495623483,2000,150.24000000000001,75,42,637
2,12,COBYLA,15,5,75,7.7688030511459845,2.2378913388993311,12.729256020792089,0.49514682817700617,8.6734568366625133,8.1783100084855072,0.016567342575854099,71.151540012231635,2000,2000,2000,2000,2000
2,12,COMPASS,15,5,75,8.1592555856437148,0.954084661193768,13.725806052231246,0.070820107912416205,10.956065223756232,10.885245115843816,1.3813501112736049e-05,59.324012448747318,2000,2000,2000,2000,2000
2,12,DMGSO,15,5,75,33.564040432197771,9.2374819646028072,60.510176665445989,1.6455024008177155,31.424695524046403,29.779193123228687,0.00077843298239340004,290.88850268444889,2000,2000,2000,2000,2000
2,12,NELDER-MEAD,15,5,75,0.14033141983613354,3.1688180968103552e-08,1.0784232619083711,6.0498521747831546e-09,4.1467759643865065e-06,4.1407261122117234e-06,2.4378365992561157e-10,9.2978142511060184,2000,361.93333333333334,194,80,1409
2,12,POWELL,15,5,75,4.8428216713662495,0.37282967255316629,12.221042616361478,5.5829119105510472e-10,1.9235108603842725,1.9235108598259814,0,48.390071356128367,2000,165.90666666666667,70,28,1532
2,13,COBYLA,15,5,75,21.331395523278914,7.5223790836117743,29.645364746754289,1.9961504558546503,25.98318880807895,23.9870383522243,0.0001031125359816,129.77744404839106,2000,103.92,102,87,148
2,13,COMPASS,15,5,75,28.125076437625211,11.808182328053221,39.5296422637267,2.4727392200380365,41.449579046775519,38.976839826737482,0.0017519887627486001,176.49492421639908,2000,210.89333333333335,203,174,319
2,13,DMGSO,15,5,75,20.54886885726977,6.4118440245064221,30.741568126289955,0.89387012687316059,25.100640775741809,24.206770648868648,0.0050450935541376998,160.62672240262884,2000,2000,2000,2000,2000
2,13,NELDER-MEAD,15,5,75,0.28828194585334299,6.4975893110386096e-08,2.3483183877457314,3.0330532752032013e-08,2.1241592662590847e-07,1.8208539387387646e-07,6.5566823082008341e-09,20.339048378352398,2000,159.69333333333333,155,81,269
2,13,POWELL,15,5,75,25.598496375261231,4.4353463317078337,45.437349338908327,0.3354134320673019,23.347775794338666,23.012362362271364,1.1141025879624067e-09,185.22632329507053,2000,137.16,119,68,296
2,14,COBYLA,15,5,75,0.00025530646901359354,0.00029670209198679999,0.00010106993966469659,0.00027117214823839999,0.00030884547235385002,3.7673324115450031e-05,1.3025385214859853e-08,0.00033393194431850001,2000,1953.7866666666666,2000,94,2000
2,14,COMPASS,15,5,75,0.00030715440035742849,0.00037530380150479998,0.00021169715833154468,0.00010609088464614999,0.00042681304176989999,0.00032072215712375,1.2630439982785904e-07,0.00075773542795330002,2000,1975.8,2000,185,2000
2,14,DMGSO,15,5,75,0.0016104902459306506,0.00040273293824100002,0.0026024233538742224,7.8374695689831242e-05,0.0019823982805284501,0.0019040235848386189,1.614399280924772e-07,0.0158369082270866,2000,2000,2000,2000,2000
2,14,NELDER-MEAD,15,5,75,9.2644043547807072e-11,1.5198509117908543e-11,2.7271850132183193e-10,4.4546588640059781e-12,3.8111735989332374e-11,3.3657077125326396e-11,2.2026824808563106e-13,1.5538574871243327e-09,2000,167.56,163,110,240
2,14,POWELL,15,5,75,0.0047119060531913611,0.0023764959378382001,0.0064435410044882263,0.00041851334898974999,0.0070716671567864998,0.0066531538077967498,5.3776858521814574e-08,0.031849272259250903,2000,128.34666666666666,105,53,462
2,15,COBYLA,15,5,75,11.395949142462463,8.9546012414870262,12.72602930917372,1.98991811418664,16.914202849554918,14.924284735368278,0,67.655486827028682,2000,167.61333333333334,151,65,454
2,15,COMPASS,15,5,75,8.238890104970924,4.9747902476473769,10.710580070222738,1.9899181141865903,9.9495602985803089,7.9596421843937186,0.9949590570932898,73.625715715982324,2000,320.72000000000003,241,206,1851
2,15,DMGSO,15,5,75,48.832175203082372,35.952592706674835,42.598745864307773,19.927858825375463,67.193156559175293,47.265297733799827,1.2022513828924278e-07,211.36465957203583,2000,2000,2000,2000,2000
2,15,NELDER-MEAD,15,5,75,76.991645825896711,39.797823283415049,101.39109777834373,16.416723621212697,83.076293528782884,66.659569907570187,0.99495940981921638,422.79430830917272,2000,70.586666666666673,64,49,142
2,15,POWELL,15,5,75,4.6846890845757034,3.004239289436597,4.8127386290487824,1.2392501024952765,5.649784019011312,4.4105339165160355,1.9981260379609009e-07,24.873845072492639,2000,118.2,102,25,447
2,16,COBYLA,15,5,75,7.713884595932897,4.4400388689107331,9.5190756518038526,0.78433980456182439,11.1843790647047,10.400039260142876,0.023429743047557801,44.374950677225002,2000,858.48000000000002,703,19,2000
2,16,COMPASS,15,5,75,3.3249332267516367,1.5480127624211946,4.3959518341524007,0.1465927911012414,5.7588184515748537,5.6122256604736123,0,24.145671605618286,2000,1202.6400000000001,1147,190,2000
2,16,DMGSO,15,5,75,25.271041826334287,10.969047800650912,36.826738514322862,4.1306064820757271,33.725040446073429,29.594433963997702,0.000146935080437,221.48192753295115,2000,2000,2000,2000,2000
2,16,NELDER-MEAD,15,5,75,47.655757748189266,36.393045779085526,50.543056783963081,7.9419624347358209,65.518466186964204,57.576503752228383,0.17557773710609581,254.78126381261728,2000,85.426666666666662,88,44,143
2,16,POWELL,15,5,75,3.0736248722006976,0.42918417288024102,5.7407826172571417,0.1193260005879821,2.6708880627732725,2.5515620621852904,6.571591342208194e-07,24.690826122697104,2000,131.91999999999999,122,41,326
2,17,COBYLA,15,5,75,4.3535570590537516,3.1311604470472112,4.3893216838603379,1.3888895447085039,6.2990992494895863,4.9102097047810824,0.031929485702029498,23.787718060709722,2000,68.786666666666662,68,57,87
2,17,COMPASS,15,5,75,3.3701305791046052,1.8485751649316848,4.5360539964558946,0.36291187985927559,3.9965368167519131,3.6336249368926374,1.8019363778876141e-11,20.078246101754985,2000,195.72,189,164,248
2,17,DMGSO,15,5,75,16.057101947164426,9.5588648175697113,24.004642788882638,5.0434588551959649,16.846669080229884,11.803210225033919,0.74258090635635199,161.47040738886383,2000,2000,2000,2000,2000
2,17,NELDER-MEAD,15,5,75,18.501621713449946,11.629541330220682,34.146369317271485,5.6712791193571093,16.846669080046901,11.175389960689792,1.0255611543077521,249.48580394779529,2000,78.293333333333337,84,22,105
2,17,POWELL,15,5,75,2.221125800937243,0.74258091016753269,3.4681729761506195,0.15979969276332179,3.131160447059905,2.9713607542965832,0.0030276973366127002,16.846669080048343,2000,85.61333333333333,78,26,203
2,18,COBYLA,15,5,75,30.823748904671575,9.5582696405957037,56.965161757861999,2.4226248010125171,28.026230002570969,25.603605201558452,0.057598182025877499,249.48580394779535,2000,77.186666666666667,76,60,128
2,18,COMPASS,15,5,75,9.0461730124684543,2.4226248010125211,29.483330198568698,1.3888895447084906,5.6712790522556418,4.2823895075471512,0.097615922969129798,224.55688448916305,2000,201.36000000000001,195,173,256
2,18,DMGSO,15,5,75,153.64355710608461,88.334825177922369,275.09313711741726,39.415333938981846,180.6733078217307,141.25797388274884,0.74258090447438008,2139.7399443500103,2000,2000,2000,2000,2000
2,18,NELDER-MEAD,15,5,75,155.62569337574536,88.334825175190474,302.08510179039052,51.419433391920975,152.7026095075901,101.28317611566912,5.0434588550216972,2482.8100517799921,2000,77.13333333333334,80,31,99
2,18,POWELL,15,5,75,12.532973088917551,1.9824674172780408,31.759438284266658,0.74258295284418807,7.0462247604629624,6.3036418076187744,0.057598200114483598,148.26017955760318,2000,89.280000000000001,86,25,261
2,19,COBYLA,15,5,75,1.2577207329863258,0.51836247534231461,1.9055830093851986,0.015707650768035802,1.6336278673666946,1.6179202165986588,1.414193278037601e-07,9.9745563626475917,2000,201.96000000000001,73,61,2000
2,19,COMPASS,15,5,75,0.61034359339761224,0.17278728344743399,1.0515644822683134,0.039269595669892896,0.59690229168205633,0.55763269601216348,1.8458194972481574e-09,5.6391585006936751,2000,356.95999999999998,182,166,2000
2,19,DMGSO,15,5,75,7.3993754444652451,3.7362899460503058,10.158138798965153,1.4215704576302528,8.2310832500176048,6.809512792387352,0.0157076509358944,46.994670632186285,2000,2000,2000,2000,2000
2,19,NELDER-MEAD,15,5,75,6.1481078365010493,0.25134698161138402,14.718323556091438,0.015731550018699601,3.1180362331037212,3.1023046830850216,1.0835776720341529e-13,87.084949160047131,2000,66.053333333333327,68,23,193
2,19,POWELL,15,5,75,0.19991597287013085,0.094247595388598102,0.31921536559721764,0.031415616588198199,0.25037374271965973,0.21895812613146154,0.0030467268252039,1.9758437095218115,2000,105.30666666666667,97,32,340
2,20,COBYLA,15,5,75,1.4497754262234852,1.1843833461443865,0.62299945647427812,1.0856983469529666,1.9744996352468367,0.88880128829387006,2.6645352591003761e-15,2.5662319157460161,2000,306.60000000000002,151,72,1689
2,20,COMPASS,15,5,75,1.3769456474442352,1.6778900200250604,0.64470483219535868,0.59219167307219323,1.7125812943420442,1.120389621269851,0.59219167307218967,2.5666913083191503,2000,224.54666666666665,225,208,243
2,20,DMGSO,15,5,75,1.9607152056578863,1.7125814205867869,0.96995710480518205,1.4609504545559844,2.4701347142316479,1.0091842596756635,1.8102985908541317e-05,4.4303180065781085,2000,2000,2000,2000,2000
2,20,NELDER-MEAD,15,5,75,1.7388487418377576,1.9744997242857776,0.74706567828231529,1.4805336161722016,2.2875096291969328,0.80697601302473121,3.4232385814902955e-08,2.6673796119238755,2000,92.826666666666668,93,56,137
2,20,POWELL,15,5,75,0.96196161116219225,0.60964585536873983,0.74405678278463727,0.055556687098132301,1.6778937587085752,1.6223370716104428,7.1841133973293836e-05,2.3084198409853518,2000,118.30666666666667,125,56,219
2,21,COBYLA,15,5,75,1.5094347125570777,1.5630098573361024,1.2821638301302107,0.69185691119292159,1.9993848828699985,1.3075279716770769,1.0658141036401504e-14,7.0110980337623321,2000,450.48000000000002,221,70,2000
2,21,COMPASS,15,5,75,1.3330182785920921,1.2452555353042989,1.0717000607649241,0.69185691119175807,1.9392657140262877,1.2474088028345296,0,5.2701888802275114,2000,584.97333333333336,256,184,2000
2,21,DMGSO,15,5,75,3.2114917643034668,2.0436855743720344,3.032157011074109,1.5081683626816123,4.1618790131414798,2.6537106504598675,8.077982727172639e-13,14.328012128756594,2000,2000,2000,2000,2000
2,21,NELDER-MEAD,15,5,75,2.7007786180427935,1.9377404987139732,3.1985560397459007,1.2452555379081218,2.255804631058993,1.0105490931508712,0,17.814060947323345,2000,92.946666666666673,87,55,162
2,21,POWELL,15,5,75,1.1858577180435868,1.2452555353048351,1.2468644017961172,0.00099302607329925007,1.8032826962895001,1.8022896702162008,0,6.1631435954991716,2000,92.173333333333332,85,22,247
2,22,COBYLA,15,5,75,3.5631976883075342,1.954998870563383,4.3321154567543605,0.69185691119177761,5.0627731169376631,4.3709162057458855,9.179146331916853e-11,21.779461996466356,2000,1120.4533333333334,1099,66,2000
2,22,COMPASS,15,5,75,2.7795324586424179,0.69185691119218973,3.9641188205014726,0.00012830214743781573,5.0627374564300851,5.0626091542826472,6.3948846218409027e-13,25.476950793170019,2000,1223.6533333333334,1458,199,2000
2,22,DMGSO,15,5,75,6.4272599948701563,3.2285490356772115,7.2283843893466315,0.6920303186553447,9.8079496935219197,9.115919374866575,8.425260489275388e-11,25.47735780748107,2000,2000,2000,2000,2000
2,22,NELDER-MEAD,15,5,75,4.4249437625052943,1.954998859795708,6.2713808450255231,0,7.2716292007437175,7.2716292007437175,0,25.476950804290453,2000,107.05333333333333,98,70,201
2,22,POWELL,15,5,75,1.9468078544335814,0.69185691121273329,2.878987886072387,0.025567843669172349,2.0471786266204219,2.0216107829512495,0,10.792263908580026,2000,79.480000000000004,67,22,675
2,23,COBYLA,15,5,75,3.6918639732984002,2.8811324075942446,2.8643472240732462,1.611736605193812,5.2701659155338838,3.6584293103400718,0.015723774788938199,14.556937063514972,2000,98.226666666666674,96,80,139
2,23,COMPASS,15,5,75,2.992725989487528,2.4918610568429078,2.5184505924179925,1.0570019721392043,4.6874528341244606,3.6304508619852562,4.3676777750079054e-09,12.102315727259692,2000,210.61333333333334,191,170,414
2,23,DMGSO,15,5,75,5.9389706121734882,4.5967173123516289,5.3561987750946942,2.6011672938964026,6.6986879588346682,4.0975206649382656,0.28979673900363417,28.67100556337229,2000,2000,2000,2000,2000
2,23,NELDER-MEAD,15,5,75,8.1292075157006405,2.8585887943847297,13.660865676745589,0.00016217223010524999,9.1004827345879882,9.1003205623578829,3.6749073501596285e-05,61.643666942287247,2000,102.97333333333333,98,67,185
2,23,POWELL,15,5,75,1.6619227809411821,1.1448843155958457,1.5093531345389994,0.52578656228611464,2.3659436050191758,1.8401570427330611,0.013124844516710201,5.8842360505403244,2000,134.37333333333333,119,47,318
2,24,COBYLA,15,5,75,7.0836718319550966,5.2163797054518497,5.939332433707091,2.9763756939277108,11.216179094731437,8.2398034008037264,0.0136393599756274,29.803143473245719,2000,815.4666666666667,831,89,1043
2,24,COMPASS,15,5,75,5.2355385975943554,4.1348293423715887,4.2809008060411822,2.3255989570735096,7.6668413546485255,5.3412423975750158,0,18.40229816853196,2000,1108.7733333333333,1142,158,2000
2,24,DMGSO,15,5,75,13.560793446455458,11.483120633591769,7.8933157154580789,7.1109711673284668,18.689185052085378,11.578213884756911,2.2997097218349509,33.673057882715625,2000,2000,2000,2000,2000
2,24,NELDER-MEAD,15,5,75,12.062118719338464,11.38859665037478,7.370640853261416,7.6696794198085607,14.31520614645363,6.6455267266450688,1.2849432997995791,32.150305081565648,2000,72.533333333333331,68,46,115
2,24,POWELL,15,5,75,3.2259702177294027,2.9902143445702531,2.2774351531482222,1.4882767459932271,4.9140148665337531,3.425738120540526,0.0295949298180175,8.8760788403721875,2000,111.16,102,32,267
5,1,COBYLA,15,5,75,1.8379372098327926e-14,7.1054273576010019e-15,2.7669855814877337e-14,0,2.8421709430404014e-14,2.8421709430404014e-14,0,1.1368683772161605e-13,5000,175.77333333333334,175,151,212
5,1,COMPASS,15,5,75,1.2221335055073726e-14,0,2.6199875947071111e-14,0,7.1054273576010019e-15,7.1054273576010019e-15,0,1.1368683772161605e-13,5000,729.75999999999999,727,641,810
5,1,DMGSO,15,5,75,9.6551919479840361e-05,1.4282243114394078e-05,0.0002170677083331749,1.3663044597933549e-06,6.8151780933334294e-05,6.6785476473540939e-05,2.6489033189136532e-11,0.0012178758243521,5000,5000,5000,5000,5000
5,1,NELDER-MEAD,15,5,75,3.9181843665877142e-09,3.9968028886505635e-09,1.1540127283037716e-09,3.0662796746128151e-09,4.7448658335724758e-09,1.6785861589596607e-09,1.4543957149726339e-09,6.7948349169455469e-09,5000,561.4133333333333,457,311,1342
5,1,POWELL,15,5,75,0,0,0,0,0,0,0,0,5000,68.826666666666668,62,62,122
5,2,COBYLA,15,5,75,74.137259633265046,29.179827092549729,98.764763226594198,10.049480367609135,82.695410957727958,72.645930590118823,0.047689076237020303,503.1121200747657,5000,5000,5000,5000,5000
5,2,COMPASS,15,5,75,6.0632980118195228e-15,0,2.3265735837261895e-14,0,0,0,0,1.1368683772161605e-13,5000,828.03999999999996,827,731,913
5,2,DMGSO,15,5,75,25.882723017333458,10.143438583020584,34.922646790784071,3.6236207132767397,25.314257835692366,21.690637122415627,0.0123090911585279,136.24024154774128,5000,5000,5000,5000,5000
5,2,NELDER-MEAD,15,5,75,73.539246853334831,1.2314359310039436e-08,357.28075213587334,7.6837523010908626e-09,1.3693789221789459,1.3693789144951936,1.3188810044084676e-09,2714.3048528352228,5000,1144.76,1080,590,2268
5,2,POWELL,15,5,75,2.5476052565471576e-05,5.6648807742476492e-06,5.7547092902858525e-05,2.7749293494139238e-06,1.6994131641467902e-05,1.4219202292053978e-05,3.4419997518853052e-08,0.00041248111097039999,5000,145.17333333333335,141,106,257
5,3,COBYLA,15,5,75,25.796114963168439,23.878951787715263,15.039114456623079,15.919309603321018,32.335969355717012,16.416659752395994,4.9747902476474621,89.545391091843555,5000,570.21333333333337,480,173,1666
5,3,COMPASS,15,5,75,13.133427316842329,10.944539552388107,7.3751522274532944,6.9647083618339707,17.909222679688469,10.944514317854498,1.98991811418658,30.843634915015119,5000,778.20000000000005,774,688,870
5,3,DMGSO,15,5,75,140.40070521468306,110.21829281124889,109.33743817779181,77.945701298804678,166.81349833593421,88.867797037129534,20.315078335605399,636.50112163148083,5000,5000,5000,5000,5000
5,3,NELDER-MEAD,15,5,75,164.54231967783895,122.37561735090404,126.87654970086385,68.651378780237053,199.4816440488687,130.83026526863165,15.919325275432101,618.78554473712666,5000,438.98666666666668,387,229,861
5,3,POWELL,15,5,75,10.672413871905302,9.9495807081399903,5.0522490736006116,6.9647085883926536,13.929391722012848,6.9646831336201949,1.9899186515567635,18.904181815897203,5000,175.09333333333333,155,136,405
5,4,COBYLA,15,5,75,47.12050052400005,35.818404965948162,38.845472667412686,19.899107888446427,61.189304609810932,41.290196721364509,5.9697493047415637,185.05299745735189,5000,1155.1733333333334,619,224,5000
5,4,COMPASS,15,5,75,13.95592067082598,11.939478412766896,8.2257277551376511,7.4621853714711008,18.904181736781769,11.441996365310668,1.98991811418658,38.803236523082944,5000,790.38666666666666,791,694,937
5,4,DMGSO,15,5,75,127.34411940542952,96.513873443965281,81.079131281602443,70.081195113119549,172.70372017417216,102.62252506105261,19.198157891305868,348.32498697015171,5000,5000,5000,5000,5000
5,4,NELDER-MEAD,15,5,75,181.01616802990551,155.21019226088038,121.73151403333992,89.545062626685734,277.06628518957257,187.52122256288683,5.9697501714956047,484.44958830420359,5000,475.50666666666666,409,228,1012
5,4,POWELL,15,5,75,12.526024811033713,10.944539826635889,6.1541473152770587,7.9596677848634965,14.924352409311687,6.964684624448191,5.9697496872509817,35.818242782421528,5000,185.03999999999999,158,136,745
5,5,COBYLA,15,5,75,0,0,0,0,0,0,0,0,5000,53.280000000000001,54,44,66
5,5,COMPASS,15,5,75,0,0,0,0,0,0,0,0,5000,444.63999999999999,442,419,476
5,5,DMGSO,15,5,75,0.24223585023470415,0.081018501568792006,0.74772624674049071,0.046298119884642802,0.14025492040105364,0.093956800516410838,0.0011007745613795001,4.7985895126900431,5000,5000,5000,5000,5000
5,5,NELDER-MEAD,15,5,75,0.81373426540359683,0,3.6623059341747397,0,0,0,0,21.754226404269275,5000,569.15999999999997,527,417,1429
5,5,POWELL,15,5,75,0.00035078230380668039,0.00040573287255609998,0.00024318810530949607,0.00015583289427919999,0.00048882908778575,0.00033299619350654998,0,0.00082206203615159997,5000,275.70666666666665,252,252,433
5,6,COBYLA,15,5,75,4.1647300302700172,0.83397017884000491,8.3478940065778158,0.011351119226201651,4.6063468279435211,4.5949957087173194,1.9895196601282805e-13,46.876758068534095,5000,4818.4799999999996,5000,1015,5000
5,6,COMPASS,15,5,75,3.9862785359965538,0.050582006375688299,9.0497251145755975,3.979039320256561e-12,3.5592027593305033,3.5592027593265243,7.1054273576010019e-15,51.756255982215293,5000,4103.6400000000003,5000,1425,5000
5,6,DMGSO,15,5,75,7.658173717902911,0.31479353346000488,18.148741807475918,0.040242690145355149,4.6486537814375204,4.6084110912921652,0.0046665019099377996,109.02298570026926,5000,5000,5000,5000,5000
5,6,NELDER-MEAD,15,5,75,4.7107482743324134,7.3348374201032129e-06,10.304776659134399,4.6344023729716355e-07,2.8465542991463622,2.8465538357061249,6.3139592221261864e-08,51.957637337325188,5000,1466.8399999999999,1474,587,2687
5,6,POWELL,15,5,75,6.9197951116958665,1.232755623070009,13.972524821680326,0.0549812315331994,6.6373513028108562,6.5823700712776567,0.0017684609946542001,72.846137657625036,5000,1088.3733333333332,992,232,3436
5,7,COBYLA,15,5,75,37.273267987652744,26.269471912945505,34.87548031442617,13.606334362056899,51.128583145294954,37.522248783238055,2.4003491530523071,169.42827640585995,5000,56.173333333333332,55,48,69
5,7,COMPASS,15,5,75,9.1721497483620276,6.382894979816669,10.359119274788917,2.2448121169518025,11.031638235545017,8.7868261185932148,0.37572031429550629,48.010940698673643,5000,435.41333333333336,433,389,532
5,7,DMGSO,15,5,75,204.59137525087931,130.63186268137446,199.05920128009328,67.086055785689609,265.18538028021635,198.09932449452674,7.2355002049963559,917.79416020252938,5000,5000,5000,5000,5000
5,7,NELDER-MEAD,15,5,75,452.51307351571381,251.54660762285607,487.4322191833437,143.61424942167679,628.76169162512019,485.1474422034434,5.5725002357225026,2395.227764289928,5000,202.25333333333333,239,41,298
5,7,POWELL,15,5,75,5.3772894703790506,3.3588510945043022,6.1145432690809214,1.5318428091624696,7.1495735350318412,5.6177307258693716,0.036121300904369401,28.336398565012129,5000,449.60000000000002,411,175,959
5,8,COBYLA,15,5,75,1.2704366993177345,0.054152384044907999,1.8962181181955631,0.024725777753291198,1.6991036523263894,1.6743778745730982,0.0047156714893911997,6.4781220356450149,5000,5000,5000,5000,5000
5,8,COMPASS,15,5,75,1.8858915092733446,0.22261769137958251,3.559123918450096,0.13370581803468434,3.9677713980604921,3.8340655800258077,0.0019944792212029001,26.611288135259656,5000,5000,5000,5000,5000
5,8,DMGSO,15,5,75,4.4988603117378494,2.6662587493547107,15.100518079490914,2.0851856805380544,3.9387407899423774,1.853555109404323,0.048895694342213802,133.17240041667401,5000,5000,5000,5000,5000
5,8,NELDER-MEAD,15,5,75,0.58156832575837025,4.2289309831744504e-09,1.4187291257283006,2.7350353093424924e-09,1.0946401118872018e-08,8.211365809529525e-09,4.6941295295255259e-10,5.2444685074649442,5000,960.14666666666665,904,618,1609
5,8,POWELL,15,5,75,3.8105616795901445,3.9310635647449441,7.9174492988124783,0.24730296798396265,4.1175993080721014,3.8702963400881387,3.9660784834083529e-06,62.648317472401231,5000,501.29333333333335,375,129,1706
5,9,COBYLA,15,5,75,0.50857523718307474,0.024426402965232699,1.3037885353108303,0.021158241345229749,0.027275623857583697,0.0061173825123539485,0.0065007513903765001,4.3226859757104279,5000,5000,5000,5000,5000
5,9,COMPASS,15,5,75,3.7801499958509286,0.14432425010497241,17.233276610213728,0.094030496306800104,0.44314120109188337,0.34911070478508327,0.011465271102444699,119.25915340364598,5000,5000,5000,5000,5000
5,9,DMGSO,15,5,75,7.8360966799179259,3.4038000843893634,20.690285835358491,2.178647404961275,4.5185258981309886,2.3398784931697136,0.24488473767792129,120.37660647884309,5000,5000,5000,5000,5000
5,9,NELDER-MEAD,15,5,75,0.52412561792749912,5.3941562327963766e-09,1.3452213408584526,3.0517934845875061e-09,9.9171515444140823e-09,6.8653580598265762e-09,1.5029399946797641e-09,3.9308394647986233,5000,799.91999999999996,808,366,1248
5,9,POWELL,15,5,75,1.5362447097631786,0.033100187606180498,2.0318451768040617,0.0082048705965326492,3.9308435825310291,3.9226387119344963,1.0059815486407331e-05,6.4068061115840464,5000,1080.1733333333334,1094,251,2839
5,10,COBYLA,15,5,75,313.18699342697687,181.32270902470719,325.88144081284014,74.884175808045072,402.8256861329433,327.94151032489822,2.8580678827987285,1190.0202879239389,5000,5000,5000,5000,5000
5,10,COMPASS,15,5,75,1067.8127624589206,544.93430993759034,1752.9000548196907,139.01668617928917,1164.1633711049303,1025.1466849256412,0.016062612830459899,10640.666577784346,5000,5000,5000,5000,5000
5,10,DMGSO,15,5,75,5456.8754859390183,2199.4939791067768,7925.2081138615622,654.40972332678541,7366.4898153628455,6712.0800920360598,66.606506688461423,40615.135257605965,5000,5000,5000,5000,5000
5,10,NELDER-MEAD,15,5,75,137.26162267278073,2.5186750463035423e-08,885.129984719086,1.3698123524363837e-08,0.10456130037808005,0.10456128667995652,6.6072516347048796e-09,7428.2357340367171,5000,1127.4000000000001,1132,536,1692
5,10,POWELL,15,5,75,11387.105311592264,17.383205827955123,40627.953303420203,4.215757478801379,846.42794919313758,842.2121917143362,0.00010494158726,225522.1717441339,5000,1397.4266666666667,1372,430,3920
5,11,COBYLA,15,5,75,40.424003173328259,34.187071451713337,26.903459111446306,21.334500592589748,52.29637288363584,30.961872291046092,3.5219289609502731,115.44981629551,5000,5000,5000,5000,5000
5,11,COMPASS,15,5,75,48.475223601816992,42.428649646495217,29.031783718524558,27.206733170466713,59.573865303529864,32.367132133063151,2.6254551307049177,138.77950169112134,5000,5000,5000,5000,5000
5,11,DMGSO,15,5,75,54.921934382811308,47.426490409451326,34.239736905225591,29.418120409570768,76.296801502332528,46.878681092761759,8.2461330848911132,182.99057296920759,5000,5000,5000,5000,5000
5,11,NELDER-MEAD,15,5,75,10.48144496272738,7.8840969308657805e-09,15.724643400146268,4.5544741311687176e-09,16.47189172965221,16.471891725097734,1.96310168121272e-09,62.281531135614557,5000,1269.9733333333334,1538,200,2444
5,11,POWELL,15,5,75,33.479570517694221,28.614437103233399,23.398242357267325,15.540427182464612,44.835285228185455,29.294858045720844,0.16161773456915179,102.39566660095124,5000,543.61333333333334,290,115,2733
5,12,COBYLA,15,5,75,7.0956543098206701,1.9018686285255624,16.099512323134487,0.31322364930299068,5.7052166880785329,5.3919930387755421,0.0014831511072088,122.26588356289476,5000,5000,5000,5000,5000
5,12,COMPASS,15,5,75,16.296291256272333,5.8115569158600593,28.563320043441124,0.64835924266946421,17.230238428968036,16.581879186298572,1.70208267036287e-07,134.43625454829143,5000,5000,5000,5000,5000
5,12,DMGSO,15,5,75,204.85406824551765,57.300443601832399,570.07121233397891,23.165277109029283,137.46691569074289,114.3016385817136,0.86360776615356372,3991.491805453109,5000,5000,5000,5000,5000
5,12,NELDER-MEAD,15,5,75,13.337740383373646,0.64800033491371778,41.114018066574921,4.1106546255775811e-06,4.8004758097732063,4.8004716991185807,5.2700102060043719e-09,260.82410342561428,5000,1287.9733333333334,840,362,5000
5,12,POWELL,15,5,75,6451.5957829033596,2.4966093803026084,48913.22549620783,0.87640304166624361,6.4763908393525487,5.5999877976863051,0.0001186251311082,419647.36827897409,5000,427.25333333333333,361,206,2052
5,13,COBYLA,15,5,75,19.340732337326219,9.7469060035267674,20.376774741921249,2.3001615906333726,29.954286399323131,27.654124808689758,7.4240435225192414e-05,85.301157490788455,5000,370.62666666666667,352,268,763
5,13,COMPASS,15,5,75,19.94017311661116,11.161698266842858,25.317995098418216,2.3245235775288151,30.479664532131871,28.155140954603056,0.00095367554473560002,136.58979632119323,5000,919.22666666666669,863,687,1364
5,13,DMGSO,15,5,75,14.174800844331703,10.1942396070129,14.771278757200148,3.7157301863653771,18.160557063204738,14.444826876839361,0.84332382523689375,65.131185599662587,5000,5000,5000,5000,5000
5,13,NELDER-MEAD,15,5,75,12.021549509136941,3.303597242413161,19.650414294728229,0.0033458294751680002,16.27790234468192,16.274556515206751,3.4587763764193369e-06,100.71165738488224,5000,754.51999999999998,623,405,2117
5,13,POWELL,15,5,75,21.158498768039617,9.5718290127543035,26.574110757424343,1.6245711759049009,34.163019034625975,32.538447858721071,0.0142901629424443,135.01627195888381,5000,696.27999999999997,618,356,1742
5,14,COBYLA,15,5,75,0.00016971301840490715,0.0001752486862471,3.1234787379809213e-05,0.00016770051823295,0.00018727296478000002,1.9572446547050024e-05,3.7309818395669936e-05,0.00020758450409629999,5000,5000,5000,5000,5000
5,14,COMPASS,15,5,75,0.00057570697804378739,0.00050738250018859997,0.00032309024920423076,0.00040753077111504998,0.0006998433451066,0.00029231257399155001,4.5539080957723854e-05,0.0016939228663659001,5000,5000,5000,5000,5000
5,14,DMGSO,15,5,75,0.0051286286670016619,0.0036283504010015,0.0037715173963329737,0.0025289162232553001,0.0063290768558523502,0.0038001606325970502,0.00062560503752699995,0.016586126325918799,5000,5000,5000,5000,5000
5,14,NELDER-MEAD,15,5,75,9.2624703285082453e-09,1.2071543764591295e-09,4.9332156663065244e-08,6.1929306127694872e-10,2.8645352756484499e-09,2.2452422143715012e-09,1.2116885272916988e-10,4.2645958586717835e-07,5000,983.4133333333333,893,652,1906
5,14,POWELL,15,5,75,0.0097753589736621731,0.0076490433156094998,0.0089484545223762584,0.0027913103539098502,0.013560279981106749,0.010768969627196898,0.0003117636657208,0.042661994968568699,5000,377.53333333333336,344,194,763
5,15,COBYLA,15,5,75,36.051852697450407,28.853559162915477,29.761169164492483,18.406702208235529,45.27018517282589,26.863482964590361,0.99495905709330401,195.00779079067087,5000,521.38666666666666,475,216,1478
5,15,COMPASS,15,5,75,27.172085059171106,24.738921378903569,15.402621930813616,15.919309603321025,34.823334093020023,18.904024489698998,1.98991811418658,67.714670201840391,5000,1223.1466666666668,906,685,4070
5,15,DMGSO,15,5,75,190.34846219486357,191.0430469390549,104.93590288483445,105.64038974751969,246.31496183198209,140.6745720844624,25.979864150010599,586.33214099641123,5000,5000,5000,5000,5000
5,15,NELDER-MEAD,15,5,75,205.94462758519711,173.11777273837444,133.76469940687707,108.44900174287589,263.15372727972897,154.70472553685306,22.883996144643547,787.88541400647546,5000,368.70666666666665,307,226,815
5,15,POWELL,15,5,75,25.199825828897431,22.822524135177616,14.330991226622736,15.056641587163682,33.254666481284943,18.198024894121261,7.5067968570925245,81.063758059946508,5000,297.63999999999999,236,133,1135
5,16,COBYLA,15,5,75,17.256624568071121,16.137109608174569,9.0619344727316378,10.567974562553644,21.463172956849832,10.895198394296187,0.85424854815077822,41.69108636873689,5000,2095.0933333333332,1699,627,5000
5,16,COMPASS,15,5,75,5.9802306028025765,4.7893737150238707,5.3785431984335963,2.1860788729810423,7.6919909293954802,5.5059120564144379,0.00059400342064459995,26.795328765214563,5000,3632.6933333333332,3787,1124,5000
5,16,DMGSO,15,5,75,20.591955721609438,17.355455809438922,16.492597694577206,6.2971817433092951,30.539988596056652,24.242806852747357,0.54981283276191562,61.200225705372091,5000,5000,5000,5000,5000
5,16,NELDER-MEAD,15,5,75,53.831117163204929,39.419328732477091,45.238015163489344,21.844326998306222,73.397213933103728,51.552886934797506,4.3919348473371826,247.67239273725599,5000,421,430,207,553
5,16,POWELL,15,5,75,6.5156331821722722,6.0186952626703842,4.2447056652816189,3.2261735083655125,8.6832387497808057,5.4570652414152931,0.2134593035298166,18.6070173041652,5000,328.21333333333331,321,109,661
5,17,COBYLA,15,5,75,5.3579344960868465,4.7893498632591331,4.283713692665863,2.4092155146920398,6.6496694025064578,4.240453887814418,0.2463152206403087,25.967887245164228,5000,2027.9466666666667,978,165,5000
5,17,COMPASS,15,5,75,4.3661925983089942,3.2336300339433777,3.6149020265270781,1.676452132842071,6.6142873673623424,4.9378352345202714,0.050869387434900597,16.58747192423677,5000,2973.5599999999999,2840,614,5000
5,17,DMGSO,15,5,75,18.367488358844444,10.283319655508819,32.999231033205838,7.7858519865992442,14.856225777934991,7.0703737913357472,2.605805535066537,269.77234504475786,5000,5000,5000,5000,5000
5,17,NELDER-MEAD,15,5,75,13.75871315532398,8.6146611428716859,19.718719072278542,5.4977149573670623,13.961277272158707,8.4635623147916448,2.6042847346689086,150.53415435660571,5000,442.21333333333331,344,228,1338
5,17,POWELL,15,5,75,2.5771138882548388,2.077068772936002,2.2784428701248958,0.74830396302022351,3.6224921918782336,2.8741882288580101,0.16104556233128159,11.538261997104884,5000,301.31999999999999,267,70,666
5,18,COBYLA,15,5,75,24.833427165762451,19.474107633040266,22.785164082355308,11.837974218076582,29.290665291103366,17.452691073026784,2.5912496126560178,159.61638031859809,5000,2021.9333333333334,1261,199,5000
5,18,COMPASS,15,5,75,17.461560176294856,11.858321155059528,20.344520760856081,4.7399695341995098,21.00048606439784,16.260516530198331,0.87562043085475949,134.83216169152178,5000,3493.8400000000001,5000,536,5000
5,18,DMGSO,15,5,75,72.536011150884434,48.560455618024548,87.54473919269013,34.051026215657735,68.806141778125465,34.755115562467729,2.6060677875716181,602.619874673494,5000,5000,5000,5000,5000
5,18,NELDER-MEAD,15,5,75,52.20630162101606,37.31887697139716,50.638200376648058,23.141015466724262,57.784828877238425,34.643813410514163,9.0966098849984292,302.32050347433528,5000,364.90666666666669,305,197,1086
5,18,POWELL,15,5,75,9.5050621292781656,6.5962869484936277,9.3297582449242888,3.3292251742752228,13.297098668763816,9.9678734944885932,0.45449912901045758,54.21015203670278,5000,254.50666666666666,231,76,716
5,19,COBYLA,15,5,75,2.3324463495268657,1.2911565253487964,3.303261011783861,0.35342886103592619,3.2217790503858055,2.8683501893498793,0.015707650767922101,19.799887386751905,5000,2854,3105,171,5000
5,19,COMPASS,15,5,75,1.943102020906611,1.6650437939069889,1.7162741759484734,0.41626071410086846,2.7488932593911066,2.3326325452902381,0.015707650767922101,8.5484604299886424,5000,3146.6799999999998,3997,578,5000
5,19,DMGSO,15,5,75,18.107150464120188,16.205519046813134,11.004504462142911,11.115109275556058,22.33681924509311,11.221709969537052,3.9972504003364762,62.871264708730848,5000,5000,5000,5000,5000
5,19,NELDER-MEAD,15,5,75,12.168547109278109,6.9587040595141687,14.154100837698129,0.7856405394289947,19.58998644030568,18.804345900876683,0.015709263963533001,55.233335036300709,5000,404.16000000000003,396,147,2922
5,19,POWELL,15,5,75,1.9041781549656227,1.6074519641381002,1.4422170862354264,0.89340127539916381,2.6507030234007516,1.7573017480015878,0.21966275934209989,8.0327196783276769,5000,229.85333333333332,214,82,616
5,20,COBYLA,15,5,75,1.7952134417575618,1.8565679375925583,0.53946581051792164,1.393013893116688,2.1433179930678534,0.75030409995116543,0.2368766692296731,2.8823474833924934,5000,976.25333333333333,365,216,5000
5,20,COMPASS,15,5,75,1.4103821815214368,1.4213035242629497,0.43707503547759052,1.2633694355270535,1.7371227739847941,0.47375333845774059,0.47375333845775369,2.1716516727505564,5000,840.39999999999998,785,709,1870
5,20,DMGSO,15,5,75,1.429926296754481,1.383241811902451,0.65815472938226494,0.94745988593697916,1.7616656963624848,0.81420581042550566,0.47630516508638721,3.8697915921214689,5000,5000,5000,5000,5000
5,20,NELDER-MEAD,15,5,75,1.76513704562461,1.7681317722665997,0.67682228999408101,1.1758854542537285,2.3124583396263745,1.136572885372646,0.4737533742565691,3.0402816344813322,5000,602.81333333333339,521,296,1180
5,20,POWELL,15,5,75,1.3130552244237803,1.2728239021423331,0.50044977643067268,0.8280495671085788,1.6661860571057119,0.83813648999713308,0.4755399512721965,2.3408315488852338,5000,364.31999999999999,351,139,807
5,21,COBYLA,15,5,75,7.5014034490920665,4.1617791375105213,7.5946162724123782,1.9685626922264932,12.209460597093203,10.24089790486671,1.5987211554602254e-13,28.804109623558247,5000,1379.6133333333332,542,175,5000
5,21,COMPASS,15,5,75,5.8498507516254374,2.7779884071349485,6.5907973949488037,1.5630098862916952,8.4242886045480319,6.8612787182563366,0,27.016017974687731,5000,2011.6933333333334,893,649,5000
5,21,DMGSO,15,5,75,12.39641949334648,7.5940465779310307,12.629790465695203,2.6268030368941027,17.109111510616572,14.482308473722469,1.2067857824149542e-09,58.852639387635904,5000,5000,5000,5000,5000
5,21,NELDER-MEAD,15,5,75,10.03039697792302,5.7811973742935834,11.775416181274784,2.0811480195271823,17.462954147303552,15.38180612777637,0,60.887409031804616,5000,528.51999999999998,437,320,1301
5,21,POWELL,15,5,75,5.1349949137716822,2.4729738588691745,5.9915137291351295,1.5953120069895783,7.2051245744091723,5.6098125674195938,0,27.016017989314602,5000,271.61333333333334,225,96,733
5,22,COBYLA,15,5,75,8.6654284331126519,5.0627374564300567,12.282388770280006,1.9549988595234922,9.9341845456471063,7.9791856861236141,7.3185901783290319e-12,69.488729003558859,5000,1768.1733333333334,469,152,5000
5,22,COMPASS,15,5,75,10.625589329975966,5.0705839039272718,13.613441719128307,1.3234280227779784,14.584841529007974,13.261413506229996,6.8212102632969618e-13,66.222985639368289,5000,2881.4533333333334,2759,660,5000
5,22,DMGSO,15,5,75,14.711427635569164,8.8378206401193609,15.275013802421586,2.594628025575588,21.785236336503097,19.190608310927509,0.0001045183809083,69.513156352732523,5000,5000,5000,5000,5000
5,22,NELDER-MEAD,15,5,75,14.564925458813351,8.742750537883154,16.708334932381678,1.9549988599848209,25.476950799161838,23.521951939177015,0,69.488729005867071,5000,591.30666666666662,474,310,1379
5,22,POWELL,15,5,75,8.2744214794416688,5.0694083520508002,10.647704358263494,0.69448671249742233,10.993488608595451,10.299001896098028,2.3735852394679572e-08,50.163542780094382,5000,253.78666666666666,214,51,580
5,23,COBYLA,15,5,75,2.8199974896675655,2.3772982679204238,1.6740200710633941,1.5956871157361476,3.9214641705290352,2.3257770547928875,0.16498710651586629,7.7507543367241212,5000,150.45333333333335,147,117,236
5,23,COMPASS,15,5,75,1.4100041567089077,1.3356354489152409,0.78022960357391913,0.78100412554077181,1.8433123346951525,1.0623082091543807,0.12853265860545091,3.4053922423650462,5000,590.24000000000001,589,417,1046
5,23,DMGSO,15,5,75,3.5131578260571903,2.991070970940541,2.1420632687686649,1.9221996665068382,4.8976849572465104,2.9754852907396723,0.53025072814151031,10.514951644167825,5000,5000,5000,5000,5000
5,23,NELDER-MEAD,15,5,75,3.7139565009439646,1.4431588237844435,6.5653439646276084,0.66282147717386408,3.1250122209751585,2.4621907438012944,0.057764057375401003,33.863326704496949,5000,361.10666666666668,355,234,500
5,23,POWELL,15,5,75,1.754120270938901,1.7638881295335975,0.61652928243493876,1.4056401619152581,2.1369709116006068,0.73133074968534872,0.62379099424251194,3.1423202852511167,5000,293.10666666666668,254,104,579
5,24,COBYLA,15,5,75,31.961991854021843,29.122057555172205,15.424333994074042,21.464079823796332,37.326356211625708,15.862276387829375,3.355850320299965,85.660934775197546,5000,1627.4666666666667,1641,1128,2101
5,24,COMPASS,15,5,75,25.430626955098582,24.132610949333184,11.603387479793174,17.483208585404132,31.504919813516821,14.021711228112689,7.1052095342182877,54.34343351297224,5000,3699.8800000000001,3772,1605,5000
5,24,DMGSO,15,5,75,85.160374940876281,86.997713983659494,27.032773357399435,64.38612107917632,99.660181613732988,35.274060534556668,15.37048413771234,149.90058113641243,5000,5000,5000,5000,5000
5,24,NELDER-MEAD,15,5,75,56.086776351664255,45.397990246533027,29.558110770574334,30.733698838640507,82.146341618063673,51.412642779423166,11.838280356707184,116.85970003929016,5000,373.62666666666667,332,261,772
5,24,POWELL,15,5,75,26.151589055249289,25.291074245090684,11.866270747518238,17.06964566996373,31.843922944900321,14.77427727493659,7.985699603214151,72.913611254910847,5000,233.14666666666668,230,77,481
10,1,COBYLA,15,5,75,5.9638220288131083e-14,4.2632564145606011e-14,8.1710939520170616e-14,7.1054273576010019e-15,5.6843418860808027e-14,4.9737991503207026e-14,0,4.5474735088646412e-13,10000,358.56,360,329,392
10,1,COMPASS,15,5,75,5.9211894646675032e-14,2.8421709430404014e-14,8.1869512576281075e-14,3.5527136788005009e-15,7.1054273576010019e-14,6.7501559897209518e-14,0,4.5474735088646412e-13,10000,2084.2133333333331,2069,1892,2311
10,1,DMGSO,15,5,75,0.00022513831377023299,0.0001050369405248,0.00029988269504695143,2.9422421143010524e-05,0.00028371186615314998,0.00025428944501013946,8.0680564451540704e-09,0.0013128813958472999,10000,10000,10000,10000,10000
10,1,NELDER-MEAD,15,5,75,6.8086274514674493e-09,6.4858554083002673e-09,1.5249002235802064e-09,5.8738294228533042e-09,7.8628339394981595e-09,1.9890045166448553e-09,2.6770692329591839e-09,1.0515464055060876e-08,10000,1860.5599999999999,1387,1071,4133
10,1,POWELL,15,5,75,0,0,0,0,0,0,0,0,10000,122.95999999999999,122,122,147
10,2,COBYLA,15,5,75,222.4114841008732,207.15746564201245,214.03163121916353,61.638874045964386,277.39709242475385,215.75821837878948,1.9783408094612296,822.99934054742084,10000,10000,10000,10000,10000
10,2,COMPASS,15,5,75,2.178997722997641e-14,0,4.2673885758273749e-14,0,1.4210854715202004e-14,1.4210854715202004e-14,0,2.2737367544323211e-13,10000,2467.2266666666665,2469,2128,2796
10,2,DMGSO,15,5,75,37.457019520307,28.517927948470017,47.607981450599631,11.486606663107725,44.253027910711154,32.766421247603432,2.4901853076607949,379.05198650094633,10000,10000,10000,10000,10000
10,2,NELDER-MEAD,15,5,75,61.696989219634148,1.7153439557660022e-08,355.29470155593685,1.2841553598264001e-08,0.016129081360702412,0.016129068519148814,4.8790127493703039e-09,3027.9471136317561,10000,4905.586666666667,4514,2468,9912
10,2,POWELL,15,5,75,9.5561669747411192e-05,5.5026976724548149e-05,0.00012777864974993682,1.875626980307743e-05,9.3505891269884955e-05,7.4749621466807525e-05,6.2360037986763928e-06,0.00072055387605009995,10000,277.06666666666666,266,228,555
10,3,COBYLA,15,5,75,53.368830787836565,50.742592836444487,28.044274666925283,33.33105275446313,68.651759803631535,35.320707049168405,7.9596674189272818,181.07901330051064,10000,1176,1009,479,2533
10,3,COMPASS,15,5,75,19.806797290608952,18.90418677460093,8.115084106365579,13.92941672366792,25.868880000258585,11.939463276590665,5.9697543425597468,42.78313352449652,10000,2295.4666666666667,2287,2077,2590
10,3,DMGSO,15,5,75,358.2278984522128,311.98697606064729,167.94474192267793,228.93961862308205,454.49100812588347,225.55138950280141,107.74830420198408,968.7334099181528,10000,10000,10000,10000,10000
10,3,NELDER-MEAD,15,5,75,388.79385956840088,364.1342941984621,187.1325763265919,253.70591719691637,513.85015600335612,260.14423880643972,107.45457467966111,1022.7391873943698,10000,1589.48,1505,647,2883
10,3,POWELL,15,5,75,23.804979825099391,17.909228463500057,11.077359911430316,14.924376419831788,32.336081638980374,17.411705219148587,11.939504336862608,47.7578584707544,10000,337.30666666666667,307,284,823
10,4,COBYLA,15,5,75,110.73122764309895,88.550763915248382,80.18408885952617,61.687010028416523,121.38213607371239,59.695126045295865,22.884017965159561,435.75988989963167,10000,2618.6933333333332,1313,550,10000
10,4,COMPASS,15,5,75,27.832761754715058,27.85878801608785,11.153282769840366,19.899140793875087,35.81839468469385,15.919253890818762,5.969754342559753,52.732628012217312,10000,2333.4000000000001,2316,2082,2616
10,4,DMGSO,15,5,75,346.21376324106734,301.2398369089687,184.08129042962986,228.98184889343139,418.55675018091551,189.57490128748412,70.539447343269501,994.00889036623801,10000,10000,10000,10000,10000
10,4,NELDER-MEAD,15,5,75,429.50492158597859,402.93590757716947,205.96285541149629,282.06157438800847,590.44248315847858,308.38090877047011,86.56027697592242,966.79492097800244,10000,1761.5866666666666,1613,878,4359
10,4,POWELL,15,5,75,29.511147172591276,27.858803367793399,12.886678695301358,21.889059465169112,35.818385764048799,13.929326298879687,8.9608368438777823,58.70231302473411,10000,314.09333333333331,312,280,495
10,5,COBYLA,15,5,75,6.063298011819522e-15,0,5.2509701089513857e-14,0,0,0,0,4.5474735088646412e-13,10000,101.84,99,85,131
10,5,COMPASS,15,5,75,0,0,0,0,0,0,0,0,10000,1022.04,1023,939,1119
10,5,DMGSO,15,5,75,1.2336360077059241,0.1780129116267872,7.9189678700825796,0.06649179738448649,0.28916241454488656,0.22267061716040007,0.013023049420496501,68.333777700772288,10000,10000,10000,10000,10000
10,5,NELDER-MEAD,15,5,75,1.0852662744383432,0,4.3000483005565036,0,0,0,0,22.068601794371315,10000,2121.1199999999999,1999,1719,4913
10,5,POWELL,15,5,75,0.00069974831297548671,0.0007224841022264,0.00045210409138667735,0.00043301413284520002,0.00103715145998245,0.00060413732713724994,0,0.0015329500627601,10000,506.07999999999998,502,502,808
10,6,COBYLA,15,5,75,7.8607318257780392,4.015196640644902,11.032389997727188,0.85096484845475118,11.121792213447279,10.270827364992527,6.4299854329874506e-10,61.237750701144023,10000,9995.1599999999999,10000,9637,10000
10,6,COMPASS,15,5,75,13.746087744849449,2.4047015329177839,24.286340903259067,0.21624703614202184,15.961624914763149,15.745377878621127,2.0236257114447653e-11,134.61850119710058,10000,9972.9333333333325,10000,7970,10000
10,6,DMGSO,15,5,75,14.851776599292265,3.1847530253278364,24.914023827771217,0.20484224845308313,19.348335478559896,19.143493230106813,0.0155816876099521,108.08778599030654,10000,10000,10000,10000,10000
10,6,NELDER-MEAD,15,5,75,44.201677809145245,26.476878922383435,52.955265995451434,2.2886851012053171,60.34227062827641,58.053585527071093,1.0100691554271179e-06,212.911836596706,10000,7703.626666666667,7923,2952,10000
10,6,POWELL,15,5,75,20.732703664733684,6.7295337637480372,33.284868044952105,2.5093303629731372,23.986449165826407,21.477118802853269,0.040502967760744399,212.33989388839416,10000,4244.7600000000002,3606,538,10000
10,7,COBYLA,15,5,75,78.352131816053117,68.239565617078398,56.533914562980023,39.880894440962038,94.41740601400555,54.536511573043512,3.7727854450921257,323.96874918337585,10000,118.34666666666666,117,100,154
10,7,COMPASS,15,5,75,25.409390317634184,21.142457806291503,17.47398277731709,11.565757933010691,36.323356833835234,24.757598900824544,1.3551447573488029,73.806968114530406,10000,963.88,949,826,1206
10,7,DMGSO,15,5,75,515.55485185589748,424.07099747211055,328.75841265004345,288.28421171944365,656.58232336282708,368.29811164338344,27.648211210141653,1473.4962760418905,10000,10000,10000,10000,10000
10,7,NELDER-MEAD,15,5,75,785.78032679271769,662.76335143390122,599.21001403695209,379.05751702881287,941.2550100169226,562.19749298810973,111.87596567050332,3262.8699111952124,10000,723.60000000000002,867,119,997
10,7,POWELL,15,5,75,14.820215861239973,9.1592399006190117,16.518214520033506,5.3775825851627772,15.393407628020039,10.015825042857262,1.0313183825900296,90.443703590962059,10000,1206.0666666666666,1202,444,2494
10,8,COBYLA,15,5,75,3.1526340125049463,0.1338522036851657,11.206182462931629,0.079385838763357655,3.4708275606687913,3.3914417219054336,0.0001237980468928,72.042726718194046,10000,10000,10000,10000,10000
10,8,COMPASS,15,5,75,5.2130988976999868,1.7855078387649783,14.765044243279958,1.5707895006626131,4.1578906192799785,2.5871011186173654,0.0038528668077741001,100.62211400336145,10000,10000,10000,10000,10000
10,8,DMGSO,15,5,75,7.7827652315276463,7.6827005571906852,0.93935505658714125,7.2495316615692431,8.210104457922121,0.96057279635287784,4.6923348425510767,9.6299929898083896,10000,10000,10000,10000,10000
10,8,NELDER-MEAD,15,5,75,0.79883844624096501,1.0070749567603345e-08,1.6046264164691979,7.460769779754628e-09,0.0029468981646018936,0.0029468907038321139,3.514870172693918e-09,3.9865791273027753,10000,3813.8133333333335,3473,2027,7745
10,8,POWELL,15,5,75,9.2264301641867501,4.0268168818496406,52.943443969572968,0.40974307098206353,4.3128595102128431,3.9031164392307796,2.0136859664177109e-06,461.20053459563479,10000,1728.4266666666667,1314,697,4753
10,9,COBYLA,15,5,75,1.6463507159421071,0.082907512737800199,8.00952663686334,0.060357886699417648,0.098506320478673304,0.038148433779255655,0.036508371034727802,68.913350316521374,10000,10000,10000,10000,10000
10,9,COMPASS,15,5,75,9.5122907604531957,2.0858948944956097,32.154828375492606,1.1791411233364677,4.0808058522318511,2.9016647288953834,0.2238606663518751,224.43640351562112,10000,10000,10000,10000,10000
10,9,DMGSO,15,5,75,15.59560995476569,8.3378453658948786,28.049807807813757,7.0378297153485505,9.0545501439301006,2.0167204285815501,0.98595639864104179,136.81219127489788,10000,10000,10000,10000,10000
10,9,NELDER-MEAD,15,5,75,0.6378526761750305,1.7725170664562032e-08,1.4713459355210403,1.3616165972507588e-08,2.4186270763948418e-08,1.057010479144083e-08,5.5039799384815069e-09,3.9865792248361913,10000,3512.8666666666668,3434,2204,5504
10,9,POWELL,15,5,75,5.0479938897169889,0.095172548766107895,14.783323718564036,0.01024817696583105,5.7789897941523805,5.7687416171865493,1.079904068879145e-05,96.048367355107075,10000,3438.9733333333334,3286,639,7155
10,10,COBYLA,15,5,75,527.85770989501657,374.2782015963212,434.79137633822427,269.26101639450559,640.57971437881974,371.31869798431416,67.571228944160282,2318.6610666696979,10000,10000,10000,10000,10000
10,10,COMPASS,15,5,75,3023.8102624768735,1667.4718169444814,3262.2494181652992,772.16754971363207,4064.2435940265987,3292.0760443129666,93.663439156765818,15745.96994243132,10000,10000,10000,10000,10000
10,10,DMGSO,15,5,75,11951.011731791468,7873.8512693261282,13037.710344784084,3755.6208793438054,16385.714765076002,12630.093885732196,282.02971008790303,75190.569820438599,10000,10000,10000,10000,10000
10,10,NELDER-MEAD,15,5,75,252.06041965956965,5.3049284076678311e-08,1243.9067088980294,3.8206479757718625e-08,9.8040970897272954e-08,5.9834491139554329e-08,2.0930748689806933e-08,10238.349330474315,10000,4793.8266666666668,4424,2911,9651
10,10,POWELL,15,5,75,5863.3659238802866,294.09872434431503,16800.778505425049,75.703208500457038,4101.0330586255986,4025.3298501251415,3.5139912476051904,122619.1473071854,10000,6218.2933333333331,5963,1541,10000
10,11,COBYLA,15,5,75,101.92980147784102,95.641384785347782,50.095958290938832,66.674089185279286,136.44152494582067,69.767435760541389,22.079508510692868,240.09144309621357,10000,10000,10000,10000,10000
10,11,COMPASS,15,5,75,116.30313361018544,112.0273687025268,55.099180570303275,71.902345960745862,144.50487559747472,72.60252963672886,30.116282791765265,242.879713228226,10000,10000,10000,10000,10000
10,11,DMGSO,15,5,75,119.72119054419784,111.83359228743733,45.650659957747621,92.071012216807645,150.98145895306646,58.91044673625882,41.943222073362989,262.00220923236282,10000,10000,10000,10000,10000
10,11,NELDER-MEAD,15,5,75,10.142444548435682,1.1694019974584082e-08,20.869734163901327,7.5942452326671628e-09,2.0292158170006811,2.0292158094064359,5.0449813215891481e-09,78.362986665920175,10000,6460.8933333333334,7528,674,10000
10,11,POWELL,15,5,75,86.241883044126126,76.9981079257103,49.68204719521038,48.285017589081441,122.40435008758396,74.11933249850253,11.770657998566749,205.88265733647305,10000,1530.7333333333333,1208,248,5172
10,12,COBYLA,15,5,75,6.3366734551676798,3.4676085256245699,7.4852449966159345,0.84454211280561786,9.8050926347842982,8.9605505219786803,3.2238374956250482e-06,38.114051471406015,10000,10000,10000,10000,10000
10,12,COMPASS,15,5,75,10.056435042995219,3.8007351986234852,14.725970283495558,0.75979005729087667,10.887563552748475,10.127773495457598,0.00037020885210380003,71.82582918664238,10000,10000,10000,10000,10000
10,12,DMGSO,15,5,75,457.54960455220919,277.79997245729578,939.47316526200973,111.25705986378972,494.40769010111615,383.15063023732642,16.670043858379017,8039.0650344079186,10000,10000,10000,10000,10000
10,12,NELDER-MEAD,15,5,75,17.218750437553371,2.8625947365348647,32.50712713497488,0.078440285854368144,18.322727304535881,18.244287018681515,1.025974043500355e-07,165.82759428819818,10000,3702.9066666666668,1597,1118,10000
10,12,POWELL,15,5,75,17804.38777167373,4.853965970596164,154092.14639260966,1.3669209023314579,12.309739493816553,10.942818591485095,0.0011518728992498,1334488.4802889449,10000,1036.52,815,453,3172
10,13,COBYLA,15,5,75,15.133526640495274,7.169611563105633,21.346642909026524,0.7867048131841301,18.2943668402193,17.50766202703517,2.183870958560874e-05,126.95409649154008,10000,813.85333333333335,801,677,1714
10,13,COMPASS,15,5,75,17.935400920360848,9.8452320897052363,22.561793680048467,1.9483129283176623,24.837899771086825,22.889586842769162,0.010458812028446099,117.59972410374959,10000,2999.4933333333333,2905,2402,6093
10,13,DMGSO,15,5,75,24.644583887361673,17.587453667060572,21.771894588179663,8.7918405251397189,34.475949859397531,25.684109334257812,3.1404961896033399,108.36183376608204,10000,10000,10000,10000,10000
10,13,NELDER-MEAD,15,5,75,13.837550047752945,0.082043918434948099,35.707573835350615,0.00097697417378125005,9.7924451051895964,9.7914681310158151,6.3016773772517354e-06,216.58480143677849,10000,2726.6799999999998,2395,1322,7833
10,13,POWELL,15,5,75,15.818510411247804,9.3579926881764983,20.401125326768,1.2674607915851972,19.521811125299919,18.254350333714722,0.0057321811483106002,109.00595923847156,10000,1751.8800000000001,1635,1227,5477
10,14,COBYLA,15,5,75,0.000148067428567508,0.00015051705415199999,1.2004505443350443e-05,0.0001426782997704,0.00015503217760580001,1.2353877835400014e-05,0.00011378222848170001,0.00017650471680490001,10000,10000,10000,10000,10000
10,14,COMPASS,15,5,75,0.0010362642960580213,0.00090870125012540003,0.00042588199936999108,0.00069976770599564997,0.0013114051301225502,0.00061163742412690021,0.00047495062744919999,0.0021044246361751999,10000,10000,10000,10000,10000
10,14,DMGSO,15,5,75,0.0089895886553636936,0.0083229267084448007,0.003808512124636941,0.0059734746785408497,0.011522148181398899,0.0055486735028580491,0.0021810243037218998,0.019965242565973498,10000,10000,10000,10000,10000
10,14,NELDER-MEAD,15,5,75,9.8185838683188345e-08,6.1330851508500928e-09,3.9931549962392069e-07,3.0618707569374237e-09,4.2869615413110296e-08,3.9807744656172872e-08,6.8759931082240655e-10,3.3634665612680692e-06,10000,3511.1999999999998,3060,2215,6935
10,14,POWELL,15,5,75,0.016080325976799294,0.012749885830658,0.012154212666209736,0.0071737499479809005,0.020394256227881151,0.01322050627990025,0.0020070575070709001,0.054995866189841501,10000,797.48000000000002,740,442,1395
10,15,COBYLA,15,5,75,100.87011258438396,82.610266546030886,57.250993547221718,57.707347111811089,135.31186085566907,77.604513743857979,25.868869901901675,287.53441693547404,10000,1589.9866666666667,1069,605,9013
10,15,COMPASS,15,5,75,76.896157303068804,63.676979654339618,40.473335966623758,45.270343256963997,101.01883372411294,55.74849046714894,16.914288857129236,186.05480860470021,10000,4490.8933333333334,3436,1994,10000
10,15,DMGSO,15,5,75,465.53959948357232,434.39149750417528,191.28038979490788,337.90459899388247,546.24306578427957,208.33846679039709,191.46796875492484,1055.0624641736561,10000,10000,10000,10000,10000
10,15,NELDER-MEAD,15,5,75,476.04584837504757,380.06151619798152,305.45423498704588,249.23023002353875,670.05573343865478,420.82550341511603,93.524980456857662,1506.1415005004203,10000,1345.1466666666668,1148,655,3024
10,15,POWELL,15,5,75,77.071578372732915,73.341182793135772,24.305656403824145,62.556932416057862,90.483478319796703,27.926545903738841,33.503350924519893,137.02506715102442,10000,550.75999999999999,551,269,1343
10,16,COBYLA,15,5,75,21.511337275693197,20.770367141445263,9.3515884000505363,14.22579605200341,29.082866845154221,14.857070793150811,2.4443255920405704,47.670747487849212,10000,5092.8400000000001,4222,1772,10000
10,16,COMPASS,15,5,75,8.7913840879787486,7.3122835224995697,5.5845122089325017,4.6255962081698101,12.343235608303303,7.7176394001334927,1.1208700891069157,26.780590752067841,10000,9334.5466666666671,10000,4847,10000
10,16,DMGSO,15,5,75,24.929874004920322,22.349251191097,13.688725256020287,14.391857089553563,33.288245336395107,18.896388246841546,4.5543607890780322,68.56987305712552,10000,10000,10000,10000,10000
10,16,NELDER-MEAD,15,5,75,47.603187917625078,40.294348246922723,29.573270240018775,27.286797762083253,63.740937210353778,36.454139448270524,6.3147284816894285,132.03754785306432,10000,1382.7866666666666,1382,788,2099
10,16,POWELL,15,5,75,12.689636666191978,12.880842945849778,5.9028059962081629,8.744746769153366,15.96085768118067,7.2161109120273039,0.50417328424801156,32.151661358967118,10000,646.14666666666665,638,202,1880
10,17,COBYLA,15,5,75,7.5704432286351082,6.1717469838715724,4.5230194695195909,4.6123609248523145,9.3113702288846696,4.6990093040323551,0.90348480232034944,22.693128994968884,10000,9535.6399999999994,10000,2858,10000
10,17,COMPASS,15,5,75,6.8645459864017342,6.1707036779530426,4.6124074757472515,3.3002455276600422,8.6888480921727655,5.3886025645127233,0.40986742262560583,24.564206322273169,10000,9716.3999999999996,10000,1297,10000
10,17,DMGSO,15,5,75,26.003774877252194,13.622822443174186,30.240973270005259,10.021485243927714,25.934939974709152,15.913454730781439,6.1970605000865717,140.20130097015357,10000,10000,10000,10000,10000
10,17,NELDER-MEAD,15,5,75,21.424538471828317,15.292512138938662,25.04465049725513,8.7930226035351637,21.704235082850083,12.911212479314919,3.4141225208118762,170.72463222937148,10000,2536.5999999999999,2288,882,10000
10,17,POWELL,15,5,75,4.255259192036438,3.8322484785140176,2.4101944945335192,2.5401503682658628,5.7960647211912253,3.2559143529253625,0.62142025071568696,12.929576382644598,10000,484.61333333333334,414,251,1353
10,18,COBYLA,15,5,75,29.471698196671962,24.03164336267573,17.010712944521686,19.405616335086187,37.008408828243773,17.602792493157587,5.7991741359695439,97.105404417840447,10000,9293.9066666666658,10000,2525,10000
10,18,COMPASS,15,5,75,27.644159422474374,24.115226430275044,18.066738794256523,15.428459402495275,34.958966388118284,19.53050698562301,1.2638008018084292,104.49296837462499,10000,9832.1599999999999,10000,1059,10000
10,18,DMGSO,15,5,75,81.350357211283267,59.082206979739091,72.756649440439446,42.45888578863763,91.985377529959692,49.526491741322062,10.049579561635836,524.25133985539094,10000,10000,10000,10000,10000
10,18,NELDER-MEAD,15,5,75,84.392498853891752,62.624791423114559,95.485051130770898,34.797686925883177,85.872213960141067,51.074527034257891,13.377329489962364,618.70031800754941,10000,2373.4266666666667,1952,967,10000
10,18,POWELL,15,5,75,15.553200109942857,13.233128541970864,10.113578076812471,7.9421735511447089,20.409365583550759,12.46719203240605,2.2947914385659942,42.23074231560615,10000,530.44000000000005,449,154,1432
10,19,COBYLA,15,5,75,3.1093539789893074,2.6223644769468848,2.8266571165208032,1.3728482152331267,4.3421185475218955,2.9692703322887688,0.015707650768110398,17.802341340906992,10000,8316.1066666666666,10000,1544,10000
10,19,COMPASS,15,5,75,3.6413646514754094,3.552390655277577,2.8423449850885625,1.2975510530016976,5.6996744292859294,4.4021233762842318,0.015707650767971801,13.029157366985331,10000,8921.5599999999995,10000,2823,10000
10,19,DMGSO,15,5,75,31.299900762508525,27.088970280763256,15.103912805271991,20.428896515434097,39.803417340514912,19.374520825080815,9.2354646650516976,76.427014372040318,10000,10000,10000,10000,10000
10,19,NELDER-MEAD,15,5,75,20.391995631373991,19.162078784368131,19.241492634636089,4.09639062611833,30.279072529293007,26.182681903174675,0.015709887013059601,116.12038899762273,10000,1754.4666666666667,1869,525,2940
10,19,POWELL,15,5,75,3.9273154798969934,4.7163022734169999,2.105822760327881,2.9759248672013161,5.285234241112029,2.3093093739107129,0.25025510386765859,7.2408037883591803,10000,473.22666666666669,435,186,1053
10,20,COBYLA,15,5,75,1.6705756685250979,1.7371997239727293,0.40670427514439672,1.3712546382287298,1.9517780832905203,0.58052344506179043,0.70786376677909857,2.5071377982408758,10000,3996.7199999999998,3243,583,10000
10,20,COMPASS,15,5,75,1.3645428810200495,1.3607795283611497,0.31879919506454768,1.143560482203382,1.5285069590513416,0.38494647684795957,0.57245467323388954,2.1108574601644818,10000,3806.7066666666665,2448,1971,7615
10,20,DMGSO,15,5,75,1.4699261036853353,1.4382335616288175,0.37105396752326014,1.2087488972016782,1.7614008921031044,0.55265199490142614,0.72673221630330431,2.3435311313672003,10000,10000,10000,10000,10000
10,20,NELDER-MEAD,15,5,75,1.4245435945726113,1.3565192937829522,0.47997594367408325,1.1316304441486125,1.6964714130399798,0.56484096889136737,0.45401638587335919,2.7261818730620604,10000,2403.3200000000002,1926,1196,6471
10,20,POWELL,15,5,75,1.3103067584730104,1.3632857526640692,0.36778083984716309,1.0202080568694498,1.5657637319804678,0.54555567511101799,0.67133135851598524,2.3946137029103696,10000,768.37333333333333,708,416,1550
10,21,COBYLA,15,5,75,10.465675499511795,6.6585505675855963,12.850302997348669,2.0811480183639075,13.198090926931112,11.116942908567204,1.5987211554602254e-13,66.506957740896269,10000,1286.5466666666666,590,329,10000
10,21,COMPASS,15,5,75,10.438096173474834,5.7811973717484761,13.070573996065933,1.9012021303461246,15.682283035225439,13.781080904879314,1.0658141036401504e-14,66.506957740896183,10000,4127.3866666666663,2361,1638,10000
10,21,DMGSO,15,5,75,15.615121826947597,8.4090659666911591,18.933465560182711,2.3663444521043093,17.112677299841522,14.746332847737213,2.8233762350282632e-07,67.800726325954642,10000,10000,10000,10000,10000
10,21,NELDER-MEAD,15,5,75,13.629147408174758,7.593560691969742,15.921011505590508,2.4729738662564813,17.107151244395226,14.634177378138745,0,69.614773938617944,10000,1818.4666666666667,1362,957,4714
10,21,POWELL,15,5,75,11.080204290470997,6.2504737063138407,13.794230448897412,2.0513568790165841,14.61356829439028,12.562211415373696,0.00022269383517320001,66.506964989568786,10000,686.27999999999997,536,200,1906
10,22,COBYLA,15,5,75,15.413409510931869,8.742750532072133,17.724423082972528,1.9549988595236982,21.7794619964668,19.824463136943102,3.5598191061581019e-12,69.488729003558859,10000,2491.1466666666665,888,336,10000
10,22,COMPASS,15,5,75,15.94485764778817,8.742750532071998,17.779729998520125,1.9549988595239682,21.779461996466193,19.824463136942224,7.1054273576010019e-13,62.160696785972959,10000,5484.0533333333333,3031,1893,10000
10,22,DMGSO,15,5,75,19.219265883746427,8.7476577569487972,21.610167548438866,2.0218488692088279,30.086052209775467,28.064203340566639,0.064686671922444802,72.73906261616446,10000,10000,10000,10000,10000
10,22,NELDER-MEAD,15,5,75,18.644584401329848,8.7427505413065632,20.657291339556874,2.5905477366085741,27.779581076889201,25.189033340280627,0,72.7386157495975,10000,1910.6800000000001,1455,1087,4219
10,22,POWELL,15,5,75,15.724943558170072,11.128476406545872,16.210433948366212,2.6280484574041321,21.779710139441473,19.151661682037343,0.0149219938248279,63.267672257867993,10000,613.08000000000004,541,180,1460
10,23,COBYLA,15,5,75,2.4773697674439656,2.3572665105441502,1.2768324530321229,1.6552738192045937,2.8865524571531509,1.2312786379485572,0.24514552059962111,7.1435778184199989,10000,256.49333333333334,249,205,385
10,23,COMPASS,15,5,75,1.1862171333509899,1.0718893779267873,0.60645341070366454,0.76548869498596872,1.5174661339798412,0.75197743899387248,0.18357403480820261,2.7518430332364119,10000,1351.0799999999999,1337,879,2736
10,23,DMGSO,15,5,75,2.517521569422863,2.0016587329585604,1.4308133997743959,1.5469791034921809,3.1622961203391355,1.6153170168469546,0.76175277382520079,7.4789381359514948,10000,10000,10000,10000,10000
10,23,NELDER-MEAD,15,5,75,3.7152266782580301,1.0950886402854394,6.4676520143894338,0.5690037639458505,2.1064266091946493,1.5374228452487988,0.24398320941344309,28.50724514772168,10000,961.37333333333333,933,638,1472
10,23,POWELL,15,5,75,2.1043037550224195,2.0690195316765312,0.54553490851472064,1.7319949542405366,2.5175550164418325,0.78556006220129593,0.99460624470148684,3.725358144945957,10000,579.50666666666666,469,211,1327
10,24,COBYLA,15,5,75,91.182158103132252,73.877402103884862,44.251134067139859,58.796258144045645,119.34204430025829,60.54578615621265,22.33697991857639,211.21382094559797,10000,2933.2533333333336,2970,2252,3413
10,24,COMPASS,15,5,75,84.754736574813379,64.645590088258047,46.828495473844505,50.535454545048019,115.3309025920841,64.795448047036075,22.40391014717774,269.39543451470757,10000,9095.7999999999993,10000,5213,10000
10,24,DMGSO,15,5,75,288.08279959937488,261.86012167779768,89.487294134322866,224.88994895389874,343.30245263659276,118.41250368269402,144.18270489949629,508.3994179452186,10000,10000,10000,10000,10000
10,24,NELDER-MEAD,15,5,75,164.94271192051562,170.12980969277595,72.136450101693157,112.42392349884221,230.94226633234973,118.51834283350752,56.917828545085257,274.16880017695576,10000,1186.3333333333333,1042,795,2049
10,24,POWELL,15,5,75,89.399604571557248,88.10076732633712,23.648390309142847,69.212041231807376,102.93884134486419,33.726800113056811,47.379878056082731,152.4468130707894,10000,403.22666666666669,324,158,784
20,1,COBYLA,15,5,75,1.3296623061857342e-13,1.1368683772161605e-13,1.1512874524612476e-13,5.6843418860808027e-14,1.7053025658242404e-13,1.1368683772161602e-13,0,4.5474735088646412e-13,20000,774.51999999999998,770,698,861
20,1,COMPASS,15,5,75,1.7597775088991814e-13,1.1368683772161605e-13,1.8673232090907312e-13,3.5527136788005016e-14,2.2737367544323211e-13,1.918465386552271e-13,3.5527136788005009e-15,7.9580786405131221e-13,20000,6669.8133333333335,6612,5986,7325
20,1,DMGSO,15,5,75,0.00067178525708974049,0.00037885234310400002,0.00079866733067583673,5.3774685500940222e-05,0.00097118646903554995,0.00091741178353460973,2.4377482077397872e-07,0.0032957577575416,20000,20000,20000,20000,20000
20,1,NELDER-MEAD,15,5,75,0.0024474124287017186,1.1329351679023604e-08,0.021113734396271604,1.0152575669053476e-08,1.2813785588150495e-08,2.6612099190970184e-09,8.1122948358824942e-09,0.18285840273502171,20000,8270.5200000000004,6252,4173,20000
20,1,POWELL,15,5,75,0,0,0,0,0,0,0,0,20000,242,242,242,242
20,2,COBYLA,15,5,75,385.42898608236578,238.695700344458,396.095426553707,135.93507581129836,504.28950129392132,368.35442548262296,19.045195667420387,1981.3590224205495,20000,20000,20000,20000,20000
20,2,COMPASS,15,5,75,5.0211686660380424e-14,2.8421709430404014e-14,6.1687990338040248e-14,7.1054273576010019e-15,8.5265128291212022e-14,7.815970093361102e-14,0,2.2737367544323211e-13,20000,8215.8533333333326,8253,7344,9018
20,2,DMGSO,15,5,75,256.74066066749913,73.135928726326711,1350.1960682289427,47.482104929474247,123.92911674326521,76.447011813790965,14.742632200757852,11770.06748896584,20000,20000,20000,20000,20000
20,2,NELDER-MEAD,15,5,75,598.74876627489868,4.7463927899116243e-08,2043.718041481829,2.8284077302487276e-08,14.624405215576287,14.62440518729221,1.1628777940586588e-08,13717.282044498044,20000,19275.919999999998,19839,16695,20000
20,2,POWELL,15,5,75,0.00015788933216770472,0.0001302754287735,9.2475567050451406e-05,9.2672529987680718e-05,0.00024538639198819998,0.00015271386200051926,1.4459696181745583e-05,0.00033780702355910001,20000,512.70666666666671,507,460,784
20,3,COBYLA,15,5,75,134.75234354742906,120.3887056657356,57.442318612679486,91.535816102869433,165.65889114961638,74.123075046746948,41.788154087794211,309.42597132174808,20000,4318.4399999999996,2800,1294,15807
20,3,COMPASS,15,5,75,40.501922956429375,38.803347765190438,12.817255395456144,30.843703061887201,47.75791862015727,16.914215558270069,17.909257989860237,77.606559053739744,20000,7467.3999999999996,7487,6551,8422
20,3,DMGSO,15,5,75,762.8062446738345,780.25609031603676,213.53681105811518,630.74699860521571,872.73940301170649,241.99240440649078,319.04471981435802,1515.5830187544809,20000,20000,20000,20000,20000
20,3,NELDER-MEAD,15,5,75,978.16334349422061,895.42816735804217,397.19377426487966,678.52058931252282,1268.9605015872185,590.43991227469564,343.25589737299612,2071.2723511077252,20000,7632.8533333333335,7250,3321,15741
20,3,POWELL,15,5,75,42.878873875558185,36.813410345779097,14.46888806063698,30.84370736706677,54.722572629353181,23.878865262286411,25.600688999911164,73.626669199682226,20000,616.61333333333334,588,564,1274
20,4,COBYLA,15,5,75,259.00057416450596,240.70556686241,105.16756102177052,179.09113576712286,326.65085668889515,147.55972092177228,94.520579030860915,523.31970638444852,20000,7219.0933333333332,3325,1195,20000
20,4,COMPASS,15,5,75,51.884201561505193,49.747801310004498,15.737333859301289,41.290712593942544,58.702425358564021,17.411712764621477,21.889084142595379,97.505573263715121,20000,7533.4666666666662,7554,6843,8275
20,4,DMGSO,15,5,75,829.85004854847955,796.28848592669715,268.85258614385361,637.23670718013705,966.00584039637488,328.76913321623783,347.91270843501667,1979.319796340902,20000,20000,20000,20000,20000
20,4,NELDER-MEAD,15,5,75,994.82997522120718,934.19717432967718,452.90518791625794,636.23987047194714,1290.8608417655055,654.62097129355834,302.46423435777331,2039.4196544317228,20000,8618.9333333333325,8441,4199,17492
20,4,POWELL,15,5,75,55.616174472586174,49.74789775812846,18.18442180757382,39.798288857379845,68.15446467380805,28.356175816428205,29.85421409311596,87.556136121120801,20000,664.44000000000005,622,576,1471
20,5,COBYLA,15,5,75,0.15051171889129189,0,1.3034697212712094,0,0,0,0,11.288378916846892,20000,204.53333333333333,190,166,351
20,5,COMPASS,15,5,75,0,0,0,0,0,0,0,0,20000,2500.8666666666668,2497,2335,2738
20,5,DMGSO,15,5,75,0.62811786353123666,0.64754127937624162,0.20843064676327419,0.49360644292933209,0.77902974686402615,0.28542330393469406,0.0986910413370196,1.0108471192090178,20000,20000,20000,20000,20000
20,5,NELDER-MEAD,15,5,75,0.88845241967620536,0,5.4578535198273697,0,0,0,0,37.979844620317436,20000,8326.8400000000001,7603,5127,20000
20,5,POWELL,15,5,75,0.0015594568127823586,0.0018679944839732,0.00082616029752934333,0.0015231791051632999,0.0021448542519343998,0.00062167514677109997,0,0.0025146393835874998,20000,1002,1002,1002,1002
20,6,COBYLA,15,5,75,7.1857496935341167,2.7225775278061377,9.3934751268760142,0.74559905500794343,10.139264454090359,9.3936653990824155,0.00015064681760169999,39.094535169377991,20000,20000,20000,20000,20000
20,6,COMPASS,15,5,75,54.471814317362032,37.725754738293972,61.984813964675851,11.307792881152148,75.120728440523038,63.812935559370892,0.058666544819057899,354.34633746101599,20000,20000,20000,20000,20000
20,6,DMGSO,15,5,75,19.943532359070055,12.265192328443961,25.153626007887613,0.77185827042513822,28.140421718665685,27.368563448240547,0.1145698782055433,117.03439866848656,20000,20000,20000,20000,20000
20,6,NELDER-MEAD,15,5,75,154.63253950470616,115.82565901475787,131.47166844086757,77.351074772114856,209.0660677949889,131.71499302287404,3.9934142790287979,687.96700777672686,20000,20000,20000,20000,20000
20,6,POWELL,15,5,75,30.527347606385433,22.905791458637271,29.654655237422428,8.1197411677843618,49.93191572704967,41.812174559265308,0.1234877419257145,116.73605612002279,20000,14790.306666666667,15148,4088,20000
20,7,COBYLA,15,5,75,125.05806921981974,117.8080413263724,51.447769194300214,86.610823315340326,150.4734479421941,63.862624626853773,45.393161022309407,310.99245202352813,20000,253.65333333333334,256,207,321
20,7,COMPASS,15,5,75,65.400958548030616,54.972351005832763,49.968912202438375,33.819477421538437,85.594979578437218,51.775502156898781,8.575863969430074,308.50504898989834,20000,2313.9866666666667,2268,1824,3092
20,7,DMGSO,15,5,75,1277.7178125105929,1114.1151216809251,792.95538664662558,832.59012240579409,1548.6368491078761,716.04672670208197,72.348565422376765,4055.2540584644871,20000,20000,20000,20000,20000
20,7,NELDER-MEAD,15,5,75,2177.4193288020224,1875.5461918949891,1368.689198969472,1196.7388137132048,2629.1455505712374,1432.4067368580327,485.12747024282589,7502.0561930132944,20000,2686.1199999999999,3246,417,3328
20,7,POWELL,15,5,75,33.483362323821474,27.001996299160052,23.675948307862949,17.419896136451001,39.523282813560257,22.103386677109256,6.0659497895573828,122.90289717359452,20000,2777.9333333333334,2468,1182,5472
20,8,COBYLA,15,5,75,3.8070735562781834,1.2726075063235287,11.673626079696126,0.26876785762574684,3.9702669146298177,3.7014990570040709,0.00068564025109100004,75.843611794773693,20000,20000,20000,20000,20000
20,8,COMPASS,15,5,75,16.049152446763877,9.3746454195352982,18.05414020606964,8.8757569871346185,12.523955016875487,3.6481980297408683,2.8405628413754016,79.960451608714607,20000,20000,20000,20000,20000
20,8,DMGSO,15,5,75,17.50567992474998,17.607323611419503,1.0905819639066161,16.963742715484301,18.052017461943144,1.0882747464588434,13.94166356348444,19.54812001242361,20000,20000,20000,20000,20000
20,8,NELDER-MEAD,15,5,75,2.6269258051828199,0.91710254811729897,3.3789414392877304,1.9271870765891208e-08,4.0868296221725178,4.0868296029006466,5.7975739764515311e-09,17.695036135021837,20000,18506.986666666668,20000,9469,20000
20,8,POWELL,15,5,75,5.7248488166837816,3.9944887610900639,13.366256861644899,0.28411177826246714,4.1710690292835864,3.8869572510211192,0.00056087318664309999,70.721798259258094,20000,6020.5466666666671,4214,2240,20000
20,9,COBYLA,15,5,75,1.7634888093748118,1.4113021837106317,1.596624131720527,0.96824891114614176,1.7498705413585824,0.78162163021244069,0.0399475000922535,7.36312446792234,20000,20000,20000,20000,20000
20,9,COMPASS,15,5,75,20.209910267219126,13.024482192988316,33.109138565211822,10.637865851802164,15.408360337315649,4.7704944855134848,0.1450265402519193,262.19019869254151,20000,20000,20000,20000,20000
20,9,DMGSO,15,5,75,48.232513214659754,19.247749613904148,61.261607505251298,18.233303815991242,19.639219156870134,1.4059153408788916,13.28737253520096,284.4699809296086,20000,20000,20000,20000,20000
20,9,NELDER-MEAD,15,5,75,1.9888219621432586,0.85480276687496826,1.966785507230719,0.0038454400815529999,3.9866301468231384,3.9827847067415854,1.9879962565028112e-08,5.7923638002359894,20000,19066.186666666668,20000,9611,20000
20,9,POWELL,15,5,75,9.2601882526957233,4.2727671149516482,15.835561498045074,1.3324974514136443,11.16370719463746,9.8312097432238161,0.00031443254620009997,113.1954019256527,20000,12192.946666666667,13036,1211,20000
20,10,COBYLA,15,5,75,1018.0037550937694,809.87701356677019,642.66497607318445,528.51889564974363,1398.0342304429987,869.51533479325508,33.894081983993253,3286.8268465827223,20000,20000,20000,20000,20000
20,10,COMPASS,15,5,75,8645.5809321839079,6056.824282429895,8368.2345361685439,3773.4364547114983,9666.3389855596179,5892.9025308481196,570.70060791131095,48699.819326256817,20000,20000,20000,20000,20000
20,10,DMGSO,15,5,75,43803.131530061357,28955.34853031973,45389.433363053584,15874.607240719539,53244.895212622156,37370.287971902617,5193.5716068211859,227299.9949277956,20000,20000,20000,20000,20000
20,10,NELDER-MEAD,15,5,75,272.25161925750763,1.2230006397828674e-05,938.79009962662383,8.394783002074746e-08,30.50643631876639,30.506436234818558,5.5461271131207475e-08,6439.4323386577507,20000,19338.360000000001,20000,16202,20000
20,10,POWELL,15,5,75,5315.1237434447539,1699.181390435635,11047.90008068986,616.28864039913196,5818.0238770227134,5201.7352366235809,29.186454217795216,86428.017908042733,20000,19452.080000000002,20000,6875,20000
20,11,COBYLA,15,5,75,214.31163762435585,216.40919381394809,65.502960548034395,157.25722992473123,259.06587022953568,101.80864030480444,76.979939449378776,374.24396712610297,20000,20000,20000,20000,20000
20,11,COMPASS,15,5,75,217.23791337698341,214.41268336286481,73.906021895123928,161.45461898234183,267.65853110678876,106.20391212444693,75.058538166198375,368.50118727509511,20000,20000,20000,20000,20000
20,11,DMGSO,15,5,75,290.10225151409895,285.51671099671574,88.461222586519256,234.89490673977559,349.9369960171033,115.0420892773277,84.069333115164582,586.82748996548696,20000,20000,20000,20000,20000
20,11,NELDER-MEAD,15,5,75,34.723350452215008,18.51054439779772,39.412035227761876,7.0185663733069603,43.373771348692685,36.355204975385725,0.0021380724015215998,201.45920294023281,20000,18134.080000000002,20000,2236,20000
20,11,POWELL,15,5,75,157.69607592900022,162.03509349482022,70.597664360935497,101.96052689412753,206.91971606017339,104.95918916604586,24.560391836292958,323.48270272115417,20000,6762.7466666666669,5705,502,20000
20,12,COBYLA,15,5,75,9.1302338612846832,3.0155249372759272,13.828476919419035,0.49469588985013502,9.4407709056763842,8.9460750158262492,0.0021469509963124998,64.968067299328482,20000,20000,20000,20000,20000
20,12,COMPASS,15,5,75,13.164419940109502,5.3011352771237483,19.24367658177901,1.2135908271780096,17.854986870912143,16.641396043734133,0.0018197580932834,93.013275528916864,20000,20000,20000,20000,20000
20,12,DMGSO,15,5,75,2283.9654596991245,1058.849143325162,4293.7908768749976,593.36152023334762,1923.6745767011191,1330.3130564677715,144.50131048806713,24528.0771035978,20000,20000,20000,20000,20000
20,12,NELDER-MEAD,15,5,75,70.880753508320623,8.0903599316400374,169.71538739248476,1.8758761925412484,49.850649805342158,47.974773612800909,0.000528881395553,991.92263980154678,20000,12561.68,14264,4106,20000
20,12,POWELL,15,5,75,6014.7667613153644,5.8011048641986207,51982.111916379326,1.3216520590292227,11.910174133659652,10.588522074630429,0.0063553259972621004,450190.65452704113,20000,1929.1733333333334,1645,1098,4801
20,13,COBYLA,15,5,75,10.47618952234725,6.6753642227669516,13.283986483485656,2.0019019406969107,13.215619491862466,11.213717551165555,0.035401900054580403,68.396426122136745,20000,1864.6266666666668,1861,1627,2738
20,13,COMPASS,15,5,75,12.967369408334804,8.5411544668407693,14.750432296848134,2.1955397271516617,20.562847952984605,18.367308225832943,8.4900078149985347e-05,80.429005028576356,20000,10975.84,10853,9420,17473
20,13,DMGSO,15,5,75,25.806898486066419,25.630434698684098,12.057230857368779,14.828034445376939,36.612493313148846,21.784458867771907,7.9938284408016216,58.284955062010567,20000,20000,20000,20000,20000
20,13,NELDER-MEAD,15,5,75,12.268981935478012,0.1045441422014521,34.142638376174673,0.00068238797678959995,6.6519747973961962,6.6512924094194066,3.1959228223854552e-06,217.22280873843729,20000,11047.16,9951,4149,20000
20,13,POWELL,15,5,75,8.4782150706106663,4.6948269015086908,10.556995988325756,0.7218675640094574,12.94795499116815,12.226087427158692,0.021146086177480101,61.816078708533496,20000,4002.2666666666669,3989,2597,5965
20,14,COBYLA,15,5,75,0.00016484018379605065,0.0001670785064078,1.4349823951589955e-05,0.0001570525189471,0.00017599465419585001,1.8942135248750007e-05,0.0001167701001492,0.00018621212174700001,20000,20000,20000,20000,20000
20,14,COMPASS,15,5,75,0.0013747871320330012,0.0012404162925391999,0.00050463355874047087,0.00094513726668310006,0.0016819289815329999,0.00073679171484989986,0.00045594162403969998,0.0028510835739865002,20000,20000,20000,20000,20000
20,14,DMGSO,15,5,75,0.014383774785178586,0.0138956392249269,0.003155910967456009,0.012368371181914001,0.016261210132761002,0.003892838950847001,0.0079782472211603998,0.0236967668226668,20000,20000,20000,20000,20000
20,14,NELDER-MEAD,15,5,75,0.0080143551733424627,1.0274398221099545e-07,0.053227436114197585,3.4244642677094816e-08,3.5478102233810205e-07,3.2053637966100723e-07,9.2354071057343406e-09,0.45482688306029218,20000,15555.24,15120,10923,20000
20,14,POWELL,15,5,75,0.018079734095523981,0.015989614856778099,0.011925662791327675,0.010642095594729201,0.0216061551534849,0.0109640595587557,0.0035683001591433,0.092343896863113104,20000,1675.5466666666666,1570,1048,3534
20,15,COBYLA,15,5,75,222.07482596846691,206.94808123376936,81.359322642422185,173.36302824041456,268.63547748960445,95.27244924918989,87.555997252922168,421.45622797980297,20000,3812.8800000000001,2466,1622,12224
20,15,COMPASS,15,5,75,223.94675760150122,204.9598349580327,95.26118335789829,147.96213407414382,277.09198353082257,129.12984945667876,77.860339180973483,591.97744441358066,20000,14942.120000000001,13807,7859,20000
20,15,DMGSO,15,5,75,1067.8564484638989,1022.17578298889,365.371951777405,840.28087328088543,1284.4836340675038,444.20276078661834,373.46361765701909,2276.2174814152754,20000,20000,20000,20000,20000
20,15,NELDER-MEAD,15,5,75,1146.2179191063087,980.99095159343483,620.24479578282615,691.96299769240363,1450.0065158509151,758.04351815851146,305.44707537622617,2912.5364285517144,20000,6475.1866666666665,5535,3323,15409
20,15,POWELL,15,5,75,216.51211045469259,206.45188812518401,55.271096483783857,173.70134361109496,256.40913593860159,82.707792327506638,93.705484287305353,354.94982925320932,20000,1023.9066666666666,834,528,3135
20,16,COBYLA,15,5,75,24.61128257239659,23.543570484142279,7.2877495047848067,19.81567334738952,30.096525835160023,10.280852487770503,7.8843022470547481,44.340651132096561,20000,11249,9409,3269,20000
20,16,COMPASS,15,5,75,9.8987034234167233,8.9154636273343044,4.5275932256244857,6.7290056508397456,12.176407711851844,5.4474020610120988,2.4068293741887601,24.865310183387948,20000,19988.066666666666,20000,19105,20000
20,16,DMGSO,15,5,75,24.648168880694097,23.646302702820392,7.9445329428191664,19.04044624536521,29.510523976049726,10.470077730684515,9.7838067456811757,46.395280208609165,20000,20000,20000,20000,20000
20,16,NELDER-MEAD,15,5,75,51.075280169014043,45.73878696994376,19.703403971282206,35.880633842275131,63.797684581414899,27.917050739139768,20.355861586557964,120.42019023049872,20000,4030.52,4122,1614,6272
20,16,POWELL,15,5,75,17.748924610227302,16.466818694568701,7.433159170098099,12.217275923539773,22.708828695249572,10.491552771709799,2.6696700236510296,35.232320001139563,20000,1255.8,1246,416,2925
20,17,COBYLA,15,5,75,9.0290035029088909,7.8428247040761647,5.3215729834424002,6.3664005553933212,9.8595264618102778,3.4931259064169566,3.062302115676971,35.97216929694639,20000,20000,20000,20000,20000
20,17,COMPASS,15,5,75,9.3636096947552101,8.2784825526060786,5.8761004458073129,6.189134501775051,10.632690636662879,4.4435561348878281,2.7607610268819371,37.217263425636645,20000,19327.066666666666,20000,2904,20000
20,17,DMGSO,15,5,75,40.062766969238275,23.015798878649434,42.420707528407682,15.434326060524901,39.52510142260661,24.090775362081708,7.4369013246681837,217.56929042542669,20000,20000,20000,20000,20000
20,17,NELDER-MEAD,15,5,75,24.937336590569082,13.79505339872599,30.63308598384333,9.7603227436632078,23.944590048782025,14.184267305118818,5.7762501877838268,195.20305158471888,20000,17214.84,18394,3898,20000
20,17,POWELL,15,5,75,6.6445277635405757,6.590637970898598,2.4324467315916367,4.7728373579737973,7.8801069605327463,3.107269602558949,1.6000789490715306,11.99276324501523,20000,988.72000000000003,837,517,2978
20,18,COBYLA,15,5,75,34.044135901521514,31.383382481198851,18.613975188653139,24.885290151629587,38.666251745272291,13.780961593642704,8.9415529645128853,146.01305389822187,20000,20000,20000,20000,20000
20,18,COMPASS,15,5,75,39.62921357531765,32.829654905065709,32.97176120448681,22.643620670570204,40.678357484450757,18.034736813880553,9.3171985795638648,237.9172536865118,20000,20000,20000,20000,20000
20,18,DMGSO,15,5,75,145.45406798118526,88.681742190680325,153.20221843317805,59.821950399681192,158.11504857632013,98.293098176638949,31.729680590066561,756.60875328709574,20000,20000,20000,20000,20000
20,18,NELDER-MEAD,15,5,75,97.604846741893098,54.103371088696335,120.92243636808789,39.426703914715915,93.433687441877737,54.006983527161822,21.707751035902668,744.8344182102993,20000,16247.453333333333,17647,4367,20000
20,18,POWELL,15,5,75,22.705232983670513,21.336794029762132,9.0947521986649793,16.936452613854726,27.826880278455029,10.890427664600303,6.1402270267039967,49.653706884386338,20000,1045.4400000000001,1069,541,2290
20,19,COBYLA,15,5,75,4.8682966489070552,4.8264460981222399,3.4581752646445625,2.6807617543209075,6.5570251639360553,3.8762634096151478,0.0157076507687232,13.096716270021169,20000,17992.453333333335,20000,8954,20000
20,19,COMPASS,15,5,75,5.7517153126378711,5.9000848586845223,4.0230655138221385,3.7213935495593802,7.8491116795896847,4.1277181300303045,0.0157094251471789,21.292633568029601,20000,20000,20000,20000,20000
20,19,DMGSO,15,5,75,38.851757150631052,39.797844582672042,11.007585752939899,30.801502213441303,45.86368192290297,15.062179709461667,15.223201563332751,65.277042063002568,20000,20000,20000,20000,20000
20,19,NELDER-MEAD,15,5,75,26.709229636371727,25.298327987194511,19.201646264551044,16.292326828805983,37.478702717242555,21.186375888436572,0.015709173729675199,88.877752082253707,20000,10393.4,11286,2211,17702
20,19,POWELL,15,5,75,5.7399722131402875,6.7587998577515691,2.9006458333726615,5.6817420400173475,7.6135386715564177,1.9317966315390702,0.2494859522671504,9.5831174812738311,20000,1006.9866666666667,866,378,2158
20,20,COBYLA,15,5,75,1.6516757217167353,1.6287125032339702,0.26410067798823006,1.4757336815365161,1.8657824427265526,0.39004876119003651,1.1153389459368697,2.3000073478194167,20000,15031.68,19399,1227,20000
20,20,COMPASS,15,5,75,1.4587215258758741,1.4805146784340764,0.25870516315002534,1.3029591526708941,1.6878373978696004,0.38487824519870628,0.79949574402161261,1.9840965588757624,20000,11136.959999999999,7556,6276,20000
20,20,DMGSO,15,5,75,1.53033081168975,1.5315383054160634,0.36550373376367518,1.2983237038686752,1.7744594128515221,0.47613570898284685,0.69851245807717532,2.4434847651065987,20000,20000,20000,20000,20000
20,20,NELDER-MEAD,15,5,75,1.4208768393504334,1.3228597769231101,0.42779118868712801,1.1254395610437662,1.5893704653049996,0.4639309042612334,0.58238799479386216,2.4269498381223684,20000,13288.786666666667,12666,5547,20000
20,20,POWELL,15,5,75,1.5192530775725512,1.5477892047559862,0.43354099003021418,1.1896726116023757,1.9592343713470513,0.76956175974467556,0.62543859094330401,2.2104455931761078,20000,1656.7733333333333,1647,808,2807
20,21,COBYLA,15,5,75,14.04636382630777,9.0805431024859899,14.34986594289143,2.625481132771009,23.206921996561704,20.581440863790696,4.2632564145606011e-14,65.8237179271201,20000,1797.5999999999999,1019,725,20000
20,21,COMPASS,15,5,75,11.393409254148262,6.249315015766669,13.678225925320522,2.0465823009544657,17.10715122442393,15.060568923469464,1.0658141036401504e-14,65.107559268283367,20000,9555.9599999999991,7755,5859,20000
20,21,DMGSO,15,5,75,17.74132386739689,9.0807867597187055,17.967283374313194,4.7165355461329312,27.21186875392215,22.495333207789219,2.9841187654255918e-06,69.616437735611626,20000,20000,20000,20000,20000
20,21,NELDER-MEAD,15,5,75,13.870531838976076,9.0805431102425018,13.683565143481751,2.6254811394452009,23.206922009706837,20.581440870261638,0,58.8519836572884,20000,8577.2133333333331,6673,3904,20000
20,21,POWELL,15,5,75,10.601657178328635,7.8678790304606991,10.784221701313362,2.0572033413441595,16.400286427809988,14.343083086465828,8.5819375108542317e-06,44.67743327197536,20000,1467.52,1208,497,4152
20,22,COBYLA,15,5,75,18.80721251844091,11.125618450408354,19.916526191220655,2.5905477300927089,21.779461996466353,19.188914266373644,7.8870243669371121e-13,72.738615746366349,20000,1574.4666666666667,978,731,12249
20,22,COMPASS,15,5,75,15.398859685264476,11.125618450408229,17.037445084504007,2.5905477300897157,21.779461996466146,19.188914266376429,0.69185691119177051,72.73861574655669,20000,9497.4533333333329,7639,5933,20000
20,22,DMGSO,15,5,75,16.845704881025526,7.2731411539346453,21.245412169865045,2.2775208878297222,25.931941280090811,23.654420392261088,0.69223613055407895,69.4890911368025,20000,20000,20000,20000,20000
20,22,NELDER-MEAD,15,5,75,19.225095056036974,11.125618462714598,19.001818712218821,6.1671833369660281,23.800762137609269,17.633578800643242,0.69185691554914186,69.48872900673598,20000,8710.7866666666669,6599,4237,20000
20,22,POWELL,15,5,75,17.174684203894685,11.143890357272824,16.097232582816424,7.2717099218279131,21.779951204036898,14.508241282208985,0.69191222103053107,69.488729003825199,20000,1190.9200000000001,1066,331,4625
20,23,COBYLA,15,5,75,2.6529704929466646,2.4031648201056162,1.2863651239838423,1.7063441410021056,3.2498071511767859,1.5434630101746802,0.6546180610917034,6.6833500766073541,20000,493.73333333333335,479,391,785
20,23,COMPASS,15,5,75,1.0962038502007587,0.95110569458097416,0.52774323511488275,0.69269302990283421,1.4381788995703388,0.74548586966750463,0.27039934650742481,2.4310134575216802,20000,3096.3466666666668,3141,2213,4441
20,23,DMGSO,15,5,75,2.5078174395745356,2.1130484421032349,1.3019202614681278,1.554532719471112,3.0805468486257928,1.5260141291546807,0.690774285236607,8.0306746627085204,20000,20000,20000,20000,20000
20,23,NELDER-MEAD,15,5,75,3.0204638495314176,0.94520965554982883,4.8911863454767497,0.57880456510966027,1.838240316991179,1.2594357518815187,0.1337773241307616,25.001820366679738,20000,2542.1599999999999,2424,1911,4413
20,23,POWELL,15,5,75,2.7287228350608861,2.7087924269564918,0.5017385722503378,2.3194749613972618,3.1701686979311958,0.85069373653393399,1.6915378484642354,3.7333277955681865,20000,1208.7866666666666,1314,435,1819
20,24,COBYLA,15,5,75,240.03893969685024,220.21770598617331,96.393561821165918,170.40447639878755,312.95589786523357,142.55142146644602,102.36609538400548,507.20156230835238,20000,5089.9333333333334,5163,3858,5869
20,24,COMPASS,15,5,75,244.58795830384329,229.62855979994976,101.11030120418158,153.66010904593216,316.92613883289118,163.26602978695902,100.46194346912192,494.237639328981,20000,19961.546666666665,20000,17525,20000
20,24,DMGSO,15,5,75,742.36408376447832,696.43721319876977,194.68138360944502,611.59630923498423,861.29302177278828,249.69671253780405,405.92362109880531,1400.214447398811,20000,20000,20000,20000,20000
20,24,NELDER-MEAD,15,5,75,408.29567201684796,450.55399007571816,156.94718602522417,366.8111774543907,517.56123390038806,150.75005644599736,121.67784970900006,608.57110710570169,20000,5145.1466666666665,4861,2841,16161
20,24,POWELL,15,5,75,241.30098854091537,235.73252358138097,39.415221658899291,221.41567116236786,262.09905126381329,40.683380101445437,161.27254661497238,351.51093878532441,20000,848.02666666666664,892,299,1531
40,1,COBYLA,15,5,75,2.6635878687860287e-13,2.5579538487363612e-13,1.9202424613896087e-13,1.4566126083082056e-13,3.4106051316484809e-13,1.9539925233402753e-13,2.1316282072803009e-14,7.9580786405131221e-13,40000,1747.1466666666668,1723,1595,1987
40,1,COMPASS,15,5,75,3.738402180412474e-13,2.8421709430404012e-13,3.7918236166801287e-13,6.0396132539608528e-14,4.5474735088646412e-13,3.943512183468556e-13,1.7763568394002505e-14,1.3642420526593924e-12,40000,23367.200000000001,23295,21105,25762
40,1,DMGSO,15,5,75,0.0015069194659797331,0.00063148741230630002,0.0018298804215636641,0.0002369827924155,0.0022890193066586496,0.0020520365142431495,3.313647994218627e-06,0.0089111063408607999,40000,40000,40000,40000,40000
40,1,NELDER-MEAD,15,5,75,2.6273623887962376,1.0990840453630284,4.0007582979019691,0.067257715610935451,4.2575183863171677,4.1902606707062322,1.7317006495431997e-08,23.039919798867288,40000,39546.893333333333,40000,31689,40000
40,1,POWELL,15,5,75,0,0,0,0,0,0,0,0,40000,482,482,482,482
40,2,COBYLA,15,5,75,556.63793224886592,471.3579106100612,341.89479375212915,299.93584822251682,774.52688976429772,474.5910415417809,87.658239813116666,1427.7334882547318,40000,40000,40000,40000,40000
40,2,COMPASS,15,5,75,9.914439639639267e-14,5.6843418860808027e-14,1.0498542000926401e-13,2.8421709430404014e-14,1.4210854715202006e-13,1.1368683772161605e-13,0,4.5474735088646412e-13,40000,29229.946666666667,29239,26935,31644
40,2,DMGSO,15,5,75,508.74144169861665,207.12925654330371,1416.6085168912111,111.13205235865452,394.89958352243445,283.76753116377995,37.385955041905184,11346.257452674055,40000,40000,40000,40000,40000
40,2,NELDER-MEAD,15,5,75,10602.064856687733,6471.8154026863722,13069.159829597926,2819.5151613068724,12062.049055983065,9242.5338946761931,366.67563598594194,73268.404102080953,40000,40000,40000,40000,40000
40,2,POWELL,15,5,75,0.00028452030239302492,0.00025387113470279999,0.00013222099455284132,0.00017159121813384998,0.00041586456421775,0.00024427334608390002,5.437626811044538e-05,0.00055424664101619996,40000,991.86666666666667,983,914,1594
40,3,COBYLA,15,5,75,340.28491705915877,325.57051567751182,110.8865743336483,266.73086642708699,399.47166423111764,132.74079780403065,152.22830674708513,684.51810323136647,40000,9573.5066666666662,8090,3732,21453
40,3,COMPASS,15,5,75,79.463254046725098,77.606670295847238,17.268562354687393,69.149541003459262,88.803154308854928,19.653613305395666,50.742851412491149,138.29895565135365,40000,26317.706666666665,26274,24328,28677
40,3,DMGSO,15,5,75,1870.2541348755328,1637.1076775072861,804.7488822627289,1422.2440411282096,2019.6647471754811,597.42070604727155,792.80456542683555,5148.1294799879479,40000,40000,40000,40000,40000
40,3,NELDER-MEAD,15,5,75,1914.6478202579601,1942.8146625769759,619.57883836712426,1513.0392861511896,2219.2146990580068,706.1754129068172,724.73454016734831,3778.7668732135298,40000,38762.146666666667,40000,20199,40000
40,3,POWELL,15,5,75,81.811977876553925,83.576421705047437,20.080155295020873,65.667179818066501,93.525972458315152,27.858792640248652,41.788236873968017,119.3946445727924,40000,1248.4000000000001,1205,1149,3047
40,4,COBYLA,15,5,75,534.14032913847007,501.45126451930099,197.92905536538538,400.46589416058737,647.70424289637322,247.23834873578585,209.93512406367728,1086.4189757255051,40000,21171.119999999999,14228,3836,40000
40,4,COMPASS,15,5,75,104.43535008432603,102.48052540543399,23.480317343463007,86.561281544242973,118.90383696049912,32.342555416256147,66.662135781278465,171.24048872145056,40000,26550.693333333333,26504,24545,28493
40,4,DMGSO,15,5,75,2070.4185751418818,1570.3882542116589,1462.5665217675262,1245.6977025286615,1953.4963399191311,707.79863739046959,653.0946349085707,6052.4283373738499,40000,40000,40000,40000,40000
40,4,NELDER-MEAD,15,5,75,1936.9758260506128,1956.4241471353112,713.98859852642283,1557.1057144414121,2371.4504316960119,814.3447172545998,635.77894266257908,3632.7294474632481,40000,38579.839999999997,40000,22718,40000
40,4,POWELL,15,5,75,121.76047512466576,123.37459304550477,23.815422173172767,103.47550207928336,131.33419440808575,27.858692328802391,76.611682805622763,175.11204937385651,40000,1254.72,1208,1164,3003
40,5,COBYLA,15,5,75,0.67411078410220171,0,3.2783207926642373,0,0,0,0,22.845507497317957,40000,469.70666666666665,425,327,825
40,5,COMPASS,15,5,75,0,0,0,0,0,0,0,0,40000,6912.8533333333335,7007,6267,7661
40,5,DMGSO,15,5,75,1.6063880339242846,1.83781724604296,0.65539621610901366,1.5353840003684667,2.0229476769503325,0.48756367658186583,0.12619836162843959,2.324783689481734,40000,40000,40000,40000,40000
40,5,NELDER-MEAD,15,5,75,0,0,0,0,0,0,0,0,40000,31727.853333333333,30918,27060,40000
40,5,POWELL,15,5,75,0.0031092215352313294,0.0037359516919828,0.0016095530374918856,0.0033577961087799999,0.0040781533290612003,0.00072035722028120043,0,0.0049780961436453998,40000,2002,2002,2002,2002
40,6,COBYLA,15,5,75,5.0298194437888277,2.5822330619292102,6.455477369492975,0.85978920722472196,5.5477777185196491,4.6879885112949271,0.00070476069518570004,35.112638419672983,40000,40000,40000,40000,40000
40,6,COMPASS,15,5,75,197.26955955569619,198.17692307885287,117.68895940686558,111.70001182075046,237.48340396712189,125.78339214637143,27.354361472356668,638.99193036421457,40000,40000,40000,40000,40000
40,6,DMGSO,15,5,75,92.356156815831369,70.523384668293275,80.627071155870794,41.99688624369449,114.55985451519913,72.562968271504644,3.391008371478506,501.1729410067951,40000,40000,40000,40000,40000
40,6,NELDER-MEAD,15,5,75,337.00259727065418,317.68149391757782,159.83356633789907,214.84594264609902,436.07599168152632,221.2300490354273,77.38224066592295,683.28557490674541,40000,40000,40000,40000,40000
40,6,POWELL,15,5,75,68.254392992428407,62.533942141752391,36.705365489062714,42.61900970487622,87.38449952442798,44.76548981955176,11.552396308219578,214.0684376324532,40000,38814.400000000001,40000,21453,40000
40,7,COBYLA,15,5,75,255.30053817338276,236.85490188558356,92.995421486811324,185.3087174443867,320.59867798654454,135.28996054215784,98.720706494949241,582.8036790074425,40000,547.50666666666666,535,431,941
40,7,COMPASS,15,5,75,169.40001850840909,158.6340322397304,66.672031183818788,120.92652376439574,216.82529636764872,95.898772603252979,61.096828520585277,322.48218052675139,40000,5364.2933333333331,5312,3584,7125
40,7,DMGSO,15,5,75,2918.0014658046216,3018.4723922118787,1089.3962244797603,2101.8335306237932,3681.2824677752506,1579.4489371514574,173.80294099775472,5154.2371743712074,40000,40000,40000,40000,40000
40,7,NELDER-MEAD,15,5,75,3445.2755103387053,3087.698311034992,1395.546320388753,2511.3757305084764,4207.4802354470557,1696.1045049385793,1397.0168082688572,8334.6239405928227,40000,10396.653333333334,12475,1595,16818
40,7,POWELL,15,5,75,64.623885617510595,58.982707226492806,32.523425107083497,41.109558977661557,82.742401744680365,41.632842767018808,14.892469486864895,184.03136788136641,40000,6415.0933333333332,6379,2479,12653
40,8,COBYLA,15,5,75,23.10293320717906,14.0871519707216,29.243041486701593,1.5724112978139835,20.419848825247009,18.847437527433026,0.0002191525195769,100.5934650909835,40000,40000,40000,40000,40000
40,8,COMPASS,15,5,75,56.256646367216803,30.207909247589104,37.866090145151631,26.320547692231969,83.092837802899993,56.772290110668024,14.832882748639401,172.67609277697682,40000,40000,40000,40000,40000
40,8,DMGSO,15,5,75,37.521890886552619,37.621638073187377,1.0633438834225659,36.921858862454137,38.095355858254578,1.1734969958004413,33.63401179645075,39.444416290168313,40000,40000,40000,40000,40000
40,8,NELDER-MEAD,15,5,75,230.46628369084442,122.64486296424514,353.04754331056995,72.198342400387602,201.88680617194052,129.6884637715529,27.615724197381169,2195.0348244261227,40000,40000,40000,40000,40000
40,8,POWELL,15,5,75,20.031922341350256,4.0648836917747531,30.977156616663851,0.51801393530320183,6.8013670380715574,6.2833531027683556,0.00034704384066400001,80.460357732825429,40000,13223.386666666667,9709,5008,40000
40,9,COBYLA,15,5,75,13.883343510968587,16.44919836698422,9.6058729336782491,6.9523848845406633,17.045387029810563,10.093002145269899,0.049034578541359501,65.178417203372831,40000,40000,40000,40000,40000
40,9,COMPASS,15,5,75,49.620151883139457,36.019058460978442,34.374837629783137,31.474722708990384,70.961908397127431,39.487185688137046,0.90729899447742202,209.26635012596444,40000,40000,40000,40000,40000
40,9,DMGSO,15,5,75,48.659193128602567,38.560708219736661,25.844118364415216,36.492088586211736,39.286111524595441,2.794022938383705,31.859881819780448,149.95253617842275,40000,40000,40000,40000,40000
40,9,NELDER-MEAD,15,5,75,106.77383150888349,97.48934559137092,73.185487905897006,55.685522919092975,148.24663058972965,92.561107670636673,0.49978074923426158,452.2343920798919,40000,40000,40000,40000,40000
40,9,POWELL,15,5,75,31.621262288646903,27.964079595153649,23.185136681720525,20.094776471420403,39.141845239731644,19.047068768311242,0.0020383527924794,102.34844728748833,40000,21009.706666666665,21675,2940,40000
40,10,COBYLA,15,5,75,1509.2651282257991,1390.2468356967363,621.84278450539421,1055.4159990017124,1875.0555357537423,819.63953675202993,566.11905134664494,3738.7246119230358,40000,40000,40000,40000,40000
40,10,COMPASS,15,5,75,20213.907528112039,18160.155950370619,9025.3071613508637,12859.012230028424,26282.271823988762,13423.259593960338,3075.0393105840685,41361.307766823433,40000,40000,40000,40000,40000
40,10,DMGSO,15,5,75,101857.92981325946,96990.229586032074,37520.282937749093,75084.223580470789,125720.48177485958,50636.258194388793,26189.859007619889,218292.03353261392,40000,40000,40000,40000,40000
40,10,NELDER-MEAD,15,5,75,6001.0608947448936,2416.8956460726158,8830.3352130616368,1513.9737406137942,3920.3423220573995,2406.3685814436053,586.19414054121034,40715.068148276172,40000,40000,40000,40000,40000
40,10,POWELL,15,5,75,6998.4049544177979,4992.3925954645629,6556.1410830465265,2884.9643313213455,8850.2929536265547,5965.3286223052091,819.38694918788519,42648.566016072553,40000,40000,40000,40000,40000
40,11,COBYLA,15,5,75,376.20197108783213,370.67053441604207,106.2403974257611,305.67040783752191,453.68683485191048,148.01642701438857,173.06508490551431,595.3357719321175,40000,40000,40000,40000,40000
40,11,COMPASS,15,5,75,397.21905881124803,400.06389279511842,115.38229542709654,330.32442878237595,477.16174309014883,146.83731430777289,149.52793564640351,665.43394806698893,40000,40000,40000,40000,40000
40,11,DMGSO,15,5,75,542.75254316874612,515.53407248728956,163.19733358555868,420.16578009114801,654.53794939693967,234.37216930579166,299.12978618368368,945.80081379991623,40000,40000,40000,40000,40000
40,11,NELDER-MEAD,15,5,75,116.8355297565286,112.64358144031856,48.31821833696236,78.009235006021981,147.21285094017037,69.203615934148388,43.602313529459423,269.40096913989203,40000,39565.213333333333,40000,7391,40000
40,11,POWELL,15,5,75,259.58719178418158,228.84350809490056,119.68312292431651,163.05103407768348,323.23216856912069,160.18113449143721,68.453682382721325,540.12437056330532,40000,32432.906666666666,40000,7544,40000
40,12,COBYLA,15,5,75,7.7461841434609706,2.4398949176910278,13.089034656440873,0.32944384068224508,8.5195118499330462,8.1900680092508011,0.0001531437744404,70.409671911563763,40000,40000,40000,40000,40000
40,12,COMPASS,15,5,75,48.551530755324372,9.103557727707198,286.709722475082,0.88362697163529447,27.283368683611581,26.399741711976286,0.0011353915705569,2493.8654510167539,40000,40000,40000,40000,40000
40,12,DMGSO,15,5,75,5810.2190967577299,3248.4629452747322,8567.3333469831541,2183.8997893370902,4963.0458531129534,2779.1460637758632,795.65783487503802,51843.735831439495,40000,40000,40000,40000,40000
40,12,NELDER-MEAD,15,5,75,1788931.8820296049,66855.704835481374,3891523.1022755536,209.7601155271347,1692253.6645064172,1692043.9043908902,0.00028349302726829998,22506453.807131451,40000,37973.573333333334,40000,23440,40000
40,12,POWELL,15,5,75,10.750226655716652,3.4233794290201232,14.547147289869207,0.77266543461048798,17.350440339514861,16.577774904904373,0.0019530694232088,65.778064640430884,40000,3465.9200000000001,2979,2219,8706
40,13,COBYLA,15,5,75,8.2974188438272041,4.5740583750569641,9.5724642274008467,1.4680366132839391,11.691409591921115,10.223372978637176,0.0049732704682128002,48.351670265490434,40000,4271.1466666666665,4273,3981,4624
40,13,COMPASS,15,5,75,11.638119190576157,5.9322123644842932,15.071179504043164,1.1541357262913787,14.571790448065659,13.41765472177428,0.003460251275186,65.086760239030255,40000,40000,40000,40000,40000
40,13,DMGSO,15,5,75,23.023760019195958,21.538696055651599,8.8384978473105846,16.69694233631218,26.8264998714114,10.12955753509922,9.2966522998024033,50.41615313587522,40000,40000,40000,40000,40000
40,13,NELDER-MEAD,15,5,75,222.64354217068424,187.22413647459717,187.63218974005704,55.665822593710089,361.04434692768359,305.37852433397347,0.17100816001170921,803.89767446175745,40000,38889.893333333333,40000,28939,40000
40,13,POWELL,15,5,75,8.5378103510463568,3.494136875020291,12.422998800389577,0.77571599690349213,11.502925284935962,10.727209288032469,0.074660522712594699,70.113012357443495,40000,9496.3466666666664,9032,5778,15209
40,14,COBYLA,15,5,75,0.00019383429772472133,0.0001963170433043,1.0249466188853571e-05,0.00018812942388630002,0.00020182312606515,1.3693702178849983e-05,0.00016582925536559999,0.0002091967233468,40000,40000,40000,40000,40000
40,14,COMPASS,15,5,75,0.0025419112643611627,0.0024487607575450999,0.00058904048629666644,0.00210460491943325,0.0029620032740069,0.00085739835457365006,0.0016294040818464999,0.004454597998972,40000,40000,40000,40000,40000
40,14,DMGSO,15,5,75,0.018613356092264124,0.0187489374989411,0.0032417629886119766,0.016281377663318549,0.02124611463160735,0.0049647369682888007,0.0119794011675367,0.026249567392539998,40000,40000,40000,40000,40000
40,14,NELDER-MEAD,15,5,75,1.2257310469302523,0.55487916155021821,1.4792767190518661,0.14918423090239935,1.6280417545864641,1.4788575236840646,0.0001913137610785,5.6882803774490505,40000,40000,40000,40000,40000
40,14,POWELL,15,5,75,0.020228051785361498,0.019483744044194298,0.009477332867089662,0.0126815488965412,0.024208093957195552,0.011526545060654352,0.0065562847645920996,0.049705344620065199,40000,3465.8533333333335,3410,2031,5985
40,15,COBYLA,15,5,75,548.03818132107062,519.51873541448504,183.42932844154754,436.28463397568373,615.74301314989793,179.4583791742142,157.60468328876959,1122.9332353235905,40000,8565.5466666666671,7731,3507,21326
40,15,COMPASS,15,5,75,640.46557261003079,621.83897196849148,196.97678730000635,480.95251247898977,775.68383726571733,294.73132478672755,267.64228524413602,1191.3326488938071,40000,39051.106666666667,40000,29431,40000
40,15,DMGSO,15,5,75,2043.1853711024489,1943.8472549250764,649.76675440934775,1595.8707342315761,2520.5544914894408,924.68375725786473,961.37546901341079,4641.3409002216895,40000,40000,40000,40000,40000
40,15,NELDER-MEAD,15,5,75,2575.2598131541918,2561.6738703170668,1053.1546046236701,1666.5946682079759,3150.229119640966,1483.6344514329901,749.71631404211985,5319.0739844616601,40000,38759.41333333333,40000,20826,40000
40,15,POWELL,15,5,75,609.34736968893719,599.56409186648943,123.91998061566284,514.55535663620435,702.92868820937542,188.37333157317107,326.68256243127672,916.77748743245581,40000,1862.6933333333334,1641,1026,3752
40,16,COBYLA,15,5,75,29.571302477990738,28.008817648462411,8.1235254003596626,23.730360101800024,34.391527729737604,10.66116762793758,13.503050044415048,54.141210865645732,40000,28839.52,31910,10631,40000
40,16,COMPASS,15,5,75,14.799049570397386,14.330982041824882,5.0491756534160404,11.037767085359512,17.136954550379052,6.0991874650195399,5.0357810599345783,26.330840901142722,40000,40000,40000,40000,40000
40,16,DMGSO,15,5,75,30.065903529177007,29.80257299857351,5.7074813560677224,25.917312887502902,33.870982419678931,7.9536695321760291,16.60594561158382,44.227770147060909,40000,40000,40000,40000,40000
40,16,NELDER-MEAD,15,5,75,58.789368037448199,55.942700978129771,15.950492846774404,48.365755051022504,68.127234629727951,19.761479578705448,31.285851109291769,113.10102343902253,40000,12038.893333333333,12248,4437,20799
40,16,POWELL,15,5,75,20.825822266245538,21.328086659691703,8.0908311897556207,14.407151494960942,26.174805219231136,11.767653724270193,5.0081258673047842,42.13810367712631,40000,2850.6799999999998,2553,835,7416
40,17,COBYLA,15,5,75,9.2413881100473869,8.6187458808698523,3.2851481768191686,7.0572157171977192,10.323351170724578,3.266135453526859,4.9066198054329391,20.289683303185317,40000,39483.133333333331,40000,1235,40000
40,17,COMPASS,15,5,75,9.9944780853976454,9.6456772662446966,3.5009381121888556,7.6650752600744951,11.833385372713423,4.1683101126389275,4.5954793385282073,21.080234672756443,40000,38233.826666666668,40000,6058,40000
40,17,DMGSO,15,5,75,29.39051455638246,22.916402446867483,22.398454925101138,17.782999066437128,33.28554383571138,15.502544769274252,8.5071616718096266,168.58558755392778,40000,40000,40000,40000,40000
40,17,NELDER-MEAD,15,5,75,18.435816287542902,16.10050995813674,12.339301700581814,11.961176079041138,20.435829328551641,8.4746532495105029,5.1878306562165335,94.696279628994517,40000,40000,40000,40000,40000
40,17,POWELL,15,5,75,8.2909272026992547,8.1356533223507199,1.846799624407818,7.0929975734339692,9.6715469931318339,2.5785494196978647,4.4165651371083641,13.392229150012728,40000,1883.8133333333333,1630,1031,6235
40,18,COBYLA,15,5,75,36.329909342975263,34.871233408699936,12.391499716631149,26.243768837780802,44.889647861973224,18.645879024192421,12.632517805988485,72.657490622451164,40000,40000,40000,40000,40000
40,18,COMPASS,15,5,75,41.615737878664092,38.988846180923758,14.995451615155847,30.771921418793028,49.137341070703862,18.365419651910834,19.159932108875974,92.06382200587484,40000,39544.653333333335,40000,5849,40000
40,18,DMGSO,15,5,75,117.68184750666036,92.496051365847507,89.827812542444335,70.646421115934743,126.48087548311918,55.834454367184435,33.744646228638544,672.44602850710044,40000,40000,40000,40000,40000
40,18,NELDER-MEAD,15,5,75,71.515807581730414,63.643428442878658,46.83376604195908,46.047201189303721,82.671448893681003,36.624247704377282,20.350286627801211,356.43358469343008,40000,40000,40000,40000,40000
40,18,POWELL,15,5,75,31.638893395295273,31.324004508772543,8.0337003408845487,24.762485281287326,36.65091550251141,11.888430221224084,15.233926725505183,49.205751748837145,40000,1956.2133333333334,1698,1051,4361
40,19,COBYLA,15,5,75,5.441857201459916,6.0822432727660498,3.3690916334582082,4.1793089403046579,7.4972737361438675,3.3179647958392096,0.0157076507785411,14.135921478810346,40000,39816.106666666667,40000,36739,40000
40,19,COMPASS,15,5,75,8.5880603026219546,9.398104847921168,5.1276256586466804,6.817614475958564,11.274158299351996,4.4565438233934316,0.036423558364305102,20.338941085747948,40000,40000,40000,40000,40000
40,19,DMGSO,15,5,75,44.5543908121806,45.76675196981364,12.389849285021871,35.867900042083264,51.371545687053747,15.503645644970483,15.76239788997659,77.571516354638391,40000,40000,40000,40000,40000
40,19,NELDER-MEAD,15,5,75,23.874736205282975,25.564706482531392,14.961560878653621,17.636028541186157,31.912936012629551,14.276907471443394,0.015708844548665699,63.984774888305708,40000,36845,40000,20434,40000
40,19,POWELL,15,5,75,7.4070075918293101,8.8714994614062341,3.7156968146561806,7.7659437210177202,9.685386526177215,1.9194428051594947,0.24983248674104169,12.041034024473632,40000,1983.04,1718,768,4234
40,20,COBYLA,15,5,75,1.676476894368039,1.6853079776284972,0.21568182313399323,1.5241276515498297,1.8029132439217361,0.27878559237190648,1.2648961777246654,2.1185989380981454,40000,39954.826666666668,40000,36612,40000
40,20,COMPASS,15,5,75,1.4083151722182858,1.3916948302001,0.17363468154526435,1.2784375618750019,1.5499295590034023,0.27149199712840044,1.0413123698380105,1.7865440567386202,40000,34043.213333333333,40000,23645,40000
40,20,DMGSO,15,5,75,1.6001088351161297,1.5846375655219731,0.28953997695758554,1.469243727160034,1.7303552405359408,0.26111151337590677,0.86961123479045455,2.4166996961908325,40000,40000,40000,40000,40000
40,20,NELDER-MEAD,15,5,75,1.7277975580062543,1.5617403028758048,0.49693606071664131,1.3616461219488016,2.0011582491055719,0.6395121271567703,0.98740033390489124,3.2948631601686902,40000,40000,40000,40000,40000
40,20,POWELL,15,5,75,1.472569426643888,1.3999706767900759,0.30259418417974154,1.2566053643127368,1.7022715608079722,0.44566619649523531,0.9454439660345032,2.0340269294518407,40000,3547.5599999999999,3359,2199,5203
40,21,COBYLA,15,5,75,12.575355888143129,5.7811973717485898,15.85133003684297,1.9377404958744435,15.682283035225858,13.744542539351414,4.2632564145606011e-14,70.821480872535943,40000,2233.5599999999999,1945,1611,4581
40,21,COMPASS,15,5,75,10.338825019531729,4.7137221271410681,14.017230870207566,1.9377404958743585,13.894133957757695,11.956393461883337,1.0658141036401504e-14,70.821480872535602,40000,28743.853333333333,28771,21564,40000
40,21,DMGSO,15,5,75,19.597068412885029,12.19444192795163,19.532145655790167,2.5512502476132859,34.111362173620627,31.560111926007341,0.0043044491199991999,71.441705183367162,40000,40000,40000,40000,40000
40,21,NELDER-MEAD,15,5,75,13.838820199394046,8.4798176974704802,14.738858293015808,2.2369921191216902,19.813377542577427,17.576385423455736,8.3200099133762251e-05,60.979021103129959,40000,39770.093333333331,40000,33582,40000
40,21,POWELL,15,5,75,11.119461586555152,4.7137221550930022,14.563831236753776,1.9728760583243106,14.962496901928688,12.989620843604378,0.0001527236941072,70.821481105946262,40000,2240.0666666666666,1750,1000,8019
40,22,COBYLA,15,5,75,17.486335115528476,11.125618450408457,17.233505918215151,2.5905477300897886,27.779581063397671,25.189033333307883,0.69185691119180603,62.160696785973812,40000,2211.48,1822,1637,6112
40,22,COMPASS,15,5,75,16.699394390697151,11.125618450408981,16.215039607040779,2.590547730089781,25.47695079317063,22.886403063080849,0.69185691119177761,69.488729003559257,40000,28086.16,27897,20665,40000
40,22,DMGSO,15,5,75,14.65964113975731,7.2742405878922227,18.559101478390222,1.9555161931256182,21.781277155376237,19.825760962250619,0.69226597472068363,72.739463158055969,40000,40000,40000,40000,40000
40,22,NELDER-MEAD,15,5,75,18.146940255661985,11.417021421195631,17.596297145540937,3.2389864434498357,28.0751015890757,24.836115145625865,0.69185691597478893,62.435396472093998,40000,39267.440000000002,40000,29989,40000
40,22,POWELL,15,5,75,17.291464424472505,11.12600667743764,17.011536253342054,2.5905781454072638,25.477172695654403,22.886594550247139,0.6918569115736446,69.488729003684284,40000,1688.7066666666667,1446,668,6223
40,23,COBYLA,15,5,75,3.0685385725282983,2.8734006445731666,1.2857080385449007,2.0876702132411822,3.7864589946056366,1.6987887813644544,1.0355034231957374,6.9299547156670585,40000,1062.4000000000001,991,758,2285
40,23,COMPASS,15,5,75,1.324317712988073,1.2066214802128457,0.55548474151615534,0.93108146745447584,1.5495605981701459,0.61847913071567007,0.3913173793762183,2.9196044256686946,40000,7270.8800000000001,7264,5515,9840
40,23,DMGSO,15,5,75,3.3362577797636952,2.7551228624755022,1.6179663504283197,2.1276451005069106,3.8306440654588552,1.7029989649519446,1.35793163345528,8.0584243530908193,40000,40000,40000,40000,40000
40,23,NELDER-MEAD,15,5,75,2.6487409281141505,1.1403446594328557,3.7475549334030882,0.9020266578462377,2.113317084160613,1.2112904263143753,0.32255582401558058,21.152905280553451,40000,7253.7600000000002,5990,3537,18647
40,23,POWELL,15,5,75,3.7079050517325816,3.7974530956185788,0.58441803440819695,3.3435965768895954,4.0578867742784865,0.7142901973888911,2.0201550970278959,4.8014652177015194,40000,2398.04,2615,865,5331
40,24,COBYLA,15,5,75,554.94963444370546,568.08068590783705,214.07636939907721,391.31313849508024,736.00710254439571,344.69396404931547,240.83877163133667,980.44594993053317,40000,9316.5866666666661,9388,8091,10550
40,24,COMPASS,15,5,75,656.07527537068938,714.70932337855766,245.51175271272822,516.45582947122421,799.84636655584791,283.3905370846237,237.31001350868121,1090.7012212584395,40000,40000,40000,40000,40000
40,24,DMGSO,15,5,75,1527.0905021063077,1462.2276097192257,453.55450110591784,1248.8378609910278,1573.5620827813773,324.72422179034947,972.83655227943279,3211.9962950711938,40000,40000,40000,40000,40000
40,24,NELDER-MEAD,15,5,75,846.89310604941522,975.8772307416524,314.50039019284446,828.96700671237386,1044.5236078107314,215.55660109835753,245.7068933472641,1155.2340269426979,40000,31310.32,33108,8863,40000
40,24,POWELL,15,5,75,593.44341489037163,582.5714911204268,74.902815705346995,533.83609527731892,632.77626087935505,98.940165602036132,469.60438470212529,787.42617088164695,40000,1637.4133333333334,1762,570,2957
