suite,version,function_id,dimension,deterministic_configurations,instances,error_mean,error_median,error_std,error_min,error_max,fe_used_mean,fe_used_median,n_accept_mean,n_accept_median,n_reloc_mean,n_reloc_median,wall_time_mean,wall_time_median
COCO-BBOB,V0,1,2,75,15,0.003863265691132704,0.0031334391069819,0.003352491366322768,1.2128155333357428e-05,0.0120696934708348,2000.0,2000.0,24.093333333333334,24.0,0.0,0.0,0.010859513653364603,0.0107761770013894
COCO-BBOB,V0,1,5,75,15,0.004088514122974753,0.0033336674462276,0.0029401416481454655,0.0002293519997849,0.0101037189168664,5000.0,5000.0,39.46666666666667,41.0,0.0,0.0,0.03483374022662849,0.0339859940013411
COCO-BBOB,V0,1,10,75,15,0.004770853201557893,0.003430192666233,0.0031895201596645116,0.0007990135222684,0.011557375284724,10000.0,10000.0,63.053333333333335,64.0,0.0,0.0,0.09545018321330033,0.0950847589992918
COCO-BBOB,V0,1,20,75,15,0.006558414386187652,0.0056806655678087,0.003298627682189697,0.0019426551748367,0.013676861581132,20000.0,20000.0,102.2,102.0,0.0,0.0,0.3070783061998857,0.3061287309974432
COCO-BBOB,V0,1,40,75,15,0.01077180143006505,0.0087249637081754,0.005871707663334038,0.0037080971137584,0.0241874550927789,40000.0,40000.0,157.14666666666668,159.0,0.0,0.0,1.0492882447732943,1.0487627309994425
COCO-BBOB,V0,2,2,75,15,2065.0096575298494,1520.0518631924538,1799.4599688774006,1.0282078585710224,5897.204518150001,2000.0,2000.0,19.28,17.0,0.0,0.0,0.011355489053142525,0.0112163579997286
COCO-BBOB,V0,2,5,75,15,40734.77426594833,29947.481148324,28798.97340011353,2512.384081089948,112699.0628487676,5000.0,5000.0,29.706666666666667,25.0,0.0,0.0,0.03593034405326757,0.0358004610006901
COCO-BBOB,V0,2,10,75,15,12290.472962681852,476.3632425870081,21669.840966971264,10.658518642088382,83545.84448606319,10000.0,10000.0,92.28,94.0,0.0,0.0,0.1025274151465176,0.1019884870001988
COCO-BBOB,V0,2,20,75,15,1715.276959503419,199.7963445083524,6240.077302960823,69.72101906349411,38131.75473794031,20000.0,20000.0,194.81333333333333,204.0,0.0,0.0,0.3370964138799172,0.3375680280005326
COCO-BBOB,V0,2,40,75,15,2153.973187410996,573.2369107734955,7670.814339036513,187.3989037926916,42157.24541977544,40000.0,40000.0,308.0933333333333,313.0,0.0,0.0,1.138394485413349,1.1331700070004445
COCO-BBOB,V0,3,2,75,15,106.98971700632929,74.27664339320158,98.04511399011852,6.493185262281209,362.9183783330637,2000.0,2000.0,1.88,1.0,0.0,0.0,0.011202042773390177,0.0112149659998976
COCO-BBOB,V0,3,5,75,15,286.88152411731863,272.8574769307819,156.57445743801287,57.76362980083147,807.772685398382,5000.0,5000.0,2.44,2.0,0.0,0.0,0.037036704306738055,0.0367468399999779
COCO-BBOB,V0,3,10,75,15,661.6840714858571,653.7863305716166,249.24370073686376,194.62371009790988,1295.5218857187049,10000.0,10000.0,4.08,4.0,0.0,0.0,0.10337957117333034,0.1028744449995429
COCO-BBOB,V0,3,20,75,15,1746.0044605199087,1680.795378463377,466.5555243530684,985.5540732173752,3061.5675773998955,20000.0,20000.0,7.64,7.0,0.0,0.0,0.3443071603333131,0.3436418540004524
COCO-BBOB,V0,3,40,75,15,3908.528335122373,3927.518336607281,884.268735560726,2133.4547451372887,5774.287368237408,40000.0,40000.0,9.08,9.0,0.0,0.0,1.1589348959067622,1.1551758919995336
COCO-BBOB,V0,4,2,75,15,107.39371580852587,85.35581343533033,91.08076790138789,4.968571586949679,367.4651871862892,2000.0,2000.0,0.9466666666666667,1.0,0.0,0.0,0.010994556506678486,0.0109165129997563
COCO-BBOB,V0,4,5,75,15,410.90475481185103,392.0200731763985,167.95620156121356,109.27250318715986,997.2603267224612,5000.0,5000.0,3.88,3.0,0.0,0.0,0.036643908133288834,0.0359741199990821
COCO-BBOB,V0,4,10,75,15,861.0183651176111,861.2513925289043,302.3494258507292,226.58782511310832,1674.3681979758348,10000.0,10000.0,5.213333333333333,5.0,0.0,0.0,0.10442956562658456,0.1039430290002201
COCO-BBOB,V0,4,20,75,15,2259.27441247227,2158.415095405827,466.19874175336855,1354.1652417283528,3490.394462789095,20000.0,20000.0,7.626666666666667,7.0,0.0,0.0,0.3354317215865012,0.3354896249984449
COCO-BBOB,V0,4,40,75,15,5326.758304589113,5367.683292850224,565.004271705946,4047.04431832457,6344.254756630784,40000.0,40000.0,10.413333333333334,9.0,0.0,0.0,1.157455411386715,1.1583767449992592
COCO-BBOB,V0,5,2,75,15,3.464726123436432,0.8200408607860368,4.106409124229232,0.0547889676442494,10.610036275936082,2000.0,2000.0,39.25333333333333,42.0,0.0,0.0,0.011326721159978915,0.0111248709999927
COCO-BBOB,V0,5,5,75,15,26.77991624068857,29.282626993697363,14.23197940024427,0.464145378663602,53.77529951805471,5000.0,5000.0,61.89333333333333,61.0,0.0,0.0,0.03552496491996859,0.0350588800010882
COCO-BBOB,V0,5,10,75,15,46.53320052304076,44.36893193621451,36.974409863909536,0.3923817528935558,118.61198149071288,10000.0,10000.0,120.50666666666666,106.0,0.0,0.0,0.09892267488011076,0.0979264880006667
COCO-BBOB,V0,5,20,75,15,22.63347382611625,7.061647737433049,38.742740812293434,0.9881461577581448,151.19578203487265,20000.0,20000.0,223.52,223.0,0.0,0.0,0.3115345569333779,0.3099485160018957
COCO-BBOB,V0,5,40,75,15,54.4756312266439,2.4876481054279225,106.32600928792166,1.8822912533250928,329.484362050855,40000.0,40000.0,288.6933333333333,302.0,0.0,0.0,1.0656438804000694,1.062118162997649
COCO-BBOB,V0,6,2,75,15,46.735539909117264,3.351753144564441,168.26823436731473,0.0004194752681967,1104.6859495713566,2000.0,2000.0,20.666666666666668,19.0,0.0,0.0,0.01118023550666592,0.01104670100176
COCO-BBOB,V0,6,5,75,15,135.69469697262517,52.504439880429786,441.4579932111775,0.2914041791734387,3728.784240318934,5000.0,5000.0,36.49333333333333,35.0,0.0,0.0,0.035255054426719,0.0349894089995359
COCO-BBOB,V0,6,10,75,15,121.48570356802884,114.2928670396345,77.72507013454828,13.662332697665306,404.696636070302,10000.0,10000.0,49.21333333333333,49.0,0.0,0.0,0.09966422547996136,0.0990861430000222
COCO-BBOB,V0,6,20,75,15,258.7291568146707,234.29171212866183,104.77238880244252,33.47144819778669,481.0024792326318,20000.0,20000.0,88.04,87.0,0.0,0.0,0.31476954497333887,0.3128643480013124
COCO-BBOB,V0,6,40,75,15,553.3042440482773,522.8433046611317,162.52210696247064,238.21773882113345,914.0757027350082,40000.0,40000.0,123.92,121.0,0.0,0.0,1.0806966468931933,1.072261580000486
COCO-BBOB,V0,7,2,75,15,515.1793583734183,145.3828957781659,828.6443720302743,3.886696008120112,4166.665137109374,2000.0,2000.0,0.88,1.0,0.0,0.0,0.010548454079932174,0.0104980750002141
COCO-BBOB,V0,7,5,75,15,609.7311250753886,448.608063200188,590.5741604692976,14.390728065055328,3656.031860439138,5000.0,5000.0,0.9866666666666667,1.0,0.0,0.0,0.03484899127994135,0.0345402179991651
COCO-BBOB,V0,7,10,75,15,1273.8072147920336,1084.0237892164157,719.4087841955078,252.94549159671053,3992.7137405232265,10000.0,10000.0,1.8133333333333332,1.0,0.0,0.0,0.0982141531866606,0.0976982230004068
COCO-BBOB,V0,7,20,75,15,4516.905904783503,3789.106865490797,2143.9425178940915,1817.5556955190548,10796.097987073264,20000.0,20000.0,2.2266666666666666,2.0,0.0,0.0,0.3159743881733933,0.31469481500244
COCO-BBOB,V0,7,40,75,15,8028.783802217786,7884.742034865426,2203.1349227333126,4154.961851574698,14935.722866647617,40000.0,40000.0,2.6266666666666665,2.0,0.0,0.0,1.128691133199997,1.1260256130008202
COCO-BBOB,V0,8,2,75,15,4.0793874068133835,2.026232000764935,4.47160819712636,0.1763964875340207,22.01579274552204,2000.0,2000.0,12.226666666666667,10.0,0.0,0.0,0.010940414546566845,0.0108294459987519
COCO-BBOB,V0,8,5,75,15,28.78857905061691,5.375428858994837,51.60846149894183,1.6958281154650017,214.823941995244,5000.0,5000.0,34.093333333333334,33.0,0.0,0.0,0.03462484558673163,0.0345363449996511
COCO-BBOB,V0,8,10,75,15,11.120347567176701,9.61759355906304,7.58024436350878,6.056326929462809,55.3604120480001,10000.0,10000.0,54.093333333333334,53.0,0.0,0.0,0.09750697022665307,0.0972120950009411
COCO-BBOB,V0,8,20,75,15,19.647686622551472,19.524453590793964,1.1315768332829403,16.724821078410894,22.43020926712777,20000.0,20000.0,86.76,86.0,0.0,0.0,0.30328588854662175,0.3014542079981765
COCO-BBOB,V0,8,40,75,15,40.36325042601793,40.33024551106946,1.151292452647655,37.24616986073033,42.93874378892079,40000.0,40000.0,126.94666666666667,127.0,0.0,0.0,1.0562738394267217,1.0538626419984212
COCO-BBOB,V0,9,2,75,15,3.506478719251189,2.103927969439013,3.3861801815527826,0.0951428227722033,17.399205404796774,2000.0,2000.0,11.92,11.0,0.0,0.0,0.010784848079856546,0.0107586630001605
COCO-BBOB,V0,9,5,75,15,37.243670511584014,5.560243650336039,81.00248170708169,1.1080476868701936,448.9961634224878,5000.0,5000.0,32.42666666666667,30.0,0.0,0.0,0.03424398433341893,0.0340589170009479
COCO-BBOB,V0,9,10,75,15,41.75238736945041,9.593802502535596,71.17347774433858,4.644869079811805,398.0818052370502,10000.0,10000.0,55.48,54.0,0.0,0.0,0.09752292360002074,0.0970518729991454
COCO-BBOB,V0,9,20,75,15,106.01726267133468,20.588645431561105,139.84222833240784,17.791318005053967,721.5811485441927,20000.0,20000.0,99.96,97.0,0.0,0.0,0.304359781666911,0.3027878120010427
COCO-BBOB,V0,9,40,75,15,84.61731061706877,87.97725276957974,49.770196157428714,35.47309555868625,211.69941615972544,40000.0,40000.0,169.02666666666667,165.0,0.0,0.0,1.061243397720197,1.060742827001377
COCO-BBOB,V0,10,2,75,15,3429.5345670530564,1804.9420188257047,9790.260773740589,0.8422733268673355,84812.83912613775,2000.0,2000.0,13.426666666666666,10.0,0.0,0.0,0.011193621680067685,0.0110865169990574
COCO-BBOB,V0,10,5,75,15,66455.73911297662,42060.47402169348,75545.63395383241,1435.9617023570308,434582.4526721792,5000.0,5000.0,30.493333333333332,30.0,0.0,0.0,0.03644298977325278,0.0360665280004468
COCO-BBOB,V0,10,10,75,15,107037.49155937046,99042.3063961972,68771.16244953928,12768.77442337625,374191.8337861978,10000.0,10000.0,51.52,51.0,0.0,0.0,0.10346722564010022,0.102511619001234
COCO-BBOB,V0,10,20,75,15,165382.80881253642,146898.77182483525,82147.33303652004,35337.15629594237,429982.9736820771,20000.0,20000.0,80.77333333333333,82.0,0.0,0.0,0.34302513500001314,0.3393075700005283
COCO-BBOB,V0,10,40,75,15,252729.38938647523,253506.3830331168,75412.44508421017,118549.82300954922,427167.52121193154,40000.0,40000.0,137.6,141.0,0.0,0.0,1.1580109475735905,1.1516082289999758
COCO-BBOB,V0,11,2,75,15,28281.632133373754,1726.2412996608043,138109.9512028446,4.9442342555549885,1020922.488833838,2000.0,2000.0,16.973333333333333,15.0,0.0,0.0,0.011042088320051891,0.0109270889988692
COCO-BBOB,V0,11,5,75,15,40931.6661200701,1522.0777825889102,334414.99638374307,15.357492410380672,2898169.6686807447,5000.0,5000.0,17.386666666666667,13.0,0.0,0.0,0.036218693173286694,0.0358519029996386
COCO-BBOB,V0,11,10,75,15,2318.2518368624615,1350.5300475898955,2207.4742884770367,93.19643805795783,8697.153600626498,10000.0,10000.0,20.093333333333334,16.0,0.0,0.0,0.10231602640005194,0.1013565149987698
COCO-BBOB,V0,11,20,75,15,2713.0602576980673,2720.8229635524763,1757.5055319421785,271.59059861065424,7104.3914516577,20000.0,20000.0,17.85333333333333,17.0,0.0,0.0,0.3477143692668566,0.3455836480025027
COCO-BBOB,V0,11,40,75,15,3371.2532375330215,3243.4301038823314,2197.301839656083,640.0000512719514,8978.368317313892,40000.0,40000.0,26.973333333333333,24.0,0.0,0.0,1.1487656973732616,1.1484658249974018
COCO-BBOB,V0,12,2,75,15,71745.42253892843,2002.0855290104607,585005.8213955401,0.1597256810474618,5070100.445464172,2000.0,2000.0,20.706666666666667,18.0,0.0,0.0,0.011131881826537767,0.0110919719991215
COCO-BBOB,V0,12,5,75,15,18936.828209963234,4131.726456344292,76124.38517111217,162.85641491150375,481579.8602366397,5000.0,5000.0,41.36,39.0,0.0,0.0,0.03466970247995046,0.0345481759995891
COCO-BBOB,V0,12,10,75,15,7305.761993403426,4816.173793770389,8208.702500830843,616.4507476652727,57577.59829179602,10000.0,10000.0,74.64,76.0,0.0,0.0,0.09899037784016397,0.0986452260003716
COCO-BBOB,V0,12,20,75,15,21158.872990826985,7732.155866893632,40509.16602507586,2009.3782909331187,270157.8867376057,20000.0,20000.0,123.74666666666667,125.0,0.0,0.0,0.32303572334669295,0.3207677909995254
COCO-BBOB,V0,12,40,75,15,28891.727244535286,12510.027627043311,50146.8093522916,4878.778039018832,229960.1632091612,40000.0,40000.0,186.92,188.0,0.0,0.0,1.098189586293156,1.0994644109996443
COCO-BBOB,V0,13,2,75,15,42.084790010134384,24.60148172280492,46.87910352128238,0.0843635624407284,254.0292564109496,2000.0,2000.0,13.72,12.0,0.0,0.0,0.011081739080182113,0.0108172809996176
COCO-BBOB,V0,13,5,75,15,34.88855395042374,29.31056663346891,22.34059069873595,7.1870080238767,119.61618876960388,5000.0,5000.0,41.306666666666665,42.0,0.0,0.0,0.03471325776011018,0.0345611739994637
COCO-BBOB,V0,13,10,75,15,45.03566412116065,40.70413874166417,25.55472521226641,9.64134266257065,134.27882392843475,10000.0,10000.0,67.37333333333333,69.0,0.0,0.0,0.09628353537341652,0.0957416940000257
COCO-BBOB,V0,13,20,75,15,50.020975666250685,46.69281845861157,14.780674424659328,20.34561144188467,81.0726520649205,20000.0,20000.0,117.38666666666667,116.0,0.0,0.0,0.3118040340934143,0.3122365920025913
COCO-BBOB,V0,13,40,75,15,50.343431291471425,47.89165356441217,12.76515143693151,28.90132593142897,95.41534879235,40000.0,40000.0,176.92,176.0,0.0,0.0,1.0639767226666057,1.0592066479985078
COCO-BBOB,V0,14,2,75,15,0.059105882626972944,0.0601984724018507,0.022743237860861902,0.0056314270359933,0.117505240616822,2000.0,2000.0,28.8,25.0,0.0,0.0,0.010890094773373325,0.0107493260002229
COCO-BBOB,V0,14,5,75,15,0.0697807618635269,0.0710946814687787,0.02328657299422032,0.0179192331153785,0.1192933143398562,5000.0,5000.0,50.6,51.0,0.0,0.0,0.034496559106604104,0.034372161999272
COCO-BBOB,V0,14,10,75,15,0.0772125891689594,0.0799848996278811,0.01821219360677191,0.0370631458784762,0.1308393996760628,10000.0,10000.0,81.05333333333333,78.0,0.0,0.0,0.09819390410654397,0.0978274310000415
COCO-BBOB,V0,14,20,75,15,0.08462029781208781,0.0830490395362835,0.016773578486833408,0.0476034360052608,0.1220657968038381,20000.0,20000.0,132.2,134.0,0.0,0.0,0.31248230051962306,0.3124893969979894
COCO-BBOB,V0,14,40,75,15,0.10041615222063112,0.0982302453406305,0.01486471588897847,0.0751974784773779,0.1307121051722148,40000.0,40000.0,204.26666666666668,205.0,0.0,0.0,1.0766946533734154,1.0712388870015277
COCO-BBOB,V0,15,2,75,15,123.54840176552078,85.83341690256168,118.6249260319346,2.951073058172085,564.7641201130999,2000.0,2000.0,1.8,1.0,0.0,0.0,0.011383223959952934,0.0113117090004379
COCO-BBOB,V0,15,5,75,15,307.27367873399123,266.82053723167365,204.58381211914488,68.33389178377388,1066.3696118799076,5000.0,5000.0,3.066666666666667,2.0,0.0,0.0,0.03674248137319708,0.0366012529993895
COCO-BBOB,V0,15,10,75,15,701.5697775866802,683.5430837072238,305.1973798435761,221.5332661893328,1435.9475293406351,10000.0,10000.0,3.453333333333333,3.0,0.0,0.0,0.10534640260009226,0.1046698490008566
COCO-BBOB,V0,15,20,75,15,2432.179234934737,2066.0526998601904,930.0369429058925,1046.3989245541832,4948.809794032863,20000.0,20000.0,9.413333333333334,6.0,0.0,0.0,0.3373355635067855,0.3353328039993357
COCO-BBOB,V0,15,40,75,15,6590.51475602467,6289.193331487342,1743.0431430697304,3485.7441465823376,12828.592737719557,40000.0,40000.0,19.4,13.0,0.0,0.0,1.1858241965197278,1.180729075000272
COCO-BBOB,V0,16,2,75,15,50.72093091235147,32.68419134593364,50.30621380202731,0.0698809464962977,227.4314017734111,2000.0,2000.0,1.0933333333333333,1.0,0.0,0.0,0.011980078880029959,0.0115886260009574
COCO-BBOB,V0,16,5,75,15,47.46719701343205,46.06778155445608,23.57044284164889,5.884244669764996,102.4882885147396,5000.0,5000.0,1.4533333333333334,1.0,0.0,0.0,0.038310994533312576,0.0380414270002802
COCO-BBOB,V0,16,10,75,15,62.48146607084589,56.62116189388102,28.37323666277411,7.267686714393221,158.4746007168767,10000.0,10000.0,1.9333333333333333,2.0,0.0,0.0,0.1141394828400613,0.1135449659996084
COCO-BBOB,V0,16,20,75,15,60.73479948495786,59.94378762732366,17.653656153004185,28.856173165503264,104.80374424343968,20000.0,20000.0,2.3866666666666667,2.0,0.0,0.0,0.37409328698655975,0.3736213910015067
COCO-BBOB,V0,16,40,75,15,60.80043500406429,60.858174037013896,12.977450937290962,29.757051375246064,96.95925010652608,40000.0,40000.0,3.0,3.0,0.0,0.0,1.3591500062933968,1.3607517540003755
COCO-BBOB,V0,17,2,75,15,38.35085734172619,14.08856113179013,63.96682197137929,1.4151606176472384,363.421225336042,2000.0,2000.0,0.6666666666666666,1.0,0.0,0.0,0.011267516013467633,0.0111358350004593
COCO-BBOB,V0,17,5,75,15,38.15877392489739,18.535519343818407,61.31408841099338,3.2544970694023334,359.2843930524891,5000.0,5000.0,1.2666666666666666,1.0,0.0,0.0,0.03578418529318388,0.0356652310001663
COCO-BBOB,V0,17,10,75,15,41.527738742929934,25.53349447602784,45.9530709537362,8.11716548463533,215.2244589365651,10000.0,10000.0,2.2266666666666666,2.0,0.0,0.0,0.10395799633338655,0.103301660001307
COCO-BBOB,V0,17,20,75,15,126.11068355626381,96.34743993124658,102.13350030726448,16.877656120081483,574.1922600147242,20000.0,20000.0,1.4,1.0,0.0,0.0,0.32861070488007194,0.3283167080007843
COCO-BBOB,V0,17,40,75,15,160.84180852235627,114.91062708877348,139.03192029597682,22.875929932595145,654.5033865369577,40000.0,40000.0,1.1466666666666667,1.0,0.0,0.0,1.1517248576666073,1.1513413579996268
COCO-BBOB,V0,18,2,75,15,298.3672843801741,144.46121711335076,550.7660851408872,2.1872754316296152,3328.4792191167985,2000.0,2000.0,0.88,1.0,0.0,0.0,0.011124695893304252,0.0110041949992591
COCO-BBOB,V0,18,5,75,15,167.37235561606568,85.97735048347784,247.55627918570565,8.363098014991806,1567.8716719960298,5000.0,5000.0,0.8933333333333333,1.0,0.0,0.0,0.03637109921330795,0.0362104429987084
COCO-BBOB,V0,18,10,75,15,171.97523474654963,101.60262636596036,179.7901918371076,32.261225598925286,841.2026815207511,10000.0,10000.0,1.44,1.0,0.0,0.0,0.10387033552001712,0.1037766870013001
COCO-BBOB,V0,18,20,75,15,514.5426738503334,359.2916947404097,411.0030747735383,81.28573641096834,1876.4939435054691,20000.0,20000.0,0.6933333333333334,0.0,0.0,0.0,0.32897396095984727,0.3302367999967828
COCO-BBOB,V0,18,40,75,15,624.4485099610988,452.864669813646,514.2253533656526,87.68807015095871,2256.2542755007094,40000.0,40000.0,1.0,1.0,0.0,0.0,1.1502626854534417,1.144180392002454
COCO-BBOB,V0,19,2,75,15,19.44390760816214,9.74727053134339,21.90570880894022,0.1386953275000451,90.15087140242484,2000.0,2000.0,1.1333333333333333,1.0,0.0,0.0,0.011035077293320938,0.0109559230004379
COCO-BBOB,V0,19,5,75,15,32.42475849154658,27.82639904370916,16.78213774461569,8.47129925500603,74.70122810328064,5000.0,5000.0,1.08,1.0,0.0,0.0,0.034141888919912114,0.0340014650009834
COCO-BBOB,V0,19,10,75,15,69.74359048461045,53.25806707676975,42.94072630694737,13.209565750027409,196.277058708156,10000.0,10000.0,2.2533333333333334,1.0,0.0,0.0,0.09904601950668919,0.0988261790007527
COCO-BBOB,V0,19,20,75,15,135.40009679262226,124.76386043971068,47.92903749126173,60.35803862568477,238.30725320577065,20000.0,20000.0,3.48,2.0,0.0,0.0,0.3102156444802434,0.3096329440013505
COCO-BBOB,V0,19,40,75,15,229.5886458151267,223.01045539135595,51.655417555639396,133.93170908782974,354.5099308584213,40000.0,40000.0,5.906666666666666,3.0,0.0,0.0,1.0824079741064634,1.0816264919994865
COCO-BBOB,V0,20,2,75,15,14.913845206487162,3.611086965415552,28.93812162418116,1.6126890550926456,88.84722624381868,2000.0,2000.0,13.333333333333334,14.0,0.0,0.0,0.012227942706643522,0.0122199050001654
COCO-BBOB,V0,20,5,75,15,3.9231999643846756,3.3800820393308726,2.3238286571297375,1.2553577656053676,19.698701038921456,5000.0,5000.0,22.0,21.0,0.0,0.0,0.03833504849329373,0.0382030219989246
COCO-BBOB,V0,20,10,75,15,7.464457968849943,5.024791548819252,8.07531090059843,1.4301957489891493,50.20889344280903,10000.0,10000.0,44.25333333333333,44.0,0.0,0.0,0.10831563573330637,0.1074365919994306
COCO-BBOB,V0,20,20,75,15,6.287604422513299,5.106695513582537,3.805647829222507,2.0831509902036487,20.254172130418,20000.0,20000.0,76.70666666666666,75.0,0.0,0.0,0.3316366963332499,0.3295179419983469
COCO-BBOB,V0,20,40,75,15,7.760594268215892,5.396254423107272,8.044041485851174,2.710345629509817,58.34017279204298,40000.0,40000.0,121.56,122.0,0.0,0.0,1.1382957778934117,1.1356447319994911
COCO-BBOB,V0,21,2,75,15,5.318129984464327,3.575153438688517,5.010372494575019,0.0002372457419852,23.493912761107303,2000.0,2000.0,3.2,3.0,0.0,0.0,0.012348069359989758,0.0122166919991286
COCO-BBOB,V0,21,5,75,15,16.95573654496695,12.198562687421724,15.373226342749453,0.010822242927702,58.86547782955675,5000.0,5000.0,18.16,17.0,0.0,0.0,0.038167531253396454,0.0380844400006026
COCO-BBOB,V0,21,10,75,15,17.12879059535427,9.095853828088693,18.878265202483103,0.002604595708135,67.86959964913432,10000.0,10000.0,47.013333333333335,46.0,0.0,0.0,0.11125652547974213,0.1089759399983449
COCO-BBOB,V0,21,20,75,15,19.742746705583986,9.934714205402171,18.663705630754194,0.0014119249949295,69.62803402902647,20000.0,20000.0,87.14666666666666,83.0,0.0,0.0,0.33378687074689267,0.3328798969996569
COCO-BBOB,V0,21,40,75,15,25.19726380614903,20.548455153841303,21.04263303817564,1.255246911262077,71.45207717550926,40000.0,40000.0,144.22666666666666,142.0,0.0,0.0,1.14162366682649,1.1350197829997342
COCO-BBOB,V0,22,2,75,15,12.754338947747868,7.764742446263042,14.987488740964361,0.0464688985382508,67.14232944413561,2000.0,2000.0,6.253333333333333,5.0,0.0,0.0,0.011395714840012516,0.0111928780006564
COCO-BBOB,V0,22,5,75,15,16.61952640400787,11.143393339929844,16.150676661698903,0.5683638663950603,69.89723560205125,5000.0,5000.0,23.346666666666668,22.0,0.0,0.0,0.03564060449331005,0.0352976659996784
COCO-BBOB,V0,22,10,75,15,22.147119210882,9.39135563628982,23.538149258170392,0.6933216369100705,73.19601014212478,10000.0,10000.0,53.32,53.0,0.0,0.0,0.10063681267982849,0.1006832759994722
COCO-BBOB,V0,22,20,75,15,18.781133585156056,7.287560869407081,21.448875995545368,0.6949429348089211,69.49201096000425,20000.0,20000.0,95.72,94.0,0.0,0.0,0.3123197544798798,0.310228766000364
COCO-BBOB,V0,22,40,75,15,18.07128326715724,11.130892416275586,21.255431934445355,0.6944500765122825,72.74044588280685,40000.0,40000.0,155.77333333333334,155.0,0.0,0.0,1.0914365728398359,1.093293205001828
COCO-BBOB,V0,23,2,75,15,21.222422600412052,18.856032049522085,12.487585973656214,1.83790574683664,48.98173912061276,2000.0,2000.0,0.7733333333333333,1.0,0.0,0.0,0.012426338400036853,0.0123944999995728
COCO-BBOB,V0,23,5,75,15,13.029995987145314,11.094428071905496,6.992078065462621,3.556774585426723,31.73160808154524,5000.0,5000.0,0.4266666666666667,0.0,0.0,0.0,0.04469349177335967,0.0444991349995689
COCO-BBOB,V0,23,10,75,15,11.194733506571977,10.882927448481324,3.8733177022428236,4.3679855771218286,20.55926347202331,10000.0,10000.0,0.7333333333333333,1.0,0.0,0.0,0.13868760602674832,0.1378438299980189
COCO-BBOB,V0,23,20,75,15,11.636704372849843,11.470772312344424,3.6925689545184666,5.551303730961422,26.56348739240454,20000.0,20000.0,0.7466666666666667,1.0,0.0,0.0,0.4597705121068187,0.4566785290007829
COCO-BBOB,V0,23,40,75,15,11.988865342073323,11.714921334742453,2.567305477278223,8.008180075228324,19.338924141270358,40000.0,40000.0,0.8,1.0,0.0,0.0,1.6578412002667997,1.656924674000038
COCO-BBOB,V0,24,2,75,15,26.873600808691144,26.954371031061285,13.463561797451025,3.083491569802348,54.40763684746173,2000.0,2000.0,0.7333333333333333,1.0,0.0,0.0,0.01085077721334523,0.0107302409996918
COCO-BBOB,V0,24,5,75,15,111.66824048828549,114.12583728939212,29.657394103436427,16.202943926420012,174.5240556015862,5000.0,5000.0,0.6266666666666667,0.0,0.0,0.0,0.034563539746668495,0.0344826639993698
COCO-BBOB,V0,24,10,75,15,375.45161592026403,360.54945911628863,91.24579057837761,218.20188187792988,589.8090432628276,10000.0,10000.0,0.6266666666666667,0.0,0.0,0.0,0.1009171191733912,0.1002494080021279
COCO-BBOB,V0,24,20,75,15,1112.8713818044253,1100.6285853651657,190.53698688402423,668.6219134275896,1540.901334374962,20000.0,20000.0,0.92,1.0,0.0,0.0,0.3162943235599959,0.3139248490006139
COCO-BBOB,V0,24,40,75,15,3142.07281717984,3129.582615726606,300.02150550158166,2466.8218221784377,3756.40512208936,40000.0,40000.0,1.44,1.0,0.0,0.0,1.123066539826541,1.1190803129975393
COCO-BBOB,V1,1,2,75,15,0.00037569699145834166,0.0003400614022552,0.00022248763100581924,6.208961167430972e-08,0.0010528311845234,2000.0,2000.0,20.106666666666666,20.0,0.0,0.0,0.010843172826644104,0.0107847310009674
COCO-BBOB,V1,1,5,75,15,0.0007982702282530361,0.0006519151402244,0.0005683033585749191,0.0001402309702029,0.0028697332954266,5000.0,5000.0,27.013333333333332,28.0,0.0,0.0,0.035070127826717555,0.0342906019996007
COCO-BBOB,V1,1,10,75,15,0.0015690932486632852,0.0012502427346845,0.0010970435218824524,0.0002578509886745,0.0059957639895174,10000.0,10000.0,34.61333333333334,36.0,0.0,0.0,0.09556037032001763,0.0953564949995779
COCO-BBOB,V1,1,20,75,15,0.0027316156672656665,0.0026029985045568,0.0014660182434121688,0.0004052024114002,0.0085645413676047,20000.0,20000.0,44.44,45.0,0.0,0.0,0.3064153697865549,0.3052299409973784
COCO-BBOB,V1,1,40,75,15,0.006279368551576337,0.0061459208520773,0.0024844325129655493,0.0018900998620736,0.0150003456420719,40000.0,40000.0,51.986666666666665,53.0,0.0,0.0,1.050805515666434,1.046317285999976
COCO-BBOB,V1,2,2,75,15,124.08874564323989,121.46860633713256,88.22437290068164,0.0088201697839984,302.8975770794368,2000.0,2000.0,39.54666666666667,39.0,0.0,0.0,0.011343068506709292,0.0112606089987821
COCO-BBOB,V1,2,5,75,15,52.8847860365662,41.312720905875935,42.46560417178067,4.183966598531811,163.12543214176748,5000.0,5000.0,81.2,83.0,0.0,0.0,0.03604007955994647,0.0359320650004519
COCO-BBOB,V1,2,10,75,15,50.07927950635078,43.78340886757127,32.03683958152736,8.318618543398898,177.79460763518395,10000.0,10000.0,123.28,121.0,0.0,0.0,0.10207580409335298,0.1014384090012754
COCO-BBOB,V1,2,20,75,15,100.69346206669131,70.79872062060353,81.32541257487897,9.630543493120662,394.6010939998304,20000.0,20000.0,171.90666666666667,162.0,0.0,0.0,0.33689987601358246,0.3344654489992535
COCO-BBOB,V1,2,40,75,15,188.43611238371054,157.12352740479412,107.40205060511337,32.28827238576896,510.1552239141545,40000.0,40000.0,185.45333333333335,176.0,0.0,0.0,1.1411717627333322,1.1370271349987888
COCO-BBOB,V1,3,2,75,15,97.69986963942947,73.19919860496977,95.44412035076476,2.1595045515491904,347.94586434688904,2000.0,2000.0,7.333333333333333,7.0,0.0,0.0,0.011238205786624607,0.0111634000004414
COCO-BBOB,V1,3,5,75,15,264.03294209618196,237.1075349590359,153.272360926392,43.950904065573205,800.0786118777484,5000.0,5000.0,10.946666666666667,11.0,0.0,0.0,0.03691019150671001,0.0364009650002117
COCO-BBOB,V1,3,10,75,15,639.0150793644111,639.9275132773897,249.1431390742972,183.01525203704983,1285.6660451179205,10000.0,10000.0,13.92,14.0,0.0,0.0,0.10306004160011067,0.1022582309997233
COCO-BBOB,V1,3,20,75,15,1730.420464756631,1669.2634260968305,461.2551773562747,982.926319519057,2974.398159928504,20000.0,20000.0,16.586666666666666,17.0,0.0,0.0,0.34228219346647765,0.3429311510008119
COCO-BBOB,V1,3,40,75,15,3879.706954412639,3902.930712049112,877.9443586248425,2126.032754066653,5543.866852238831,40000.0,40000.0,17.24,16.0,0.0,0.0,1.1550497048934145,1.1493384810019052
COCO-BBOB,V1,4,2,75,15,95.93896109499984,72.55664701633287,89.91086250049578,2.3752552640715408,353.47104348302224,2000.0,2000.0,6.933333333333334,7.0,0.0,0.0,0.011089078093427764,0.0109915649991307
COCO-BBOB,V1,4,5,75,15,378.2785586606371,354.6254976144801,157.91307779089655,100.67226490074984,800.1224487385521,5000.0,5000.0,11.106666666666667,11.0,0.0,0.0,0.03609720919999134,0.0358307110000168
COCO-BBOB,V1,4,10,75,15,827.9791620396575,814.5177627436302,298.06655754036444,224.207821589619,1669.6574895757226,10000.0,10000.0,12.986666666666666,13.0,0.0,0.0,0.103250426893234,0.1029507949988328
COCO-BBOB,V1,4,20,75,15,2243.3592960873575,2154.1321816947,460.6616717832039,1340.2089761670672,3480.0171345402287,20000.0,20000.0,16.226666666666667,15.0,0.0,0.0,0.3361094700135194,0.335063304999494
COCO-BBOB,V1,4,40,75,15,5287.794184396877,5287.392833617129,553.9097892208065,4044.335735054291,6335.397690907501,40000.0,40000.0,18.893333333333334,17.0,0.0,0.0,1.1561454096533998,1.149014058002649
COCO-BBOB,V1,5,2,75,15,0.14761104646381293,0.1422714576203816,0.03174616981014699,0.0796169929021743,0.1942647309964229,2000.0,2000.0,48.093333333333334,50.0,0.0,0.0,0.011695422253421031,0.0114388090005377
COCO-BBOB,V1,5,5,75,15,0.2446762540192475,0.247866658698058,0.06275644909403726,0.1011401722645075,0.4202595607301802,5000.0,5000.0,96.56,97.0,0.0,0.0,0.03728325054670369,0.0367674699991766
COCO-BBOB,V1,5,10,75,15,0.48245986568011867,0.4765072439578262,0.120134127620179,0.2117697341484472,0.764852866698412,10000.0,10000.0,129.93333333333334,133.0,0.0,0.0,0.10205742741345598,0.1013422029991488
COCO-BBOB,V1,5,20,75,15,0.9781527841193776,0.9900998741974636,0.14870268126623645,0.5819084786757145,1.2814774808896343,20000.0,20000.0,131.72,127.0,0.0,0.0,0.31416848667994296,0.3122017740024603
COCO-BBOB,V1,5,40,75,15,1.8839408286859642,1.9474740480490096,0.35015687350585645,1.0624796180007934,2.5077071257053376,40000.0,40000.0,142.57333333333332,135.0,0.0,0.0,1.0728175099733441,1.0707880269983434
COCO-BBOB,V1,6,2,75,15,1.7537473500054626,0.0086196822174569,6.569374368448571,3.3230116258664566e-06,40.15348515198332,2000.0,2000.0,45.666666666666664,34.0,0.0,0.0,0.01125806722673583,0.0111070509992714
COCO-BBOB,V1,6,5,75,15,10.775646828041907,0.2244264669433846,25.204797756968286,0.0233096170353519,133.4601206679041,5000.0,5000.0,86.09333333333333,74.0,0.0,0.0,0.035452938600040645,0.0352581089991872
COCO-BBOB,V1,6,10,75,15,16.764269676267368,1.1978512592619524,31.45195765227582,0.0195915645074222,141.9386893541269,10000.0,10000.0,133.09333333333333,134.0,0.0,0.0,0.09925244461337565,0.0987530660004267
COCO-BBOB,V1,6,20,75,15,14.248055433720873,3.4545869171688537,21.282628851915423,0.081415245778075,96.9569353620844,20000.0,20000.0,213.78666666666666,212.0,0.0,0.0,0.31066850884017183,0.30738810800176
COCO-BBOB,V1,6,40,75,15,67.6431323844658,37.45025362577587,111.73135524704344,1.4421304463132856,593.3530907557224,40000.0,40000.0,311.68,316.0,0.0,0.0,1.0809052045199496,1.078401020000456
COCO-BBOB,V1,7,2,75,15,503.90281278636724,145.3828957781659,800.1467178462174,1.9798728268441577,4166.665137109374,2000.0,2000.0,0.9466666666666667,1.0,0.0,0.0,0.010682947226766023,0.0106508280005073
COCO-BBOB,V1,7,5,75,15,604.4425244934333,439.94615581226935,582.3919459198099,11.837885905139046,3656.031860439138,5000.0,5000.0,1.2933333333333332,1.0,0.0,0.0,0.034762044760160836,0.0345701699989149
COCO-BBOB,V1,7,10,75,15,1267.5179388062647,1082.3852366652893,728.4014271135185,252.94549159671053,3992.7137405232265,10000.0,10000.0,2.1466666666666665,2.0,0.0,0.0,0.09776610816004293,0.0969941500006825
COCO-BBOB,V1,7,20,75,15,4496.574716846394,3807.550266402256,2140.6769797281686,1817.5556955190548,10796.097987073264,20000.0,20000.0,2.96,2.0,0.0,0.0,0.3176535339867405,0.3170447240008798
COCO-BBOB,V1,7,40,75,15,7952.348455574351,7828.141712266835,2207.1892212835987,4102.578682183397,14812.701835482214,40000.0,40000.0,4.1866666666666665,3.0,0.0,0.0,1.1317982182535342,1.134629311000026
COCO-BBOB,V1,8,2,75,15,1.7618924662058861,0.5990507045621181,2.8021542150734025,0.0130781835636071,10.553461684473136,2000.0,2000.0,16.16,14.0,0.0,0.0,0.011146929320044923,0.0109724619996995
COCO-BBOB,V1,8,5,75,15,4.5381243164358755,3.230592558376088,10.947375023736642,0.510769134174268,97.76253249590354,5000.0,5000.0,43.72,34.0,0.0,0.0,0.03479751354650939,0.0344658729991351
COCO-BBOB,V1,8,10,75,15,8.310664706227973,8.203458137917089,0.7158302144137355,5.351807409380481,9.717926292430164,10000.0,10000.0,41.333333333333336,42.0,0.0,0.0,0.09698294091979424,0.096466519000387
COCO-BBOB,V1,8,20,75,15,18.2835374813065,18.1468667486042,0.7049293976800945,15.280355554858474,19.597363736750594,20000.0,20000.0,47.026666666666664,46.0,0.0,0.0,0.3051953444668227,0.3037903869990259
COCO-BBOB,V1,8,40,75,15,38.23895099848182,38.02453642884049,0.6734691643603413,36.92025766727929,39.71327368519314,40000.0,40000.0,53.25333333333333,52.0,0.0,0.0,1.0562370712664657,1.0593119700024545
COCO-BBOB,V1,9,2,75,15,1.4511598054472863,0.3400200441997469,2.408212325524624,0.0002406603044171,10.795887172486305,2000.0,2000.0,29.96,20.0,0.0,0.0,0.010915647973379183,0.0108748670008935
COCO-BBOB,V1,9,5,75,15,3.321081014767448,3.310428637129945,1.2578866687410053,0.2595067059423144,6.821775313843986,5000.0,5000.0,47.96,36.0,0.0,0.0,0.03415624848004271,0.0340102139998634
COCO-BBOB,V1,9,10,75,15,15.232530878305885,8.253795715759871,25.39435837648863,1.4786277581281944,131.96405376922394,10000.0,10000.0,54.6,45.0,0.0,0.0,0.09646774283995906,0.0961134520002815
COCO-BBOB,V1,9,20,75,15,30.44783320816847,18.90480429564535,33.74876048137969,13.966617329370235,161.71716764827667,20000.0,20000.0,104.18666666666667,72.0,0.0,0.0,0.30415262226670164,0.3018802489968948
COCO-BBOB,V1,9,40,75,15,54.68016531851675,39.003027152052425,32.69278220059678,32.16012620806097,150.24679488619984,40000.0,40000.0,95.18666666666667,88.0,0.0,0.0,1.0607052993998998,1.06239108400041
COCO-BBOB,V1,10,2,75,15,27.28248266366382,17.98549769711815,31.227217314194274,0.010979208493083,130.1633543765708,2000.0,2000.0,16.373333333333335,16.0,0.0,0.0,0.011268775680000493,0.011118438998892
COCO-BBOB,V1,10,5,75,15,4684.118848211449,2212.159978956477,6555.500698647351,65.96216397420665,30055.00876808953,5000.0,5000.0,87.66666666666667,84.0,0.0,0.0,0.036599393306508576,0.036284756999521
COCO-BBOB,V1,10,10,75,15,7871.498472631856,6089.211944447391,6397.862459911528,243.9587309488674,39487.88199386187,10000.0,10000.0,140.36,131.0,0.0,0.0,0.10415790466662045,0.1037373700000898
COCO-BBOB,V1,10,20,75,15,18331.285161843065,14894.469094968852,11302.920178144434,2351.8782171256557,74576.06408692824,20000.0,20000.0,237.78666666666666,231.0,0.0,0.0,0.3429178639199623,0.3381759709991456
COCO-BBOB,V1,10,40,75,15,30756.715187807753,29687.83889547265,8592.616726228265,16549.898540927108,57217.329011565445,40000.0,40000.0,339.05333333333334,356.0,0.0,0.0,1.1614392530263284,1.160010855001019
COCO-BBOB,V1,11,2,75,15,48.988536722551345,41.853585664913226,44.473606857382244,0.5064528759007487,198.9038172916364,2000.0,2000.0,17.24,17.0,0.0,0.0,0.011177822813260664,0.0110746310001559
COCO-BBOB,V1,11,5,75,15,56.15594923793285,48.776487247193685,36.119410532949196,8.768392526393747,184.75398962755685,5000.0,5000.0,39.093333333333334,19.0,0.0,0.0,0.035861983906676526,0.0356247899999289
COCO-BBOB,V1,11,10,75,15,124.87295201220013,122.38795286711007,45.98922711023562,42.217266119810006,261.8209283846076,10000.0,10000.0,44.53333333333333,26.0,0.0,0.0,0.10269800058660616,0.101993364000009
COCO-BBOB,V1,11,20,75,15,334.70035735955076,342.81200666614984,98.85863017105797,170.11339135545794,616.1366989458849,20000.0,20000.0,139.97333333333333,56.0,0.0,0.0,0.34734131419992387,0.3490114910018747
COCO-BBOB,V1,11,40,75,15,809.9341025576733,839.7473497931987,178.7569201087157,477.77881852234657,1194.6351551452285,40000.0,40000.0,145.90666666666667,90.0,0.0,0.0,1.147847976706592,1.1457915530008904
COCO-BBOB,V1,12,2,75,15,63.70991691891822,16.317268489672287,134.5336240602063,0.0384111550959005,1031.3088265378035,2000.0,2000.0,28.133333333333333,25.0,0.0,0.0,0.011119613533301117,0.0110432379988196
COCO-BBOB,V1,12,5,75,15,857.049617870755,345.8028148555569,2691.9510326896784,94.121222996494,21694.29586630477,5000.0,5000.0,31.266666666666666,29.0,0.0,0.0,0.03459873982678493,0.0344500570008676
COCO-BBOB,V1,12,10,75,15,1164.4441582689963,746.3844688361262,1411.8171965573579,173.04636229916545,9291.899353827248,10000.0,10000.0,40.0,40.0,0.0,0.0,0.09868286772002946,0.098164512999574
COCO-BBOB,V1,12,20,75,15,3885.882492400527,2088.792023095298,5910.131723953645,541.0304080099233,33783.356605297326,20000.0,20000.0,51.36,50.0,0.0,0.0,0.32461760881366597,0.3195594240023638
COCO-BBOB,V1,12,40,75,15,9626.318415122863,4136.545240426116,15783.314854523094,1111.6606447364684,74856.3445202222,40000.0,40000.0,60.29333333333334,58.0,0.0,0.0,1.0947328663733302,1.088843358000304
COCO-BBOB,V1,13,2,75,15,20.299814058949522,7.698562835075599,27.587066541645633,0.0910166618165817,153.03411753220988,2000.0,2000.0,24.186666666666667,19.0,0.0,0.0,0.01095721261342983,0.010869139998249
COCO-BBOB,V1,13,5,75,15,16.616509501495283,12.036058366490806,15.377064705052394,2.514804787218509,78.4894354677786,5000.0,5000.0,37.306666666666665,36.0,0.0,0.0,0.03444083515998495,0.0343437629999243
COCO-BBOB,V1,13,10,75,15,28.12596080584805,21.3881843960808,21.5816061930048,5.672177777874808,109.49021017607043,10000.0,10000.0,44.72,43.0,0.0,0.0,0.09542353805334032,0.0948332600000867
COCO-BBOB,V1,13,20,75,15,31.637379086639292,31.333920382585376,12.651567184071222,12.229155767545253,62.45548833613719,20000.0,20000.0,62.92,62.0,0.0,0.0,0.310473598146588,0.3083731750011793
COCO-BBOB,V1,13,40,75,15,30.049447859721912,27.04989769250886,10.740141431832706,14.15161724626526,66.29087782481037,40000.0,40000.0,73.22666666666667,74.0,0.0,0.0,1.0614358908266393,1.059465796002769
COCO-BBOB,V1,14,2,75,15,0.007122386806070353,0.0044802522414215,0.007575143045526452,0.0001442591453155,0.0295381569842305,2000.0,2000.0,27.866666666666667,28.0,0.0,0.0,0.010883528880076434,0.0108934979998593
COCO-BBOB,V1,14,5,75,15,0.010102977605832912,0.0100604664870616,0.0045266556115237475,0.0013138679506923,0.0190521464089981,5000.0,5000.0,38.25333333333333,39.0,0.0,0.0,0.034316910946654344,0.0341684539998823
COCO-BBOB,V1,14,10,75,15,0.014564584404962926,0.0139211262233374,0.004535739757150534,0.0057067500085281,0.0261459125627823,10000.0,10000.0,48.2,48.0,0.0,0.0,0.09727507830665366,0.096818987000006
COCO-BBOB,V1,14,20,75,15,0.020758233469683203,0.0205967745329616,0.004486154823821303,0.0128311678315355,0.0342862058758157,20000.0,20000.0,61.22666666666667,62.0,0.0,0.0,0.30986416477336504,0.3088081130008504
COCO-BBOB,V1,14,40,75,15,0.027603116290223967,0.0265601803506285,0.004939468629106601,0.0181466285790889,0.0445376767363612,40000.0,40000.0,75.92,75.0,0.0,0.0,1.0767142221068207,1.0748812070014535
COCO-BBOB,V1,15,2,75,15,118.8042547194182,80.00775832119723,123.58183949966477,0.3911575207775399,559.2245921232847,2000.0,2000.0,6.52,6.0,0.0,0.0,0.011474960400034085,0.0113540099991951
COCO-BBOB,V1,15,5,75,15,288.7171995246173,237.4150618441134,255.54054330768275,34.130054645968585,1600.7660197556552,5000.0,5000.0,12.32,12.0,0.0,0.0,0.03654409659994897,0.0364020780016289
COCO-BBOB,V1,15,10,75,15,656.0350658628843,624.1716956369919,289.28730717446183,202.61233350677136,1417.3653585916315,10000.0,10000.0,16.293333333333333,16.0,0.0,0.0,0.10497514593322796,0.1039282969995838
COCO-BBOB,V1,15,20,75,15,1991.663326079966,1744.0154999695303,765.6677143432821,624.6840930145448,4403.493742599391,20000.0,20000.0,31.386666666666667,28.0,0.0,0.0,0.3366300553599528,0.3350860779974027
COCO-BBOB,V1,15,40,75,15,4243.590647858071,4451.206178614893,1826.3911489784061,758.5266005456073,8961.775333527816,40000.0,40000.0,56.88,56.0,0.0,0.0,1.182719630493181,1.1788383339990105
COCO-BBOB,V1,16,2,75,15,33.41188804899129,13.18120880776256,41.69452055975547,0.008200379433461,203.27450973329184,2000.0,2000.0,5.36,5.0,0.0,0.0,0.011878598693413804,0.0116816240006301
COCO-BBOB,V1,16,5,75,15,32.84229242536308,29.0232717601686,18.740336886325537,1.3100739696580348,79.82456274454825,5000.0,5000.0,7.48,7.0,0.0,0.0,0.038389928693262194,0.038107886999569
COCO-BBOB,V1,16,10,75,15,46.60667982397982,40.79830230975524,25.07971381539856,6.885909786507767,120.31166337339198,10000.0,10000.0,9.346666666666666,9.0,0.0,0.0,0.11383871185338644,0.1129272329999366
COCO-BBOB,V1,16,20,75,15,45.02404957318827,41.80781138254531,15.616865938222935,16.475860171174944,86.83937135425786,20000.0,20000.0,11.933333333333334,11.0,0.0,0.0,0.3727002554267043,0.3719780950013955
COCO-BBOB,V1,16,40,75,15,46.52887548407454,47.73558848763548,11.90713158166561,19.051989131967588,72.43989045553721,40000.0,40000.0,14.08,14.0,0.0,0.0,1.3548726696399294,1.3541953200001444
COCO-BBOB,V1,17,2,75,15,24.222524639477285,11.629582574944749,41.02250569974134,0.8487751988385526,276.6720095844529,2000.0,2000.0,5.706666666666667,5.0,0.0,0.0,0.011384923719864017,0.0111376340009883
COCO-BBOB,V1,17,5,75,15,24.869405025194645,11.153216661403915,40.77157703789614,1.7635311203620176,270.4167508173032,5000.0,5000.0,28.266666666666666,14.0,0.0,0.0,0.03586144421341785,0.035782413000561
COCO-BBOB,V1,17,10,75,15,28.434761720503182,15.510197498478917,31.21465536394188,6.3233112003172,154.85765640743904,10000.0,10000.0,25.96,23.0,0.0,0.0,0.10385440673334713,0.1037057940011436
COCO-BBOB,V1,17,20,75,15,90.75198717417584,64.64743523404371,80.67896742708461,9.382838922511574,458.3492746074644,20000.0,20000.0,68.66666666666667,54.0,0.0,0.0,0.326982296306669,0.3233867989983991
COCO-BBOB,V1,17,40,75,15,119.73153464752758,84.4125007495598,109.77597610291835,16.29932254775096,474.0190006907972,40000.0,40000.0,102.24,91.0,0.0,0.0,1.1528152567864163,1.1459473979994073
COCO-BBOB,V1,18,2,75,15,204.00029506739455,88.42323977223194,372.3298831541048,1.0490524587544885,2507.0425124731078,2000.0,2000.0,5.1466666666666665,4.0,0.0,0.0,0.011178637080107924,0.0110586440005135
COCO-BBOB,V1,18,5,75,15,98.08268611809171,53.57332085274368,129.4167273272832,7.76284377311984,701.3179929883751,5000.0,5000.0,11.76,10.0,0.0,0.0,0.036305729079928475,0.0361651590010296
COCO-BBOB,V1,18,10,75,15,119.87210639452864,70.25531487527654,133.4967448810816,28.06168172173184,663.7171967954258,10000.0,10000.0,19.56,17.0,0.0,0.0,0.1033259143333513,0.1028361520002363
COCO-BBOB,V1,18,20,75,15,362.49386230464586,261.32710752432115,336.226823763736,35.67832841510376,1853.2877257964544,20000.0,20000.0,59.29333333333334,37.0,0.0,0.0,0.32932225015989386,0.3287918200003332
COCO-BBOB,V1,18,40,75,15,465.00607269016405,322.8549274375647,399.4185002700713,68.8327401222721,1953.7826723675037,40000.0,40000.0,60.49333333333333,54.0,0.0,0.0,1.1508352020398889,1.1469714080012636
COCO-BBOB,V1,19,2,75,15,12.654173346888378,4.581887187857284,16.11407283035123,0.0171983988741999,64.66850477579052,2000.0,2000.0,4.053333333333334,4.0,0.0,0.0,0.011150064319978456,0.0109914700005901
COCO-BBOB,V1,19,5,75,15,26.480723381645912,21.778767869674084,16.505831831849108,5.258176723574479,73.13954481841779,5000.0,5000.0,4.933333333333334,4.0,0.0,0.0,0.034139512253338236,0.0339768060002825
COCO-BBOB,V1,19,10,75,15,62.686318400225986,51.730217723829526,38.86782245562401,10.043544656797822,181.5368440390472,10000.0,10000.0,5.533333333333333,4.0,0.0,0.0,0.09820796460005411,0.0973323380003421
COCO-BBOB,V1,19,20,75,15,129.17066945632993,121.78329837582348,45.47637834948061,57.34139759295604,245.05981562793264,20000.0,20000.0,7.773333333333333,6.0,0.0,0.0,0.3102264127866268,0.3095921179992729
COCO-BBOB,V1,19,40,75,15,211.9332228569407,206.68817742332368,50.16709493725032,80.87746786465779,350.9105099990051,40000.0,40000.0,12.24,9.0,0.0,0.0,1.0823624475199418,1.0827731549979944
COCO-BBOB,V1,20,2,75,15,2.2488909099661853,1.8602246585169269,1.1546832574429213,0.6804829425763046,4.40082760536734,2000.0,2000.0,16.653333333333332,18.0,0.0,0.0,0.012153577359955868,0.0121047780012304
COCO-BBOB,V1,20,5,75,15,1.8017800897172238,1.6632094911432205,0.749867973662007,0.7560451434073485,4.030635058023165,5000.0,5000.0,23.76,25.0,0.0,0.0,0.03824516475993728,0.0379874299997027
COCO-BBOB,V1,20,10,75,15,1.8222558928757777,1.7718986383349886,0.4848310334909422,0.7492733007443917,3.501745490248112,10000.0,10000.0,36.82666666666667,37.0,0.0,0.0,0.10807899628014027,0.1074236429994925
COCO-BBOB,V1,20,20,75,15,1.8482525860205616,1.8459653775892093,0.4244412310513211,0.8844928688191658,2.686387816344393,20000.0,20000.0,49.666666666666664,50.0,0.0,0.0,0.32977163749320115,0.3295139100009692
COCO-BBOB,V1,20,40,75,15,1.8550313158174583,1.896650140131726,0.28560218897993833,1.003901050701188,2.411175185157248,40000.0,40000.0,62.50666666666667,62.0,0.0,0.0,1.134865241307028,1.1309007790005126
COCO-BBOB,V1,21,2,75,15,4.120210523197337,2.2562718985513897,4.225905551702876,6.21770581687997e-08,21.04598054396856,2000.0,2000.0,21.04,11.0,0.0,0.0,0.012299146373115894,0.012122067000746
COCO-BBOB,V1,21,5,75,15,13.808872198298554,8.168719209432599,13.401045154998364,3.0316612082970096e-06,58.85373698387633,5000.0,5000.0,46.306666666666665,30.0,0.0,0.0,0.03825133366665488,0.0382284120005351
COCO-BBOB,V1,21,10,75,15,16.6305836648761,9.083009443810145,18.60347060319534,6.806559806449286e-06,67.80862401022175,10000.0,10000.0,56.45333333333333,42.0,0.0,0.0,0.10972642135995551,0.109454456000094
COCO-BBOB,V1,21,20,75,15,19.637342589739806,9.932233714108309,18.658891333626062,8.546953708332694e-06,69.61708004487986,20000.0,20000.0,60.49333333333333,43.0,0.0,0.0,0.333331623319876,0.3317392290009593
COCO-BBOB,V1,21,40,75,15,25.184695953489925,20.530955384202684,21.039618013732365,1.250156269093651,71.4435328057898,40000.0,40000.0,59.10666666666667,53.0,0.0,0.0,1.1428013352267832,1.1391640689980704
COCO-BBOB,V1,22,2,75,15,7.7187469468816365,4.314248461959096,9.666558028818132,8.65492492074793e-05,50.54134945870436,2000.0,2000.0,22.92,15.0,0.0,0.0,0.011399670519895102,0.011252644999331
COCO-BBOB,V1,22,5,75,15,14.729326910438864,9.390245742767403,15.273436854863977,7.115996260154134e-05,69.51688965991889,5000.0,5000.0,45.88,31.0,0.0,0.0,0.03556215220002434,0.0353862219999427
COCO-BBOB,V1,22,10,75,15,20.868806138237343,7.726662071771784,23.513588174597874,0.0363233753347671,72.74824917994712,10000.0,10000.0,65.16,38.0,0.0,0.0,0.10090390316021508,0.1010509039988392
COCO-BBOB,V1,22,20,75,15,18.69695671328153,7.276230339381094,21.48249565711829,0.692488043910032,69.48997356567563,20000.0,20000.0,56.32,45.0,0.0,0.0,0.3108234110798609,0.3103907690019696
COCO-BBOB,V1,22,40,75,15,18.052329782317873,11.12850283074836,21.257399003504247,0.6924602329422669,72.73946656102112,40000.0,40000.0,60.46666666666667,54.0,0.0,0.0,1.0836568598932839,1.0785130340009346
COCO-BBOB,V1,23,2,75,15,6.846170117563987,6.114009348274067,3.82317235466455,0.8672086270231887,19.378856238986373,2000.0,2000.0,3.52,3.0,0.0,0.0,0.012558027253423113,0.0124348970002756
COCO-BBOB,V1,23,5,75,15,4.837966474660398,4.2920247026791,2.4570920124520326,1.3999567739653005,15.337115537624598,5000.0,5000.0,3.453333333333333,3.0,0.0,0.0,0.04463404262668818,0.0444034540014399
COCO-BBOB,V1,23,10,75,15,3.018583833855568,2.7948351712580006,1.4393167204895034,0.9289724486636716,9.29819248855813,10000.0,10000.0,5.72,6.0,0.0,0.0,0.13797845656018273,0.1367592099995818
COCO-BBOB,V1,23,20,75,15,2.918992881802427,2.639603800352681,1.2333909536299856,1.085294477415926,7.860089621893451,20000.0,20000.0,6.96,7.0,0.0,0.0,0.45868383733342244,0.4586827940001967
COCO-BBOB,V1,23,40,75,15,3.0505669077616435,2.8726519635222587,1.0079482669653266,1.5357743342207186,6.577976231127232,40000.0,40000.0,8.28,8.0,0.0,0.0,1.6605319652535642,1.6582109780028986
COCO-BBOB,V1,24,2,75,15,16.377550422019237,13.384784059874091,10.05810578259089,2.8949154187889548,38.484498004940285,2000.0,2000.0,3.1066666666666665,3.0,0.0,0.0,0.010819835680037257,0.0107967220010323
COCO-BBOB,V1,24,5,75,15,89.46572711090832,89.31306036500001,28.822268500512024,16.202943926420012,159.92673198863707,5000.0,5000.0,3.8533333333333335,4.0,0.0,0.0,0.03441318995998391,0.0343667449997155
COCO-BBOB,V1,24,10,75,15,319.7097933183073,300.465708384493,90.37127575313599,187.95455963110763,528.9581657427182,10000.0,10000.0,6.133333333333334,6.0,0.0,0.0,0.09965948379972052,0.0986530390000552
COCO-BBOB,V1,24,20,75,15,998.6687996913298,980.3833720092916,183.9524592206046,625.9150470876982,1423.8036309746035,20000.0,20000.0,8.226666666666667,8.0,0.0,0.0,0.3193533677597588,0.3188830019971647
COCO-BBOB,V1,24,40,75,15,2917.3732928556333,2859.578664243343,298.92991933934235,2212.2429074025463,3517.78890363434,40000.0,40000.0,10.573333333333334,10.0,0.0,0.0,1.1212505661731604,1.116639767002198
COCO-BBOB,V2,1,2,75,15,0.00036919001475823736,0.0003681050386603,0.0001742703117165527,8.080676411736931e-05,0.000953511360084,2000.0,2000.0,20.24,21.0,0.0,0.0,0.010899391253284745,0.01085849500123
COCO-BBOB,V2,1,5,75,15,0.00046449775044615733,0.0004390866480719,0.00023101114752708098,0.0001571519948697,0.0015659554450735,5000.0,5000.0,29.253333333333334,31.0,0.0,0.0,0.03480506532000916,0.033788247999837
COCO-BBOB,V2,1,10,75,15,0.0010345666250062854,0.0008399053535015,0.0006846386799438937,0.0002439502307254,0.0045316181881389,10000.0,10000.0,37.013333333333335,38.0,0.0,0.0,0.09456719902676312,0.0937416209999355
COCO-BBOB,V2,1,20,75,15,0.0018842690683968481,0.0018098042974941,0.001066999881973283,0.0002987680010022,0.0046370445074899,20000.0,20000.0,46.45333333333333,47.0,0.0,0.0,0.3085130455066489,0.3060036930000933
COCO-BBOB,V2,1,40,75,15,0.0050752116571304365,0.0047706093463091,0.002833862938858322,0.0006624515443007,0.0197676950278378,40000.0,40000.0,56.04,56.0,0.0,0.0,1.0484458011201545,1.045654753997951
COCO-BBOB,V2,2,2,75,15,119.70134267173088,130.96698803175445,86.59355745058467,0.0036089539631802,294.86497675236154,2000.0,2000.0,26.826666666666668,25.0,0.0,0.0,0.011383331439986504,0.0112023389992828
COCO-BBOB,V2,2,5,75,15,51.913941051298906,44.35109106583705,34.09115566006696,1.2518469266516377,147.28573051076432,5000.0,5000.0,63.81333333333333,64.0,0.0,0.0,0.03617793905335319,0.0360037800001009
COCO-BBOB,V2,2,10,75,15,61.86966575433749,59.4268974517031,37.46859653251566,13.128912128804458,264.8490998498211,10000.0,10000.0,93.61333333333333,94.0,0.0,0.0,0.1021448267333956,0.1015217730000586
COCO-BBOB,V2,2,20,75,15,455.5982778007741,85.94081631043969,2453.5982200337353,23.8134884546821,20405.883780452543,20000.0,20000.0,118.88,116.0,0.0,0.0,0.3348017258399826,0.3331217750019277
COCO-BBOB,V2,2,40,75,15,5819.457812581247,319.46721570519225,10997.305020215117,67.33136467555904,42287.319450737625,40000.0,40000.0,162.36,175.0,0.0,0.0,1.1337923696265109,1.130405530999269
COCO-BBOB,V2,3,2,75,15,83.67096731254004,64.14940863701293,86.73115708929267,2.1351040802238828,347.2033938696465,2000.0,2000.0,6.133333333333334,6.0,0.0,0.0,0.011262299799976318,0.0111880429994926
COCO-BBOB,V2,3,5,75,15,251.3723333098289,231.81633075051772,151.6297018053662,23.735521891689423,786.7979336308761,5000.0,5000.0,8.173333333333334,7.0,0.0,0.0,0.03709263207999655,0.0368350590015325
COCO-BBOB,V2,3,10,75,15,617.5758913067249,560.5572052033903,247.88787208802842,141.45247505985728,1285.6660451179205,10000.0,10000.0,12.64,13.0,0.0,0.0,0.10345901573329074,0.1031685509988165
COCO-BBOB,V2,3,20,75,15,1673.0200487922589,1606.4286061580758,465.7791244840217,897.8001047084675,2798.9574910031174,20000.0,20000.0,17.093333333333334,18.0,0.0,0.0,0.3435739529866745,0.3450040940006147
COCO-BBOB,V2,3,40,75,15,3773.920568881104,3754.9256182989343,913.0606887038157,2104.5138310642465,5555.321493255357,40000.0,40000.0,19.52,19.0,0.0,0.0,1.1658927306803526,1.1648046860027534
COCO-BBOB,V2,4,2,75,15,78.89623892292552,64.14940863701293,79.35348308284493,2.3752552640715408,369.4965768962333,2000.0,2000.0,5.573333333333333,5.0,0.0,0.0,0.011101313466642698,0.010960192001221
COCO-BBOB,V2,4,5,75,15,325.20435745123893,315.2044806709648,182.51763398834416,49.872731945130624,786.3101248948743,5000.0,5000.0,10.306666666666667,9.0,0.0,0.0,0.036552902853096945,0.0362304599984781
COCO-BBOB,V2,4,10,75,15,764.7207804675986,733.804665732346,297.21997398336265,178.52990383125467,1631.1327481236565,10000.0,10000.0,13.533333333333333,14.0,0.0,0.0,0.10367103929333094,0.102629662000254
COCO-BBOB,V2,4,20,75,15,2168.6932355163785,2084.6911792404394,492.8946750960114,1231.5568584656296,3480.0171345402287,20000.0,20000.0,17.56,17.0,0.0,0.0,0.33576978382683587,0.3344185829992057
COCO-BBOB,V2,4,40,75,15,5150.216052236368,5154.129663578976,642.224547682833,3688.215300656904,6342.097347444174,40000.0,40000.0,20.666666666666668,20.0,0.0,0.0,1.156693392079857,1.153677782000159
COCO-BBOB,V2,5,2,75,15,0.3961383870156274,0.1690775748575035,0.9143174095013048,0.093606300341662,3.791646866421843,2000.0,2000.0,33.28,30.0,0.0,0.0,0.011472146039886817,0.0113630489995557
COCO-BBOB,V2,5,5,75,15,0.2366427251943073,0.2284361212534236,0.07369283342463574,0.1068451055073467,0.4287708521009392,5000.0,5000.0,62.56,55.0,0.0,0.0,0.03699450732000206,0.0366619329997774
COCO-BBOB,V2,5,10,75,15,0.4833584581951458,0.4867919230208599,0.11717184445431762,0.2517505391255099,0.7415038439399169,10000.0,10000.0,68.48,57.0,0.0,0.0,0.1017681637332619,0.1014407980001124
COCO-BBOB,V2,5,20,75,15,1.0371960627361523,1.03698976352959,0.15783399352569968,0.6810148324816723,1.395357844411592,20000.0,20000.0,67.96,67.0,0.0,0.0,0.31650346723996337,0.3159244540001964
COCO-BBOB,V2,5,40,75,15,1.949620640072902,2.090259121014185,0.391881733550326,1.0846254519142349,2.4818959570632373,40000.0,40000.0,88.58666666666667,76.0,0.0,0.0,1.0796783378798864,1.080428035998921
COCO-BBOB,V2,6,2,75,15,1.5725243975118532,0.0085979372952351,6.581874424525949,9.6384368703184e-05,41.75599104255332,2000.0,2000.0,27.173333333333332,27.0,0.0,0.0,0.011110709786759447,0.0110706110008322
COCO-BBOB,V2,6,5,75,15,7.918215201677018,0.3088197994594144,19.03974904480291,0.0098642525837835,109.26628701011816,5000.0,5000.0,57.29333333333334,51.0,0.0,0.0,0.035263042106768464,0.0350703240001166
COCO-BBOB,V2,6,10,75,15,20.15050778455935,2.709529498506882,33.202348832821194,0.0226883347080801,135.76583902729402,10000.0,10000.0,79.34666666666666,71.0,0.0,0.0,0.09870852574662417,0.0981056729997362
COCO-BBOB,V2,6,20,75,15,36.09160746017289,16.100488793465438,51.8608946200001,0.1097458892281864,273.84458462921884,20000.0,20000.0,112.58666666666667,113.0,0.0,0.0,0.31244508855971315,0.3104237490006198
COCO-BBOB,V2,6,40,75,15,260.09395078634657,197.12530468255216,237.50223416253615,0.5654806583210217,852.4821000623367,40000.0,40000.0,98.33333333333333,84.0,0.0,0.0,1.0729406271067274,1.0659723240023595
COCO-BBOB,V2,7,2,75,15,501.8266767497323,145.3828957781659,820.4009122522297,0.0532725411668835,4166.665137109374,2000.0,2000.0,1.2533333333333334,1.0,0.0,0.0,0.010760695226781485,0.0106601529987528
COCO-BBOB,V2,7,5,75,15,554.0668642036147,390.2062878355995,587.1446652437791,13.540858823905182,3796.281321016977,5000.0,5000.0,2.3333333333333335,1.0,0.0,0.0,0.03464689790644717,0.0343684420004137
COCO-BBOB,V2,7,10,75,15,1211.2335027994752,1074.1761721509297,691.2299311211965,211.24517348581253,3403.9685850172955,10000.0,10000.0,3.0933333333333333,2.0,0.0,0.0,0.09754460601337385,0.0969067250007356
COCO-BBOB,V2,7,20,75,15,4283.598810922093,3599.9066229847654,2123.0788482270536,1396.021975845496,10639.712495994048,20000.0,20000.0,5.346666666666667,3.0,0.0,0.0,0.3192291319063709,0.3174927410000236
COCO-BBOB,V2,7,40,75,15,7721.221020798149,7813.163145505887,2297.3695908720874,2865.882217669105,14770.872597322348,40000.0,40000.0,6.666666666666667,5.0,0.0,0.0,1.1375806902400412,1.1348493709992908
COCO-BBOB,V2,8,2,75,15,1.8577746481537236,0.6734362842303314,2.770634971580572,0.0289844641377285,10.843103061968122,2000.0,2000.0,13.68,12.0,0.0,0.0,0.011034931826749576,0.0108917460001976
COCO-BBOB,V2,8,5,75,15,8.118161783048603,3.3922317124646497,22.05932850084872,0.0975140209235405,126.49058183481702,5000.0,5000.0,37.46666666666667,32.0,0.0,0.0,0.034573875693337516,0.034411712000292
COCO-BBOB,V2,8,10,75,15,10.11889074227859,8.062174202476989,11.336631524180271,3.512415586361584,59.471849853372014,10000.0,10000.0,43.53333333333333,44.0,0.0,0.0,0.09640872474655524,0.0959918549997382
COCO-BBOB,V2,8,20,75,15,19.65888979663405,18.08619525786015,10.394510254936566,12.825479078111584,77.36441926838702,20000.0,20000.0,51.72,52.0,0.0,0.0,0.30650596917349804,0.306738650000625
COCO-BBOB,V2,8,40,75,15,40.650723959502656,38.14891476535922,11.483500574749666,32.91058517796364,88.66674879184592,40000.0,40000.0,59.45333333333333,59.0,0.0,0.0,1.052467778106511,1.0520652660015912
COCO-BBOB,V2,9,2,75,15,1.6383556035640796,0.4961298421770621,2.5032271303876046,0.0001202225121872,10.864375514976444,2000.0,2000.0,20.12,15.0,0.0,0.0,0.01087908433340388,0.0108052640007372
COCO-BBOB,V2,9,5,75,15,4.384871019657347,3.707467459022858,7.386298432051193,0.3474099347077919,65.23718656383372,5000.0,5000.0,40.13333333333333,31.0,0.0,0.0,0.03395398789323125,0.0337036719993193
COCO-BBOB,V2,9,10,75,15,13.42362173169239,7.827197499660244,24.404896064092107,1.0893467492941653,137.78178752950657,10000.0,10000.0,51.946666666666665,46.0,0.0,0.0,0.09697162822655321,0.0964983249996294
COCO-BBOB,V2,9,20,75,15,50.05783461322646,19.543226286570075,60.069968059433684,13.942351198652489,253.5871916984041,20000.0,20000.0,98.33333333333333,83.0,0.0,0.0,0.3044939525734905,0.3024015919982048
COCO-BBOB,V2,9,40,75,15,53.25863172488629,38.89939492652304,28.80819201015752,32.19097222081852,151.86030501526,40000.0,40000.0,111.92,114.0,0.0,0.0,1.0621648444666547,1.0588661820002017
COCO-BBOB,V2,10,2,75,15,50.023095203446104,15.991858035146455,220.08972486420183,0.0482179743075903,1914.11815084389,2000.0,2000.0,14.613333333333333,14.0,0.0,0.0,0.011192281773255621,0.0111657189991092
COCO-BBOB,V2,10,5,75,15,11403.108701866962,2996.6663009576127,21054.380898129464,84.09455098983403,137193.1547809624,5000.0,5000.0,57.14666666666667,47.0,0.0,0.0,0.036658808453406244,0.0362228410012903
COCO-BBOB,V2,10,10,75,15,29439.8396270084,18046.02070607888,32650.09865304461,487.6112930159204,174260.07254896866,10000.0,10000.0,66.86666666666666,56.0,0.0,0.0,0.10466365160008229,0.1040524930012907
COCO-BBOB,V2,10,20,75,15,85060.40057830789,67444.6603961797,79458.30178781331,9252.849523537012,411679.2485033841,20000.0,20000.0,84.50666666666666,62.0,0.0,0.0,0.3454887159599456,0.3416973099992901
COCO-BBOB,V2,10,40,75,15,162622.86443341195,156149.78039851403,68520.21266167493,49620.84830836709,407145.2610178742,40000.0,40000.0,94.73333333333333,82.0,0.0,0.0,1.1645705393332173,1.15919148499961
COCO-BBOB,V2,11,2,75,15,211.69003765852605,36.286943909316506,1358.7687879399791,0.4951652482208715,11777.098939561174,2000.0,2000.0,16.613333333333333,17.0,0.0,0.0,0.011190177946579396,0.0111100180001812
COCO-BBOB,V2,11,5,75,15,81.27943887715085,52.4592010017664,180.6218995393935,4.933474210878217,1587.8587450144532,5000.0,5000.0,23.2,17.0,0.0,0.0,0.03605180105339965,0.0359915009994438
COCO-BBOB,V2,11,10,75,15,170.85944172135882,125.41334807617392,190.23998068076807,41.80011226719149,1128.6188165395067,10000.0,10000.0,40.28,23.0,0.0,0.0,0.10331613396003372,0.102524612999332
COCO-BBOB,V2,11,20,75,15,394.9229860904332,365.8520636230264,206.27334093824243,186.03761172115588,1528.7323963031338,20000.0,20000.0,57.10666666666667,26.0,0.0,0.0,0.3503236976400755,0.3470848709985148
COCO-BBOB,V2,11,40,75,15,895.2708096599965,882.6590139646995,208.57027370379032,511.85456740057214,1614.7804472336798,40000.0,40000.0,44.64,26.0,0.0,0.0,1.1461354869600715,1.1439776299994264
COCO-BBOB,V2,12,2,75,15,148.7373478749294,22.752371697951745,507.56311348072796,0.0081770703983181,4189.896990136164,2000.0,2000.0,21.52,20.0,0.0,0.0,0.011277743559936985,0.0111028130013437
COCO-BBOB,V2,12,5,75,15,10026.48786452739,353.64698255832184,67239.09526916961,23.737575208992357,579677.6739330317,5000.0,5000.0,30.893333333333334,30.0,0.0,0.0,0.034602098933464685,0.0344977490003657
COCO-BBOB,V2,12,10,75,15,1193.2064154919153,886.2705798370558,1410.1074387746062,300.9950716773934,8879.969460567852,10000.0,10000.0,42.013333333333335,42.0,0.0,0.0,0.0981249048668299,0.0973117280009319
COCO-BBOB,V2,12,20,75,15,4461.02951562458,2549.913839314758,5882.43462641662,667.7626548329149,33175.91009516269,20000.0,20000.0,54.24,54.0,0.0,0.0,0.32409758601308564,0.3252201280010922
COCO-BBOB,V2,12,40,75,15,22624.825177260052,6923.469989569578,48039.533901378076,2365.1575013517563,368437.1263746708,40000.0,40000.0,63.44,62.0,0.0,0.0,1.1026812527202614,1.0977325510029914
COCO-BBOB,V2,13,2,75,15,19.859860600306643,7.240165604903645,29.47046063916436,0.0910166618165817,179.95915622517165,2000.0,2000.0,17.52,18.0,0.0,0.0,0.010936599079965718,0.0108153229994059
COCO-BBOB,V2,13,5,75,15,18.47021728634283,10.171348804582069,19.698511295797292,2.6129291712527305,95.18113224257552,5000.0,5000.0,33.053333333333335,34.0,0.0,0.0,0.03469907334668576,0.0343787289984902
COCO-BBOB,V2,13,10,75,15,28.525563775403953,19.48974064341968,23.000612876973516,3.446364227142695,110.46683982533084,10000.0,10000.0,47.52,47.0,0.0,0.0,0.09539144822655843,0.0948842269990564
COCO-BBOB,V2,13,20,75,15,31.11593539214505,29.601160771001894,12.228136892079986,12.357969205328672,60.55587637168352,20000.0,20000.0,68.89333333333333,68.0,0.0,0.0,0.3101413828000659,0.311085119999916
COCO-BBOB,V2,13,40,75,15,36.65459690094162,30.557927571753797,26.035280215187736,16.883895389647932,179.64625894144447,40000.0,40000.0,84.09333333333333,85.0,0.0,0.0,1.0585749863202607,1.0583071890032445
COCO-BBOB,V2,14,2,75,15,0.00576169930410957,0.0039744842868572,0.005874954638765595,6.877300467067471e-05,0.0317103582690023,2000.0,2000.0,23.4,23.0,0.0,0.0,0.010917445666685382,0.0108010620006098
COCO-BBOB,V2,14,5,75,15,0.007465765976838372,0.0068501616577805,0.004012972406077824,0.0008367225640988,0.0167329319963869,5000.0,5000.0,36.86666666666667,37.0,0.0,0.0,0.03417166976005921,0.034078935999787
COCO-BBOB,V2,14,10,75,15,0.011969990125333974,0.0115411831007534,0.004198381708386164,0.0027093030253695,0.0286470689418365,10000.0,10000.0,48.48,48.0,0.0,0.0,0.09782902740022105,0.0973139729994727
COCO-BBOB,V2,14,20,75,15,0.019014893684262114,0.0185583053763735,0.004175429151520318,0.0113199912115646,0.028846852559532,20000.0,20000.0,62.92,63.0,0.0,0.0,0.3090685393065602,0.3086926129981293
COCO-BBOB,V2,14,40,75,15,0.026122685439935817,0.0263359601979402,0.004891476895213456,0.0165684049472361,0.0377754749421654,40000.0,40000.0,77.96,77.0,0.0,0.0,1.0760815228401528,1.0673842690011952
COCO-BBOB,V2,15,2,75,15,105.68562776653592,76.6718246297965,108.70068830837754,0.3911575207775399,559.155168964995,2000.0,2000.0,4.64,3.0,0.0,0.0,0.01158752405336898,0.0114656830010062
COCO-BBOB,V2,15,5,75,15,270.06496135613446,242.3426135897538,184.96213935922844,62.10491480418767,1118.7593719375548,5000.0,5000.0,7.4,6.0,0.0,0.0,0.037138554960013864,0.0368583880008372
COCO-BBOB,V2,15,10,75,15,610.5678604719137,593.9942866370955,245.80298140641395,198.04367784775343,1218.4588173231932,10000.0,10000.0,9.826666666666666,7.0,0.0,0.0,0.10507948193332893,0.1048024020001321
COCO-BBOB,V2,15,20,75,15,1553.439346423807,1471.94109548635,611.3558251243594,838.5612704913556,4343.631402062269,20000.0,20000.0,22.36,18.0,0.0,0.0,0.3370133916931809,0.3364417999982834
COCO-BBOB,V2,15,40,75,15,3368.743106675393,2842.6376446483214,1472.2937948043573,802.5736422916166,6898.187376773945,40000.0,40000.0,37.21333333333333,39.0,0.0,0.0,1.2006406499065148,1.2002715970011195
COCO-BBOB,V2,16,2,75,15,31.04653369892263,12.566471852662616,39.52024978983508,0.0104015311893306,203.0681003887865,2000.0,2000.0,5.346666666666667,5.0,0.0,0.0,0.011928630960076837,0.0116811120005877
COCO-BBOB,V2,16,5,75,15,29.794420955201705,27.336307951745184,20.631521657626834,0.3360818896278914,77.4362830178246,5000.0,5000.0,6.946666666666666,7.0,0.0,0.0,0.03850707529328546,0.0383878470001946
COCO-BBOB,V2,16,10,75,15,38.91480363156068,32.070125916125335,28.32044171719032,4.469398690707322,121.1375854293692,10000.0,10000.0,9.68,10.0,0.0,0.0,0.11581110316001282,0.1158714230004989
COCO-BBOB,V2,16,20,75,15,38.442513488743,39.10060151456895,15.26680282184699,5.946576893464936,81.11860417492696,20000.0,20000.0,10.533333333333333,10.0,0.0,0.0,0.38308627834713355,0.3820426580023195
COCO-BBOB,V2,16,40,75,15,48.0337499439353,46.95562410526283,12.082202726436998,25.54902423578183,76.08820102701449,40000.0,40000.0,8.32,8.0,0.0,0.0,1.3692806083600833,1.3628007529987372
COCO-BBOB,V2,17,2,75,15,28.21421635161367,11.644211252118396,47.10278966117544,0.5258392773880587,270.8418476581675,2000.0,2000.0,4.866666666666666,3.0,0.0,0.0,0.011321802066643866,0.0112235579999833
COCO-BBOB,V2,17,5,75,15,29.8206927170801,15.594414425800018,43.71944928006413,2.4748175094852627,271.2558340196587,5000.0,5000.0,9.506666666666666,5.0,0.0,0.0,0.03578679146657422,0.0356802520000201
COCO-BBOB,V2,17,10,75,15,34.214412321331245,17.832405263332355,38.72141295893364,6.249813947199449,167.5293492854464,10000.0,10000.0,11.573333333333334,10.0,0.0,0.0,0.1038306824133178,0.1034598070000356
COCO-BBOB,V2,17,20,75,15,104.90074285101043,71.62187724569776,92.95074568250303,9.590668957357394,499.58398574070713,20000.0,20000.0,25.466666666666665,10.0,0.0,0.0,0.3289788626665541,0.3269242999995185
COCO-BBOB,V2,17,40,75,15,141.57511011764964,101.85308892892424,120.38523373361805,20.6788879346976,569.1608395801509,40000.0,40000.0,7.1066666666666665,5.0,0.0,0.0,1.159610050493211,1.1552912019978976
COCO-BBOB,V2,18,2,75,15,221.97068917756167,100.4089153148294,395.90460645876476,0.5271105692425522,2496.1288601172064,2000.0,2000.0,4.386666666666667,4.0,0.0,0.0,0.011127676879865805,0.0111135130009643
COCO-BBOB,V2,18,5,75,15,120.76388627361906,66.7521194506903,157.0472599300437,5.092097537881045,759.6355385375083,5000.0,5000.0,6.44,4.0,0.0,0.0,0.03635113446672521,0.0362130200010142
COCO-BBOB,V2,18,10,75,15,146.94599403386707,78.6138483847901,157.74427501328736,28.921500473942544,686.7829645993797,10000.0,10000.0,7.8533333333333335,5.0,0.0,0.0,0.10400401021329643,0.1035704229998373
COCO-BBOB,V2,18,20,75,15,427.38333546999786,308.2904604847347,359.84085046443755,53.93852628346643,1900.4107699995725,20000.0,20000.0,14.266666666666667,4.0,0.0,0.0,0.32872116977353777,0.3275995290023274
COCO-BBOB,V2,18,40,75,15,571.4390950694794,392.7715323580324,487.82603228095314,90.00880775239018,2544.3437217680143,40000.0,40000.0,4.1066666666666665,3.0,0.0,0.0,1.1642224886797583,1.1624181129991484
COCO-BBOB,V2,19,2,75,15,11.00869278061014,4.61306337285572,15.087584007724674,0.0189519562895554,67.12588501706941,2000.0,2000.0,4.333333333333333,4.0,0.0,0.0,0.011041756666721338,0.0109788250010751
COCO-BBOB,V2,19,5,75,15,23.384164293720435,20.99351355635948,15.211364701782152,4.664379807329748,75.26983061615715,5000.0,5000.0,4.44,4.0,0.0,0.0,0.03433020371989789,0.034114486999897
COCO-BBOB,V2,19,10,75,15,53.93210902355283,42.198783069802616,33.39943818750105,11.552431706572603,153.03847432481462,10000.0,10000.0,6.973333333333334,5.0,0.0,0.0,0.0987827765467227,0.0984854859998449
COCO-BBOB,V2,19,20,75,15,111.17837753822033,99.88944522122716,41.87213362897723,39.73139595544572,225.02962742361024,20000.0,20000.0,9.4,7.0,0.0,0.0,0.3111252299732587,0.3103899099987757
COCO-BBOB,V2,19,40,75,15,203.09641750561036,197.21649136969123,55.336208291434055,100.34918119717346,332.2176764801772,40000.0,40000.0,10.093333333333334,9.0,0.0,0.0,1.0895101733998551,1.0880149200020242
COCO-BBOB,V2,20,2,75,15,2.2787243384633893,2.2169408405424638,0.8701033430446228,1.0878402547626536,3.993913503287532,2000.0,2000.0,13.453333333333333,15.0,0.0,0.0,0.012271462106630937,0.012206953999339
COCO-BBOB,V2,20,5,75,15,2.190279206804807,1.7042902307587724,2.1279387152329585,0.4905470110616079,15.636189748275228,5000.0,5000.0,21.88,22.0,0.0,0.0,0.03839987746667849,0.0381775730002118
COCO-BBOB,V2,20,10,75,15,2.510114298369363,2.4398740252786126,1.0151046117752816,0.8510501595961699,5.171223372938315,10000.0,10000.0,34.093333333333334,32.0,0.0,0.0,0.10884568838679111,0.1084043320006458
COCO-BBOB,V2,20,20,75,15,2.7896172727662867,2.893234360020415,0.9426757598555826,0.9016493645732452,4.66565623306073,20000.0,20000.0,43.38666666666666,42.0,0.0,0.0,0.33310880870645626,0.3320911959999648
COCO-BBOB,V2,20,40,75,15,2.9650311976539903,3.084299843788472,0.7365278220509874,1.3552538617045968,4.562506326352235,40000.0,40000.0,55.626666666666665,53.0,0.0,0.0,1.1359512694263927,1.1337474399988423
COCO-BBOB,V2,21,2,75,15,4.153012985145245,2.4687381345869,3.9684505109459045,2.1108933045965728e-08,19.73807304570448,2000.0,2000.0,12.973333333333333,9.0,0.0,0.0,0.01244369964011028,0.0122066189996985
COCO-BBOB,V2,21,5,75,15,13.343483149957985,8.207136853038566,13.03527156016738,4.490242417887203e-07,58.85397837168024,5000.0,5000.0,39.93333333333333,29.0,0.0,0.0,0.03815745416005176,0.0380554700004722
COCO-BBOB,V2,21,10,75,15,16.535432958636534,9.082783495584138,18.81871641670265,1.7880607856568531e-06,67.82209960394678,10000.0,10000.0,47.36,39.0,0.0,0.0,0.10938595626648744,0.1087939499993808
COCO-BBOB,V2,21,20,75,15,19.908451064605444,9.935027318396024,18.878753131952198,5.549368339075045e-06,69.61686220227247,20000.0,20000.0,59.04,49.0,0.0,0.0,0.33236609699990366,0.331905597999139
COCO-BBOB,V2,21,40,75,15,25.19653824121071,20.529827037359524,21.041390558163233,1.2490955617121209,71.44279748555914,40000.0,40000.0,66.01333333333334,60.0,0.0,0.0,1.145762182266626,1.1476517570008582
COCO-BBOB,V2,22,2,75,15,9.731389628905633,5.081329499026715,13.014201319864217,3.116000869951563e-05,63.19764894373941,2000.0,2000.0,15.626666666666667,12.0,0.0,0.0,0.011387490173365168,0.0112190389991155
COCO-BBOB,V2,22,5,75,15,15.145374189869745,10.211644148079984,15.349127989336612,0.004048778014777,69.51615002954023,5000.0,5000.0,38.48,29.0,0.0,0.0,0.03562444299997874,0.0353336700009094
COCO-BBOB,V2,22,10,75,15,21.393924403441112,10.881526153083769,23.52622323980834,0.0185932009034033,73.26352837172625,10000.0,10000.0,53.88,39.0,0.0,0.0,0.10203407778676285,0.100247610000224
COCO-BBOB,V2,22,20,75,15,18.834810439945024,7.278244141037021,21.485922795369273,0.6923301215363722,69.48917084968136,20000.0,20000.0,54.45333333333333,50.0,0.0,0.0,0.31135295699985965,0.3105720029998338
COCO-BBOB,V2,22,40,75,15,18.11621327617004,11.127175745056803,21.272076034759312,0.693327568218649,72.73934161943839,40000.0,40000.0,64.86666666666666,60.0,0.0,0.0,1.087039711480126,1.0851395379977475
COCO-BBOB,V2,23,2,75,15,7.37518809003423,6.428668853857992,4.551955445644465,1.48986820574103,24.469806617910443,2000.0,2000.0,3.32,3.0,0.0,0.0,0.012463032706679419,0.0123364339997351
COCO-BBOB,V2,23,5,75,15,6.264348051609169,5.8868095527179065,3.253956147278589,1.530291762705275,15.830184936553302,5000.0,5000.0,2.9466666666666668,3.0,0.0,0.0,0.044628694000033005,0.0443463459996564
COCO-BBOB,V2,23,10,75,15,5.095422942002936,4.808142434261645,2.6085198090109185,1.2873468619226722,10.856054306826366,10000.0,10000.0,4.546666666666667,4.0,0.0,0.0,0.13887982358695197,0.137114934001147
COCO-BBOB,V2,23,20,75,15,7.008677830619205,6.893761123625211,2.594075905807172,1.73339024452752,14.036342750714075,20000.0,20000.0,4.306666666666667,4.0,0.0,0.0,0.4590996524798296,0.4579497359991364
COCO-BBOB,V2,23,40,75,15,8.42393107647845,8.699329616042426,2.3345364827348822,1.9192982391214457,15.167640647559736,40000.0,40000.0,4.306666666666667,4.0,0.0,0.0,1.6643756490132848,1.663455118999991
COCO-BBOB,V2,24,2,75,15,17.344972803515056,14.728833448828183,10.964180248194786,2.8949154187889548,54.04734359094975,2000.0,2000.0,3.08,3.0,0.0,0.0,0.010807081306605393,0.010771614000987
COCO-BBOB,V2,24,5,75,15,95.27524972242423,93.5340348894343,28.19099125523953,16.202943926420012,159.76933836253397,5000.0,5000.0,3.0,3.0,0.0,0.0,0.03454740629325286,0.0345672120001836
COCO-BBOB,V2,24,10,75,15,342.87731224747665,317.44216279057946,92.9239663425124,175.90615842953397,577.8510360560862,10000.0,10000.0,3.8,3.0,0.0,0.0,0.10077274718666251,0.0994199529995967
COCO-BBOB,V2,24,20,75,15,1083.1022411994038,1091.0818365074683,182.92312812771448,625.9150470876982,1482.400907772446,20000.0,20000.0,3.6666666666666665,2.0,0.0,0.0,0.3187381684934371,0.3161881209998682
COCO-BBOB,V2,24,40,75,15,3119.6413157555926,3060.9835664843754,313.82990647021967,2473.391317920157,3736.2916043275145,40000.0,40000.0,3.2533333333333334,2.0,0.0,0.0,1.1369507779601553,1.132636680998985
COCO-BBOB,V3,1,2,75,15,7.996606075266754e-07,2.0648371901188508e-11,3.7415938369158167e-06,1.2434497875801753e-12,2.1224376141049103e-05,2000.0,2000.0,61.693333333333335,59.0,0.0,0.0,0.013831294599998075,0.0135981110015563
COCO-BBOB,V3,1,5,75,15,0.0002863845740882373,0.0001851825765015,0.00027495639744634995,1.1701939456543188e-05,0.001520202544885,5000.0,5000.0,132.66666666666666,147.0,0.0,0.0,0.04011759060005711,0.0389478239994787
COCO-BBOB,V3,1,10,75,15,0.0009636188200326533,0.0008435542062059,0.0006634611645174746,5.031973137192836e-05,0.0029727314499155,10000.0,10000.0,163.0,160.0,0.0,0.0,0.10155959484004896,0.1013371139997616
COCO-BBOB,V3,1,20,75,15,0.0021366566989600246,0.0021226181839324,0.0010612617343192837,3.6958270683840055e-05,0.0045673400683483,20000.0,20000.0,186.13333333333333,168.0,0.0,0.0,0.31869052155995936,0.3185398589994292
COCO-BBOB,V3,1,40,75,15,0.005265585651196472,0.0052182879977635,0.0023817969856015377,0.0003650206802632,0.014906001596401,40000.0,40000.0,202.69333333333333,198.0,0.0,0.0,1.0541348639334318,1.050775720999809
COCO-BBOB,V3,2,2,75,15,7.120614492564411,0.0009927683528019,24.801604463214623,7.16022896085633e-07,171.30439385752229,2000.0,2000.0,103.48,110.0,0.0,0.0,0.014490049413410165,0.0143926340006146
COCO-BBOB,V3,2,5,75,15,16.632538592779294,5.544617955978978,25.58630344682314,0.2538730306012411,113.56776509120314,5000.0,5000.0,196.98666666666668,205.0,0.0,0.0,0.041349917400051055,0.0411458759990637
COCO-BBOB,V3,2,10,75,15,57.182777147640955,45.82905616098242,47.967017377913514,3.748375649183913,255.03323236808535,10000.0,10000.0,274.53333333333336,281.0,0.0,0.0,0.11022735154663674,0.108909210001002
COCO-BBOB,V3,2,20,75,15,146.22487438276573,104.05469143843264,141.4086424101418,3.8294101676336254,666.3337495960798,20000.0,20000.0,328.76,336.0,0.0,0.0,0.3433297011335283,0.3420216150007036
COCO-BBOB,V3,2,40,75,15,283.514100930586,220.98874696676936,209.09781191152248,14.191323876705098,918.2231695670488,40000.0,40000.0,373.73333333333335,374.0,0.0,0.0,1.1458500188797673,1.143166833997384
COCO-BBOB,V3,3,2,75,15,97.37424892020148,73.17158682287243,95.37243758820868,1.9899181161570996,347.1928968965512,2000.0,2000.0,79.44,89.0,0.0,0.0,0.014555238053435409,0.0142867310005385
COCO-BBOB,V3,3,5,75,15,263.7191004383434,236.8805548134953,153.3186875576095,43.90159625032778,799.8727094774225,5000.0,5000.0,123.66666666666667,114.0,0.0,0.0,0.04253842520010944,0.0420921120003185
COCO-BBOB,V3,3,10,75,15,638.7417372330049,639.922246035052,249.17061357575233,182.8425950783617,1285.4008320049024,10000.0,10000.0,140.82666666666665,122.0,0.0,0.0,0.11135470695990075,0.1112625410005421
COCO-BBOB,V3,3,20,75,15,1730.0922815776169,1669.05436911714,461.23231403004735,982.9532690986232,2973.762444594607,20000.0,20000.0,139.2,125.0,0.0,0.0,0.3508867442932387,0.349024997001834
COCO-BBOB,V3,3,40,75,15,3880.428514669806,3920.843236081287,883.7658528892619,2125.6657088726124,5642.503332405959,40000.0,40000.0,147.10666666666665,142.0,0.0,0.0,1.1729502391333033,1.1723834590011393
COCO-BBOB,V3,4,2,75,15,95.62462871559046,71.636922762058,89.59803288165179,1.990803975043036,351.1894310813743,2000.0,2000.0,79.56,90.0,0.0,0.0,0.014363389906769296,0.0141351929996744
COCO-BBOB,V3,4,5,75,15,376.57350059784466,343.24538807894265,157.93238410851382,101.57060180955736,799.9037106570667,5000.0,5000.0,112.86666666666666,119.0,0.0,0.0,0.04150387700004401,0.0413236310014326
COCO-BBOB,V3,4,10,75,15,828.9791878312708,814.2625766322642,300.75937548400464,224.05871315379724,1669.41778476841,10000.0,10000.0,131.05333333333334,115.0,0.0,0.0,0.11098189283994235,0.1099567060009576
COCO-BBOB,V3,4,20,75,15,2242.2898007802223,2155.7527504655754,457.1111871595146,1339.371863473198,3387.412921037116,20000.0,20000.0,152.05333333333334,137.0,0.0,0.0,0.3440520942667111,0.3430208079989825
COCO-BBOB,V3,4,40,75,15,5283.150413838896,5267.4361560348525,550.5077910082127,4044.2378112008455,6337.088202135061,40000.0,40000.0,130.86666666666667,113.0,0.0,0.0,1.1682323443201312,1.1691671419976046
COCO-BBOB,V3,5,2,75,15,0.023230730525982252,0.0114327962874085,0.039357429790362074,2.7143425672448984e-05,0.1720035377825652,2000.0,2000.0,64.98666666666666,64.0,0.0,0.0,0.014437855039941452,0.0142728989994793
COCO-BBOB,V3,5,5,75,15,0.033877864004254236,0.0243621660949884,0.03444967579453979,4.843102794893639e-05,0.1766874636025903,5000.0,5000.0,131.32,128.0,0.0,0.0,0.04242332522650632,0.041947245999836
COCO-BBOB,V3,5,10,75,15,0.09389518106958197,0.073597545989088,0.06941681966385216,0.0023871376328088,0.3408030034450213,10000.0,10000.0,162.64,157.0,0.0,0.0,0.11056737017335153,0.110176569000032
COCO-BBOB,V3,5,20,75,15,0.37147351474780926,0.354536034470108,0.1838381465085485,0.074039849462224,0.8175463304908277,20000.0,20000.0,170.96,162.0,0.0,0.0,0.32899315245328276,0.3279610030003823
COCO-BBOB,V3,5,40,75,15,1.0223760013252574,1.0859290723741175,0.40727408799185993,0.1880355381706806,1.825745560683849,40000.0,40000.0,172.72,160.0,0.0,0.0,1.089977324026695,1.09001565500148
COCO-BBOB,V3,6,2,75,15,1.7307691533179548,0.0009977765707986,7.010448815697871,5.962945692772337e-09,45.62209233947806,2000.0,2000.0,104.02666666666667,105.0,0.0,0.0,0.014134519013386988,0.014071192999836
COCO-BBOB,V3,6,5,75,15,4.9348761675023,0.1561263012454965,13.320984479411806,0.0037441934198743,81.2908236494367,5000.0,5000.0,198.38666666666666,203.0,0.0,0.0,0.040585480813315325,0.0403026830008457
COCO-BBOB,V3,6,10,75,15,9.637567234327964,0.4779673344715149,22.517307225796834,0.0248205943931338,130.56898317623097,10000.0,10000.0,269.25333333333333,275.0,0.0,0.0,0.10696249033334117,0.1064929880012641
COCO-BBOB,V3,6,20,75,15,8.335743045352869,1.4762313619557688,15.137899593551277,0.134073852125514,84.93765241524756,20000.0,20000.0,323.32,335.0,0.0,0.0,0.3189300452798488,0.3168698269982997
COCO-BBOB,V3,6,40,75,15,45.409644005353705,17.17119025288389,81.52037441014494,0.3952527000743941,481.1231456389851,40000.0,40000.0,369.37333333333333,379.0,0.0,0.0,1.0827713674664847,1.085292203002609
COCO-BBOB,V3,7,2,75,15,504.20543330864206,145.3828957781659,799.966236555238,1.9798728268441577,4166.665137109374,2000.0,2000.0,0.9333333333333333,1.0,0.0,0.0,0.013827638346677556,0.0135771440000098
COCO-BBOB,V3,7,5,75,15,604.1457766883506,439.94615581226935,582.5676182775811,11.837885905139046,3656.031860439138,5000.0,5000.0,1.3066666666666666,1.0,0.0,0.0,0.04030384211999864,0.0398174570000264
COCO-BBOB,V3,7,10,75,15,1267.127420400163,1082.3852366652893,728.5900811368482,252.94549159671053,3992.7137405232265,10000.0,10000.0,2.1866666666666665,2.0,0.0,0.0,0.1044466973200178,0.103404863999458
COCO-BBOB,V3,7,20,75,15,4491.930380066186,3811.410902772858,2141.6591467349044,1817.5556955190548,10796.097987073264,20000.0,20000.0,3.2,2.0,0.0,0.0,0.32697464454671715,0.3257227579997561
COCO-BBOB,V3,7,40,75,15,7956.458903871911,7828.141712266835,2204.8583985626974,4138.797969990451,14812.701835482214,40000.0,40000.0,4.093333333333334,4.0,0.0,0.0,1.1376452031332882,1.130644035001751
COCO-BBOB,V3,8,2,75,15,1.4122881502361928,0.2732724320956237,2.742977788990816,0.0003903817172989,10.070371241756677,2000.0,2000.0,116.53333333333333,119.0,0.0,0.0,0.014362016853483463,0.014064123000935
COCO-BBOB,V3,8,5,75,15,2.7948284814019857,2.5523011186334497,1.0896934608331845,0.3530134461726177,4.66944684497539,5000.0,5000.0,175.56,196.0,0.0,0.0,0.03999136891996988,0.0395581459997629
COCO-BBOB,V3,8,10,75,15,7.898624223959746,7.946228891073737,0.9402349949328594,5.396881957436648,9.624550425946715,10000.0,10000.0,204.32,207.0,0.0,0.0,0.10423957449330673,0.1042735330011055
COCO-BBOB,V3,8,20,75,15,17.956498514159204,17.912468840251904,0.8241931418703413,15.141527869179129,19.67353924145194,20000.0,20000.0,212.93333333333334,208.0,0.0,0.0,0.3134786379998452,0.3135039840017271
COCO-BBOB,V3,8,40,75,15,37.96931976429885,37.847673152191874,0.8791096390622528,35.797586941291684,39.90082686703482,40000.0,40000.0,217.78666666666666,197.0,0.0,0.0,1.064077515680013,1.063429557998461
COCO-BBOB,V3,9,2,75,15,1.0476255261707728,0.1018753835704586,2.25300321638171,8.672197893133671e-07,10.780687366255648,2000.0,2000.0,116.18666666666667,120.0,0.0,0.0,0.014026447906532319,0.0139126009999017
COCO-BBOB,V3,9,5,75,15,7.0880541159232715,2.897639660287723,20.96783009048921,0.0183868182293451,119.30599059182282,5000.0,5000.0,163.94666666666666,181.0,0.0,0.0,0.03953373714667876,0.0392985210000915
COCO-BBOB,V3,9,10,75,15,15.893200634822252,8.12521547975362,27.735554773445692,0.7830098240870269,135.45669575513932,10000.0,10000.0,185.30666666666667,188.0,0.0,0.0,0.10314575842668997,0.1024637880000227
COCO-BBOB,V3,9,20,75,15,41.06278730430416,18.88245898545415,52.27331997505489,12.69138838278478,258.6010422283731,20000.0,20000.0,226.62666666666667,218.0,0.0,0.0,0.31024922650700315,0.3085615609998058
COCO-BBOB,V3,9,40,75,15,50.76832661566806,38.511182820744736,28.94302467503947,32.27835354632707,149.52601807393614,40000.0,40000.0,240.8,251.0,0.0,0.0,1.0653951161869433,1.0641785859988886
COCO-BBOB,V3,10,2,75,15,13.662296636440809,8.089992626588767,16.412516229801092,0.0001096315219939,73.15847134326862,2000.0,2000.0,61.18666666666667,70.0,0.0,0.0,0.014208939773428284,0.0140889059985056
COCO-BBOB,V3,10,5,75,15,2684.6751329866433,832.3325454331267,4308.025099151223,19.064441722940277,22646.224139392456,5000.0,5000.0,187.48,209.0,0.0,0.0,0.041864185186762624,0.0415997300005983
COCO-BBOB,V3,10,10,75,15,4799.958030710654,3831.0697375744967,3144.8028096392327,212.041562843264,14661.716528376526,10000.0,10000.0,238.73333333333332,274.0,0.0,0.0,0.110386139440064,0.1093485010005679
COCO-BBOB,V3,10,20,75,15,11912.048235695867,8895.162602308035,8508.579507406115,1335.266983039858,38566.8803229584,20000.0,20000.0,318.2,340.0,0.0,0.0,0.3541743822132897,0.3506774230008886
COCO-BBOB,V3,10,40,75,15,21312.648796297493,21145.71161504267,6462.088818531826,9974.088493048934,37983.56100359278,40000.0,40000.0,344.4533333333333,372.0,0.0,0.0,1.1697155841867788,1.1689408470010676
COCO-BBOB,V3,11,2,75,15,15.497511358663596,9.910023508210736,17.4021464076,0.0853825580059699,73.37550683055743,2000.0,2000.0,61.70666666666666,66.0,0.0,0.0,0.014187112506648752,0.014050589999897
COCO-BBOB,V3,11,5,75,15,54.845024643811534,47.37141117296608,35.82730484096901,5.226350586887644,185.12930067385315,5000.0,5000.0,143.61333333333334,168.0,0.0,0.0,0.04125451733355775,0.0410884450011508
COCO-BBOB,V3,11,10,75,15,124.7634610783398,124.971599627337,45.07411610486588,41.86350984336752,261.4522127989345,10000.0,10000.0,200.0,235.0,0.0,0.0,0.10936281374662937,0.108116785000675
COCO-BBOB,V3,11,20,75,15,328.2490229349232,331.33068092770856,88.80000093775129,161.5773928953321,579.7653474164475,20000.0,20000.0,239.06666666666666,288.0,0.0,0.0,0.3606327445600375,0.3598687550002069
COCO-BBOB,V3,11,40,75,15,796.6355090690623,825.346801775955,165.05555753505232,477.96404373147885,1161.938121978831,40000.0,40000.0,230.52,225.0,0.0,0.0,1.1575297590267049,1.1571044899974368
COCO-BBOB,V3,12,2,75,15,12.333488220689791,5.645468172045327,18.202799392161896,1.459387426905323e-06,86.80342741092521,2000.0,2000.0,76.32,87.0,0.0,0.0,0.014353420026745833,0.0141404460009653
COCO-BBOB,V3,12,5,75,15,196.52990147690062,73.76056344574829,440.3193062825484,0.1002603783347524,3148.921324863471,5000.0,5000.0,147.62666666666667,156.0,0.0,0.0,0.03955617701314617,0.0394467869991785
COCO-BBOB,V3,12,10,75,15,657.0680609206855,410.3437017158941,873.0182885641483,63.178280567657154,6235.01344244531,10000.0,10000.0,161.89333333333335,163.0,0.0,0.0,0.10507563214669059,0.1046298469991597
COCO-BBOB,V3,12,20,75,15,2250.909369374475,1947.4984178197933,1550.3868778844794,225.9725993064424,10569.081327705631,20000.0,20000.0,196.32,192.0,0.0,0.0,0.3289377291066921,0.3285301739997521
COCO-BBOB,V3,12,40,75,15,8061.586951329874,4799.967305896038,10542.783659648661,854.5316147631999,74081.0847927195,40000.0,40000.0,207.97333333333333,204.0,0.0,0.0,1.1075565019335287,1.1090690969977004
COCO-BBOB,V3,13,2,75,15,19.23021532700663,6.950439558376345,27.840976453068507,0.0031938656684644,156.14341244409292,2000.0,2000.0,33.733333333333334,25.0,0.0,0.0,0.01393669778677571,0.0137513789995864
COCO-BBOB,V3,13,5,75,15,13.455736215805558,9.358460810549843,14.905587808039279,0.3505191721102605,75.99593268987093,5000.0,5000.0,149.81333333333333,154.0,0.0,0.0,0.03975563775997818,0.0394767980014876
COCO-BBOB,V3,13,10,75,15,25.02162391776237,17.84528312720319,21.585531025341464,2.3654203290924443,102.8564826683666,10000.0,10000.0,186.74666666666667,182.0,0.0,0.0,0.10259942117333894,0.1014194520012097
COCO-BBOB,V3,13,20,75,15,25.764973337237674,25.02982450068947,12.232856200528943,8.850877688580361,56.39722821713147,20000.0,20000.0,201.16,191.0,0.0,0.0,0.31885625792017286,0.3191249319970666
COCO-BBOB,V3,13,40,75,15,23.05268376712381,20.003461037351457,10.423551035594812,12.231116338376893,64.26642597552154,40000.0,40000.0,230.88,224.0,0.0,0.0,1.0708904101733545,1.0671178310003595
COCO-BBOB,V3,14,2,75,15,0.001846290008068542,0.0014657541887288,0.0017912752248197533,2.588367699729588e-06,0.0101052570329684,2000.0,2000.0,104.29333333333334,114.0,0.0,0.0,0.013753938906665951,0.0136762849997467
COCO-BBOB,V3,14,5,75,15,0.005004427016544317,0.0044515858540563,0.0032188439369504338,0.0002643442183369,0.0144070291894422,5000.0,5000.0,190.74666666666667,199.0,0.0,0.0,0.03937319609341401,0.0391864709999936
COCO-BBOB,V3,14,10,75,15,0.009223196322321188,0.0086218711423526,0.004348836138098607,0.0023535977123501,0.025227572216707,10000.0,10000.0,221.30666666666667,226.0,0.0,0.0,0.10450511738657947,0.1043449270000564
COCO-BBOB,V3,14,20,75,15,0.013334997665542468,0.0130324363899632,0.0033117003955298488,0.0053945262253876,0.0210018669320533,20000.0,20000.0,239.13333333333333,242.0,0.0,0.0,0.3189008197198564,0.3167264299991075
COCO-BBOB,V3,14,40,75,15,0.018415017824726678,0.0183223092182203,0.003314184372129386,0.0110368207644953,0.0299791699452214,40000.0,40000.0,242.16,234.0,0.0,0.0,1.0851020698797946,1.0803838620013266
COCO-BBOB,V3,15,2,75,15,115.61013068869693,79.59489946230241,122.3285900208143,0.0003358250001497,559.0657583520409,2000.0,2000.0,84.50666666666666,92.0,0.0,0.0,0.014627234986595135,0.0144381700010853
COCO-BBOB,V3,15,5,75,15,290.2192235070623,236.96207928659015,265.27021237114565,34.15689784769614,1736.5701933127325,5000.0,5000.0,136.29333333333332,128.0,0.0,0.0,0.04202995762655817,0.0418229200004134
COCO-BBOB,V3,15,10,75,15,654.2857426993037,623.2688633042468,288.26540872417365,200.01343237519708,1415.4648302051808,10000.0,10000.0,155.01333333333332,141.0,0.0,0.0,0.11229290591984556,0.1121905319996585
COCO-BBOB,V3,15,20,75,15,1846.0350826314782,1715.2341933626403,788.3823836188566,210.52560183740087,4245.797225668127,20000.0,20000.0,181.65333333333334,179.0,0.0,0.0,0.3444265435468696,0.3425464030005969
COCO-BBOB,V3,15,40,75,15,3751.5502063108693,3868.743267154911,1894.2545319098936,771.105693811793,8637.403354069244,40000.0,40000.0,178.09333333333333,167.0,0.0,0.0,1.1918002764802562,1.1881810810009483
COCO-BBOB,V3,16,2,75,15,29.286709453333483,9.140929545893798,40.14134996504807,0.0004497749967811,198.8915146533577,2000.0,2000.0,10.786666666666667,10.0,0.0,0.0,0.01519920090679074,0.0148801340001227
COCO-BBOB,V3,16,5,75,15,31.82851052654459,28.14223200473833,18.96110041106805,0.8862137986323546,77.48906806861481,5000.0,5000.0,11.813333333333333,11.0,0.0,0.0,0.043458406373392745,0.043387679999796
COCO-BBOB,V3,16,10,75,15,45.84920441801125,41.61429821433639,24.942820785009793,6.804596017328066,113.97417820981052,10000.0,10000.0,13.746666666666666,14.0,0.0,0.0,0.12162429330666778,0.1209685639987583
COCO-BBOB,V3,16,20,75,15,45.60196340793851,42.70663652483418,15.442655335063794,19.30353483312885,90.4576767068577,20000.0,20000.0,16.226666666666667,17.0,0.0,0.0,0.38442889143955344,0.3841116329967917
COCO-BBOB,V3,16,40,75,15,46.313624065689694,48.06762153695854,11.479332904997293,16.425287451111103,67.10062050251852,40000.0,40000.0,20.64,20.0,0.0,0.0,1.3612839390531979,1.360080768998159
COCO-BBOB,V3,17,2,75,15,24.130927444780923,11.6295413302948,40.92785905053287,1.0255611552765913,276.5810775222536,2000.0,2000.0,13.16,13.0,0.0,0.0,0.014575781400004973,0.014229583000997
COCO-BBOB,V3,17,5,75,15,23.37764821729811,10.954902089285248,37.95244925645253,1.4267312058982782,246.29384332249384,5000.0,5000.0,161.58666666666667,181.0,0.0,0.0,0.04101798785333808,0.0408188059991516
COCO-BBOB,V3,17,10,75,15,27.004919443698892,14.675300572986316,29.39702717863199,6.201434608597559,139.4383948809538,10000.0,10000.0,204.04,224.0,0.0,0.0,0.1107273167866757,0.1102686880003602
COCO-BBOB,V3,17,20,75,15,88.35632946725619,62.14940811006097,80.00041996473674,9.544070094246202,453.76248337845135,20000.0,20000.0,183.58666666666667,173.0,0.0,0.0,0.3382240543602287,0.3369484760005434
COCO-BBOB,V3,17,40,75,15,117.64964752114085,77.48729821971887,108.68377140687296,16.012541318612392,479.6798588330223,40000.0,40000.0,171.4,141.0,0.0,0.0,1.166471216413241,1.165236904998892
COCO-BBOB,V3,18,2,75,15,202.03273463039898,88.3348251852392,368.5067153293248,1.025561163256306,2482.810052648987,2000.0,2000.0,13.16,12.0,0.0,0.0,0.014282354653405447,0.0141005109999241
COCO-BBOB,V3,18,5,75,15,90.97415281778086,52.38493814364893,112.18767823580323,7.80542318554356,564.0574916635543,5000.0,5000.0,145.50666666666666,138.0,0.0,0.0,0.04181285226666654,0.0415169699990656
COCO-BBOB,V3,18,10,75,15,115.48045798294845,62.0776614299005,129.6691909496942,27.043958015169423,648.0793028883696,10000.0,10000.0,196.08,231.0,0.0,0.0,0.11058388266683318,0.1098178170013852
COCO-BBOB,V3,18,20,75,15,349.45421785130765,255.8317103941049,317.75170800367323,37.36384244168407,1682.6209765616268,20000.0,20000.0,217.89333333333335,208.0,0.0,0.0,0.3373706396799146,0.3352597449993482
COCO-BBOB,V3,18,40,75,15,448.6691607663351,316.87655185466394,389.41405228994034,66.26820095352365,1933.5976895070496,40000.0,40000.0,143.36,128.0,0.0,0.0,1.1607296063998365,1.1570186099997954
COCO-BBOB,V3,19,2,75,15,13.951745106899258,4.766426906281353,18.632061964831173,0.0157076524019714,73.002808357086,2000.0,2000.0,6.093333333333334,6.0,0.0,0.0,0.014394642613115087,0.0143111020006472
COCO-BBOB,V3,19,5,75,15,26.215499549730524,22.047526452546208,16.712469191911083,4.402589847322618,74.03762797351874,5000.0,5000.0,19.16,13.0,0.0,0.0,0.03949765418677994,0.0393346609998843
COCO-BBOB,V3,19,10,75,15,63.42593583286575,51.51387075794772,40.67347320863649,11.24611062197834,182.19218103330044,10000.0,10000.0,13.346666666666666,10.0,0.0,0.0,0.10642032149339983,0.1055759390001185
COCO-BBOB,V3,19,20,75,15,126.79289287119464,119.27904637566957,48.09813680896391,38.15091929905645,256.8540805799006,20000.0,20000.0,9.933333333333334,7.0,0.0,0.0,0.3193369460799052,0.3177679549989989
COCO-BBOB,V3,19,40,75,15,201.87309913771153,205.3580265086777,58.871313997199906,41.05798210022488,330.6294748969852,40000.0,40000.0,15.4,10.0,0.0,0.0,1.0931065942264588,1.0868542309981422
COCO-BBOB,V3,20,2,75,15,1.761795652665631,1.712581296784208,0.8815063557902202,0.5922559070069155,3.555721497390323,2000.0,2000.0,95.26666666666667,106.0,0.0,0.0,0.015294921346527745,0.0152898769993043
COCO-BBOB,V3,20,5,75,15,1.7090691133286353,1.588652011941008,0.7274167340743267,0.7255080043212558,3.9403126610583854,5000.0,5000.0,160.4,176.0,0.0,0.0,0.04377174233345911,0.0433931930001563
COCO-BBOB,V3,20,10,75,15,1.7064147531681515,1.682240788561657,0.4791258886840429,0.5473552094019851,2.734171841790868,10000.0,10000.0,187.26666666666668,184.0,0.0,0.0,0.11476677588002829,0.1139708110022184
COCO-BBOB,V3,20,20,75,15,1.735834312035682,1.670392916666052,0.42716349103433365,0.7565785418064479,2.9020253676911807,20000.0,20000.0,215.0,203.0,0.0,0.0,0.33925597414645986,0.3370356740015268
COCO-BBOB,V3,20,40,75,15,1.7821437157299571,1.807408978576973,0.27636464787502185,1.0064956750057945,2.326069678814008,40000.0,40000.0,259.46666666666664,268.0,0.0,0.0,1.146597806866921,1.1477364960010163
COCO-BBOB,V3,21,2,75,15,3.654390759117228,2.119040388848667,3.8986431288764485,6.821210263296962e-13,20.981453351116983,2000.0,2000.0,101.86666666666666,113.0,0.0,0.0,0.01591655690666807,0.0154795210000884
COCO-BBOB,V3,21,5,75,15,13.33303580988426,7.397240568030384,13.210993463700323,4.6062165637295045e-08,58.852890350630986,5000.0,5000.0,158.13333333333333,180.0,0.0,0.0,0.043585823360068957,0.0434792260002723
COCO-BBOB,V3,21,10,75,15,16.611223139064844,9.082437743553571,18.598959045434796,1.142083192462451e-07,67.80389891487344,10000.0,10000.0,188.68,192.0,0.0,0.0,0.11798671026685037,0.1167064120018039
COCO-BBOB,V3,21,20,75,15,19.62853671693479,9.931389435116998,18.65475989353759,2.5649951709283414e-06,69.61551721298429,20000.0,20000.0,205.2,204.0,0.0,0.0,0.34082270695992817,0.33860313599871
COCO-BBOB,V3,21,40,75,15,25.18175272912958,20.524621307886733,21.03941831755051,1.2471829255879854,71.4414952556703,40000.0,40000.0,214.37333333333333,211.0,0.0,0.0,1.146940309413476,1.1408895360000315
COCO-BBOB,V3,22,2,75,15,6.807421383510139,2.5920602102584667,8.33965924215627,1.0686562745831908e-11,42.90722923295037,2000.0,2000.0,98.14666666666666,109.0,0.0,0.0,0.014645905239910108,0.0144968349995906
COCO-BBOB,V3,22,5,75,15,14.608495362483824,8.913797163967047,15.228564031366286,6.219268925633514e-06,69.54056651688336,5000.0,5000.0,165.69333333333333,186.0,0.0,0.0,0.040677819853177984,0.0404809680003381
COCO-BBOB,V3,22,10,75,15,20.836751852358216,7.486984091500972,23.50548346571916,0.0042380663808216,72.74022294198107,10000.0,10000.0,192.38666666666666,213.0,0.0,0.0,0.10742421948001715,0.1062511179989087
COCO-BBOB,V3,22,20,75,15,18.692642607991985,7.274186754177279,21.48160800617391,0.6928238108954474,69.48974941429404,20000.0,20000.0,210.13333333333333,197.0,0.0,0.0,0.31837173885321435,0.3176675920003617
COCO-BBOB,V3,22,40,75,15,18.0486173453424,11.126415763798974,21.257534654620198,0.6924440369315903,72.7395528575662,40000.0,40000.0,222.05333333333334,218.0,0.0,0.0,1.0945398681733058,1.0890345789994171
COCO-BBOB,V3,23,2,75,15,4.262572439990151,3.430495351908199,3.680422033335362,0.1356647864761839,20.47507491171204,2000.0,2000.0,8.68,8.0,0.0,0.0,0.015745043719919777,0.0155262089992902
COCO-BBOB,V3,23,5,75,15,3.0801411294396672,2.5893454659601502,2.0039045227003855,0.7092690275017617,13.540114825564942,5000.0,5000.0,12.906666666666666,9.0,0.0,0.0,0.0500151003600088,0.0495975649992033
COCO-BBOB,V3,23,10,75,15,2.8988672729367484,2.7231896124742434,1.544966461027137,0.581903002100006,9.29819248853505,10000.0,10000.0,14.76,13.0,0.0,0.0,0.14557019780001912,0.1449332830015919
COCO-BBOB,V3,23,20,75,15,2.920271220278605,2.724471056014494,1.4311266915016585,0.6910632295976313,8.100917162839352,20000.0,20000.0,19.333333333333332,14.0,0.0,0.0,0.4667925787598263,0.4655718670001079
COCO-BBOB,V3,23,40,75,15,3.169978751694729,3.1336248605416017,1.1647523830940323,1.1096544402844015,5.918882271697157,40000.0,40000.0,21.0,15.0,0.0,0.0,1.6704356790799648,1.6699358759979075
COCO-BBOB,V3,24,2,75,15,15.259513341411106,11.873617524624336,10.156794569417407,2.484861274381899,37.820593898416085,2000.0,2000.0,74.12,95.0,0.0,0.0,0.014173420573303341,0.0139241420001781
COCO-BBOB,V3,24,5,75,15,85.94506073530502,84.8908549197186,28.097903736690295,14.917773826202035,154.46093939912492,5000.0,5000.0,120.17333333333333,122.0,0.0,0.0,0.03998549364005152,0.0399141180005244
COCO-BBOB,V3,24,10,75,15,317.61162282750047,292.80646264634606,89.35646974897536,188.30024696408876,529.5827311310188,10000.0,10000.0,120.49333333333334,104.0,0.0,0.0,0.10751961168042418,0.1069027869998535
COCO-BBOB,V3,24,20,75,15,993.2724214284398,971.3499335679496,182.87273035611193,619.6561493235531,1418.1329514577897,20000.0,20000.0,145.0,123.0,0.0,0.0,0.3262989297735233,0.3252018890016188
COCO-BBOB,V3,24,40,75,15,2907.3896283952135,2841.908279178419,301.8286060712082,2212.012302070925,3511.262222269509,40000.0,40000.0,157.89333333333335,142.0,0.0,0.0,1.1338847948398325,1.1351632280020567
COCO-BBOB,V4,1,2,75,15,1.885123929520878e-05,3.178456609020941e-09,8.990119465381949e-05,3.0127011996228248e-12,0.0007155856724239,2000.0,2000.0,42.36,44.0,0.0,0.0,0.012435441746662591,0.0123507999996945
COCO-BBOB,V4,1,5,75,15,9.655673222784467e-05,1.4282243114394078e-05,0.00021713791188440266,2.6489033189136532e-11,0.0012178758243521,5000.0,5000.0,78.16,80.0,0.0,0.0,0.03765303509331711,0.0367435219995968
COCO-BBOB,V4,1,10,75,15,0.00022402792812544527,0.0001050369405959,0.00029592875898536044,8.06805644515407e-09,0.0012296024789293,10000.0,10000.0,107.65333333333334,115.0,0.12,0.0,0.09911338866668903,0.098089297000115
COCO-BBOB,V4,1,20,75,15,0.0006717852566054854,0.0003788523426706,0.0007986673299375904,2.43774707087141e-07,0.0032957577570869,20000.0,20000.0,133.34666666666666,147.0,0.22666666666666666,0.0,0.3128526807998423,0.3106850350013701
COCO-BBOB,V4,1,40,75,15,0.0015069194876769201,0.0006314874125905,0.0018298804406477215,3.3136478805317893e-06,0.0089111063406903,40000.0,40000.0,148.14666666666668,151.0,0.25333333333333335,0.0,1.0534113963868488,1.0506951409988687
COCO-BBOB,V4,2,2,75,15,76.65896422682079,42.21796985925248,84.70138230721771,5.349426146494807e-07,282.3416963930285,2000.0,2000.0,56.49333333333333,64.0,0.0,0.0,0.013142463653299833,0.0131177789990033
COCO-BBOB,V4,2,5,75,15,25.88272311455444,10.143438583020584,34.92264675528879,0.0123090911552878,136.24024104163027,5000.0,5000.0,101.12,103.0,0.0,0.0,0.03900236953336081,0.0386844889999338
COCO-BBOB,V4,2,10,75,15,37.45701920259079,28.51792788095699,47.607979857607006,2.490185307893455,379.0519865009536,10000.0,10000.0,140.41333333333333,141.0,0.0,0.0,0.10718366800009482,0.1067064109993225
COCO-BBOB,V4,2,20,75,15,256.76489135878313,73.1359316885422,1350.1950142889712,14.742850279830805,11770.067488937815,20000.0,20000.0,171.41333333333333,177.0,0.0,0.0,0.34154076367985303,0.3406764020000992
COCO-BBOB,V4,2,40,75,15,513.6889008304403,215.72617651416616,1416.9178564944216,45.70190285215261,11346.281680030055,40000.0,40000.0,194.01333333333332,197.0,0.013333333333333334,0.0,1.142965289413405,1.140063917999214
COCO-BBOB,V4,3,2,75,15,44.417905746793316,29.01936045022849,38.96963006304379,1.6728332925006058,169.53576895009937,2000.0,2000.0,21.88,13.0,0.6,1.0,0.013153514639974018,0.0131182969998917
COCO-BBOB,V4,3,5,75,15,140.4007054317339,110.21829281124889,109.3374382261721,20.3150783356054,636.5011216314808,5000.0,5000.0,28.30666666666667,27.0,1.0133333333333334,1.0,0.04086652046670977,0.0404639589996804
COCO-BBOB,V4,3,10,75,15,359.08978563740095,311.98697834090564,167.3777778330885,107.7483042007736,968.7334099181528,10000.0,10000.0,43.64,42.0,1.64,2.0,0.1094354137731473,0.1092529859997739
COCO-BBOB,V4,3,20,75,15,762.9468180468426,780.2560903018627,213.58883573484025,319.0447068307757,1515.5830187544316,20000.0,20000.0,66.38666666666667,67.0,1.92,2.0,0.34963988710650784,0.3496293829994101
COCO-BBOB,V4,3,40,75,15,1860.38594225857,1637.1763698960983,819.8427176320029,346.921588053915,5148.129479991808,40000.0,40000.0,86.84,84.0,1.6933333333333334,2.0,1.1753500257863196,1.1765650830020604
COCO-BBOB,V4,4,2,75,15,49.509999703910026,36.84286025612846,35.70055616404449,1.990969337284639,170.22323540436844,2000.0,2000.0,22.6,12.0,0.6133333333333333,1.0,0.013087150906721903,0.0129856650000874
COCO-BBOB,V4,4,5,75,15,127.34411943467036,96.51387344397398,81.07913126077695,19.19815789130587,348.3249869701517,5000.0,5000.0,32.70666666666666,32.0,0.9733333333333334,1.0,0.039951163613465374,0.0396156350016099
COCO-BBOB,V4,4,10,75,15,346.4015291239407,301.2398702071338,183.83769940443838,70.25601594100876,994.008890357957,10000.0,10000.0,45.53333333333333,43.0,1.5466666666666666,2.0,0.10916562694665718,0.1091447529997822
COCO-BBOB,V4,4,20,75,15,832.2467851076527,803.3180822939329,268.43960907385593,347.90155833713584,1979.327461842429,20000.0,20000.0,67.01333333333334,68.0,1.9466666666666668,2.0,0.3421193653332981,0.3406350240002211
COCO-BBOB,V4,4,40,75,15,2094.7024621200176,1531.736753392025,1454.6931479744292,653.198570064395,6052.42833737385,40000.0,40000.0,88.89333333333333,87.0,1.6266666666666667,2.0,1.1611532329068965,1.1591801850008778
COCO-BBOB,V4,5,2,75,15,0.5073143046691349,0.0337838227693794,1.1215205830666277,0.0045347018087795,3.58659133434646,2000.0,2000.0,53.32,49.0,0.0,0.0,0.012998344226774207,0.0128609969997341
COCO-BBOB,V4,5,5,75,15,0.24222897380123967,0.0810184980031181,0.7477271657172316,0.0011007745613795,4.7985895126882525,5000.0,5000.0,90.64,94.0,0.0,0.0,0.03963485346677766,0.0389325380001537
COCO-BBOB,V4,5,10,75,15,1.2005236065689182,0.1839960596346088,7.910765637677545,0.013023046603223,68.33377644055233,10000.0,10000.0,117.76,125.0,0.13333333333333333,0.0,0.10561113888004908,0.1047119920003751
COCO-BBOB,V4,5,20,75,15,0.6191598370055948,0.6541918632854617,0.2232690098876536,0.0383807389576986,1.0108478773694711,20000.0,20000.0,125.37333333333333,113.0,0.5066666666666667,1.0,0.3214792835200205,0.3201830350008094
COCO-BBOB,V4,5,40,75,15,1.6484167558005869,1.8667488800842165,0.7601349724169103,0.1353726037542628,4.796854269282108,40000.0,40000.0,142.73333333333332,128.0,0.6933333333333334,1.0,1.0786039406672352,1.0827488009999795
COCO-BBOB,V4,6,2,75,15,1.6794215989714387,0.0019766715451083,6.828347552675657,1.707974433884374e-06,45.63161534934261,2000.0,2000.0,47.013333333333335,46.0,0.0,0.0,0.01273904359996469,0.0125798389999545
COCO-BBOB,V4,6,5,75,15,8.044059692309196,0.3147935334210174,19.116241791959762,0.0046665019099521,109.02298570128926,5000.0,5000.0,95.94666666666667,97.0,0.06666666666666667,0.0,0.03820276656006167,0.0379917969985399
COCO-BBOB,V4,6,10,75,15,13.94086890104259,2.599174901838234,24.847635959938223,0.0155820677949662,108.0877859699815,10000.0,10000.0,127.8,133.0,0.2,0.0,0.10362524509332914,0.102828552999199
COCO-BBOB,V4,6,20,75,15,19.512299684731126,10.602839652006448,24.22456206515529,0.059926503715058,117.03439758404868,20000.0,20000.0,153.08,163.0,0.28,0.0,0.31777826785318514,0.3168260490019747
COCO-BBOB,V4,6,40,75,15,86.0877194662927,69.48115782160596,69.43419278915928,0.3901685543172561,304.1463109525886,40000.0,40000.0,151.76,145.0,0.7733333333333333,1.0,1.0846163334533534,1.0807103539991658
COCO-BBOB,V4,7,2,75,15,246.27611624545005,51.29746448068033,557.7536644389663,0.1012904525246227,3321.768073690584,2000.0,2000.0,2.4,2.0,1.0,1.0,0.012805778533341508,0.0126446340000256
COCO-BBOB,V4,7,5,75,15,204.5913752508793,130.63186268137446,199.05920128009328,7.23550020499647,917.7941602025294,5000.0,5000.0,7.213333333333333,6.0,1.9333333333333333,2.0,0.0381713598133501,0.0378485589990305
COCO-BBOB,V4,7,10,75,15,515.5548518558975,424.07099747211055,328.75841265004345,27.648211210141653,1473.4962760418905,10000.0,10000.0,14.946666666666667,13.0,2.0,2.0,0.10248534236003853,0.1017609450009331
COCO-BBOB,V4,7,20,75,15,1277.717812510593,1114.115121680925,792.9553866466254,72.34856542237674,4055.254058464487,20000.0,20000.0,29.826666666666668,25.0,2.493333333333333,2.0,0.32351831864027186,0.3204635420006525
COCO-BBOB,V4,7,40,75,15,2918.0014658046216,3018.4723922118787,1089.3962244797603,173.80294099775472,5154.237174371207,40000.0,40000.0,43.04,38.0,2.546666666666667,3.0,1.1355368962135495,1.132628161998582
COCO-BBOB,V4,8,2,75,15,1.6503342253842388,0.4053790651132658,2.8324970392484095,0.0003007698358707,10.630893544515128,2000.0,2000.0,50.81333333333333,52.0,0.0,0.0,0.012607552453312815,0.0126034049990266
COCO-BBOB,V4,8,5,75,15,4.498883522773576,2.6662587493594856,15.100512387075533,0.0488956943369913,133.17238131237423,5000.0,5000.0,100.50666666666666,100.0,0.0,0.0,0.03758210366664566,0.0373775629996089
COCO-BBOB,V4,8,10,75,15,7.782765231524974,7.68270055719077,0.9393550565781454,4.6923348425515,9.629992989847093,10000.0,10000.0,126.2,132.0,0.0,0.0,0.1003649872133246,0.1000198670008103
COCO-BBOB,V4,8,20,75,15,17.505679923724642,17.60732361133416,1.0905819653229933,13.941663563561178,19.54812001240484,20000.0,20000.0,149.84,155.0,0.04,0.0,0.3098019421199084,0.3077661489987804
COCO-BBOB,V4,8,40,75,15,37.52189088123809,37.62163807317217,1.063343881840958,33.63401179648008,39.44441629001875,40000.0,40000.0,168.12,175.0,0.013333333333333334,0.0,1.055962954120041,1.0524063450029644
COCO-BBOB,V4,9,2,75,15,1.3205256494742816,0.1833679450389889,2.4192326264337085,2.838732888932327e-05,10.778498801585188,2000.0,2000.0,52.0,54.0,0.0,0.0,0.012561923733349691,0.0124417210008687
COCO-BBOB,V4,9,5,75,15,7.836096679922359,3.4038000843891574,20.690285835329895,0.2448847376779213,120.37660647877556,5000.0,5000.0,96.42666666666666,99.0,0.0,0.0,0.03715925738649574,0.0368716430002677
COCO-BBOB,V4,9,10,75,15,15.598238047115226,8.337845365893834,28.05116309082623,0.9859563986307528,136.81219127484655,10000.0,10000.0,125.74666666666667,133.0,0.013333333333333334,0.0,0.10040857433319611,0.1005256759999611
COCO-BBOB,V4,9,20,75,15,48.23233990961419,19.247749613906045,61.261381861297,13.28737253519725,284.4699809290408,20000.0,20000.0,152.13333333333333,158.0,0.02666666666666667,0.0,0.3071403797599002,0.3058577890005836
COCO-BBOB,V4,9,40,75,15,48.65919033537343,38.56070821974495,25.844119389090977,31.85988181971185,149.95253617842343,40000.0,40000.0,172.86666666666667,176.0,0.013333333333333334,0.0,1.0645940057601062,1.065869992999069
COCO-BBOB,V4,10,2,75,15,13.529834168860313,7.683611813690732,16.208027277197854,0.0003112035513268,66.93491133661968,2000.0,2000.0,26.8,28.0,0.0,0.0,0.012838264813399237,0.0126728689992887
COCO-BBOB,V4,10,5,75,15,5465.132315890736,2123.2306112794927,7921.007904948601,66.60650668372796,40615.135257606766,5000.0,5000.0,98.4,104.0,0.08,0.0,0.0395117754132661,0.0393700889999308
COCO-BBOB,V4,10,10,75,15,12015.426522448826,7873.85125623705,13074.49064813182,282.029710094218,75190.56982379846,10000.0,10000.0,123.74666666666667,133.0,0.3333333333333333,0.0,0.10839114666666617,0.1078589249991637
COCO-BBOB,V4,10,20,75,15,43626.26198585806,28220.39621838381,45469.91772990811,4974.406596990237,227299.99502406208,20000.0,20000.0,136.37333333333333,126.0,0.72,1.0,0.35230358377317317,0.3479767210010323
COCO-BBOB,V4,10,40,75,15,102338.0219693209,101864.0766248055,39672.102600140075,26188.9631596675,218291.2375657804,40000.0,40000.0,147.14666666666668,145.0,0.92,1.0,1.1698907876930025,1.1675402600012603
COCO-BBOB,V4,11,2,75,15,15.55162738447911,10.560101405375493,17.255387299938533,0.1117333258566204,71.81039952189823,2000.0,2000.0,30.573333333333334,33.0,0.0,0.0,0.012827534959918264,0.0127722910001466
COCO-BBOB,V4,11,5,75,15,54.92193438259394,47.42649040449445,34.23973690505709,8.246133084886054,182.9905729692076,5000.0,5000.0,72.64,76.0,0.17333333333333334,0.0,0.039302579346767695,0.0389846409998426
COCO-BBOB,V4,11,10,75,15,119.71859220739707,111.8335922878722,45.654758396245725,41.94322207336239,262.00220923230864,10000.0,10000.0,109.01333333333334,113.0,0.2,0.0,0.1065478692266818,0.1053508770000917
COCO-BBOB,V4,11,20,75,15,290.9639776054618,285.5167109966109,88.86614517394607,84.06933311516453,586.827489965487,20000.0,20000.0,135.94666666666666,138.0,0.37333333333333335,0.0,0.3528265944531207,0.35013723800148
COCO-BBOB,V4,11,40,75,15,542.620401571675,515.5340724873107,163.19480841854696,299.12978618371386,945.0673559171258,40000.0,40000.0,130.04,134.0,0.8533333333333334,1.0,1.153469438959825,1.1518488410001737
COCO-BBOB,V4,12,2,75,15,33.56404043219777,9.23748196460292,60.51017666544599,0.0007784329823934,290.8885026844489,2000.0,2000.0,38.346666666666664,36.0,0.0,0.0,0.012813753679971899,0.0128125419996649
COCO-BBOB,V4,12,5,75,15,204.85406823932726,57.30044357396008,570.0712123845086,0.8636077659256216,3991.491804761468,5000.0,5000.0,90.4,95.0,0.0,0.0,0.0374077933333319,0.0373861600000964
COCO-BBOB,V4,12,10,75,15,457.5496057009751,277.7999724589868,939.4731655394307,16.670043858482245,8039.065036708333,10000.0,10000.0,113.56,124.0,0.09333333333333334,0.0,0.10221347612006255,0.1017178029997012
COCO-BBOB,V4,12,20,75,15,2430.956056430918,1058.8491440076632,4498.5159486570155,144.50131047155577,24528.07701336031,20000.0,20000.0,135.53333333333333,143.0,0.21333333333333335,0.0,0.3256817116800326,0.3267980839991651
COCO-BBOB,V4,12,40,75,15,5804.165855742333,3248.4629672846686,8545.77789288471,795.6578345852308,51843.73427786217,40000.0,40000.0,150.53333333333333,156.0,0.24,0.0,1.1078354370134185,1.106744296997931
COCO-BBOB,V4,13,2,75,15,20.54886885726977,6.411844024506422,30.741568126289955,0.0050450935541377,160.62672240262884,2000.0,2000.0,26.226666666666667,25.0,0.0,0.0,0.012641929386639536,0.0123847599988948
COCO-BBOB,V4,13,5,75,15,14.174800844036366,10.194239607006988,14.771278757044985,0.8433238251598141,65.13118559992338,5000.0,5000.0,94.25333333333333,97.0,0.0,0.0,0.03755522582658154,0.0372706739999557
COCO-BBOB,V4,13,10,75,15,24.644583887427967,17.587453668622743,21.771894588154737,3.140496189652808,108.3618337658608,10000.0,10000.0,126.84,132.0,0.05333333333333334,0.0,0.09929293345339825,0.0990798039983928
COCO-BBOB,V4,13,20,75,15,25.803094281088974,25.63043467717614,12.053540117936999,7.993828440658149,58.284955061699634,20000.0,20000.0,152.82666666666665,159.0,0.02666666666666667,0.0,0.3141520540534111,0.3121285590023035
COCO-BBOB,V4,13,40,75,15,23.023796813725305,21.53869605550653,8.838467707542552,9.296651114407894,50.4161531446409,40000.0,40000.0,173.61333333333334,177.0,0.013333333333333334,0.0,1.0635321408397673,1.0575466150003194
COCO-BBOB,V4,14,2,75,15,0.0016104902459288962,0.0004027329382267,0.0026024233538736626,1.614399280924772e-07,0.0158369082270866,2000.0,2000.0,39.666666666666664,39.0,0.0,0.0,0.01239832606680764,0.0123670909997599
COCO-BBOB,V4,14,5,75,15,0.005128628666305792,0.0036283504010157,0.003771517395726629,0.000625605037527,0.0165861263258904,5000.0,5000.0,97.0,99.0,0.0,0.0,0.03721649613318727,0.0370279519993346
COCO-BBOB,V4,14,10,75,15,0.008989588655191576,0.0083229267081037,0.0038085121247698026,0.0021810243037512,0.0199652425659451,10000.0,10000.0,129.18666666666667,134.0,0.0,0.0,0.10101316210675572,0.100602890999653
COCO-BBOB,V4,14,20,75,15,0.014383774842824873,0.0138956392222269,0.0031559109140120206,0.00797824722477,0.0236967668255942,20000.0,20000.0,157.6,160.0,0.0,0.0,0.31488963580035484,0.3118259199982276
COCO-BBOB,V4,14,40,75,15,0.01861325095860363,0.0187489375105371,0.0032419868996374545,0.0119794070923262,0.0262495673946432,40000.0,40000.0,174.88,179.0,0.0,0.0,1.0804066034400117,1.074732393000886
COCO-BBOB,V4,15,2,75,15,48.83217520308237,35.952592706674835,42.59874586430778,1.2022513828924278e-07,211.36465957203583,2000.0,2000.0,15.2,10.0,0.76,1.0,0.013816133919826775,0.0134589919998688
COCO-BBOB,V4,15,5,75,15,190.34845811953076,191.04304693904103,104.93590397733709,25.979864150011224,586.3321409970558,5000.0,5000.0,51.84,44.0,0.6,1.0,0.04044891563986307,0.0401655030000256
COCO-BBOB,V4,15,10,75,15,465.53947894498407,434.391497498997,191.2804732839919,191.4679687548457,1055.0624641736836,10000.0,10000.0,90.49333333333334,94.0,0.6666666666666666,0.0,0.11017850325333707,0.1101924320009857
COCO-BBOB,V4,15,20,75,15,1079.4537425090434,1022.1757829888068,349.71986506764307,514.4344525886888,2276.217481416098,20000.0,20000.0,117.53333333333333,116.0,0.7066666666666667,0.0,0.3435357756268058,0.3416446379997069
COCO-BBOB,V4,15,40,75,15,2025.8206210898347,1943.9444106872372,671.5684610699034,594.9840619145119,4641.340900221035,40000.0,40000.0,117.93333333333334,122.0,1.12,1.0,1.1999696982533108,1.19832767600019
COCO-BBOB,V4,16,2,75,15,25.27104182633429,10.969047800650912,36.82673851432286,0.000146935080437,221.48192753295115,2000.0,2000.0,8.986666666666666,9.0,0.12,0.0,0.013771105266666032,0.0135075849993882
COCO-BBOB,V4,16,5,75,15,20.590723474022944,17.355455809438922,16.488392378403862,0.5498128327621998,61.19231054803846,5000.0,5000.0,17.293333333333333,19.0,0.9866666666666667,1.0,0.041723843333335585,0.0415791129998979
COCO-BBOB,V4,16,10,75,15,24.37888322593354,21.904762559712594,13.32734877499939,4.554360789078032,68.56987305712552,10000.0,10000.0,24.253333333333334,22.0,1.1066666666666667,1.0,0.1212691290533257,0.1209084800011623
COCO-BBOB,V4,16,20,75,15,24.63595275417638,23.588974711000446,7.838395638219846,9.783806745681176,48.99424875861814,20000.0,20000.0,33.53333333333333,33.0,1.52,2.0,0.38916350408025513,0.3883288539982459
COCO-BBOB,V4,16,40,75,15,29.798720650213628,30.12647091751475,6.337119086178104,14.839101261218104,43.92412159466964,40000.0,40000.0,40.76,40.0,1.7866666666666666,2.0,1.3674658284667143,1.3669892949983478
COCO-BBOB,V4,17,2,75,15,16.057101947164423,9.558864817569711,24.00464278888264,0.742580906356352,161.47040738886383,2000.0,2000.0,9.786666666666667,9.0,0.5866666666666667,1.0,0.013324933759940854,0.0130750570006057
COCO-BBOB,V4,17,5,75,15,18.367488358850064,10.28331965550882,32.999231033215636,2.605805535066537,269.77234504475786,5000.0,5000.0,70.70666666666666,86.0,0.37333333333333335,0.0,0.03911146560004751,0.0388549299987062
COCO-BBOB,V4,17,10,75,15,26.003774863934975,13.622822442729614,30.24097329433262,6.197060500086124,140.2013009697755,10000.0,10000.0,96.85333333333334,111.0,0.49333333333333335,0.0,0.10721035127996094,0.1067365740000241
COCO-BBOB,V4,17,20,75,15,40.04477371175588,23.01579887802484,42.374916337217385,7.436901324673556,217.5692904254267,20000.0,20000.0,105.90666666666667,109.0,0.9866666666666667,1.0,0.33707594964012966,0.3341601399988576
COCO-BBOB,V4,17,40,75,15,30.757283493124376,22.916402446867284,26.955960358492305,8.507161671768358,168.58558751140333,40000.0,40000.0,95.32,85.0,1.6133333333333333,2.0,1.1685984823863933,1.1691822459979448
COCO-BBOB,V4,18,2,75,15,153.64355710608461,88.33482517792243,275.09313711741726,0.7425809044744369,2139.7399443500103,2000.0,2000.0,9.106666666666667,8.0,0.48,0.0,0.013120885306683046,0.0130121740003232
COCO-BBOB,V4,18,5,75,15,72.53601115082951,48.56045561802455,87.54473919270897,2.606067787571618,602.619874673494,5000.0,5000.0,57.946666666666665,66.0,0.56,0.0,0.039678444893531034,0.0397419790006097
COCO-BBOB,V4,18,10,75,15,81.35035720534636,59.08220697974208,72.75664944446879,10.049579561635836,524.2513398553909,10000.0,10000.0,95.89333333333333,114.0,0.5866666666666667,0.0,0.10823013890655901,0.1070743479995144
COCO-BBOB,V4,18,20,75,15,145.45406668932316,88.6817421907532,153.20221890804098,31.72968059102231,756.6087532728378,20000.0,20000.0,107.81333333333333,111.0,0.9333333333333333,1.0,0.3354699470001409,0.3358547399984672
COCO-BBOB,V4,18,40,75,15,117.76126951728688,92.49605135898024,89.89210070716992,33.74464622863741,672.4460285071004,40000.0,40000.0,82.32,75.0,1.7466666666666666,2.0,1.162478869319942,1.16130734699982
COCO-BBOB,V4,19,2,75,15,7.3993754444652495,3.736289946050306,10.158138798965158,0.0157076509358944,46.994670632186285,2000.0,2000.0,6.28,6.0,0.4266666666666667,0.0,0.013027236346630717,0.013028278001002
COCO-BBOB,V4,19,5,75,15,17.29393060671082,16.193503573019022,10.323406839385358,3.9972504001391016,62.87126470873085,5000.0,5000.0,17.386666666666667,13.0,0.8,1.0,0.03767695969349001,0.0373881159994198
COCO-BBOB,V4,19,10,75,15,31.32086971877974,27.301818954482588,15.162079415399088,9.235464665051698,71.18552891293007,10000.0,10000.0,20.773333333333333,18.0,1.4266666666666667,1.0,0.10361231877318153,0.1030055299997911
COCO-BBOB,V4,19,20,75,15,39.157458875303504,37.67956953772399,12.421995678052012,19.589195644541803,86.95132231503453,20000.0,20000.0,24.413333333333334,22.0,1.7066666666666668,2.0,0.31545727797318246,0.3134841380015132
COCO-BBOB,V4,19,40,75,15,42.9604868113469,44.80315740639367,13.121950855920401,19.754155546735007,73.01213267696005,40000.0,40000.0,34.413333333333334,31.0,1.88,2.0,1.0947230450269612,1.0931200180020824
COCO-BBOB,V4,20,2,75,15,1.9607152056578854,1.7125814205867869,0.9699571048051814,1.8102985908541317e-05,4.430318006578105,2000.0,2000.0,39.57333333333333,46.0,0.14666666666666667,0.0,0.013921044066785975,0.0137870510006905
COCO-BBOB,V4,20,5,75,15,1.4299262967415023,1.3832418119024794,0.6581547294072346,0.4763051650863588,3.869791592189793,5000.0,5000.0,84.12,92.0,0.24,0.0,0.04166666233320328,0.0411959490011213
COCO-BBOB,V4,20,10,75,15,1.469926035868362,1.4382335616203197,0.37105399383561577,0.7267322162993821,2.343531076569377,10000.0,10000.0,104.34666666666666,115.0,0.4266666666666667,0.0,0.11262250374672775,0.1119189740020374
COCO-BBOB,V4,20,20,75,15,1.530327078752398,1.53153829183762,0.3655028581343536,0.6985124580617139,2.4434847651939644,20000.0,20000.0,117.33333333333333,109.0,0.64,1.0,0.33711309955974383,0.3354049629997462
COCO-BBOB,V4,20,40,75,15,1.5980377973677253,1.5846375657698673,0.2865919413571462,0.8696112345548954,2.4166996943863666,40000.0,40000.0,137.26666666666668,125.0,0.5333333333333333,1.0,1.1482272291333842,1.146152451998205
COCO-BBOB,V4,21,2,75,15,3.2114917643034677,2.0436855743720344,3.032157011074109,8.07576228112339e-13,14.328012128756594,2000.0,2000.0,41.28,48.0,0.14666666666666667,0.0,0.014332259813357518,0.0138779579992842
COCO-BBOB,V4,21,5,75,15,12.39741760839914,7.594046577930968,12.629212269588974,1.2067857824149542e-09,58.852639387635904,5000.0,5000.0,93.30666666666667,98.0,0.06666666666666667,0.0,0.0414827092266447,0.0412632730003679
COCO-BBOB,V4,21,10,75,15,15.615121588505744,8.409065966690491,18.933465669364114,2.823336444635061e-07,67.80072632594289,10000.0,10000.0,119.61333333333333,129.0,0.13333333333333333,0.0,0.11401233331945448,0.1123531960001855
COCO-BBOB,V4,21,20,75,15,17.741323867365804,9.08078675971855,17.967283374319994,2.9841191917512333e-06,69.61643773559832,20000.0,20000.0,141.34666666666666,154.0,0.18666666666666668,0.0,0.33671527976019805,0.3329147339973133
COCO-BBOB,V4,21,40,75,15,19.59707138512831,12.194441927955609,19.532148474454836,0.0043044491186279,71.44170518337296,40000.0,40000.0,155.6,161.0,0.24,0.0,1.149966690186799,1.147946454002522
COCO-BBOB,V4,22,2,75,15,6.427259994870153,3.228549035677215,7.228384389346638,8.425260489275388e-11,25.47735780748107,2000.0,2000.0,45.85333333333333,49.0,0.08,0.0,0.01317270849341483,0.0128808959998423
COCO-BBOB,V4,22,5,75,15,14.711427636660558,8.837820640119958,15.275013801461828,0.0001045183789187,69.51315635273252,5000.0,5000.0,93.69333333333333,101.0,0.04,0.0,0.03850327453335917,0.0381742749996192
COCO-BBOB,V4,22,10,75,15,19.219262395497086,8.747657756949366,21.61016968253086,0.0646866719113958,72.73906261616446,10000.0,10000.0,115.86666666666666,125.0,0.17333333333333334,0.0,0.10535804850684748,0.1043199129999266
COCO-BBOB,V4,22,20,75,15,16.845704881098,7.273141153934283,21.24541216982979,0.6922361305541358,69.48909113680247,20000.0,20000.0,129.69333333333333,129.0,0.37333333333333335,0.0,0.3162711441334977,0.314306537999073
COCO-BBOB,V4,22,40,75,15,14.741542697992111,7.274240587890986,18.547079008661377,0.6922659747206694,72.73946315805642,40000.0,40000.0,153.85333333333332,166.0,0.29333333333333333,0.0,1.088014832760285,1.085217529998772
COCO-BBOB,V4,23,2,75,15,5.938970612173494,4.596717312351629,5.35619877509469,0.2897967390036342,28.67100556337229,2000.0,2000.0,6.96,7.0,0.30666666666666664,0.0,0.014500431266642355,0.0142729979997966
COCO-BBOB,V4,23,5,75,15,3.5131286936282815,2.991070970940541,2.1420786705192922,0.5302507280780162,10.514951644167825,5000.0,5000.0,15.613333333333333,13.0,0.8666666666666667,1.0,0.04789975717333917,0.0474876749995019
COCO-BBOB,V4,23,10,75,15,2.5175083500367377,2.001658732958589,1.4308249756357503,0.7617527738252008,7.478938135951495,10000.0,10000.0,21.453333333333333,17.0,1.3733333333333333,1.0,0.14351691954652773,0.1430718770025123
COCO-BBOB,V4,23,20,75,15,2.5078169695204546,2.113048442102425,1.3019206118403872,0.690774285364661,8.03067466270852,20000.0,20000.0,28.666666666666668,24.0,1.72,2.0,0.46431943416037635,0.4624014330001955
COCO-BBOB,V4,23,40,75,15,3.336353844654043,2.7551228624997464,1.617894584737599,1.357724238937294,8.058424353091716,40000.0,40000.0,34.666666666666664,29.0,1.84,2.0,1.6658038275065579,1.6645063559990376
COCO-BBOB,V4,24,2,75,15,13.560793446455456,11.483120633591769,7.893315715458087,2.299709721834951,33.67305788271574,2000.0,2000.0,22.613333333333333,10.0,0.4666666666666667,0.0,0.01278802089342202,0.0126789559999451
COCO-BBOB,V4,24,5,75,15,85.18155550431143,86.9977139836595,27.00477614063427,15.370483998840832,149.90058113641243,5000.0,5000.0,54.053333333333335,64.0,0.5466666666666666,0.0,0.037734135093341996,0.0375392170008126
COCO-BBOB,V4,24,10,75,15,288.08279959826257,261.8601216777977,89.48729413460545,144.18270490088952,508.39941792446575,10000.0,10000.0,87.01333333333334,89.0,0.4,0.0,0.10508706710665133,0.1040913249998993
COCO-BBOB,V4,24,20,75,15,742.3640837617637,696.437213206615,194.68138360375008,405.9236210981648,1400.214447402099,20000.0,20000.0,97.46666666666667,100.0,0.88,1.0,0.3221805121999932,0.3203740830031165
COCO-BBOB,V4,24,40,75,15,1527.0905021301462,1462.227609718998,453.5545011482569,972.836552279429,3211.9962950576883,40000.0,40000.0,75.92,72.0,1.7066666666666668,1.0,1.1378532203597327,1.1385939169995254
