suite,version,version_description,function_id,function_name,category,dimension,run_id,configuration_type,FE_budget_max,fe_used,best_f,f_opt,error,n_accept,n_reloc,wall_time_sec,status
CEC2014,V0,Pure directional sensing,1,CEC2014-F1,Unimodal,30,0,deterministic,300000,300000,157755564.80407307,100.0,157755464.80407307,185,0,7.3208219920052215,ok
CEC2014,V1,V0 + adaptive step regulation,1,CEC2014-F1,Unimodal,30,0,deterministic,300000,300000,14096658.863631988,100.0,14096558.863631988,503,0,7.407585310000286,ok
CEC2014,V2,V1 + long-range sensing,1,CEC2014-F1,Unimodal,30,0,deterministic,300000,300000,68991557.94051437,100.0,68991457.94051437,132,0,7.633675666002091,ok
CEC2014,V3,V2 + memory fusion,1,CEC2014-F1,Unimodal,30,0,deterministic,300000,300000,9677591.072471233,100.0,9677491.072471233,454,0,7.354688241000986,ok
CEC2014,V4,Full DMGSO with relocation and policy-like gating,1,CEC2014-F1,Unimodal,30,0,deterministic,300000,300000,2364425.602610498,100.0,2364325.602610498,1786,2,7.490297193995502,ok
CEC2014,V0,Pure directional sensing,1,CEC2014-F1,Unimodal,30,1,deterministic,300000,300000,151915886.2418321,100.0,151915786.2418321,174,0,7.157152227002371,ok
CEC2014,V1,V0 + adaptive step regulation,1,CEC2014-F1,Unimodal,30,1,deterministic,300000,300000,12812373.261237793,100.0,12812273.261237793,496,0,7.070982388002449,ok
CEC2014,V2,V1 + long-range sensing,1,CEC2014-F1,Unimodal,30,1,deterministic,300000,300000,58122491.003174685,100.0,58122391.003174685,139,0,7.106250552998972,ok
CEC2014,V3,V2 + memory fusion,1,CEC2014-F1,Unimodal,30,1,deterministic,300000,300000,8248005.023993912,100.0,8247905.023993912,845,0,7.532240166001429,ok
CEC2014,V4,Full DMGSO with relocation and policy-like gating,1,CEC2014-F1,Unimodal,30,1,deterministic,300000,300000,10107340.805521982,100.0,10107240.805521982,1606,4,7.32984142100031,ok
CEC2014,V0,Pure directional sensing,1,CEC2014-F1,Unimodal,30,2,deterministic,300000,300000,157686008.87116084,100.0,157685908.87116084,176,0,7.4142836179962615,ok
CEC2014,V1,V0 + adaptive step regulation,1,CEC2014-F1,Unimodal,30,2,deterministic,300000,300000,11268983.675848488,100.0,11268883.675848488,564,0,7.300755265998305,ok
CEC2014,V2,V1 + long-range sensing,1,CEC2014-F1,Unimodal,30,2,deterministic,300000,300000,119944256.77196312,100.0,119944156.77196312,82,0,7.635904841998126,ok
CEC2014,V3,V2 + memory fusion,1,CEC2014-F1,Unimodal,30,2,deterministic,300000,300000,7562588.946144993,100.0,7562488.946144993,901,0,7.677673335005238,ok
CEC2014,V4,Full DMGSO with relocation and policy-like gating,1,CEC2014-F1,Unimodal,30,2,deterministic,300000,300000,8005316.044871672,100.0,8005216.044871672,1614,4,7.5412736349971965,ok
CEC2014,V0,Pure directional sensing,1,CEC2014-F1,Unimodal,30,3,deterministic,300000,300000,151854663.98039147,100.0,151854563.98039147,163,0,7.763361931996769,ok
CEC2014,V1,V0 + adaptive step regulation,1,CEC2014-F1,Unimodal,30,3,deterministic,300000,300000,14962218.010195788,100.0,14962118.010195788,515,0,7.250776438006142,ok
CEC2014,V2,V1 + long-range sensing,1,CEC2014-F1,Unimodal,30,3,deterministic,300000,300000,61392721.99978334,100.0,61392621.99978334,144,0,7.6806751969998,ok
CEC2014,V3,V2 + memory fusion,1,CEC2014-F1,Unimodal,30,3,deterministic,300000,300000,9075541.533644624,100.0,9075441.533644624,810,0,7.3524409950041445,ok
CEC2014,V4,Full DMGSO with relocation and policy-like gating,1,CEC2014-F1,Unimodal,30,3,deterministic,300000,300000,8469777.34782366,100.0,8469677.34782366,1710,3,7.267111124005169,ok
CEC2014,V0,Pure directional sensing,1,CEC2014-F1,Unimodal,30,4,deterministic,300000,300000,148195280.02276108,100.0,148195180.02276108,156,0,7.3566894690011395,ok
CEC2014,V1,V0 + adaptive step regulation,1,CEC2014-F1,Unimodal,30,4,deterministic,300000,300000,13686257.851757212,100.0,13686157.851757212,451,0,7.794337321000057,ok
CEC2014,V2,V1 + long-range sensing,1,CEC2014-F1,Unimodal,30,4,deterministic,300000,300000,48815927.2572937,100.0,48815827.2572937,126,0,7.719525341002736,ok
CEC2014,V3,V2 + memory fusion,1,CEC2014-F1,Unimodal,30,4,deterministic,300000,300000,10547082.137542753,100.0,10546982.137542753,469,0,7.899623658006021,ok
CEC2014,V4,Full DMGSO with relocation and policy-like gating,1,CEC2014-F1,Unimodal,30,4,deterministic,300000,300000,4363305.758640867,100.0,4363205.758640867,1594,5,7.817864944998291,ok
CEC2014,V0,Pure directional sensing,1,CEC2014-F1,Unimodal,30,5,deterministic,300000,300000,151528844.3696739,100.0,151528744.3696739,158,0,7.073371856997255,ok
CEC2014,V1,V0 + adaptive step regulation,1,CEC2014-F1,Unimodal,30,5,deterministic,300000,300000,14252645.2375871,100.0,14252545.2375871,484,0,7.599696596000285,ok
CEC2014,V2,V1 + long-range sensing,1,CEC2014-F1,Unimodal,30,5,deterministic,300000,300000,136374521.8690438,100.0,136374421.8690438,83,0,7.334999032005726,ok
CEC2014,V3,V2 + memory fusion,1,CEC2014-F1,Unimodal,30,5,deterministic,300000,300000,8908027.905655228,100.0,8907927.905655228,460,0,7.279836787995009,ok
CEC2014,V4,Full DMGSO with relocation and policy-like gating,1,CEC2014-F1,Unimodal,30,5,deterministic,300000,300000,8555631.512954207,100.0,8555531.512954207,1563,6,7.673002863004513,ok
CEC2014,V0,Pure directional sensing,1,CEC2014-F1,Unimodal,30,6,deterministic,300000,300000,140511975.18286178,100.0,140511875.18286178,157,0,7.453989435998665,ok
CEC2014,V1,V0 + adaptive step regulation,1,CEC2014-F1,Unimodal,30,6,deterministic,300000,300000,14318062.140234161,100.0,14317962.140234161,433,0,7.5686117760051275,ok
CEC2014,V2,V1 + long-range sensing,1,CEC2014-F1,Unimodal,30,6,deterministic,300000,300000,58506782.56694273,100.0,58506682.56694273,124,0,7.6391199360004975,ok
CEC2014,V3,V2 + memory fusion,1,CEC2014-F1,Unimodal,30,6,deterministic,300000,300000,11794260.758816333,100.0,11794160.758816333,897,0,7.765975622001861,ok
CEC2014,V4,Full DMGSO with relocation and policy-like gating,1,CEC2014-F1,Unimodal,30,6,deterministic,300000,300000,2953383.8907164484,100.0,2953283.8907164484,1680,3,7.673565535995294,ok
CEC2014,V0,Pure directional sensing,1,CEC2014-F1,Unimodal,30,7,deterministic,300000,300000,134578174.03983787,100.0,134578074.03983787,152,0,7.645065812997927,ok
CEC2014,V1,V0 + adaptive step regulation,1,CEC2014-F1,Unimodal,30,7,deterministic,300000,300000,12633859.126233678,100.0,12633759.126233678,462,0,7.411248105003324,ok
CEC2014,V2,V1 + long-range sensing,1,CEC2014-F1,Unimodal,30,7,deterministic,300000,300000,113914221.66037403,100.0,113914121.66037403,73,0,7.6564556950033875,ok
CEC2014,V3,V2 + memory fusion,1,CEC2014-F1,Unimodal,30,7,deterministic,300000,300000,6301452.079268366,100.0,6301352.079268366,798,0,7.6930864570022095,ok
CEC2014,V4,Full DMGSO with relocation and policy-like gating,1,CEC2014-F1,Unimodal,30,7,deterministic,300000,300000,5997167.398256834,100.0,5997067.398256834,1666,4,7.256943563996174,ok
CEC2014,V0,Pure directional sensing,1,CEC2014-F1,Unimodal,30,8,deterministic,300000,300000,136861654.90183362,100.0,136861554.90183362,155,0,7.67180838999775,ok
CEC2014,V1,V0 + adaptive step regulation,1,CEC2014-F1,Unimodal,30,8,deterministic,300000,300000,12153292.768560983,100.0,12153192.768560983,516,0,7.875692711997544,ok
CEC2014,V2,V1 + long-range sensing,1,CEC2014-F1,Unimodal,30,8,deterministic,300000,300000,121700121.28568949,100.0,121700021.28568949,77,0,7.6177693030040246,ok
CEC2014,V3,V2 + memory fusion,1,CEC2014-F1,Unimodal,30,8,deterministic,300000,300000,10513075.564563839,100.0,10512975.564563839,838,0,7.6519026620007935,ok
CEC2014,V4,Full DMGSO with relocation and policy-like gating,1,CEC2014-F1,Unimodal,30,8,deterministic,300000,300000,4982591.103832009,100.0,4982491.103832009,1915,0,7.423357761996158,ok
CEC2014,V0,Pure directional sensing,1,CEC2014-F1,Unimodal,30,9,deterministic,300000,300000,125334524.21876064,100.0,125334424.21876064,154,0,7.5437630970045575,ok
CEC2014,V1,V0 + adaptive step regulation,1,CEC2014-F1,Unimodal,30,9,deterministic,300000,300000,11966688.969587637,100.0,11966588.969587637,493,0,7.218510067999887,ok
CEC2014,V2,V1 + long-range sensing,1,CEC2014-F1,Unimodal,30,9,deterministic,300000,300000,70287811.42508979,100.0,70287711.42508979,127,0,7.426295174002007,ok
CEC2014,V3,V2 + memory fusion,1,CEC2014-F1,Unimodal,30,9,deterministic,300000,300000,10483181.035946984,100.0,10483081.035946984,1533,0,7.8415864880007575,ok
CEC2014,V4,Full DMGSO with relocation and policy-like gating,1,CEC2014-F1,Unimodal,30,9,deterministic,300000,300000,4110454.0787346563,100.0,4110354.0787346563,1709,1,7.790505803000997,ok
CEC2014,V0,Pure directional sensing,2,CEC2014-F2,Unimodal,30,0,deterministic,300000,300000,7917273.1747002285,200.0,7917073.1747002285,158,0,6.639739742000529,ok
CEC2014,V1,V0 + adaptive step regulation,2,CEC2014-F2,Unimodal,30,0,deterministic,300000,300000,2529029.2747068885,200.0,2528829.2747068885,56,0,6.5176274639961775,ok
CEC2014,V2,V1 + long-range sensing,2,CEC2014-F2,Unimodal,30,0,deterministic,300000,300000,24651924.48059544,200.0,24651724.48059544,57,0,6.724057531995641,ok
CEC2014,V3,V2 + memory fusion,2,CEC2014-F2,Unimodal,30,0,deterministic,300000,300000,1619462.241750681,200.0,1619262.241750681,209,0,6.809512891995837,ok
CEC2014,V4,Full DMGSO with relocation and policy-like gating,2,CEC2014-F2,Unimodal,30,0,deterministic,300000,300000,415709.9239429937,200.0,415509.9239429937,1452,4,6.834352445999684,ok
CEC2014,V0,Pure directional sensing,2,CEC2014-F2,Unimodal,30,1,deterministic,300000,300000,10034358.205499046,200.0,10034158.205499046,150,0,6.709037936998357,ok
CEC2014,V1,V0 + adaptive step regulation,2,CEC2014-F2,Unimodal,30,1,deterministic,300000,300000,1231428.3626752328,200.0,1231228.3626752328,54,0,6.774311163004313,ok
CEC2014,V2,V1 + long-range sensing,2,CEC2014-F2,Unimodal,30,1,deterministic,300000,300000,2144909.7786931098,200.0,2144709.7786931098,62,0,6.8333735359992716,ok
CEC2014,V3,V2 + memory fusion,2,CEC2014-F2,Unimodal,30,1,deterministic,300000,300000,1017496.5559369243,200.0,1017296.5559369243,146,0,6.786016048004967,ok
CEC2014,V4,Full DMGSO with relocation and policy-like gating,2,CEC2014-F2,Unimodal,30,1,deterministic,300000,300000,461433.26889112906,200.0,461233.26889112906,1499,4,6.788289721996989,ok
CEC2014,V0,Pure directional sensing,2,CEC2014-F2,Unimodal,30,2,deterministic,300000,300000,10530537.630498493,200.0,10530337.630498493,153,0,6.727900814003078,ok
CEC2014,V1,V0 + adaptive step regulation,2,CEC2014-F2,Unimodal,30,2,deterministic,300000,300000,3800280.0525085675,200.0,3800080.0525085675,56,0,6.434407500993984,ok
CEC2014,V2,V1 + long-range sensing,2,CEC2014-F2,Unimodal,30,2,deterministic,300000,300000,4408905.535187913,200.0,4408705.535187913,71,0,6.694597519999661,ok
CEC2014,V3,V2 + memory fusion,2,CEC2014-F2,Unimodal,30,2,deterministic,300000,300000,3121397.3434844385,200.0,3121197.3434844385,302,0,6.361316246999195,ok
CEC2014,V4,Full DMGSO with relocation and policy-like gating,2,CEC2014-F2,Unimodal,30,2,deterministic,300000,300000,543895.192255188,200.0,543695.192255188,1673,2,6.901807219001057,ok
CEC2014,V0,Pure directional sensing,2,CEC2014-F2,Unimodal,30,3,deterministic,300000,300000,8502219.013234561,200.0,8502019.013234561,144,0,6.8246865939945565,ok
CEC2014,V1,V0 + adaptive step regulation,2,CEC2014-F2,Unimodal,30,3,deterministic,300000,300000,2140256.1131796315,200.0,2140056.1131796315,52,0,6.283292709995294,ok
CEC2014,V2,V1 + long-range sensing,2,CEC2014-F2,Unimodal,30,3,deterministic,300000,300000,2441806.6687963605,200.0,2441606.6687963605,62,0,6.450450990996615,ok
CEC2014,V3,V2 + memory fusion,2,CEC2014-F2,Unimodal,30,3,deterministic,300000,300000,2608324.789474786,200.0,2608124.789474786,368,0,6.255852609996509,ok
CEC2014,V4,Full DMGSO with relocation and policy-like gating,2,CEC2014-F2,Unimodal,30,3,deterministic,300000,300000,1086633.9363546576,200.0,1086433.9363546576,1379,5,6.588240908000444,ok
CEC2014,V0,Pure directional sensing,2,CEC2014-F2,Unimodal,30,4,deterministic,300000,300000,8869619.671329023,200.0,8869419.671329023,137,0,6.622901902002923,ok
CEC2014,V1,V0 + adaptive step regulation,2,CEC2014-F2,Unimodal,30,4,deterministic,300000,300000,2222915.761299875,200.0,2222715.761299875,50,0,6.592719349995605,ok
CEC2014,V2,V1 + long-range sensing,2,CEC2014-F2,Unimodal,30,4,deterministic,300000,300000,3119651.0145619013,200.0,3119451.0145619013,67,0,6.378988597003627,ok
CEC2014,V3,V2 + memory fusion,2,CEC2014-F2,Unimodal,30,4,deterministic,300000,300000,3171156.6479687495,200.0,3170956.6479687495,365,0,6.868368626004667,ok
CEC2014,V4,Full DMGSO with relocation and policy-like gating,2,CEC2014-F2,Unimodal,30,4,deterministic,300000,300000,839848.9286801919,200.0,839648.9286801919,1637,3,6.827428215001419,ok
CEC2014,V0,Pure directional sensing,2,CEC2014-F2,Unimodal,30,5,deterministic,300000,300000,10752471.89137841,200.0,10752271.89137841,137,0,6.521177781003644,ok
CEC2014,V1,V0 + adaptive step regulation,2,CEC2014-F2,Unimodal,30,5,deterministic,300000,300000,2293889.863729698,200.0,2293689.863729698,53,0,6.724348677002126,ok
CEC2014,V2,V1 + long-range sensing,2,CEC2014-F2,Unimodal,30,5,deterministic,300000,300000,50290305.733896784,200.0,50290105.733896784,48,0,6.251771381001163,ok
CEC2014,V3,V2 + memory fusion,2,CEC2014-F2,Unimodal,30,5,deterministic,300000,300000,2262049.9535723776,200.0,2261849.9535723776,243,0,6.608530445002543,ok
CEC2014,V4,Full DMGSO with relocation and policy-like gating,2,CEC2014-F2,Unimodal,30,5,deterministic,300000,300000,414918.76732744125,200.0,414718.76732744125,1578,2,6.6570465010008775,ok
CEC2014,V0,Pure directional sensing,2,CEC2014-F2,Unimodal,30,6,deterministic,300000,300000,14284995.881761236,200.0,14284795.881761236,137,0,6.563874936000502,ok
CEC2014,V1,V0 + adaptive step regulation,2,CEC2014-F2,Unimodal,30,6,deterministic,300000,300000,3163949.1971578333,200.0,3163749.1971578333,53,0,6.8246511010002,ok
CEC2014,V2,V1 + long-range sensing,2,CEC2014-F2,Unimodal,30,6,deterministic,300000,300000,4059773.149873819,200.0,4059573.149873819,64,0,6.5511331710004015,ok
CEC2014,V3,V2 + memory fusion,2,CEC2014-F2,Unimodal,30,6,deterministic,300000,300000,1479100.1983457557,200.0,1478900.1983457557,374,0,6.663644416999887,ok
CEC2014,V4,Full DMGSO with relocation and policy-like gating,2,CEC2014-F2,Unimodal,30,6,deterministic,300000,300000,899966.1245660218,200.0,899766.1245660218,1558,4,6.787542535996181,ok
CEC2014,V0,Pure directional sensing,2,CEC2014-F2,Unimodal,30,7,deterministic,300000,300000,10417320.10895128,200.0,10417120.10895128,130,0,6.613525591004873,ok
CEC2014,V1,V0 + adaptive step regulation,2,CEC2014-F2,Unimodal,30,7,deterministic,300000,300000,2539599.269082801,200.0,2539399.269082801,50,0,6.352857314996072,ok
CEC2014,V2,V1 + long-range sensing,2,CEC2014-F2,Unimodal,30,7,deterministic,300000,300000,4018531.0887892502,200.0,4018331.0887892502,62,0,6.847856244996365,ok
CEC2014,V3,V2 + memory fusion,2,CEC2014-F2,Unimodal,30,7,deterministic,300000,300000,2509909.053801729,200.0,2509709.053801729,202,0,6.557083483996394,ok
CEC2014,V4,Full DMGSO with relocation and policy-like gating,2,CEC2014-F2,Unimodal,30,7,deterministic,300000,300000,769635.126134237,200.0,769435.126134237,1523,4,6.801977007999085,ok
CEC2014,V0,Pure directional sensing,2,CEC2014-F2,Unimodal,30,8,deterministic,300000,300000,10524482.773072133,200.0,10524282.773072133,138,0,6.405354707996594,ok
CEC2014,V1,V0 + adaptive step regulation,2,CEC2014-F2,Unimodal,30,8,deterministic,300000,300000,1489234.6393086107,200.0,1489034.6393086107,53,0,6.307549486999051,ok
CEC2014,V2,V1 + long-range sensing,2,CEC2014-F2,Unimodal,30,8,deterministic,300000,300000,4106067.273476164,200.0,4105867.273476164,67,0,6.337302334999549,ok
CEC2014,V3,V2 + memory fusion,2,CEC2014-F2,Unimodal,30,8,deterministic,300000,300000,1862772.902193032,200.0,1862572.902193032,275,0,6.9546573190018535,ok
CEC2014,V4,Full DMGSO with relocation and policy-like gating,2,CEC2014-F2,Unimodal,30,8,deterministic,300000,300000,2080183.7329221368,200.0,2079983.7329221368,1611,3,6.859719206993759,ok
CEC2014,V0,Pure directional sensing,2,CEC2014-F2,Unimodal,30,9,deterministic,300000,300000,11815861.815606024,200.0,11815661.815606024,127,0,6.547652077002567,ok
CEC2014,V1,V0 + adaptive step regulation,2,CEC2014-F2,Unimodal,30,9,deterministic,300000,300000,2126412.859412668,200.0,2126212.859412668,48,0,6.443941009994887,ok
CEC2014,V2,V1 + long-range sensing,2,CEC2014-F2,Unimodal,30,9,deterministic,300000,300000,3464649.27118961,200.0,3464449.27118961,60,0,6.4949654809970525,ok
CEC2014,V3,V2 + memory fusion,2,CEC2014-F2,Unimodal,30,9,deterministic,300000,300000,1651933.355472807,200.0,1651733.355472807,59,0,6.753458104998572,ok
CEC2014,V4,Full DMGSO with relocation and policy-like gating,2,CEC2014-F2,Unimodal,30,9,deterministic,300000,300000,390033.80747193395,200.0,389833.80747193395,1690,2,6.363528188005148,ok
CEC2014,V0,Pure directional sensing,3,CEC2014-F3,Unimodal,30,0,deterministic,300000,300000,2705219.446225032,300.0,2704919.446225032,33,0,6.728506366998772,ok
CEC2014,V1,V0 + adaptive step regulation,3,CEC2014-F3,Unimodal,30,0,deterministic,300000,300000,41418.6344390877,300.0,41118.6344390877,105,0,6.234180250001373,ok
CEC2014,V2,V1 + long-range sensing,3,CEC2014-F3,Unimodal,30,0,deterministic,300000,300000,40567.06844278718,300.0,40267.06844278718,110,0,6.746419212999172,ok
CEC2014,V3,V2 + memory fusion,3,CEC2014-F3,Unimodal,30,0,deterministic,300000,300000,36866.44805462303,300.0,36566.44805462303,585,0,6.570957770003588,ok
CEC2014,V4,Full DMGSO with relocation and policy-like gating,3,CEC2014-F3,Unimodal,30,0,deterministic,300000,300000,25550.334699106148,300.0,25250.334699106148,1571,4,6.405158120003762,ok
CEC2014,V0,Pure directional sensing,3,CEC2014-F3,Unimodal,30,1,deterministic,300000,300000,3106809.3791080974,300.0,3106509.3791080974,27,0,6.539214675001858,ok
CEC2014,V1,V0 + adaptive step regulation,3,CEC2014-F3,Unimodal,30,1,deterministic,300000,300000,50152.66785750138,300.0,49852.66785750138,95,0,6.553254491998814,ok
CEC2014,V2,V1 + long-range sensing,3,CEC2014-F3,Unimodal,30,1,deterministic,300000,300000,48914.66632202428,300.0,48614.66632202428,99,0,6.602937201001623,ok
CEC2014,V3,V2 + memory fusion,3,CEC2014-F3,Unimodal,30,1,deterministic,300000,300000,40537.09118672713,300.0,40237.09118672713,340,0,6.7946520970072015,ok
CEC2014,V4,Full DMGSO with relocation and policy-like gating,3,CEC2014-F3,Unimodal,30,1,deterministic,300000,300000,3795.483312297222,300.0,3495.483312297222,1633,3,6.790367157002038,ok
CEC2014,V0,Pure directional sensing,3,CEC2014-F3,Unimodal,30,2,deterministic,300000,300000,3180970.432010151,300.0,3180670.432010151,35,0,6.487824723000813,ok
CEC2014,V1,V0 + adaptive step regulation,3,CEC2014-F3,Unimodal,30,2,deterministic,300000,300000,45979.013603201056,300.0,45679.013603201056,94,0,6.509389355000167,ok
CEC2014,V2,V1 + long-range sensing,3,CEC2014-F3,Unimodal,30,2,deterministic,300000,300000,34101.781588278645,300.0,33801.781588278645,112,0,6.504381537997688,ok
CEC2014,V3,V2 + memory fusion,3,CEC2014-F3,Unimodal,30,2,deterministic,300000,300000,36746.948966541546,300.0,36446.948966541546,415,0,6.930501020004158,ok
CEC2014,V4,Full DMGSO with relocation and policy-like gating,3,CEC2014-F3,Unimodal,30,2,deterministic,300000,300000,6534.947963815302,300.0,6234.947963815302,1624,3,6.459329227000126,ok
CEC2014,V0,Pure directional sensing,3,CEC2014-F3,Unimodal,30,3,deterministic,300000,300000,1204285.5498502841,300.0,1203985.5498502841,24,0,6.629910890995234,ok
CEC2014,V1,V0 + adaptive step regulation,3,CEC2014-F3,Unimodal,30,3,deterministic,300000,300000,41598.20680897378,300.0,41298.20680897378,96,0,6.355012334999628,ok
CEC2014,V2,V1 + long-range sensing,3,CEC2014-F3,Unimodal,30,3,deterministic,300000,300000,48695.43694914541,300.0,48395.43694914541,57,0,6.801240373002656,ok
CEC2014,V3,V2 + memory fusion,3,CEC2014-F3,Unimodal,30,3,deterministic,300000,300000,40940.49305433537,300.0,40640.49305433537,529,0,6.720421082995017,ok
CEC2014,V4,Full DMGSO with relocation and policy-like gating,3,CEC2014-F3,Unimodal,30,3,deterministic,300000,300000,31249.974838552032,300.0,30949.974838552032,1608,3,6.244146527998964,ok
CEC2014,V0,Pure directional sensing,3,CEC2014-F3,Unimodal,30,4,deterministic,300000,300000,3377700.574198827,300.0,3377400.574198827,32,0,6.463191192000522,ok
CEC2014,V1,V0 + adaptive step regulation,3,CEC2014-F3,Unimodal,30,4,deterministic,300000,300000,28896.61825325344,300.0,28596.61825325344,112,0,6.470743209996726,ok
CEC2014,V2,V1 + long-range sensing,3,CEC2014-F3,Unimodal,30,4,deterministic,300000,300000,28281.613412303308,300.0,27981.613412303308,67,0,6.522009120002622,ok
CEC2014,V3,V2 + memory fusion,3,CEC2014-F3,Unimodal,30,4,deterministic,300000,300000,29993.459375148672,300.0,29693.459375148672,288,0,6.597461689001648,ok
CEC2014,V4,Full DMGSO with relocation and policy-like gating,3,CEC2014-F3,Unimodal,30,4,deterministic,300000,300000,1343.581702961047,300.0,1043.581702961047,1513,4,6.615142543996626,ok
CEC2014,V0,Pure directional sensing,3,CEC2014-F3,Unimodal,30,5,deterministic,300000,300000,2090483.26229164,300.0,2090183.26229164,26,0,6.523470658001315,ok
CEC2014,V1,V0 + adaptive step regulation,3,CEC2014-F3,Unimodal,30,5,deterministic,300000,300000,28816.12372399546,300.0,28516.12372399546,103,0,6.849626761999389,ok
CEC2014,V2,V1 + long-range sensing,3,CEC2014-F3,Unimodal,30,5,deterministic,300000,300000,29237.74151619046,300.0,28937.74151619046,100,0,6.661465302000579,ok
CEC2014,V3,V2 + memory fusion,3,CEC2014-F3,Unimodal,30,5,deterministic,300000,300000,29302.597444720104,300.0,29002.597444720104,519,0,6.732238357995811,ok
CEC2014,V4,Full DMGSO with relocation and policy-like gating,3,CEC2014-F3,Unimodal,30,5,deterministic,300000,300000,9597.564551684496,300.0,9297.564551684496,1600,3,6.455242652002198,ok
CEC2014,V0,Pure directional sensing,3,CEC2014-F3,Unimodal,30,6,deterministic,300000,300000,2174608.803758813,300.0,2174308.803758813,34,0,6.76003376400331,ok
CEC2014,V1,V0 + adaptive step regulation,3,CEC2014-F3,Unimodal,30,6,deterministic,300000,300000,38416.33310859719,300.0,38116.33310859719,101,0,6.596518788996036,ok
CEC2014,V2,V1 + long-range sensing,3,CEC2014-F3,Unimodal,30,6,deterministic,300000,300000,35549.94419363734,300.0,35249.94419363734,101,0,6.489124348998303,ok
CEC2014,V3,V2 + memory fusion,3,CEC2014-F3,Unimodal,30,6,deterministic,300000,300000,32095.00476882197,300.0,31795.00476882197,736,0,6.330923093999445,ok
CEC2014,V4,Full DMGSO with relocation and policy-like gating,3,CEC2014-F3,Unimodal,30,6,deterministic,300000,300000,2650.217644518164,300.0,2350.217644518164,1628,3,6.676191034996009,ok
CEC2014,V0,Pure directional sensing,3,CEC2014-F3,Unimodal,30,7,deterministic,300000,300000,933545.6502343556,300.0,933245.6502343556,20,0,6.5285330260012415,ok
CEC2014,V1,V0 + adaptive step regulation,3,CEC2014-F3,Unimodal,30,7,deterministic,300000,300000,45933.04482706713,300.0,45633.04482706713,81,0,6.674095762995421,ok
CEC2014,V2,V1 + long-range sensing,3,CEC2014-F3,Unimodal,30,7,deterministic,300000,300000,36124.569980355926,300.0,35824.569980355926,99,0,6.244986468998832,ok
CEC2014,V3,V2 + memory fusion,3,CEC2014-F3,Unimodal,30,7,deterministic,300000,300000,35912.19365439602,300.0,35612.19365439602,686,0,6.655819974999758,ok
CEC2014,V4,Full DMGSO with relocation and policy-like gating,3,CEC2014-F3,Unimodal,30,7,deterministic,300000,300000,2365.118491800324,300.0,2065.118491800324,1614,3,6.236386714001128,ok
CEC2014,V0,Pure directional sensing,3,CEC2014-F3,Unimodal,30,8,deterministic,300000,300000,760658.3306455686,300.0,760358.3306455686,27,0,6.5217713530000765,ok
CEC2014,V1,V0 + adaptive step regulation,3,CEC2014-F3,Unimodal,30,8,deterministic,300000,300000,21730.05010277395,300.0,21430.05010277395,103,0,6.597801999996591,ok
CEC2014,V2,V1 + long-range sensing,3,CEC2014-F3,Unimodal,30,8,deterministic,300000,300000,29598.96470751532,300.0,29298.96470751532,90,0,6.6842841770048835,ok
CEC2014,V3,V2 + memory fusion,3,CEC2014-F3,Unimodal,30,8,deterministic,300000,300000,22802.340251899142,300.0,22502.340251899142,280,0,6.595139190001646,ok
CEC2014,V4,Full DMGSO with relocation and policy-like gating,3,CEC2014-F3,Unimodal,30,8,deterministic,300000,300000,12597.373480050768,300.0,12297.373480050768,1698,2,6.61501271599991,ok
CEC2014,V0,Pure directional sensing,3,CEC2014-F3,Unimodal,30,9,deterministic,300000,300000,297345.3616125484,300.0,297045.3616125484,22,0,6.805379543999152,ok
CEC2014,V1,V0 + adaptive step regulation,3,CEC2014-F3,Unimodal,30,9,deterministic,300000,300000,31475.343435624956,300.0,31175.343435624956,90,0,6.34561255400331,ok
CEC2014,V2,V1 + long-range sensing,3,CEC2014-F3,Unimodal,30,9,deterministic,300000,300000,29722.257169534376,300.0,29422.257169534376,93,0,6.253654816006019,ok
CEC2014,V3,V2 + memory fusion,3,CEC2014-F3,Unimodal,30,9,deterministic,300000,300000,25296.51226359319,300.0,24996.51226359319,355,0,6.447721738004475,ok
CEC2014,V4,Full DMGSO with relocation and policy-like gating,3,CEC2014-F3,Unimodal,30,9,deterministic,300000,300000,15633.898160551225,300.0,15333.898160551225,1653,3,6.65004517500347,ok
CEC2014,V0,Pure directional sensing,4,CEC2014-F4,Multimodal,30,0,deterministic,300000,300000,674.1059896360598,400.0,274.1059896360598,150,0,7.5056354379994445,ok
CEC2014,V1,V0 + adaptive step regulation,4,CEC2014-F4,Multimodal,30,0,deterministic,300000,300000,597.7062991670527,400.0,197.70629916705275,152,0,8.006818929003202,ok
CEC2014,V2,V1 + long-range sensing,4,CEC2014-F4,Multimodal,30,0,deterministic,300000,300000,604.794137764563,400.0,204.79413776456295,89,0,7.686126405998948,ok
CEC2014,V3,V2 + memory fusion,4,CEC2014-F4,Multimodal,30,0,deterministic,300000,300000,599.9814653572728,400.0,199.98146535727278,171,0,7.920502941997256,ok
CEC2014,V4,Full DMGSO with relocation and policy-like gating,4,CEC2014-F4,Multimodal,30,0,deterministic,300000,300000,472.15891347414106,400.0,72.15891347414106,1445,8,8.226940815999114,ok
CEC2014,V0,Pure directional sensing,4,CEC2014-F4,Multimodal,30,1,deterministic,300000,300000,606.6616410061845,400.0,206.66164100618448,153,0,8.057715535003808,ok
CEC2014,V1,V0 + adaptive step regulation,4,CEC2014-F4,Multimodal,30,1,deterministic,300000,300000,598.325441833906,400.0,198.32544183390598,144,0,7.915024390997132,ok
CEC2014,V2,V1 + long-range sensing,4,CEC2014-F4,Multimodal,30,1,deterministic,300000,300000,603.8462219981856,400.0,203.84622199818557,96,0,7.963640609996219,ok
CEC2014,V3,V2 + memory fusion,4,CEC2014-F4,Multimodal,30,1,deterministic,300000,300000,597.8269175410107,400.0,197.82691754101074,110,0,7.692702317996009,ok
CEC2014,V4,Full DMGSO with relocation and policy-like gating,4,CEC2014-F4,Multimodal,30,1,deterministic,300000,300000,473.28663969791734,400.0,73.28663969791734,1263,10,7.704885637002008,ok
CEC2014,V0,Pure directional sensing,4,CEC2014-F4,Multimodal,30,2,deterministic,300000,300000,607.8648596630479,400.0,207.86485966304792,153,0,7.801199898996856,ok
CEC2014,V1,V0 + adaptive step regulation,4,CEC2014-F4,Multimodal,30,2,deterministic,300000,300000,594.5577494738072,400.0,194.55774947380723,132,0,8.024291790999996,ok
CEC2014,V2,V1 + long-range sensing,4,CEC2014-F4,Multimodal,30,2,deterministic,300000,300000,615.889782443825,400.0,215.88978244382497,73,0,7.647998001993983,ok
CEC2014,V3,V2 + memory fusion,4,CEC2014-F4,Multimodal,30,2,deterministic,300000,300000,587.7468022488878,400.0,187.74680224888778,419,0,8.219864756996685,ok
CEC2014,V4,Full DMGSO with relocation and policy-like gating,4,CEC2014-F4,Multimodal,30,2,deterministic,300000,300000,406.1560677370381,400.0,6.156067737038086,1479,6,7.767958639000426,ok
CEC2014,V0,Pure directional sensing,4,CEC2014-F4,Multimodal,30,3,deterministic,300000,300000,669.4343496286192,400.0,269.4343496286192,137,0,7.282712430998799,ok
CEC2014,V1,V0 + adaptive step regulation,4,CEC2014-F4,Multimodal,30,3,deterministic,300000,300000,592.6570651050115,400.0,192.6570651050115,139,0,8.052006450998306,ok
CEC2014,V2,V1 + long-range sensing,4,CEC2014-F4,Multimodal,30,3,deterministic,300000,300000,620.3478333446161,400.0,220.3478333446161,79,0,7.87523678499565,ok
CEC2014,V3,V2 + memory fusion,4,CEC2014-F4,Multimodal,30,3,deterministic,300000,300000,586.1496655713853,400.0,186.1496655713853,420,0,7.885201854005572,ok
CEC2014,V4,Full DMGSO with relocation and policy-like gating,4,CEC2014-F4,Multimodal,30,3,deterministic,300000,300000,473.214024534934,400.0,73.21402453493403,1508,6,8.269632490999356,ok
CEC2014,V0,Pure directional sensing,4,CEC2014-F4,Multimodal,30,4,deterministic,300000,300000,573.5376704172413,400.0,173.53767041724132,170,0,7.305340746999718,ok
CEC2014,V1,V0 + adaptive step regulation,4,CEC2014-F4,Multimodal,30,4,deterministic,300000,300000,550.7574105011605,400.0,150.7574105011605,164,0,7.563824737000687,ok
CEC2014,V2,V1 + long-range sensing,4,CEC2014-F4,Multimodal,30,4,deterministic,300000,300000,553.9120656199564,400.0,153.91206561995637,135,0,8.083907898995676,ok
CEC2014,V3,V2 + memory fusion,4,CEC2014-F4,Multimodal,30,4,deterministic,300000,300000,548.3971502406908,400.0,148.39715024069085,411,0,7.423159557998588,ok
CEC2014,V4,Full DMGSO with relocation and policy-like gating,4,CEC2014-F4,Multimodal,30,4,deterministic,300000,300000,472.8435325276643,400.0,72.84353252766431,1388,9,7.830902744004561,ok
CEC2014,V0,Pure directional sensing,4,CEC2014-F4,Multimodal,30,5,deterministic,300000,300000,605.1912817236173,400.0,205.1912817236173,141,0,7.770074880994798,ok
CEC2014,V1,V0 + adaptive step regulation,4,CEC2014-F4,Multimodal,30,5,deterministic,300000,300000,580.2035299113588,400.0,180.20352991135883,125,0,7.862935675002518,ok
CEC2014,V2,V1 + long-range sensing,4,CEC2014-F4,Multimodal,30,5,deterministic,300000,300000,584.5244946364653,400.0,184.5244946364653,112,0,7.653314169998339,ok
CEC2014,V3,V2 + memory fusion,4,CEC2014-F4,Multimodal,30,5,deterministic,300000,300000,478.7688187522656,400.0,78.76881875226559,328,0,7.851082670000324,ok
CEC2014,V4,Full DMGSO with relocation and policy-like gating,4,CEC2014-F4,Multimodal,30,5,deterministic,300000,300000,477.9342343592227,400.0,77.93423435922273,1422,7,7.666254814997956,ok
CEC2014,V0,Pure directional sensing,4,CEC2014-F4,Multimodal,30,6,deterministic,300000,300000,563.426336598438,400.0,163.42633659843796,185,0,7.401479923995794,ok
CEC2014,V1,V0 + adaptive step regulation,4,CEC2014-F4,Multimodal,30,6,deterministic,300000,300000,550.1467231219927,400.0,150.14672312199275,174,0,8.173878379006055,ok
CEC2014,V2,V1 + long-range sensing,4,CEC2014-F4,Multimodal,30,6,deterministic,300000,300000,552.8278162992203,400.0,152.82781629922033,121,0,7.704925375001039,ok
CEC2014,V3,V2 + memory fusion,4,CEC2014-F4,Multimodal,30,6,deterministic,300000,300000,543.9902502971674,400.0,143.99025029716745,174,0,8.220662175001053,ok
CEC2014,V4,Full DMGSO with relocation and policy-like gating,4,CEC2014-F4,Multimodal,30,6,deterministic,300000,300000,471.6899591447017,400.0,71.68995914470167,1379,8,7.693403559002036,ok
CEC2014,V0,Pure directional sensing,4,CEC2014-F4,Multimodal,30,7,deterministic,300000,300000,533.5191105466008,400.0,133.5191105466008,147,0,8.165537011998822,ok
CEC2014,V1,V0 + adaptive step regulation,4,CEC2014-F4,Multimodal,30,7,deterministic,300000,300000,479.30920900494345,400.0,79.30920900494345,226,0,7.7105531220004195,ok
CEC2014,V2,V1 + long-range sensing,4,CEC2014-F4,Multimodal,30,7,deterministic,300000,300000,478.54756966739694,400.0,78.54756966739694,202,0,7.871171464001236,ok
CEC2014,V3,V2 + memory fusion,4,CEC2014-F4,Multimodal,30,7,deterministic,300000,300000,478.6975852603307,400.0,78.6975852603307,222,0,8.07139071799611,ok
CEC2014,V4,Full DMGSO with relocation and policy-like gating,4,CEC2014-F4,Multimodal,30,7,deterministic,300000,300000,467.7189960461252,400.0,67.7189960461252,1329,8,7.903754277998814,ok
CEC2014,V0,Pure directional sensing,4,CEC2014-F4,Multimodal,30,8,deterministic,300000,300000,526.5146206020378,400.0,126.51462060203778,141,0,7.714792004000628,ok
CEC2014,V1,V0 + adaptive step regulation,4,CEC2014-F4,Multimodal,30,8,deterministic,300000,300000,480.2911876166455,400.0,80.29118761664552,215,0,8.117825303001155,ok
CEC2014,V2,V1 + long-range sensing,4,CEC2014-F4,Multimodal,30,8,deterministic,300000,300000,479.3964954101614,400.0,79.39649541016138,174,0,8.064281238002877,ok
CEC2014,V3,V2 + memory fusion,4,CEC2014-F4,Multimodal,30,8,deterministic,300000,300000,479.4029656937395,400.0,79.40296569373947,208,0,7.963384748996759,ok
CEC2014,V4,Full DMGSO with relocation and policy-like gating,4,CEC2014-F4,Multimodal,30,8,deterministic,300000,300000,472.0755779100677,400.0,72.0755779100677,1422,7,8.055950784997549,ok
CEC2014,V0,Pure directional sensing,4,CEC2014-F4,Multimodal,30,9,deterministic,300000,300000,517.5066993443412,400.0,117.5066993443412,133,0,7.866153443996154,ok
CEC2014,V1,V0 + adaptive step regulation,4,CEC2014-F4,Multimodal,30,9,deterministic,300000,300000,479.37280053617025,400.0,79.37280053617025,187,0,7.650089301998378,ok
CEC2014,V2,V1 + long-range sensing,4,CEC2014-F4,Multimodal,30,9,deterministic,300000,300000,479.234907170359,400.0,79.23490717035901,183,0,7.722284452996973,ok
CEC2014,V3,V2 + memory fusion,4,CEC2014-F4,Multimodal,30,9,deterministic,300000,300000,478.5657884151114,400.0,78.5657884151114,181,0,7.665577901003417,ok
CEC2014,V4,Full DMGSO with relocation and policy-like gating,4,CEC2014-F4,Multimodal,30,9,deterministic,300000,300000,467.1165751083142,400.0,67.11657510831418,1385,8,7.585762722999789,ok
CEC2014,V0,Pure directional sensing,5,CEC2014-F5,Multimodal,30,0,deterministic,300000,300000,521.4912925799156,500.0,21.49129257991558,1,0,7.586991199001204,ok
CEC2014,V1,V0 + adaptive step regulation,5,CEC2014-F5,Multimodal,30,0,deterministic,300000,300000,521.3666492526288,500.0,21.366649252628804,4,0,7.34419054499449,ok
CEC2014,V2,V1 + long-range sensing,5,CEC2014-F5,Multimodal,30,0,deterministic,300000,300000,521.4349632752136,500.0,21.43496327521359,2,0,7.7681198389982455,ok
CEC2014,V3,V2 + memory fusion,5,CEC2014-F5,Multimodal,30,0,deterministic,300000,300000,521.4347608609687,500.0,21.43476086096871,3,0,7.724420933998772,ok
CEC2014,V4,Full DMGSO with relocation and policy-like gating,5,CEC2014-F5,Multimodal,30,0,deterministic,300000,300000,521.3026564663716,500.0,21.30265646637156,39,20,7.492689699996845,ok
CEC2014,V0,Pure directional sensing,5,CEC2014-F5,Multimodal,30,1,deterministic,300000,300000,521.4949508285858,500.0,21.494950828585843,1,0,7.368485633000091,ok
CEC2014,V1,V0 + adaptive step regulation,5,CEC2014-F5,Multimodal,30,1,deterministic,300000,300000,521.233836875397,500.0,21.233836875396946,3,0,7.566615324001759,ok
CEC2014,V2,V1 + long-range sensing,5,CEC2014-F5,Multimodal,30,1,deterministic,300000,300000,521.233836875397,500.0,21.233836875396946,3,0,7.329929840998375,ok
CEC2014,V3,V2 + memory fusion,5,CEC2014-F5,Multimodal,30,1,deterministic,300000,300000,521.1339386172045,500.0,21.133938617204535,5,0,7.458711018000031,ok
CEC2014,V4,Full DMGSO with relocation and policy-like gating,5,CEC2014-F5,Multimodal,30,1,deterministic,300000,300000,521.3864194031717,500.0,21.386419403171658,103,4,7.778370724001434,ok
CEC2014,V0,Pure directional sensing,5,CEC2014-F5,Multimodal,30,2,deterministic,300000,300000,521.7542909732824,500.0,21.754290973282423,0,0,7.24738052199973,ok
CEC2014,V1,V0 + adaptive step regulation,5,CEC2014-F5,Multimodal,30,2,deterministic,300000,300000,521.4758762956087,500.0,21.475876295608714,2,0,7.415482986994903,ok
CEC2014,V2,V1 + long-range sensing,5,CEC2014-F5,Multimodal,30,2,deterministic,300000,300000,521.4758762956087,500.0,21.475876295608714,2,0,7.629535043997748,ok
CEC2014,V3,V2 + memory fusion,5,CEC2014-F5,Multimodal,30,2,deterministic,300000,300000,521.425298018785,500.0,21.425298018785043,3,0,7.6807703689992195,ok
CEC2014,V4,Full DMGSO with relocation and policy-like gating,5,CEC2014-F5,Multimodal,30,2,deterministic,300000,300000,520.9402977835055,500.0,20.940297783505457,66,20,7.555288326999289,ok
CEC2014,V0,Pure directional sensing,5,CEC2014-F5,Multimodal,30,3,deterministic,300000,300000,521.4005763664554,500.0,21.400576366455425,3,0,7.448663081006089,ok
CEC2014,V1,V0 + adaptive step regulation,5,CEC2014-F5,Multimodal,30,3,deterministic,300000,300000,521.3036567565339,500.0,21.303656756533883,5,0,7.472074735000206,ok
CEC2014,V2,V1 + long-range sensing,5,CEC2014-F5,Multimodal,30,3,deterministic,300000,300000,521.2330199473145,500.0,21.23301994731446,5,0,7.797980987998017,ok
CEC2014,V3,V2 + memory fusion,5,CEC2014-F5,Multimodal,30,3,deterministic,300000,300000,521.2025578512713,500.0,21.202557851271308,10,0,7.862949089998438,ok
CEC2014,V4,Full DMGSO with relocation and policy-like gating,5,CEC2014-F5,Multimodal,30,3,deterministic,300000,300000,521.2620971092394,500.0,21.26209710923945,406,11,7.668206717004068,ok
CEC2014,V0,Pure directional sensing,5,CEC2014-F5,Multimodal,30,4,deterministic,300000,300000,521.6084356489968,500.0,21.60843564899676,3,0,7.865351123000437,ok
CEC2014,V1,V0 + adaptive step regulation,5,CEC2014-F5,Multimodal,30,4,deterministic,300000,300000,521.3111108680474,500.0,21.31111086804742,5,0,7.642455098000937,ok
CEC2014,V2,V1 + long-range sensing,5,CEC2014-F5,Multimodal,30,4,deterministic,300000,300000,521.3085347908626,500.0,21.30853479086261,4,0,7.450833388997125,ok
CEC2014,V3,V2 + memory fusion,5,CEC2014-F5,Multimodal,30,4,deterministic,300000,300000,521.4762825268898,500.0,21.476282526889804,4,0,7.922951966000255,ok
CEC2014,V4,Full DMGSO with relocation and policy-like gating,5,CEC2014-F5,Multimodal,30,4,deterministic,300000,300000,521.2580514380167,500.0,21.25805143801665,61,20,7.939534770004684,ok
CEC2014,V0,Pure directional sensing,5,CEC2014-F5,Multimodal,30,5,deterministic,300000,300000,521.4029823061837,500.0,21.40298230618373,2,0,7.851350398996146,ok
CEC2014,V1,V0 + adaptive step regulation,5,CEC2014-F5,Multimodal,30,5,deterministic,300000,300000,521.4447956819776,500.0,21.444795681977553,2,0,7.86098675699759,ok
CEC2014,V2,V1 + long-range sensing,5,CEC2014-F5,Multimodal,30,5,deterministic,300000,300000,521.4515898260771,500.0,21.45158982607711,4,0,7.39243826999882,ok
CEC2014,V3,V2 + memory fusion,5,CEC2014-F5,Multimodal,30,5,deterministic,300000,300000,521.4447956819776,500.0,21.444795681977553,2,0,7.612549067001964,ok
CEC2014,V4,Full DMGSO with relocation and policy-like gating,5,CEC2014-F5,Multimodal,30,5,deterministic,300000,300000,521.0865784447636,500.0,21.08657844476363,260,17,7.6109832970032585,ok
CEC2014,V0,Pure directional sensing,5,CEC2014-F5,Multimodal,30,6,deterministic,300000,300000,521.7001986565288,500.0,21.700198656528755,1,0,7.294250996004848,ok
CEC2014,V1,V0 + adaptive step regulation,5,CEC2014-F5,Multimodal,30,6,deterministic,300000,300000,521.3955219087965,500.0,21.395521908796468,3,0,7.769565474998672,ok
CEC2014,V2,V1 + long-range sensing,5,CEC2014-F5,Multimodal,30,6,deterministic,300000,300000,521.2924026362513,500.0,21.292402636251268,5,0,7.541299167001853,ok
CEC2014,V3,V2 + memory fusion,5,CEC2014-F5,Multimodal,30,6,deterministic,300000,300000,521.3950110600537,500.0,21.395011060053662,3,0,7.618599549001374,ok
CEC2014,V4,Full DMGSO with relocation and policy-like gating,5,CEC2014-F5,Multimodal,30,6,deterministic,300000,300000,521.2151572315953,500.0,21.2151572315953,258,15,7.539723670997773,ok
CEC2014,V0,Pure directional sensing,5,CEC2014-F5,Multimodal,30,7,deterministic,300000,300000,521.8136220855066,500.0,21.81362208550661,0,0,7.765723099000752,ok
CEC2014,V1,V0 + adaptive step regulation,5,CEC2014-F5,Multimodal,30,7,deterministic,300000,300000,521.0844861635195,500.0,21.0844861635195,5,0,7.742624776001321,ok
CEC2014,V2,V1 + long-range sensing,5,CEC2014-F5,Multimodal,30,7,deterministic,300000,300000,521.3188579216468,500.0,21.31885792164678,4,0,7.85763849200157,ok
CEC2014,V3,V2 + memory fusion,5,CEC2014-F5,Multimodal,30,7,deterministic,300000,300000,521.4827991193905,500.0,21.482799119390506,2,0,7.228840654002852,ok
CEC2014,V4,Full DMGSO with relocation and policy-like gating,5,CEC2014-F5,Multimodal,30,7,deterministic,300000,300000,520.9497979218227,500.0,20.949797921822665,135,20,7.326831022997794,ok
CEC2014,V0,Pure directional sensing,5,CEC2014-F5,Multimodal,30,8,deterministic,300000,300000,521.4535340597906,500.0,21.453534059790627,3,0,7.4282310100024915,ok
CEC2014,V1,V0 + adaptive step regulation,5,CEC2014-F5,Multimodal,30,8,deterministic,300000,300000,521.190088003232,500.0,21.19008800323195,6,0,7.50257741400128,ok
CEC2014,V2,V1 + long-range sensing,5,CEC2014-F5,Multimodal,30,8,deterministic,300000,300000,521.4245928613983,500.0,21.42459286139831,3,0,7.6276124009964406,ok
CEC2014,V3,V2 + memory fusion,5,CEC2014-F5,Multimodal,30,8,deterministic,300000,300000,520.7978334754912,500.0,20.79783347549119,246,0,7.484105593001004,ok
CEC2014,V4,Full DMGSO with relocation and policy-like gating,5,CEC2014-F5,Multimodal,30,8,deterministic,300000,300000,520.8541373361072,500.0,20.854137336107215,492,1,7.857252749003237,ok
CEC2014,V0,Pure directional sensing,5,CEC2014-F5,Multimodal,30,9,deterministic,300000,300000,521.5878023574506,500.0,21.58780235745064,2,0,7.663763846998336,ok
CEC2014,V1,V0 + adaptive step regulation,5,CEC2014-F5,Multimodal,30,9,deterministic,300000,300000,520.9865460343588,500.0,20.986546034358753,7,0,7.549482685994008,ok
CEC2014,V2,V1 + long-range sensing,5,CEC2014-F5,Multimodal,30,9,deterministic,300000,300000,521.2809801670991,500.0,21.280980167099074,8,0,7.560175288002938,ok
CEC2014,V3,V2 + memory fusion,5,CEC2014-F5,Multimodal,30,9,deterministic,300000,300000,521.2183140824967,500.0,21.218314082496704,5,0,7.6862902130014845,ok
CEC2014,V4,Full DMGSO with relocation and policy-like gating,5,CEC2014-F5,Multimodal,30,9,deterministic,300000,300000,521.1120617233474,500.0,21.112061723347438,110,20,7.763458239998727,ok
CEC2014,V0,Pure directional sensing,6,CEC2014-F6,Multimodal,30,0,deterministic,300000,300000,657.1204139395271,600.0,57.12041393952711,6,0,90.52808684800402,ok
CEC2014,V1,V0 + adaptive step regulation,6,CEC2014-F6,Multimodal,30,0,deterministic,300000,300000,655.5997547589609,600.0,55.5997547589609,12,0,89.65746779899928,ok
CEC2014,V2,V1 + long-range sensing,6,CEC2014-F6,Multimodal,30,0,deterministic,300000,300000,659.6755169597,600.0,59.67551695969996,4,0,89.82214954400115,ok
CEC2014,V3,V2 + memory fusion,6,CEC2014-F6,Multimodal,30,0,deterministic,300000,300000,655.7637580506462,600.0,55.763758050646175,24,0,92.04715169299743,ok
CEC2014,V4,Full DMGSO with relocation and policy-like gating,6,CEC2014-F6,Multimodal,30,0,deterministic,300000,300000,636.1601709877874,600.0,36.16017098778741,465,19,90.67266479400132,ok
CEC2014,V0,Pure directional sensing,6,CEC2014-F6,Multimodal,30,1,deterministic,300000,300000,658.6330005239639,600.0,58.633000523963915,5,0,88.92001970099955,ok
CEC2014,V1,V0 + adaptive step regulation,6,CEC2014-F6,Multimodal,30,1,deterministic,300000,300000,656.458606370957,600.0,56.458606370957,16,0,89.2667248719954,ok
CEC2014,V2,V1 + long-range sensing,6,CEC2014-F6,Multimodal,30,1,deterministic,300000,300000,653.2715301826686,600.0,53.271530182668585,12,0,90.39579601800506,ok
CEC2014,V3,V2 + memory fusion,6,CEC2014-F6,Multimodal,30,1,deterministic,300000,300000,655.67245187064,600.0,55.672451870639975,29,0,89.72189814900048,ok
CEC2014,V4,Full DMGSO with relocation and policy-like gating,6,CEC2014-F6,Multimodal,30,1,deterministic,300000,300000,636.6250807123497,600.0,36.6250807123497,458,19,91.14544358699641,ok
CEC2014,V0,Pure directional sensing,6,CEC2014-F6,Multimodal,30,2,deterministic,300000,300000,657.8863007825698,600.0,57.88630078256983,8,0,90.32509743999981,ok
CEC2014,V1,V0 + adaptive step regulation,6,CEC2014-F6,Multimodal,30,2,deterministic,300000,300000,655.9636934899567,600.0,55.963693489956654,20,0,87.89487804999953,ok
CEC2014,V2,V1 + long-range sensing,6,CEC2014-F6,Multimodal,30,2,deterministic,300000,300000,648.5100064512515,600.0,48.510006451251456,22,0,88.61472440099897,ok
CEC2014,V3,V2 + memory fusion,6,CEC2014-F6,Multimodal,30,2,deterministic,300000,300000,655.9547885564637,600.0,55.954788556463654,27,0,90.05085491700447,ok
CEC2014,V4,Full DMGSO with relocation and policy-like gating,6,CEC2014-F6,Multimodal,30,2,deterministic,300000,300000,635.9166145159206,600.0,35.91661451592063,448,20,89.91955651099852,ok
CEC2014,V0,Pure directional sensing,6,CEC2014-F6,Multimodal,30,3,deterministic,300000,300000,653.6474987794256,600.0,53.64749877942563,5,0,88.95961845599959,ok
CEC2014,V1,V0 + adaptive step regulation,6,CEC2014-F6,Multimodal,30,3,deterministic,300000,300000,653.5014971577747,600.0,53.50149715777468,13,0,89.50207521399716,ok
CEC2014,V2,V1 + long-range sensing,6,CEC2014-F6,Multimodal,30,3,deterministic,300000,300000,653.5923171678631,600.0,53.59231716786314,8,0,89.7184183749996,ok
CEC2014,V3,V2 + memory fusion,6,CEC2014-F6,Multimodal,30,3,deterministic,300000,300000,652.9962028762674,600.0,52.996202876267375,22,0,90.13769647700246,ok
CEC2014,V4,Full DMGSO with relocation and policy-like gating,6,CEC2014-F6,Multimodal,30,3,deterministic,300000,300000,634.9605576960861,600.0,34.960557696086084,444,20,89.85821570899861,ok
CEC2014,V0,Pure directional sensing,6,CEC2014-F6,Multimodal,30,4,deterministic,300000,300000,655.1690990613229,600.0,55.16909906132287,2,0,90.86556106100034,ok
CEC2014,V1,V0 + adaptive step regulation,6,CEC2014-F6,Multimodal,30,4,deterministic,300000,300000,652.2074856853056,600.0,52.20748568530564,12,0,89.77116112099611,ok
CEC2014,V2,V1 + long-range sensing,6,CEC2014-F6,Multimodal,30,4,deterministic,300000,300000,652.2283391091394,600.0,52.22833910913937,13,0,92.1947348390022,ok
CEC2014,V3,V2 + memory fusion,6,CEC2014-F6,Multimodal,30,4,deterministic,300000,300000,652.1362942085384,600.0,52.1362942085384,22,0,91.67054367200035,ok
CEC2014,V4,Full DMGSO with relocation and policy-like gating,6,CEC2014-F6,Multimodal,30,4,deterministic,300000,300000,630.6361022257776,600.0,30.636102225777563,467,19,91.3965903740027,ok
CEC2014,V0,Pure directional sensing,6,CEC2014-F6,Multimodal,30,5,deterministic,300000,300000,655.8088296757971,600.0,55.80882967579714,8,0,91.60876577699673,ok
CEC2014,V1,V0 + adaptive step regulation,6,CEC2014-F6,Multimodal,30,5,deterministic,300000,300000,654.1239716412588,600.0,54.12397164125878,17,0,92.84461763699801,ok
CEC2014,V2,V1 + long-range sensing,6,CEC2014-F6,Multimodal,30,5,deterministic,300000,300000,651.2598521406649,600.0,51.25985214066486,13,0,91.05862844099465,ok
CEC2014,V3,V2 + memory fusion,6,CEC2014-F6,Multimodal,30,5,deterministic,300000,300000,654.4728320101153,600.0,54.472832010115326,14,0,89.35030655700393,ok
CEC2014,V4,Full DMGSO with relocation and policy-like gating,6,CEC2014-F6,Multimodal,30,5,deterministic,300000,300000,634.4671031699869,600.0,34.4671031699869,505,20,91.04498508499819,ok
CEC2014,V0,Pure directional sensing,6,CEC2014-F6,Multimodal,30,6,deterministic,300000,300000,660.5726212654845,600.0,60.572621265484486,1,0,91.92534488900128,ok
CEC2014,V1,V0 + adaptive step regulation,6,CEC2014-F6,Multimodal,30,6,deterministic,300000,300000,658.4790965960017,600.0,58.47909659600168,14,0,90.47234288700565,ok
CEC2014,V2,V1 + long-range sensing,6,CEC2014-F6,Multimodal,30,6,deterministic,300000,300000,653.9131531741912,600.0,53.913153174191166,9,0,87.53326024400303,ok
CEC2014,V3,V2 + memory fusion,6,CEC2014-F6,Multimodal,30,6,deterministic,300000,300000,655.4438298320898,600.0,55.44382983208982,21,0,89.26990511699842,ok
CEC2014,V4,Full DMGSO with relocation and policy-like gating,6,CEC2014-F6,Multimodal,30,6,deterministic,300000,300000,635.7481394275952,600.0,35.74813942759522,438,19,91.12435576199641,ok
CEC2014,V0,Pure directional sensing,6,CEC2014-F6,Multimodal,30,7,deterministic,300000,300000,650.8743571821337,600.0,50.874357182133735,2,0,89.00245599399932,ok
CEC2014,V1,V0 + adaptive step regulation,6,CEC2014-F6,Multimodal,30,7,deterministic,300000,300000,648.196366471831,600.0,48.19636647183097,11,0,90.31258920699474,ok
CEC2014,V2,V1 + long-range sensing,6,CEC2014-F6,Multimodal,30,7,deterministic,300000,300000,648.4202046152706,600.0,48.42020461527056,15,0,90.70762268199906,ok
CEC2014,V3,V2 + memory fusion,6,CEC2014-F6,Multimodal,30,7,deterministic,300000,300000,648.040824151635,600.0,48.04082415163498,17,0,88.9282236049985,ok
CEC2014,V4,Full DMGSO with relocation and policy-like gating,6,CEC2014-F6,Multimodal,30,7,deterministic,300000,300000,636.8927275479405,600.0,36.89272754794047,486,20,88.1573144569993,ok
CEC2014,V0,Pure directional sensing,6,CEC2014-F6,Multimodal,30,8,deterministic,300000,300000,644.3184605127394,600.0,44.31846051273942,4,0,89.75196984200011,ok
CEC2014,V1,V0 + adaptive step regulation,6,CEC2014-F6,Multimodal,30,8,deterministic,300000,300000,641.7156203974164,600.0,41.71562039741639,13,0,89.68745709700306,ok
CEC2014,V2,V1 + long-range sensing,6,CEC2014-F6,Multimodal,30,8,deterministic,300000,300000,639.4030907187663,600.0,39.40309071876629,19,0,89.58480051399965,ok
CEC2014,V3,V2 + memory fusion,6,CEC2014-F6,Multimodal,30,8,deterministic,300000,300000,640.8613290905223,600.0,40.861329090522304,29,0,90.04756710299989,ok
CEC2014,V4,Full DMGSO with relocation and policy-like gating,6,CEC2014-F6,Multimodal,30,8,deterministic,300000,300000,634.1656870374563,600.0,34.16568703745634,419,20,91.70963016400492,ok
CEC2014,V0,Pure directional sensing,6,CEC2014-F6,Multimodal,30,9,deterministic,300000,300000,648.8579644386285,600.0,48.85796443862853,6,0,92.81965240200225,ok
CEC2014,V1,V0 + adaptive step regulation,6,CEC2014-F6,Multimodal,30,9,deterministic,300000,300000,646.5895288671877,600.0,46.58952886718771,16,0,93.57875115399656,ok
CEC2014,V2,V1 + long-range sensing,6,CEC2014-F6,Multimodal,30,9,deterministic,300000,300000,644.5546419157164,600.0,44.55464191571639,15,0,97.03313218999392,ok
CEC2014,V3,V2 + memory fusion,6,CEC2014-F6,Multimodal,30,9,deterministic,300000,300000,647.8969245712971,600.0,47.89692457129706,25,0,90.20957595399523,ok
CEC2014,V4,Full DMGSO with relocation and policy-like gating,6,CEC2014-F6,Multimodal,30,9,deterministic,300000,300000,637.1629826938652,600.0,37.16298269386516,497,19,91.10036382199905,ok
CEC2014,V0,Pure directional sensing,7,CEC2014-F7,Multimodal,30,0,deterministic,300000,300000,701.0822211400218,700.0,1.0822211400218293,175,0,7.740559031000885,ok
CEC2014,V1,V0 + adaptive step regulation,7,CEC2014-F7,Multimodal,30,0,deterministic,300000,300000,700.9978297880276,700.0,0.9978297880276159,60,0,7.591776692002895,ok
CEC2014,V2,V1 + long-range sensing,7,CEC2014-F7,Multimodal,30,0,deterministic,300000,300000,701.0317107775255,700.0,1.031710777525518,68,0,7.695861004001927,ok
CEC2014,V3,V2 + memory fusion,7,CEC2014-F7,Multimodal,30,0,deterministic,300000,300000,700.9746463050726,700.0,0.9746463050726106,162,0,7.790708081003686,ok
CEC2014,V4,Full DMGSO with relocation and policy-like gating,7,CEC2014-F7,Multimodal,30,0,deterministic,300000,300000,700.434037989388,700.0,0.43403798938800264,1225,9,7.653082655997423,ok
CEC2014,V0,Pure directional sensing,7,CEC2014-F7,Multimodal,30,1,deterministic,300000,300000,701.1016488839686,700.0,1.1016488839685508,167,0,7.5376936009997735,ok
CEC2014,V1,V0 + adaptive step regulation,7,CEC2014-F7,Multimodal,30,1,deterministic,300000,300000,701.0154133628091,700.0,1.015413362809113,51,0,7.617304860999866,ok
CEC2014,V2,V1 + long-range sensing,7,CEC2014-F7,Multimodal,30,1,deterministic,300000,300000,701.0097923854158,700.0,1.0097923854158353,59,0,7.622344432995305,ok
CEC2014,V3,V2 + memory fusion,7,CEC2014-F7,Multimodal,30,1,deterministic,300000,300000,701.02211264468,700.0,1.0221126446799644,242,0,7.580253776002792,ok
CEC2014,V4,Full DMGSO with relocation and policy-like gating,7,CEC2014-F7,Multimodal,30,1,deterministic,300000,300000,700.4183961441331,700.0,0.4183961441331121,1137,12,7.86908286200196,ok
CEC2014,V0,Pure directional sensing,7,CEC2014-F7,Multimodal,30,2,deterministic,300000,300000,701.114825317877,700.0,1.1148253178770346,160,0,7.741357296996284,ok
CEC2014,V1,V0 + adaptive step regulation,7,CEC2014-F7,Multimodal,30,2,deterministic,300000,300000,701.004824314383,700.0,1.0048243143829723,51,0,7.679673407998052,ok
CEC2014,V2,V1 + long-range sensing,7,CEC2014-F7,Multimodal,30,2,deterministic,300000,300000,701.0341645913521,700.0,1.0341645913521234,62,0,7.579804400993453,ok
CEC2014,V3,V2 + memory fusion,7,CEC2014-F7,Multimodal,30,2,deterministic,300000,300000,701.0250034523543,700.0,1.0250034523543263,57,0,7.851233803994546,ok
CEC2014,V4,Full DMGSO with relocation and policy-like gating,7,CEC2014-F7,Multimodal,30,2,deterministic,300000,300000,700.1917093716413,700.0,0.1917093716413092,1143,9,7.676358778997383,ok
CEC2014,V0,Pure directional sensing,7,CEC2014-F7,Multimodal,30,3,deterministic,300000,300000,701.0800256953142,700.0,1.080025695314248,156,0,7.631367415997374,ok
CEC2014,V1,V0 + adaptive step regulation,7,CEC2014-F7,Multimodal,30,3,deterministic,300000,300000,700.8709126598036,700.0,0.8709126598035937,54,0,7.790918402999523,ok
CEC2014,V2,V1 + long-range sensing,7,CEC2014-F7,Multimodal,30,3,deterministic,300000,300000,701.0190619405946,700.0,1.0190619405946109,61,0,7.558527499997581,ok
CEC2014,V3,V2 + memory fusion,7,CEC2014-F7,Multimodal,30,3,deterministic,300000,300000,700.9264319639999,700.0,0.926431963999903,186,0,7.417378034006106,ok
CEC2014,V4,Full DMGSO with relocation and policy-like gating,7,CEC2014-F7,Multimodal,30,3,deterministic,300000,300000,700.723928158529,700.0,0.72392815852902,1197,11,7.519333671996719,ok
CEC2014,V0,Pure directional sensing,7,CEC2014-F7,Multimodal,30,4,deterministic,300000,300000,701.1241859580116,700.0,1.1241859580115943,152,0,7.368454178998945,ok
CEC2014,V1,V0 + adaptive step regulation,7,CEC2014-F7,Multimodal,30,4,deterministic,300000,300000,701.0237383312461,700.0,1.0237383312461361,51,0,7.53009621900128,ok
CEC2014,V2,V1 + long-range sensing,7,CEC2014-F7,Multimodal,30,4,deterministic,300000,300000,701.0239043915624,700.0,1.0239043915623824,63,0,7.688071608994505,ok
CEC2014,V3,V2 + memory fusion,7,CEC2014-F7,Multimodal,30,4,deterministic,300000,300000,700.9401776108973,700.0,0.9401776108973081,180,0,7.711272947999532,ok
CEC2014,V4,Full DMGSO with relocation and policy-like gating,7,CEC2014-F7,Multimodal,30,4,deterministic,300000,300000,700.7073087442745,700.0,0.7073087442745418,1082,13,7.576621210995654,ok
CEC2014,V0,Pure directional sensing,7,CEC2014-F7,Multimodal,30,5,deterministic,300000,300000,701.0813594050536,700.0,1.081359405053604,148,0,7.33772606599814,ok
CEC2014,V1,V0 + adaptive step regulation,7,CEC2014-F7,Multimodal,30,5,deterministic,300000,300000,700.8661895943817,700.0,0.8661895943816944,53,0,7.578738062999037,ok
CEC2014,V2,V1 + long-range sensing,7,CEC2014-F7,Multimodal,30,5,deterministic,300000,300000,701.0252016604466,700.0,1.0252016604465553,59,0,7.807624311004474,ok
CEC2014,V3,V2 + memory fusion,7,CEC2014-F7,Multimodal,30,5,deterministic,300000,300000,700.8497859906802,700.0,0.849785990680175,282,0,7.537443594999786,ok
CEC2014,V4,Full DMGSO with relocation and policy-like gating,7,CEC2014-F7,Multimodal,30,5,deterministic,300000,300000,700.2159365023938,700.0,0.21593650239378803,1280,6,7.488672614003008,ok
CEC2014,V0,Pure directional sensing,7,CEC2014-F7,Multimodal,30,6,deterministic,300000,300000,701.1123101839485,700.0,1.1123101839484661,143,0,7.580121409999265,ok
CEC2014,V1,V0 + adaptive step regulation,7,CEC2014-F7,Multimodal,30,6,deterministic,300000,300000,701.0297731361928,700.0,1.02977313619283,51,0,7.7479799869979615,ok
CEC2014,V2,V1 + long-range sensing,7,CEC2014-F7,Multimodal,30,6,deterministic,300000,300000,701.0216170781476,700.0,1.0216170781476421,64,0,7.600578837002104,ok
CEC2014,V3,V2 + memory fusion,7,CEC2014-F7,Multimodal,30,6,deterministic,300000,300000,701.0231475044935,700.0,1.0231475044935223,157,0,7.642791562997445,ok
CEC2014,V4,Full DMGSO with relocation and policy-like gating,7,CEC2014-F7,Multimodal,30,6,deterministic,300000,300000,700.761245526271,700.0,0.7612455262709545,1029,15,7.683067572004802,ok
CEC2014,V0,Pure directional sensing,7,CEC2014-F7,Multimodal,30,7,deterministic,300000,300000,701.1196339446994,700.0,1.1196339446994443,141,0,7.522392547005438,ok
CEC2014,V1,V0 + adaptive step regulation,7,CEC2014-F7,Multimodal,30,7,deterministic,300000,300000,701.0035576248482,700.0,1.003557624848213,50,0,7.4917327360017225,ok
CEC2014,V2,V1 + long-range sensing,7,CEC2014-F7,Multimodal,30,7,deterministic,300000,300000,701.0168406183286,700.0,1.0168406183286152,67,0,7.487812749997829,ok
CEC2014,V3,V2 + memory fusion,7,CEC2014-F7,Multimodal,30,7,deterministic,300000,300000,700.9772533002459,700.0,0.977253300245934,49,0,7.704180938002537,ok
CEC2014,V4,Full DMGSO with relocation and policy-like gating,7,CEC2014-F7,Multimodal,30,7,deterministic,300000,300000,700.2054835325001,700.0,0.20548353250012497,1321,6,7.3694173020048765,ok
CEC2014,V0,Pure directional sensing,7,CEC2014-F7,Multimodal,30,8,deterministic,300000,300000,701.0874679917877,700.0,1.087467991787662,137,0,7.812749138000072,ok
CEC2014,V1,V0 + adaptive step regulation,7,CEC2014-F7,Multimodal,30,8,deterministic,300000,300000,700.9578831897347,700.0,0.95788318973473,58,0,7.308639355003834,ok
CEC2014,V2,V1 + long-range sensing,7,CEC2014-F7,Multimodal,30,8,deterministic,300000,300000,701.02636542476,700.0,1.0263654247600016,61,0,7.526288674998796,ok
CEC2014,V3,V2 + memory fusion,7,CEC2014-F7,Multimodal,30,8,deterministic,300000,300000,700.9991188552067,700.0,0.9991188552066887,322,0,7.469474161996914,ok
CEC2014,V4,Full DMGSO with relocation and policy-like gating,7,CEC2014-F7,Multimodal,30,8,deterministic,300000,300000,700.6119535787091,700.0,0.6119535787090626,982,15,7.642691681001452,ok
CEC2014,V0,Pure directional sensing,7,CEC2014-F7,Multimodal,30,9,deterministic,300000,300000,701.0897913241083,700.0,1.0897913241083188,135,0,7.507058821000101,ok
CEC2014,V1,V0 + adaptive step regulation,7,CEC2014-F7,Multimodal,30,9,deterministic,300000,300000,701.062588119287,700.0,1.0625881192870565,45,0,7.551928537999629,ok
CEC2014,V2,V1 + long-range sensing,7,CEC2014-F7,Multimodal,30,9,deterministic,300000,300000,701.0233445717793,700.0,1.023344571779262,60,0,7.652382631000364,ok
CEC2014,V3,V2 + memory fusion,7,CEC2014-F7,Multimodal,30,9,deterministic,300000,300000,701.0199305502623,700.0,1.019930550262302,186,0,7.703915048005001,ok
CEC2014,V4,Full DMGSO with relocation and policy-like gating,7,CEC2014-F7,Multimodal,30,9,deterministic,300000,300000,700.4587276199995,700.0,0.4587276199995358,1333,6,7.318996836998849,ok
CEC2014,V0,Pure directional sensing,8,CEC2014-F8,Multimodal,30,0,deterministic,300000,300000,1603.3278726461358,800.0,803.3278726461358,8,0,7.295702777999395,ok
CEC2014,V1,V0 + adaptive step regulation,8,CEC2014-F8,Multimodal,30,0,deterministic,300000,300000,1598.8999278379283,800.0,798.8999278379283,10,0,7.165482338001311,ok
CEC2014,V2,V1 + long-range sensing,8,CEC2014-F8,Multimodal,30,0,deterministic,300000,300000,1598.8999278379283,800.0,798.8999278379283,10,0,7.229613708994293,ok
CEC2014,V3,V2 + memory fusion,8,CEC2014-F8,Multimodal,30,0,deterministic,300000,300000,1598.7010107580143,800.0,798.7010107580143,110,0,7.251717776998703,ok
CEC2014,V4,Full DMGSO with relocation and policy-like gating,8,CEC2014-F8,Multimodal,30,0,deterministic,300000,300000,1085.2779638994355,800.0,285.27796389943546,858,17,7.224094288998458,ok
CEC2014,V0,Pure directional sensing,8,CEC2014-F8,Multimodal,30,1,deterministic,300000,300000,1443.5880348948124,800.0,643.5880348948124,10,0,7.2296773370035226,ok
CEC2014,V1,V0 + adaptive step regulation,8,CEC2014-F8,Multimodal,30,1,deterministic,300000,300000,1440.774569034023,800.0,640.774569034023,13,0,7.2477229310024995,ok
CEC2014,V2,V1 + long-range sensing,8,CEC2014-F8,Multimodal,30,1,deterministic,300000,300000,1455.6277319937008,800.0,655.6277319937008,12,0,7.127064027001325,ok
CEC2014,V3,V2 + memory fusion,8,CEC2014-F8,Multimodal,30,1,deterministic,300000,300000,1440.5831172663065,800.0,640.5831172663065,114,0,7.334304197996971,ok
CEC2014,V4,Full DMGSO with relocation and policy-like gating,8,CEC2014-F8,Multimodal,30,1,deterministic,300000,300000,1096.7495997895637,800.0,296.7495997895637,827,17,7.306816306001565,ok
CEC2014,V0,Pure directional sensing,8,CEC2014-F8,Multimodal,30,2,deterministic,300000,300000,1456.970640834445,800.0,656.970640834445,8,0,7.111354740001843,ok
CEC2014,V1,V0 + adaptive step regulation,8,CEC2014-F8,Multimodal,30,2,deterministic,300000,300000,1455.3272630434938,800.0,655.3272630434938,9,0,7.423471438996785,ok
CEC2014,V2,V1 + long-range sensing,8,CEC2014-F8,Multimodal,30,2,deterministic,300000,300000,1484.5160555407765,800.0,684.5160555407765,7,0,7.188123725994956,ok
CEC2014,V3,V2 + memory fusion,8,CEC2014-F8,Multimodal,30,2,deterministic,300000,300000,1455.1430622368791,800.0,655.1430622368791,51,0,7.188413640004001,ok
CEC2014,V4,Full DMGSO with relocation and policy-like gating,8,CEC2014-F8,Multimodal,30,2,deterministic,300000,300000,1088.5897616829075,800.0,288.58976168290747,638,20,7.264433183001529,ok
CEC2014,V0,Pure directional sensing,8,CEC2014-F8,Multimodal,30,3,deterministic,300000,300000,1409.4538529077279,800.0,609.4538529077279,9,0,7.025642762004281,ok
CEC2014,V1,V0 + adaptive step regulation,8,CEC2014-F8,Multimodal,30,3,deterministic,300000,300000,1406.932085077569,800.0,606.9320850775689,18,0,7.038889712996024,ok
CEC2014,V2,V1 + long-range sensing,8,CEC2014-F8,Multimodal,30,3,deterministic,300000,300000,1418.641441374819,800.0,618.6414413748189,7,0,7.177425362999202,ok
CEC2014,V3,V2 + memory fusion,8,CEC2014-F8,Multimodal,30,3,deterministic,300000,300000,1406.5215100914647,800.0,606.5215100914647,114,0,7.203254259999085,ok
CEC2014,V4,Full DMGSO with relocation and policy-like gating,8,CEC2014-F8,Multimodal,30,3,deterministic,300000,300000,1081.3200413840952,800.0,281.32004138409525,731,19,7.123891397000989,ok
CEC2014,V0,Pure directional sensing,8,CEC2014-F8,Multimodal,30,4,deterministic,300000,300000,1326.743463774642,800.0,526.7434637746419,8,0,7.2915317110018805,ok
CEC2014,V1,V0 + adaptive step regulation,8,CEC2014-F8,Multimodal,30,4,deterministic,300000,300000,1325.7507745366493,800.0,525.7507745366493,10,0,7.275179819000186,ok
CEC2014,V2,V1 + long-range sensing,8,CEC2014-F8,Multimodal,30,4,deterministic,300000,300000,1314.106739778385,800.0,514.106739778385,17,0,6.945323967003787,ok
CEC2014,V3,V2 + memory fusion,8,CEC2014-F8,Multimodal,30,4,deterministic,300000,300000,1325.4219190145204,800.0,525.4219190145204,21,0,7.321983042995271,ok
CEC2014,V4,Full DMGSO with relocation and policy-like gating,8,CEC2014-F8,Multimodal,30,4,deterministic,300000,300000,1078.090002176879,800.0,278.0900021768789,777,19,7.2659468300043955,ok
CEC2014,V0,Pure directional sensing,8,CEC2014-F8,Multimodal,30,5,deterministic,300000,300000,1363.3084729674877,800.0,563.3084729674877,8,0,7.2780482770031085,ok
CEC2014,V1,V0 + adaptive step regulation,8,CEC2014-F8,Multimodal,30,5,deterministic,300000,300000,1361.351689563988,800.0,561.351689563988,13,0,7.318939221004257,ok
CEC2014,V2,V1 + long-range sensing,8,CEC2014-F8,Multimodal,30,5,deterministic,300000,300000,1372.9330572818778,800.0,572.9330572818778,6,0,7.242052606998186,ok
CEC2014,V3,V2 + memory fusion,8,CEC2014-F8,Multimodal,30,5,deterministic,300000,300000,1361.2563705562607,800.0,561.2563705562607,185,0,7.284380797995254,ok
CEC2014,V4,Full DMGSO with relocation and policy-like gating,8,CEC2014-F8,Multimodal,30,5,deterministic,300000,300000,1074.3584548656006,800.0,274.3584548656006,663,20,7.001894460998301,ok
CEC2014,V0,Pure directional sensing,8,CEC2014-F8,Multimodal,30,6,deterministic,300000,300000,1305.5134297445775,800.0,505.5134297445775,9,0,7.329856923999614,ok
CEC2014,V1,V0 + adaptive step regulation,8,CEC2014-F8,Multimodal,30,6,deterministic,300000,300000,1301.7455403489153,800.0,501.74554034891526,13,0,7.183646553996368,ok
CEC2014,V2,V1 + long-range sensing,8,CEC2014-F8,Multimodal,30,6,deterministic,300000,300000,1301.7455403489153,800.0,501.74554034891526,13,0,7.0077853740003775,ok
CEC2014,V3,V2 + memory fusion,8,CEC2014-F8,Multimodal,30,6,deterministic,300000,300000,1301.0210921953253,800.0,501.0210921953253,71,0,7.19225404500321,ok
CEC2014,V4,Full DMGSO with relocation and policy-like gating,8,CEC2014-F8,Multimodal,30,6,deterministic,300000,300000,1064.903507474707,800.0,264.9035074747071,495,20,7.2935233150055865,ok
CEC2014,V0,Pure directional sensing,8,CEC2014-F8,Multimodal,30,7,deterministic,300000,300000,1301.2327950824663,800.0,501.2327950824663,9,0,7.307951907001552,ok
CEC2014,V1,V0 + adaptive step regulation,8,CEC2014-F8,Multimodal,30,7,deterministic,300000,300000,1300.808890361917,800.0,500.80889036191707,11,0,7.388415150002402,ok
CEC2014,V2,V1 + long-range sensing,8,CEC2014-F8,Multimodal,30,7,deterministic,300000,300000,1300.8156551215893,800.0,500.8156551215893,8,0,7.0942809539992595,ok
CEC2014,V3,V2 + memory fusion,8,CEC2014-F8,Multimodal,30,7,deterministic,300000,300000,1299.166514209616,800.0,499.166514209616,296,0,7.2780726440032595,ok
CEC2014,V4,Full DMGSO with relocation and policy-like gating,8,CEC2014-F8,Multimodal,30,7,deterministic,300000,300000,1103.2488069482333,800.0,303.2488069482333,480,20,7.415205123994383,ok
CEC2014,V0,Pure directional sensing,8,CEC2014-F8,Multimodal,30,8,deterministic,300000,300000,1348.9791445055248,800.0,548.9791445055248,10,0,7.211458215999301,ok
CEC2014,V1,V0 + adaptive step regulation,8,CEC2014-F8,Multimodal,30,8,deterministic,300000,300000,1347.1749200842287,800.0,547.1749200842287,10,0,6.961104720998264,ok
CEC2014,V2,V1 + long-range sensing,8,CEC2014-F8,Multimodal,30,8,deterministic,300000,300000,1397.744794460146,800.0,597.7447944601461,8,0,7.039562821002619,ok
CEC2014,V3,V2 + memory fusion,8,CEC2014-F8,Multimodal,30,8,deterministic,300000,300000,1345.8773706506213,800.0,545.8773706506213,273,0,7.186160887002188,ok
CEC2014,V4,Full DMGSO with relocation and policy-like gating,8,CEC2014-F8,Multimodal,30,8,deterministic,300000,300000,1039.301699816926,800.0,239.30169981692598,753,19,7.147907594000571,ok
CEC2014,V0,Pure directional sensing,8,CEC2014-F8,Multimodal,30,9,deterministic,300000,300000,1280.2480487002736,800.0,480.24804870027356,9,0,7.2120874070024,ok
CEC2014,V1,V0 + adaptive step regulation,8,CEC2014-F8,Multimodal,30,9,deterministic,300000,300000,1277.4857524709253,800.0,477.48575247092526,12,0,7.003755981000722,ok
CEC2014,V2,V1 + long-range sensing,8,CEC2014-F8,Multimodal,30,9,deterministic,300000,300000,1277.4857524709253,800.0,477.48575247092526,12,0,6.982007152000733,ok
CEC2014,V3,V2 + memory fusion,8,CEC2014-F8,Multimodal,30,9,deterministic,300000,300000,1277.4814501568158,800.0,477.48145015681575,48,0,7.547811422999075,ok
CEC2014,V4,Full DMGSO with relocation and policy-like gating,8,CEC2014-F8,Multimodal,30,9,deterministic,300000,300000,1107.2195179818134,800.0,307.2195179818134,783,17,7.5166574100003345,ok
CEC2014,V0,Pure directional sensing,9,CEC2014-F9,Multimodal,30,0,deterministic,300000,300000,2267.1915108467197,900.0,1367.1915108467197,12,0,7.5690277149988106,ok
CEC2014,V1,V0 + adaptive step regulation,9,CEC2014-F9,Multimodal,30,0,deterministic,300000,300000,2262.586098368494,900.0,1362.5860983684938,19,0,7.611894391004171,ok
CEC2014,V2,V1 + long-range sensing,9,CEC2014-F9,Multimodal,30,0,deterministic,300000,300000,2331.905559982635,900.0,1431.9055599826352,6,0,7.477170199003012,ok
CEC2014,V3,V2 + memory fusion,9,CEC2014-F9,Multimodal,30,0,deterministic,300000,300000,2260.86817041329,900.0,1360.86817041329,25,0,7.286288882001827,ok
CEC2014,V4,Full DMGSO with relocation and policy-like gating,9,CEC2014-F9,Multimodal,30,0,deterministic,300000,300000,1368.1652637888783,900.0,468.1652637888783,700,20,7.344876449998992,ok
CEC2014,V0,Pure directional sensing,9,CEC2014-F9,Multimodal,30,1,deterministic,300000,300000,2179.3124792131994,900.0,1279.3124792131994,9,0,7.1875728809973225,ok
CEC2014,V1,V0 + adaptive step regulation,9,CEC2014-F9,Multimodal,30,1,deterministic,300000,300000,2179.3323098216306,900.0,1279.3323098216306,15,0,7.306137494000723,ok
CEC2014,V2,V1 + long-range sensing,9,CEC2014-F9,Multimodal,30,1,deterministic,300000,300000,2300.5187191286327,900.0,1400.5187191286327,7,0,7.246866367997427,ok
CEC2014,V3,V2 + memory fusion,9,CEC2014-F9,Multimodal,30,1,deterministic,300000,300000,2178.7150730416242,900.0,1278.7150730416242,25,0,7.500554152000404,ok
CEC2014,V4,Full DMGSO with relocation and policy-like gating,9,CEC2014-F9,Multimodal,30,1,deterministic,300000,300000,1254.104159792792,900.0,354.10415979279196,784,17,7.472287912998581,ok
CEC2014,V0,Pure directional sensing,9,CEC2014-F9,Multimodal,30,2,deterministic,300000,300000,1953.122200740644,900.0,1053.122200740644,10,0,7.466521403002844,ok
CEC2014,V1,V0 + adaptive step regulation,9,CEC2014-F9,Multimodal,30,2,deterministic,300000,300000,1951.510703183445,900.0,1051.510703183445,10,0,7.4531873789965175,ok
CEC2014,V2,V1 + long-range sensing,9,CEC2014-F9,Multimodal,30,2,deterministic,300000,300000,2039.6030097199616,900.0,1139.6030097199616,9,0,7.439136430999497,ok
CEC2014,V3,V2 + memory fusion,9,CEC2014-F9,Multimodal,30,2,deterministic,300000,300000,1951.4569444519118,900.0,1051.4569444519118,96,0,7.465918284004147,ok
CEC2014,V4,Full DMGSO with relocation and policy-like gating,9,CEC2014-F9,Multimodal,30,2,deterministic,300000,300000,1346.173358750527,900.0,446.1733587505271,750,18,7.579762100998778,ok
CEC2014,V0,Pure directional sensing,9,CEC2014-F9,Multimodal,30,3,deterministic,300000,300000,2001.1359631875746,900.0,1101.1359631875746,11,0,7.351368559997354,ok
CEC2014,V1,V0 + adaptive step regulation,9,CEC2014-F9,Multimodal,30,3,deterministic,300000,300000,1956.3067106063818,900.0,1056.3067106063818,19,0,7.43374537499767,ok
CEC2014,V2,V1 + long-range sensing,9,CEC2014-F9,Multimodal,30,3,deterministic,300000,300000,1984.4579935865888,900.0,1084.4579935865888,11,0,7.259083037999517,ok
CEC2014,V3,V2 + memory fusion,9,CEC2014-F9,Multimodal,30,3,deterministic,300000,300000,1956.4700583648962,900.0,1056.4700583648962,48,0,7.39922638599819,ok
CEC2014,V4,Full DMGSO with relocation and policy-like gating,9,CEC2014-F9,Multimodal,30,3,deterministic,300000,300000,1317.5140859405462,900.0,417.51408594054624,489,20,7.442694969999138,ok
CEC2014,V0,Pure directional sensing,9,CEC2014-F9,Multimodal,30,4,deterministic,300000,300000,1907.8201417620355,900.0,1007.8201417620355,12,0,7.228262220000033,ok
CEC2014,V1,V0 + adaptive step regulation,9,CEC2014-F9,Multimodal,30,4,deterministic,300000,300000,1903.001259410249,900.0,1003.0012594102491,19,0,7.466076297001564,ok
CEC2014,V2,V1 + long-range sensing,9,CEC2014-F9,Multimodal,30,4,deterministic,300000,300000,1965.2359372133785,900.0,1065.2359372133785,8,0,7.3209857100009685,ok
CEC2014,V3,V2 + memory fusion,9,CEC2014-F9,Multimodal,30,4,deterministic,300000,300000,1901.5976471344056,900.0,1001.5976471344056,245,0,7.379611514996213,ok
CEC2014,V4,Full DMGSO with relocation and policy-like gating,9,CEC2014-F9,Multimodal,30,4,deterministic,300000,300000,1209.695823107842,900.0,309.695823107842,441,20,7.516497648997756,ok
CEC2014,V0,Pure directional sensing,9,CEC2014-F9,Multimodal,30,5,deterministic,300000,300000,1798.7767892241936,900.0,898.7767892241936,9,0,7.509397540001373,ok
CEC2014,V1,V0 + adaptive step regulation,9,CEC2014-F9,Multimodal,30,5,deterministic,300000,300000,1790.7361135122737,900.0,890.7361135122737,17,0,7.280820612002572,ok
CEC2014,V2,V1 + long-range sensing,9,CEC2014-F9,Multimodal,30,5,deterministic,300000,300000,1860.687516400292,900.0,960.687516400292,6,0,7.3628772599986405,ok
CEC2014,V3,V2 + memory fusion,9,CEC2014-F9,Multimodal,30,5,deterministic,300000,300000,1790.512372892011,900.0,890.512372892011,84,0,7.281004469994514,ok
CEC2014,V4,Full DMGSO with relocation and policy-like gating,9,CEC2014-F9,Multimodal,30,5,deterministic,300000,300000,1229.319924586865,900.0,329.319924586865,600,20,7.389160222999635,ok
CEC2014,V0,Pure directional sensing,9,CEC2014-F9,Multimodal,30,6,deterministic,300000,300000,1619.8088839881073,900.0,719.8088839881073,10,0,7.558845789004408,ok
CEC2014,V1,V0 + adaptive step regulation,9,CEC2014-F9,Multimodal,30,6,deterministic,300000,300000,1613.6311379393437,900.0,713.6311379393437,15,0,7.37866635699902,ok
CEC2014,V2,V1 + long-range sensing,9,CEC2014-F9,Multimodal,30,6,deterministic,300000,300000,1612.6448143704497,900.0,712.6448143704497,20,0,7.3799092909976025,ok
CEC2014,V3,V2 + memory fusion,9,CEC2014-F9,Multimodal,30,6,deterministic,300000,300000,1612.2074388739572,900.0,712.2074388739572,40,0,7.491684850996535,ok
CEC2014,V4,Full DMGSO with relocation and policy-like gating,9,CEC2014-F9,Multimodal,30,6,deterministic,300000,300000,1221.0276809430034,900.0,321.02768094300336,654,20,7.360319072002312,ok
CEC2014,V0,Pure directional sensing,9,CEC2014-F9,Multimodal,30,7,deterministic,300000,300000,1655.9064475511836,900.0,755.9064475511836,9,0,7.4306274460032,ok
CEC2014,V1,V0 + adaptive step regulation,9,CEC2014-F9,Multimodal,30,7,deterministic,300000,300000,1654.6519662846106,900.0,754.6519662846106,14,0,7.5843486369994935,ok
CEC2014,V2,V1 + long-range sensing,9,CEC2014-F9,Multimodal,30,7,deterministic,300000,300000,1742.927145313768,900.0,842.927145313768,12,0,7.177410371004953,ok
CEC2014,V3,V2 + memory fusion,9,CEC2014-F9,Multimodal,30,7,deterministic,300000,300000,1654.4710981362532,900.0,754.4710981362532,38,0,7.41439600999729,ok
CEC2014,V4,Full DMGSO with relocation and policy-like gating,9,CEC2014-F9,Multimodal,30,7,deterministic,300000,300000,1231.3024863934857,900.0,331.30248639348565,698,20,7.344130571000278,ok
CEC2014,V0,Pure directional sensing,9,CEC2014-F9,Multimodal,30,8,deterministic,300000,300000,1542.3102054769734,900.0,642.3102054769734,7,0,7.350970696999866,ok
CEC2014,V1,V0 + adaptive step regulation,9,CEC2014-F9,Multimodal,30,8,deterministic,300000,300000,1539.3845645987822,900.0,639.3845645987822,12,0,7.450071830993693,ok
CEC2014,V2,V1 + long-range sensing,9,CEC2014-F9,Multimodal,30,8,deterministic,300000,300000,1539.3976106592006,900.0,639.3976106592006,13,0,7.37701349100098,ok
CEC2014,V3,V2 + memory fusion,9,CEC2014-F9,Multimodal,30,8,deterministic,300000,300000,1538.498367724314,900.0,638.498367724314,300,0,7.244504030000826,ok
CEC2014,V4,Full DMGSO with relocation and policy-like gating,9,CEC2014-F9,Multimodal,30,8,deterministic,300000,300000,1378.0413455553792,900.0,478.04134555537917,974,14,7.223356860005879,ok
CEC2014,V0,Pure directional sensing,9,CEC2014-F9,Multimodal,30,9,deterministic,300000,300000,1620.8555815734676,900.0,720.8555815734676,8,0,7.37406305699551,ok
CEC2014,V1,V0 + adaptive step regulation,9,CEC2014-F9,Multimodal,30,9,deterministic,300000,300000,1616.231288756707,900.0,716.231288756707,18,0,7.195168348000152,ok
CEC2014,V2,V1 + long-range sensing,9,CEC2014-F9,Multimodal,30,9,deterministic,300000,300000,1595.156139191087,900.0,695.156139191087,20,0,7.384813569995458,ok
CEC2014,V3,V2 + memory fusion,9,CEC2014-F9,Multimodal,30,9,deterministic,300000,300000,1616.027906798673,900.0,716.027906798673,148,0,7.521666553999239,ok
CEC2014,V4,Full DMGSO with relocation and policy-like gating,9,CEC2014-F9,Multimodal,30,9,deterministic,300000,300000,1261.0164488781002,900.0,361.01644887810016,881,16,7.271609868002997,ok
CEC2014,V0,Pure directional sensing,10,CEC2014-F10,Multimodal,30,0,deterministic,300000,300000,9732.181067132351,1000.0,8732.181067132351,5,0,13.214499590001651,ok
CEC2014,V1,V0 + adaptive step regulation,10,CEC2014-F10,Multimodal,30,0,deterministic,300000,300000,9760.70915247258,1000.0,8760.70915247258,9,0,12.932155296999554,ok
CEC2014,V2,V1 + long-range sensing,10,CEC2014-F10,Multimodal,30,0,deterministic,300000,300000,9760.70915247258,1000.0,8760.70915247258,9,0,12.971507728005236,ok
CEC2014,V3,V2 + memory fusion,10,CEC2014-F10,Multimodal,30,0,deterministic,300000,300000,9729.18266674177,1000.0,8729.18266674177,29,0,12.606874914999935,ok
CEC2014,V4,Full DMGSO with relocation and policy-like gating,10,CEC2014-F10,Multimodal,30,0,deterministic,300000,300000,4094.0232020223048,1000.0,3094.0232020223048,504,20,12.426314151998668,ok
CEC2014,V0,Pure directional sensing,10,CEC2014-F10,Multimodal,30,1,deterministic,300000,300000,8315.822031262484,1000.0,7315.8220312624835,10,0,12.520233445000486,ok
CEC2014,V1,V0 + adaptive step regulation,10,CEC2014-F10,Multimodal,30,1,deterministic,300000,300000,8294.310268984096,1000.0,7294.310268984096,13,0,12.359631913001067,ok
CEC2014,V2,V1 + long-range sensing,10,CEC2014-F10,Multimodal,30,1,deterministic,300000,300000,7539.23365319421,1000.0,6539.23365319421,12,0,12.669567607998033,ok
CEC2014,V3,V2 + memory fusion,10,CEC2014-F10,Multimodal,30,1,deterministic,300000,300000,8250.814586156059,1000.0,7250.814586156059,33,0,12.655501717003062,ok
CEC2014,V4,Full DMGSO with relocation and policy-like gating,10,CEC2014-F10,Multimodal,30,1,deterministic,300000,300000,4247.027497047395,1000.0,3247.0274970473947,397,20,12.585312948998762,ok
CEC2014,V0,Pure directional sensing,10,CEC2014-F10,Multimodal,30,2,deterministic,300000,300000,7122.766280870879,1000.0,6122.766280870879,14,0,12.556915638000646,ok
CEC2014,V1,V0 + adaptive step regulation,10,CEC2014-F10,Multimodal,30,2,deterministic,300000,300000,6874.302811500715,1000.0,5874.302811500715,21,0,12.492685839999467,ok
CEC2014,V2,V1 + long-range sensing,10,CEC2014-F10,Multimodal,30,2,deterministic,300000,300000,6934.440924230393,1000.0,5934.440924230393,26,0,12.919316735002212,ok
CEC2014,V3,V2 + memory fusion,10,CEC2014-F10,Multimodal,30,2,deterministic,300000,300000,6918.663385896862,1000.0,5918.663385896862,26,0,12.431806659995345,ok
CEC2014,V4,Full DMGSO with relocation and policy-like gating,10,CEC2014-F10,Multimodal,30,2,deterministic,300000,300000,4296.755918426643,1000.0,3296.755918426643,418,20,12.832267462996242,ok
CEC2014,V0,Pure directional sensing,10,CEC2014-F10,Multimodal,30,3,deterministic,300000,300000,7941.48019361101,1000.0,6941.48019361101,13,0,12.363117458997294,ok
CEC2014,V1,V0 + adaptive step regulation,10,CEC2014-F10,Multimodal,30,3,deterministic,300000,300000,7868.822973218032,1000.0,6868.822973218032,18,0,12.3300724169967,ok
CEC2014,V2,V1 + long-range sensing,10,CEC2014-F10,Multimodal,30,3,deterministic,300000,300000,8879.046323348033,1000.0,7879.046323348033,8,0,12.535214739997173,ok
CEC2014,V3,V2 + memory fusion,10,CEC2014-F10,Multimodal,30,3,deterministic,300000,300000,7911.84678340715,1000.0,6911.84678340715,40,0,12.591406441999425,ok
CEC2014,V4,Full DMGSO with relocation and policy-like gating,10,CEC2014-F10,Multimodal,30,3,deterministic,300000,300000,4409.092114592848,1000.0,3409.092114592848,464,20,12.980895287000749,ok
CEC2014,V0,Pure directional sensing,10,CEC2014-F10,Multimodal,30,4,deterministic,300000,300000,8214.081877513188,1000.0,7214.081877513188,8,0,12.778289428002608,ok
CEC2014,V1,V0 + adaptive step regulation,10,CEC2014-F10,Multimodal,30,4,deterministic,300000,300000,8006.3929906799,1000.0,7006.3929906799,9,0,12.546183908001694,ok
CEC2014,V2,V1 + long-range sensing,10,CEC2014-F10,Multimodal,30,4,deterministic,300000,300000,7619.399474170083,1000.0,6619.399474170083,12,0,12.58075167300558,ok
CEC2014,V3,V2 + memory fusion,10,CEC2014-F10,Multimodal,30,4,deterministic,300000,300000,7966.098205390942,1000.0,6966.098205390942,33,0,12.816446099001041,ok
CEC2014,V4,Full DMGSO with relocation and policy-like gating,10,CEC2014-F10,Multimodal,30,4,deterministic,300000,300000,3706.3676408375395,1000.0,2706.3676408375395,438,20,12.200440358996275,ok
CEC2014,V0,Pure directional sensing,10,CEC2014-F10,Multimodal,30,5,deterministic,300000,300000,7097.711618543493,1000.0,6097.711618543493,16,0,12.537283533994923,ok
CEC2014,V1,V0 + adaptive step regulation,10,CEC2014-F10,Multimodal,30,5,deterministic,300000,300000,6955.375812783118,1000.0,5955.375812783118,21,0,13.042846030002693,ok
CEC2014,V2,V1 + long-range sensing,10,CEC2014-F10,Multimodal,30,5,deterministic,300000,300000,7028.979678156214,1000.0,6028.979678156214,21,0,12.331871873997443,ok
CEC2014,V3,V2 + memory fusion,10,CEC2014-F10,Multimodal,30,5,deterministic,300000,300000,6954.82604105105,1000.0,5954.82604105105,34,0,12.285296543996083,ok
CEC2014,V4,Full DMGSO with relocation and policy-like gating,10,CEC2014-F10,Multimodal,30,5,deterministic,300000,300000,4695.1344041008615,1000.0,3695.1344041008615,788,17,12.659185914002592,ok
CEC2014,V0,Pure directional sensing,10,CEC2014-F10,Multimodal,30,6,deterministic,300000,300000,6277.638374587282,1000.0,5277.638374587282,8,0,12.417619122003089,ok
CEC2014,V1,V0 + adaptive step regulation,10,CEC2014-F10,Multimodal,30,6,deterministic,300000,300000,6179.210458423935,1000.0,5179.210458423935,20,0,12.465955677995225,ok
CEC2014,V2,V1 + long-range sensing,10,CEC2014-F10,Multimodal,30,6,deterministic,300000,300000,6184.078275556468,1000.0,5184.078275556468,19,0,12.474130991999118,ok
CEC2014,V3,V2 + memory fusion,10,CEC2014-F10,Multimodal,30,6,deterministic,300000,300000,6165.8008754418415,1000.0,5165.8008754418415,136,0,12.304298779999954,ok
CEC2014,V4,Full DMGSO with relocation and policy-like gating,10,CEC2014-F10,Multimodal,30,6,deterministic,300000,300000,4475.426990218162,1000.0,3475.4269902181622,644,20,12.444007605001389,ok
CEC2014,V0,Pure directional sensing,10,CEC2014-F10,Multimodal,30,7,deterministic,300000,300000,6671.506659854717,1000.0,5671.506659854717,7,0,12.525234059001377,ok
CEC2014,V1,V0 + adaptive step regulation,10,CEC2014-F10,Multimodal,30,7,deterministic,300000,300000,6628.843954233327,1000.0,5628.843954233327,9,0,12.479152307998447,ok
CEC2014,V2,V1 + long-range sensing,10,CEC2014-F10,Multimodal,30,7,deterministic,300000,300000,6482.930752214902,1000.0,5482.930752214902,11,0,12.647924819000764,ok
CEC2014,V3,V2 + memory fusion,10,CEC2014-F10,Multimodal,30,7,deterministic,300000,300000,6630.155802755917,1000.0,5630.155802755917,471,0,13.046165463005309,ok
CEC2014,V4,Full DMGSO with relocation and policy-like gating,10,CEC2014-F10,Multimodal,30,7,deterministic,300000,300000,4483.177430291869,1000.0,3483.1774302918693,530,20,12.592121845998918,ok
CEC2014,V0,Pure directional sensing,10,CEC2014-F10,Multimodal,30,8,deterministic,300000,300000,7355.6170002271865,1000.0,6355.6170002271865,8,0,12.373357791999297,ok
CEC2014,V1,V0 + adaptive step regulation,10,CEC2014-F10,Multimodal,30,8,deterministic,300000,300000,7273.9393947960025,1000.0,6273.9393947960025,16,0,12.63915934599936,ok
CEC2014,V2,V1 + long-range sensing,10,CEC2014-F10,Multimodal,30,8,deterministic,300000,300000,6628.554916860748,1000.0,5628.554916860748,25,0,12.445451035004226,ok
CEC2014,V3,V2 + memory fusion,10,CEC2014-F10,Multimodal,30,8,deterministic,300000,300000,7234.532507005328,1000.0,6234.532507005328,40,0,12.973531894000189,ok
CEC2014,V4,Full DMGSO with relocation and policy-like gating,10,CEC2014-F10,Multimodal,30,8,deterministic,300000,300000,4632.401491725252,1000.0,3632.4014917252516,396,20,12.308130919998803,ok
CEC2014,V0,Pure directional sensing,10,CEC2014-F10,Multimodal,30,9,deterministic,300000,300000,6921.948334998227,1000.0,5921.948334998227,11,0,12.297289295005612,ok
CEC2014,V1,V0 + adaptive step regulation,10,CEC2014-F10,Multimodal,30,9,deterministic,300000,300000,6683.558960875613,1000.0,5683.558960875613,16,0,12.6181476999991,ok
CEC2014,V2,V1 + long-range sensing,10,CEC2014-F10,Multimodal,30,9,deterministic,300000,300000,6683.470935648798,1000.0,5683.470935648798,17,0,12.523421900004905,ok
CEC2014,V3,V2 + memory fusion,10,CEC2014-F10,Multimodal,30,9,deterministic,300000,300000,6627.29789811027,1000.0,5627.29789811027,198,0,12.486678167995706,ok
CEC2014,V4,Full DMGSO with relocation and policy-like gating,10,CEC2014-F10,Multimodal,30,9,deterministic,300000,300000,4710.051241279505,1000.0,3710.051241279505,107,2,12.8251414510014,ok
CEC2014,V0,Pure directional sensing,11,CEC2014-F11,Multimodal,30,0,deterministic,300000,300000,9170.42164380906,1100.0,8070.421643809061,7,0,12.707875339998282,ok
CEC2014,V1,V0 + adaptive step regulation,11,CEC2014-F11,Multimodal,30,0,deterministic,300000,300000,8479.695284165933,1100.0,7379.695284165933,18,0,12.760231517000648,ok
CEC2014,V2,V1 + long-range sensing,11,CEC2014-F11,Multimodal,30,0,deterministic,300000,300000,9930.417168499338,1100.0,8830.417168499338,8,0,12.982304830999055,ok
CEC2014,V3,V2 + memory fusion,11,CEC2014-F11,Multimodal,30,0,deterministic,300000,300000,8544.06589179541,1100.0,7444.06589179541,56,0,12.988196644000709,ok
CEC2014,V4,Full DMGSO with relocation and policy-like gating,11,CEC2014-F11,Multimodal,30,0,deterministic,300000,300000,4795.947209873062,1100.0,3695.947209873062,386,20,12.95050875999732,ok
CEC2014,V0,Pure directional sensing,11,CEC2014-F11,Multimodal,30,1,deterministic,300000,300000,6521.447986286809,1100.0,5421.447986286809,12,0,12.561397844001476,ok
CEC2014,V1,V0 + adaptive step regulation,11,CEC2014-F11,Multimodal,30,1,deterministic,300000,300000,6384.076701189831,1100.0,5284.076701189831,15,0,12.807149096996,ok
CEC2014,V2,V1 + long-range sensing,11,CEC2014-F11,Multimodal,30,1,deterministic,300000,300000,8530.33753853042,1100.0,7430.337538530421,10,0,12.7386165229982,ok
CEC2014,V3,V2 + memory fusion,11,CEC2014-F11,Multimodal,30,1,deterministic,300000,300000,6362.361065304989,1100.0,5262.361065304989,22,0,12.844473826997273,ok
CEC2014,V4,Full DMGSO with relocation and policy-like gating,11,CEC2014-F11,Multimodal,30,1,deterministic,300000,300000,5171.850966722723,1100.0,4071.8509667227227,350,20,13.063289691999671,ok
CEC2014,V0,Pure directional sensing,11,CEC2014-F11,Multimodal,30,2,deterministic,300000,300000,8828.958259055657,1100.0,7728.9582590556565,13,0,12.766139737999765,ok
CEC2014,V1,V0 + adaptive step regulation,11,CEC2014-F11,Multimodal,30,2,deterministic,300000,300000,7803.205744877399,1100.0,6703.205744877399,24,0,12.452912747998198,ok
CEC2014,V2,V1 + long-range sensing,11,CEC2014-F11,Multimodal,30,2,deterministic,300000,300000,9283.925829100775,1100.0,8183.925829100775,8,0,13.123512498001219,ok
CEC2014,V3,V2 + memory fusion,11,CEC2014-F11,Multimodal,30,2,deterministic,300000,300000,7774.453703229475,1100.0,6674.453703229475,297,0,13.212739383001463,ok
CEC2014,V4,Full DMGSO with relocation and policy-like gating,11,CEC2014-F11,Multimodal,30,2,deterministic,300000,300000,5205.352938792754,1100.0,4105.352938792754,722,18,12.878015228001459,ok
CEC2014,V0,Pure directional sensing,11,CEC2014-F11,Multimodal,30,3,deterministic,300000,300000,7116.063080084993,1100.0,6016.063080084993,9,0,12.421650871001475,ok
CEC2014,V1,V0 + adaptive step regulation,11,CEC2014-F11,Multimodal,30,3,deterministic,300000,300000,7040.759962533276,1100.0,5940.759962533276,13,0,12.931432848999975,ok
CEC2014,V2,V1 + long-range sensing,11,CEC2014-F11,Multimodal,30,3,deterministic,300000,300000,8739.403555420009,1100.0,7639.403555420009,6,0,13.144301626001834,ok
CEC2014,V3,V2 + memory fusion,11,CEC2014-F11,Multimodal,30,3,deterministic,300000,300000,7029.078645480763,1100.0,5929.078645480763,101,0,12.680061339000531,ok
CEC2014,V4,Full DMGSO with relocation and policy-like gating,11,CEC2014-F11,Multimodal,30,3,deterministic,300000,300000,4706.487946946205,1100.0,3606.487946946205,422,20,13.022136719999253,ok
CEC2014,V0,Pure directional sensing,11,CEC2014-F11,Multimodal,30,4,deterministic,300000,300000,7478.798682944886,1100.0,6378.798682944886,8,0,12.52190440800041,ok
CEC2014,V1,V0 + adaptive step regulation,11,CEC2014-F11,Multimodal,30,4,deterministic,300000,300000,7073.98295000263,1100.0,5973.98295000263,22,0,12.810348637998686,ok
CEC2014,V2,V1 + long-range sensing,11,CEC2014-F11,Multimodal,30,4,deterministic,300000,300000,9367.891703146914,1100.0,8267.891703146914,5,0,12.770247403001122,ok
CEC2014,V3,V2 + memory fusion,11,CEC2014-F11,Multimodal,30,4,deterministic,300000,300000,7117.7137947363735,1100.0,6017.7137947363735,68,0,12.509043265999935,ok
CEC2014,V4,Full DMGSO with relocation and policy-like gating,11,CEC2014-F11,Multimodal,30,4,deterministic,300000,300000,5019.740563730395,1100.0,3919.7405637303946,320,20,13.027032811995014,ok
CEC2014,V0,Pure directional sensing,11,CEC2014-F11,Multimodal,30,5,deterministic,300000,300000,9765.686394787264,1100.0,8665.686394787264,10,0,12.542310297998483,ok
CEC2014,V1,V0 + adaptive step regulation,11,CEC2014-F11,Multimodal,30,5,deterministic,300000,300000,8681.046852174884,1100.0,7581.046852174884,48,0,13.008144828003424,ok
CEC2014,V2,V1 + long-range sensing,11,CEC2014-F11,Multimodal,30,5,deterministic,300000,300000,10729.333141472127,1100.0,9629.333141472127,7,0,12.63193222800328,ok
CEC2014,V3,V2 + memory fusion,11,CEC2014-F11,Multimodal,30,5,deterministic,300000,300000,8712.907675418279,1100.0,7612.907675418279,122,0,13.28507008300221,ok
CEC2014,V4,Full DMGSO with relocation and policy-like gating,11,CEC2014-F11,Multimodal,30,5,deterministic,300000,300000,4471.159865451984,1100.0,3371.159865451984,1023,12,12.771815184001753,ok
CEC2014,V0,Pure directional sensing,11,CEC2014-F11,Multimodal,30,6,deterministic,300000,300000,9105.930820817146,1100.0,8005.930820817146,7,0,13.17481090700312,ok
CEC2014,V1,V0 + adaptive step regulation,11,CEC2014-F11,Multimodal,30,6,deterministic,300000,300000,7905.89430082669,1100.0,6805.89430082669,19,0,12.985594074998517,ok
CEC2014,V2,V1 + long-range sensing,11,CEC2014-F11,Multimodal,30,6,deterministic,300000,300000,11042.144520527414,1100.0,9942.144520527414,8,0,12.818491284000629,ok
CEC2014,V3,V2 + memory fusion,11,CEC2014-F11,Multimodal,30,6,deterministic,300000,300000,7902.956091377988,1100.0,6802.956091377988,106,0,12.832073155994294,ok
CEC2014,V4,Full DMGSO with relocation and policy-like gating,11,CEC2014-F11,Multimodal,30,6,deterministic,300000,300000,5184.514676698085,1100.0,4084.514676698085,983,14,13.146428530999401,ok
CEC2014,V0,Pure directional sensing,11,CEC2014-F11,Multimodal,30,7,deterministic,300000,300000,5929.130739025231,1100.0,4829.130739025231,8,0,13.21850794799684,ok
CEC2014,V1,V0 + adaptive step regulation,11,CEC2014-F11,Multimodal,30,7,deterministic,300000,300000,5686.328057219497,1100.0,4586.328057219497,12,0,13.027761071003624,ok
CEC2014,V2,V1 + long-range sensing,11,CEC2014-F11,Multimodal,30,7,deterministic,300000,300000,5204.881699162883,1100.0,4104.881699162883,15,0,12.503510758004268,ok
CEC2014,V3,V2 + memory fusion,11,CEC2014-F11,Multimodal,30,7,deterministic,300000,300000,5676.422455502601,1100.0,4576.422455502601,342,0,12.87472149200039,ok
CEC2014,V4,Full DMGSO with relocation and policy-like gating,11,CEC2014-F11,Multimodal,30,7,deterministic,300000,300000,4692.154723838823,1100.0,3592.154723838823,597,20,13.03642179400049,ok
CEC2014,V0,Pure directional sensing,11,CEC2014-F11,Multimodal,30,8,deterministic,300000,300000,8555.246216493095,1100.0,7455.246216493095,9,0,12.84831437200046,ok
CEC2014,V1,V0 + adaptive step regulation,11,CEC2014-F11,Multimodal,30,8,deterministic,300000,300000,7164.500051729054,1100.0,6064.500051729054,21,0,12.890708254002675,ok
CEC2014,V2,V1 + long-range sensing,11,CEC2014-F11,Multimodal,30,8,deterministic,300000,300000,8900.940565845836,1100.0,7800.940565845836,6,0,12.598468434000097,ok
CEC2014,V3,V2 + memory fusion,11,CEC2014-F11,Multimodal,30,8,deterministic,300000,300000,7162.368075295439,1100.0,6062.368075295439,280,0,12.79468863800139,ok
CEC2014,V4,Full DMGSO with relocation and policy-like gating,11,CEC2014-F11,Multimodal,30,8,deterministic,300000,300000,4818.047074826254,1100.0,3718.047074826254,467,20,12.728713119999156,ok
CEC2014,V0,Pure directional sensing,11,CEC2014-F11,Multimodal,30,9,deterministic,300000,300000,8810.067509773935,1100.0,7710.067509773935,13,0,12.705944106004608,ok
CEC2014,V1,V0 + adaptive step regulation,11,CEC2014-F11,Multimodal,30,9,deterministic,300000,300000,7914.212601634301,1100.0,6814.212601634301,33,0,12.663018156999897,ok
CEC2014,V2,V1 + long-range sensing,11,CEC2014-F11,Multimodal,30,9,deterministic,300000,300000,10075.359251927799,1100.0,8975.359251927799,6,0,12.585048335997271,ok
CEC2014,V3,V2 + memory fusion,11,CEC2014-F11,Multimodal,30,9,deterministic,300000,300000,7907.6127407229405,1100.0,6807.6127407229405,140,0,12.572555249003926,ok
CEC2014,V4,Full DMGSO with relocation and policy-like gating,11,CEC2014-F11,Multimodal,30,9,deterministic,300000,300000,5094.847831737377,1100.0,3994.8478317373774,593,20,12.742825917004666,ok
CEC2014,V0,Pure directional sensing,12,CEC2014-F12,Multimodal,30,0,deterministic,300000,300000,1206.784682015982,1200.0,6.784682015982071,0,0,509.45868337499996,ok
CEC2014,V1,V0 + adaptive step regulation,12,CEC2014-F12,Multimodal,30,0,deterministic,300000,300000,1201.0693514603774,1200.0,1.0693514603774474,18,0,509.96067613299965,ok
CEC2014,V2,V1 + long-range sensing,12,CEC2014-F12,Multimodal,30,0,deterministic,300000,300000,1206.1734549098048,1200.0,6.173454909804832,3,0,510.8344556860029,ok
CEC2014,V3,V2 + memory fusion,12,CEC2014-F12,Multimodal,30,0,deterministic,300000,300000,1201.4678382882792,1200.0,1.4678382882791539,21,0,514.7045190720019,ok
CEC2014,V4,Full DMGSO with relocation and policy-like gating,12,CEC2014-F12,Multimodal,30,0,deterministic,300000,300000,1200.9416979033524,1200.0,0.9416979033524058,262,20,513.7403028690023,ok
CEC2014,V0,Pure directional sensing,12,CEC2014-F12,Multimodal,30,1,deterministic,300000,300000,1208.9691048249265,1200.0,8.96910482492649,2,0,512.938582103001,ok
CEC2014,V1,V0 + adaptive step regulation,12,CEC2014-F12,Multimodal,30,1,deterministic,300000,300000,1202.9089776849223,1200.0,2.90897768492232,13,0,510.0642279629974,ok
CEC2014,V2,V1 + long-range sensing,12,CEC2014-F12,Multimodal,30,1,deterministic,300000,300000,1203.9802987768098,1200.0,3.980298776809832,10,0,503.35205332499754,ok
CEC2014,V3,V2 + memory fusion,12,CEC2014-F12,Multimodal,30,1,deterministic,300000,300000,1204.2864272376057,1200.0,4.2864272376057215,11,0,504.92897724400245,ok
CEC2014,V4,Full DMGSO with relocation and policy-like gating,12,CEC2014-F12,Multimodal,30,1,deterministic,300000,300000,1200.8774454165414,1200.0,0.8774454165413772,236,20,501.46594195000216,ok
CEC2014,V0,Pure directional sensing,12,CEC2014-F12,Multimodal,30,2,deterministic,300000,300000,1210.001928345937,1200.0,10.001928345936903,2,0,505.32542823799304,ok
CEC2014,V1,V0 + adaptive step regulation,12,CEC2014-F12,Multimodal,30,2,deterministic,300000,300000,1203.2121511242337,1200.0,3.212151124233742,18,0,511.410188423004,ok
CEC2014,V2,V1 + long-range sensing,12,CEC2014-F12,Multimodal,30,2,deterministic,300000,300000,1204.8447110411812,1200.0,4.844711041181199,9,0,509.3094934050023,ok
CEC2014,V3,V2 + memory fusion,12,CEC2014-F12,Multimodal,30,2,deterministic,300000,300000,1202.5013044278196,1200.0,2.501304427819605,38,0,508.58816925500287,ok
CEC2014,V4,Full DMGSO with relocation and policy-like gating,12,CEC2014-F12,Multimodal,30,2,deterministic,300000,300000,1200.9222150072408,1200.0,0.9222150072407658,333,20,511.3174215610052,ok
CEC2014,V0,Pure directional sensing,12,CEC2014-F12,Multimodal,30,3,deterministic,300000,300000,1203.144908134769,1200.0,3.1449081347689116,10,0,508.08177249800065,ok
CEC2014,V1,V0 + adaptive step regulation,12,CEC2014-F12,Multimodal,30,3,deterministic,300000,300000,1201.3201363991122,1200.0,1.3201363991122435,19,0,501.76052543699916,ok
CEC2014,V2,V1 + long-range sensing,12,CEC2014-F12,Multimodal,30,3,deterministic,300000,300000,1204.9417198474675,1200.0,4.941719847467539,7,0,506.87674457600224,ok
CEC2014,V3,V2 + memory fusion,12,CEC2014-F12,Multimodal,30,3,deterministic,300000,300000,1201.0125694286946,1200.0,1.0125694286946327,24,0,517.3250388949964,ok
CEC2014,V4,Full DMGSO with relocation and policy-like gating,12,CEC2014-F12,Multimodal,30,3,deterministic,300000,300000,1200.8172329615704,1200.0,0.8172329615704257,260,20,502.60339942600694,ok
CEC2014,V0,Pure directional sensing,12,CEC2014-F12,Multimodal,30,4,deterministic,300000,300000,1203.4727739404207,1200.0,3.472773940420666,7,0,504.4546145659988,ok
CEC2014,V1,V0 + adaptive step regulation,12,CEC2014-F12,Multimodal,30,4,deterministic,300000,300000,1201.805994704644,1200.0,1.8059947046440357,14,0,506.78470096598903,ok
CEC2014,V2,V1 + long-range sensing,12,CEC2014-F12,Multimodal,30,4,deterministic,300000,300000,1201.4497829361153,1200.0,1.449782936115298,13,0,504.9940431159921,ok
CEC2014,V3,V2 + memory fusion,12,CEC2014-F12,Multimodal,30,4,deterministic,300000,300000,1201.481949024353,1200.0,1.4819490243530709,149,0,505.74994187799166,ok
CEC2014,V4,Full DMGSO with relocation and policy-like gating,12,CEC2014-F12,Multimodal,30,4,deterministic,300000,300000,1201.0744992348941,1200.0,1.0744992348941196,255,20,506.9673955460021,ok
CEC2014,V0,Pure directional sensing,12,CEC2014-F12,Multimodal,30,5,deterministic,300000,300000,1210.2782012233283,1200.0,10.278201223328324,5,0,510.3646724170103,ok
CEC2014,V1,V0 + adaptive step regulation,12,CEC2014-F12,Multimodal,30,5,deterministic,300000,300000,1202.2619869641203,1200.0,2.2619869641202968,17,0,510.8575174879952,ok
CEC2014,V2,V1 + long-range sensing,12,CEC2014-F12,Multimodal,30,5,deterministic,300000,300000,1203.7830483611315,1200.0,3.7830483611314776,19,0,513.1164536370052,ok
CEC2014,V3,V2 + memory fusion,12,CEC2014-F12,Multimodal,30,5,deterministic,300000,300000,1203.632845319776,1200.0,3.6328453197759245,17,0,504.290799178998,ok
CEC2014,V4,Full DMGSO with relocation and policy-like gating,12,CEC2014-F12,Multimodal,30,5,deterministic,300000,300000,1201.0307978092203,1200.0,1.030797809220303,216,20,514.4890705859871,ok
CEC2014,V0,Pure directional sensing,12,CEC2014-F12,Multimodal,30,6,deterministic,300000,300000,1214.77449093428,1200.0,14.774490934280038,1,0,519.6298056380037,ok
CEC2014,V1,V0 + adaptive step regulation,12,CEC2014-F12,Multimodal,30,6,deterministic,300000,300000,1203.1681994461474,1200.0,3.168199446147355,17,0,503.39123207599914,ok
CEC2014,V2,V1 + long-range sensing,12,CEC2014-F12,Multimodal,30,6,deterministic,300000,300000,1203.6847424228906,1200.0,3.684742422890622,13,0,519.0085348389985,ok
CEC2014,V3,V2 + memory fusion,12,CEC2014-F12,Multimodal,30,6,deterministic,300000,300000,1201.9196591397745,1200.0,1.919659139774467,84,0,528.5096489229909,ok
CEC2014,V4,Full DMGSO with relocation and policy-like gating,12,CEC2014-F12,Multimodal,30,6,deterministic,300000,300000,1200.9811953624385,1200.0,0.9811953624384842,265,20,517.8351381480024,ok
CEC2014,V0,Pure directional sensing,12,CEC2014-F12,Multimodal,30,7,deterministic,300000,300000,1208.6836567979697,1200.0,8.683656797969661,3,0,521.926941245998,ok
CEC2014,V1,V0 + adaptive step regulation,12,CEC2014-F12,Multimodal,30,7,deterministic,300000,300000,1202.9764456186983,1200.0,2.9764456186983352,16,0,504.59350441499555,ok
CEC2014,V2,V1 + long-range sensing,12,CEC2014-F12,Multimodal,30,7,deterministic,300000,300000,1204.0724276256192,1200.0,4.072427625619184,10,0,504.084272106993,ok
CEC2014,V3,V2 + memory fusion,12,CEC2014-F12,Multimodal,30,7,deterministic,300000,300000,1203.252337961954,1200.0,3.2523379619540265,22,0,511.78511701700336,ok
CEC2014,V4,Full DMGSO with relocation and policy-like gating,12,CEC2014-F12,Multimodal,30,7,deterministic,300000,300000,1201.0726752437633,1200.0,1.0726752437633422,275,20,502.5541181459994,ok
CEC2014,V0,Pure directional sensing,12,CEC2014-F12,Multimodal,30,8,deterministic,300000,300000,1212.0296556550777,1200.0,12.029655655077704,1,0,503.89346086500154,ok
CEC2014,V1,V0 + adaptive step regulation,12,CEC2014-F12,Multimodal,30,8,deterministic,300000,300000,1202.3423955804437,1200.0,2.3423955804437355,17,0,507.74633973000164,ok
CEC2014,V2,V1 + long-range sensing,12,CEC2014-F12,Multimodal,30,8,deterministic,300000,300000,1202.329813244545,1200.0,2.3298132445449937,16,0,509.56573707399366,ok
CEC2014,V3,V2 + memory fusion,12,CEC2014-F12,Multimodal,30,8,deterministic,300000,300000,1202.309280334536,1200.0,2.30928033453597,26,0,504.7509550919931,ok
CEC2014,V4,Full DMGSO with relocation and policy-like gating,12,CEC2014-F12,Multimodal,30,8,deterministic,300000,300000,1201.5605098385972,1200.0,1.560509838597227,242,20,504.1406567179947,ok
CEC2014,V0,Pure directional sensing,12,CEC2014-F12,Multimodal,30,9,deterministic,300000,300000,1205.0481190051926,1200.0,5.048119005192575,6,0,502.3293709550053,ok
CEC2014,V1,V0 + adaptive step regulation,12,CEC2014-F12,Multimodal,30,9,deterministic,300000,300000,1205.0903003434464,1200.0,5.090300343446415,10,0,505.98329154698877,ok
CEC2014,V2,V1 + long-range sensing,12,CEC2014-F12,Multimodal,30,9,deterministic,300000,300000,1204.9781724353356,1200.0,4.978172435335637,13,0,505.63252815100714,ok
CEC2014,V3,V2 + memory fusion,12,CEC2014-F12,Multimodal,30,9,deterministic,300000,300000,1205.434161215085,1200.0,5.434161215084941,8,0,502.8962229030003,ok
CEC2014,V4,Full DMGSO with relocation and policy-like gating,12,CEC2014-F12,Multimodal,30,9,deterministic,300000,300000,1200.5883764297466,1200.0,0.5883764297466314,237,20,502.4071457940008,ok
CEC2014,V0,Pure directional sensing,13,CEC2014-F13,Multimodal,30,0,deterministic,300000,300000,1300.818544748151,1300.0,0.8185447481509982,130,0,7.3588283220015,ok
CEC2014,V1,V0 + adaptive step regulation,13,CEC2014-F13,Multimodal,30,0,deterministic,300000,300000,1300.3401061923207,1300.0,0.34010619232071804,59,0,7.38716391599155,ok
CEC2014,V2,V1 + long-range sensing,13,CEC2014-F13,Multimodal,30,0,deterministic,300000,300000,1301.0237949288219,1300.0,1.0237949288218715,49,0,7.381025460999808,ok
CEC2014,V3,V2 + memory fusion,13,CEC2014-F13,Multimodal,30,0,deterministic,300000,300000,1300.320113482322,1300.0,0.3201134823220855,65,0,7.521000277003623,ok
CEC2014,V4,Full DMGSO with relocation and policy-like gating,13,CEC2014-F13,Multimodal,30,0,deterministic,300000,300000,1300.3129456414847,1300.0,0.3129456414847027,842,17,7.341470665007364,ok
CEC2014,V0,Pure directional sensing,13,CEC2014-F13,Multimodal,30,1,deterministic,300000,300000,1300.9479104917361,1300.0,0.9479104917361383,119,0,7.42303896699741,ok
CEC2014,V1,V0 + adaptive step regulation,13,CEC2014-F13,Multimodal,30,1,deterministic,300000,300000,1300.4158352084855,1300.0,0.41583520848553235,59,0,7.328041785003734,ok
CEC2014,V2,V1 + long-range sensing,13,CEC2014-F13,Multimodal,30,1,deterministic,300000,300000,1300.7831538139699,1300.0,0.783153813969875,46,0,7.48294107298716,ok
CEC2014,V3,V2 + memory fusion,13,CEC2014-F13,Multimodal,30,1,deterministic,300000,300000,1300.4578899457686,1300.0,0.45788994576855657,54,0,7.624928353005089,ok
CEC2014,V4,Full DMGSO with relocation and policy-like gating,13,CEC2014-F13,Multimodal,30,1,deterministic,300000,300000,1300.2578513025856,1300.0,0.25785130258555,853,18,7.302846239996143,ok
CEC2014,V0,Pure directional sensing,13,CEC2014-F13,Multimodal,30,2,deterministic,300000,300000,1301.0805677118574,1300.0,1.080567711857384,115,0,7.456458576998557,ok
CEC2014,V1,V0 + adaptive step regulation,13,CEC2014-F13,Multimodal,30,2,deterministic,300000,300000,1300.3928505042059,1300.0,0.3928505042058532,53,0,7.467984499002341,ok
CEC2014,V2,V1 + long-range sensing,13,CEC2014-F13,Multimodal,30,2,deterministic,300000,300000,1300.9427734523636,1300.0,0.9427734523635536,43,0,7.643414774996927,ok
CEC2014,V3,V2 + memory fusion,13,CEC2014-F13,Multimodal,30,2,deterministic,300000,300000,1300.467606005655,1300.0,0.46760600565494315,50,0,7.854789135992178,ok
CEC2014,V4,Full DMGSO with relocation and policy-like gating,13,CEC2014-F13,Multimodal,30,2,deterministic,300000,300000,1300.252777600835,1300.0,0.2527776008350884,869,17,7.7347811729996465,ok
CEC2014,V0,Pure directional sensing,13,CEC2014-F13,Multimodal,30,3,deterministic,300000,300000,1301.1238231090065,1300.0,1.12382310900648,105,0,7.51152656400518,ok
CEC2014,V1,V0 + adaptive step regulation,13,CEC2014-F13,Multimodal,30,3,deterministic,300000,300000,1300.4603335351162,1300.0,0.4603335351162059,51,0,7.354454555999837,ok
CEC2014,V2,V1 + long-range sensing,13,CEC2014-F13,Multimodal,30,3,deterministic,300000,300000,1300.421742549487,1300.0,0.4217425494869076,49,0,7.408935133003979,ok
CEC2014,V3,V2 + memory fusion,13,CEC2014-F13,Multimodal,30,3,deterministic,300000,300000,1300.3318638403223,1300.0,0.3318638403222849,65,0,7.676762764996965,ok
CEC2014,V4,Full DMGSO with relocation and policy-like gating,13,CEC2014-F13,Multimodal,30,3,deterministic,300000,300000,1300.388860749621,1300.0,0.388860749621017,880,18,7.664202972999192,ok
CEC2014,V0,Pure directional sensing,13,CEC2014-F13,Multimodal,30,4,deterministic,300000,300000,1301.2112031294732,1300.0,1.2112031294732333,106,0,7.527167952008313,ok
CEC2014,V1,V0 + adaptive step regulation,13,CEC2014-F13,Multimodal,30,4,deterministic,300000,300000,1300.4634187728311,1300.0,0.463418772831119,57,0,7.5748766449978575,ok
CEC2014,V2,V1 + long-range sensing,13,CEC2014-F13,Multimodal,30,4,deterministic,300000,300000,1300.6438818358288,1300.0,0.643881835828779,45,0,7.586580499002594,ok
CEC2014,V3,V2 + memory fusion,13,CEC2014-F13,Multimodal,30,4,deterministic,300000,300000,1300.353660696252,1300.0,0.35366069625206364,55,0,7.518697755003814,ok
CEC2014,V4,Full DMGSO with relocation and policy-like gating,13,CEC2014-F13,Multimodal,30,4,deterministic,300000,300000,1300.3421150949077,1300.0,0.34211509490774006,845,17,7.764246391001507,ok
CEC2014,V0,Pure directional sensing,13,CEC2014-F13,Multimodal,30,5,deterministic,300000,300000,1301.1333407122513,1300.0,1.1333407122513108,100,0,7.343507679004688,ok
CEC2014,V1,V0 + adaptive step regulation,13,CEC2014-F13,Multimodal,30,5,deterministic,300000,300000,1300.4229999861902,1300.0,0.42299998619023427,49,0,7.48657832799654,ok
CEC2014,V2,V1 + long-range sensing,13,CEC2014-F13,Multimodal,30,5,deterministic,300000,300000,1300.6226068505482,1300.0,0.622606850548209,45,0,7.339626547996886,ok
CEC2014,V3,V2 + memory fusion,13,CEC2014-F13,Multimodal,30,5,deterministic,300000,300000,1300.298354914174,1300.0,0.29835491417406956,54,0,7.379723392004962,ok
CEC2014,V4,Full DMGSO with relocation and policy-like gating,13,CEC2014-F13,Multimodal,30,5,deterministic,300000,300000,1300.377288683499,1300.0,0.3772886834990459,866,18,7.609987777992501,ok
CEC2014,V0,Pure directional sensing,13,CEC2014-F13,Multimodal,30,6,deterministic,300000,300000,1300.9254898814684,1300.0,0.9254898814683656,94,0,7.4757764949899865,ok
CEC2014,V1,V0 + adaptive step regulation,13,CEC2014-F13,Multimodal,30,6,deterministic,300000,300000,1300.483252266328,1300.0,0.4832522663280088,46,0,7.277317063999362,ok
CEC2014,V2,V1 + long-range sensing,13,CEC2014-F13,Multimodal,30,6,deterministic,300000,300000,1300.89145808946,1300.0,0.8914580894600022,42,0,7.589888176997192,ok
CEC2014,V3,V2 + memory fusion,13,CEC2014-F13,Multimodal,30,6,deterministic,300000,300000,1300.3813318783339,1300.0,0.3813318783338673,50,0,7.568953299996792,ok
CEC2014,V4,Full DMGSO with relocation and policy-like gating,13,CEC2014-F13,Multimodal,30,6,deterministic,300000,300000,1300.3329834649721,1300.0,0.3329834649721306,860,18,7.631490360989119,ok
CEC2014,V0,Pure directional sensing,13,CEC2014-F13,Multimodal,30,7,deterministic,300000,300000,1301.3424510397288,1300.0,1.3424510397287577,85,0,7.590434969999478,ok
CEC2014,V1,V0 + adaptive step regulation,13,CEC2014-F13,Multimodal,30,7,deterministic,300000,300000,1300.628158380601,1300.0,0.6281583806010076,46,0,7.443617051991168,ok
CEC2014,V2,V1 + long-range sensing,13,CEC2014-F13,Multimodal,30,7,deterministic,300000,300000,1300.6495820875214,1300.0,0.6495820875213667,36,0,7.239173535010195,ok
CEC2014,V3,V2 + memory fusion,13,CEC2014-F13,Multimodal,30,7,deterministic,300000,300000,1300.6279593212846,1300.0,0.6279593212846066,50,0,7.3753245230036555,ok
CEC2014,V4,Full DMGSO with relocation and policy-like gating,13,CEC2014-F13,Multimodal,30,7,deterministic,300000,300000,1300.3372419281166,1300.0,0.33724192811655485,845,18,7.545647984006791,ok
CEC2014,V0,Pure directional sensing,13,CEC2014-F13,Multimodal,30,8,deterministic,300000,300000,1301.1001945383439,1300.0,1.1001945383438851,85,0,7.503069116995903,ok
CEC2014,V1,V0 + adaptive step regulation,13,CEC2014-F13,Multimodal,30,8,deterministic,300000,300000,1300.5010774571406,1300.0,0.5010774571405818,42,0,7.454053780005779,ok
CEC2014,V2,V1 + long-range sensing,13,CEC2014-F13,Multimodal,30,8,deterministic,300000,300000,1300.9544263618172,1300.0,0.9544263618172408,36,0,7.579355887006386,ok
CEC2014,V3,V2 + memory fusion,13,CEC2014-F13,Multimodal,30,8,deterministic,300000,300000,1300.3456491001457,1300.0,0.3456491001456925,47,0,7.512139850994572,ok
CEC2014,V4,Full DMGSO with relocation and policy-like gating,13,CEC2014-F13,Multimodal,30,8,deterministic,300000,300000,1300.3243049286684,1300.0,0.3243049286684254,853,18,7.585259291998227,ok
CEC2014,V0,Pure directional sensing,13,CEC2014-F13,Multimodal,30,9,deterministic,300000,300000,1300.944010597402,1300.0,0.9440105974019843,85,0,7.418088445003377,ok
CEC2014,V1,V0 + adaptive step regulation,13,CEC2014-F13,Multimodal,30,9,deterministic,300000,300000,1300.5217613840186,1300.0,0.5217613840186459,51,0,7.436689319001744,ok
CEC2014,V2,V1 + long-range sensing,13,CEC2014-F13,Multimodal,30,9,deterministic,300000,300000,1300.7967617952197,1300.0,0.7967617952197088,35,0,7.474684394997894,ok
CEC2014,V3,V2 + memory fusion,13,CEC2014-F13,Multimodal,30,9,deterministic,300000,300000,1300.3628139797984,1300.0,0.36281397979837493,51,0,7.4115020710014505,ok
CEC2014,V4,Full DMGSO with relocation and policy-like gating,13,CEC2014-F13,Multimodal,30,9,deterministic,300000,300000,1300.3063250349887,1300.0,0.3063250349887312,857,18,7.362459739000769,ok
CEC2014,V0,Pure directional sensing,14,CEC2014-F14,Multimodal,30,0,deterministic,300000,300000,1401.6961984131808,1400.0,1.6961984131808094,172,0,7.303552689991193,ok
CEC2014,V1,V0 + adaptive step regulation,14,CEC2014-F14,Multimodal,30,0,deterministic,300000,300000,1400.8111021634877,1400.0,0.8111021634877034,56,0,7.434465508995345,ok
CEC2014,V2,V1 + long-range sensing,14,CEC2014-F14,Multimodal,30,0,deterministic,300000,300000,1400.9704325031057,1400.0,0.9704325031057124,53,0,7.405168967001373,ok
CEC2014,V3,V2 + memory fusion,14,CEC2014-F14,Multimodal,30,0,deterministic,300000,300000,1400.7406292738335,1400.0,0.7406292738335196,59,0,7.424278141013929,ok
CEC2014,V4,Full DMGSO with relocation and policy-like gating,14,CEC2014-F14,Multimodal,30,0,deterministic,300000,300000,1400.4145904737918,1400.0,0.41459047379180447,875,18,7.552416133999941,ok
CEC2014,V0,Pure directional sensing,14,CEC2014-F14,Multimodal,30,1,deterministic,300000,300000,1400.8690834304903,1400.0,0.8690834304902637,159,0,7.460725461001857,ok
CEC2014,V1,V0 + adaptive step regulation,14,CEC2014-F14,Multimodal,30,1,deterministic,300000,300000,1400.6719434314562,1400.0,0.6719434314561568,53,0,7.317786175000947,ok
CEC2014,V2,V1 + long-range sensing,14,CEC2014-F14,Multimodal,30,1,deterministic,300000,300000,1403.0065783230752,1400.0,3.006578323075246,48,0,7.454932488006307,ok
CEC2014,V3,V2 + memory fusion,14,CEC2014-F14,Multimodal,30,1,deterministic,300000,300000,1400.3695496084301,1400.0,0.36954960843013396,54,0,7.467933998006629,ok
CEC2014,V4,Full DMGSO with relocation and policy-like gating,14,CEC2014-F14,Multimodal,30,1,deterministic,300000,300000,1400.4135765114293,1400.0,0.41357651142925533,851,19,7.324795492997509,ok
CEC2014,V0,Pure directional sensing,14,CEC2014-F14,Multimodal,30,2,deterministic,300000,300000,1403.0405721106354,1400.0,3.0405721106353667,158,0,7.515862579995883,ok
CEC2014,V1,V0 + adaptive step regulation,14,CEC2014-F14,Multimodal,30,2,deterministic,300000,300000,1400.5778533095784,1400.0,0.5778533095783587,54,0,7.704411543003516,ok
CEC2014,V2,V1 + long-range sensing,14,CEC2014-F14,Multimodal,30,2,deterministic,300000,300000,1402.6555446875248,1400.0,2.6555446875247526,46,0,7.4335373519861605,ok
CEC2014,V3,V2 + memory fusion,14,CEC2014-F14,Multimodal,30,2,deterministic,300000,300000,1400.578152038572,1400.0,0.5781520385719432,61,0,7.804954256003839,ok
CEC2014,V4,Full DMGSO with relocation and policy-like gating,14,CEC2014-F14,Multimodal,30,2,deterministic,300000,300000,1400.333237118827,1400.0,0.33323711882690077,856,18,7.760602251000819,ok
CEC2014,V0,Pure directional sensing,14,CEC2014-F14,Multimodal,30,3,deterministic,300000,300000,1402.90361169277,1400.0,2.9036116927700277,146,0,7.336573574008071,ok
CEC2014,V1,V0 + adaptive step regulation,14,CEC2014-F14,Multimodal,30,3,deterministic,300000,300000,1400.541973320037,1400.0,0.5419733200369592,59,0,7.347012280995841,ok
CEC2014,V2,V1 + long-range sensing,14,CEC2014-F14,Multimodal,30,3,deterministic,300000,300000,1401.608457929574,1400.0,1.6084579295738877,52,0,7.515631119997124,ok
CEC2014,V3,V2 + memory fusion,14,CEC2014-F14,Multimodal,30,3,deterministic,300000,300000,1400.4522854254897,1400.0,0.4522854254896629,62,0,7.496926095001982,ok
CEC2014,V4,Full DMGSO with relocation and policy-like gating,14,CEC2014-F14,Multimodal,30,3,deterministic,300000,300000,1400.5091221506575,1400.0,0.5091221506575039,882,18,7.475900311997975,ok
CEC2014,V0,Pure directional sensing,14,CEC2014-F14,Multimodal,30,4,deterministic,300000,300000,1403.2892505027842,1400.0,3.2892505027841707,142,0,7.3368881449860055,ok
CEC2014,V1,V0 + adaptive step regulation,14,CEC2014-F14,Multimodal,30,4,deterministic,300000,300000,1400.63829670535,1400.0,0.6382967053500579,48,0,7.432896302998415,ok
CEC2014,V2,V1 + long-range sensing,14,CEC2014-F14,Multimodal,30,4,deterministic,300000,300000,1401.361979746853,1400.0,1.3619797468529669,45,0,7.732844148995355,ok
CEC2014,V3,V2 + memory fusion,14,CEC2014-F14,Multimodal,30,4,deterministic,300000,300000,1400.369087506807,1400.0,0.3690875068070909,53,0,7.677436857004068,ok
CEC2014,V4,Full DMGSO with relocation and policy-like gating,14,CEC2014-F14,Multimodal,30,4,deterministic,300000,300000,1400.3128506212759,1400.0,0.3128506212758566,848,18,7.298670118994778,ok
CEC2014,V0,Pure directional sensing,14,CEC2014-F14,Multimodal,30,5,deterministic,300000,300000,1401.8346131420458,1400.0,1.8346131420457823,138,0,7.263561896994361,ok
CEC2014,V1,V0 + adaptive step regulation,14,CEC2014-F14,Multimodal,30,5,deterministic,300000,300000,1400.515648012591,1400.0,0.5156480125911003,49,0,7.229817058992921,ok
CEC2014,V2,V1 + long-range sensing,14,CEC2014-F14,Multimodal,30,5,deterministic,300000,300000,1402.199928831104,1400.0,2.199928831103989,47,0,7.392361513993819,ok
CEC2014,V3,V2 + memory fusion,14,CEC2014-F14,Multimodal,30,5,deterministic,300000,300000,1400.4175984434023,1400.0,0.4175984434023121,65,0,7.424552333002794,ok
CEC2014,V4,Full DMGSO with relocation and policy-like gating,14,CEC2014-F14,Multimodal,30,5,deterministic,300000,300000,1400.2955077309782,1400.0,0.2955077309782155,857,18,7.587442428004579,ok
CEC2014,V0,Pure directional sensing,14,CEC2014-F14,Multimodal,30,6,deterministic,300000,300000,1401.037245646166,1400.0,1.0372456461659567,136,0,7.430244411996682,ok
CEC2014,V1,V0 + adaptive step regulation,14,CEC2014-F14,Multimodal,30,6,deterministic,300000,300000,1400.5542277377886,1400.0,0.5542277377885512,54,0,7.512134571996285,ok
CEC2014,V2,V1 + long-range sensing,14,CEC2014-F14,Multimodal,30,6,deterministic,300000,300000,1402.3762449244373,1400.0,2.3762449244372874,47,0,7.498123654993833,ok
CEC2014,V3,V2 + memory fusion,14,CEC2014-F14,Multimodal,30,6,deterministic,300000,300000,1400.3981222911445,1400.0,0.39812229114454567,55,0,7.534625877000508,ok
CEC2014,V4,Full DMGSO with relocation and policy-like gating,14,CEC2014-F14,Multimodal,30,6,deterministic,300000,300000,1400.3762626628666,1400.0,0.37626266286656573,838,19,7.345279543995275,ok
CEC2014,V0,Pure directional sensing,14,CEC2014-F14,Multimodal,30,7,deterministic,300000,300000,1401.8764973905027,1400.0,1.8764973905026636,127,0,7.276082052005222,ok
CEC2014,V1,V0 + adaptive step regulation,14,CEC2014-F14,Multimodal,30,7,deterministic,300000,300000,1400.6219535660523,1400.0,0.6219535660522979,47,0,7.5260174319992075,ok
CEC2014,V2,V1 + long-range sensing,14,CEC2014-F14,Multimodal,30,7,deterministic,300000,300000,1402.7495126517904,1400.0,2.7495126517903827,44,0,7.373508661010419,ok
CEC2014,V3,V2 + memory fusion,14,CEC2014-F14,Multimodal,30,7,deterministic,300000,300000,1400.5015702685905,1400.0,0.5015702685905126,53,0,7.446145729001728,ok
CEC2014,V4,Full DMGSO with relocation and policy-like gating,14,CEC2014-F14,Multimodal,30,7,deterministic,300000,300000,1400.3495715193328,1400.0,0.3495715193328124,839,18,7.4485215860040626,ok
CEC2014,V0,Pure directional sensing,14,CEC2014-F14,Multimodal,30,8,deterministic,300000,300000,1403.4184168806833,1400.0,3.418416880683253,128,0,7.2688394309952855,ok
CEC2014,V1,V0 + adaptive step regulation,14,CEC2014-F14,Multimodal,30,8,deterministic,300000,300000,1400.6377093787507,1400.0,0.637709378750742,52,0,7.443606440996518,ok
CEC2014,V2,V1 + long-range sensing,14,CEC2014-F14,Multimodal,30,8,deterministic,300000,300000,1402.382119686302,1400.0,2.382119686302076,46,0,7.535174278993509,ok
CEC2014,V3,V2 + memory fusion,14,CEC2014-F14,Multimodal,30,8,deterministic,300000,300000,1400.3867700167552,1400.0,0.3867700167552357,60,0,7.594497665006202,ok
CEC2014,V4,Full DMGSO with relocation and policy-like gating,14,CEC2014-F14,Multimodal,30,8,deterministic,300000,300000,1400.4095445080202,1400.0,0.4095445080201898,857,19,7.525060640997253,ok
CEC2014,V0,Pure directional sensing,14,CEC2014-F14,Multimodal,30,9,deterministic,300000,300000,1403.049324321825,1400.0,3.0493243218249972,122,0,7.606800374007435,ok
CEC2014,V1,V0 + adaptive step regulation,14,CEC2014-F14,Multimodal,30,9,deterministic,300000,300000,1400.6109938112772,1400.0,0.6109938112772397,54,0,7.402653418001137,ok
CEC2014,V2,V1 + long-range sensing,14,CEC2014-F14,Multimodal,30,9,deterministic,300000,300000,1401.7735908805785,1400.0,1.7735908805784675,47,0,7.470420544006629,ok
CEC2014,V3,V2 + memory fusion,14,CEC2014-F14,Multimodal,30,9,deterministic,300000,300000,1400.385164052945,1400.0,0.3851640529449014,57,0,7.60241074100486,ok
CEC2014,V4,Full DMGSO with relocation and policy-like gating,14,CEC2014-F14,Multimodal,30,9,deterministic,300000,300000,1400.4194817181954,1400.0,0.41948171819535673,859,18,7.577792241994757,ok
CEC2014,V0,Pure directional sensing,15,CEC2014-F15,Multimodal,30,0,deterministic,300000,300000,1615.6456316915844,1500.0,115.64563169158441,170,0,8.405135905006318,ok
CEC2014,V1,V0 + adaptive step regulation,15,CEC2014-F15,Multimodal,30,0,deterministic,300000,300000,1541.4091536910614,1500.0,41.40915369106142,63,0,8.448517650002032,ok
CEC2014,V2,V1 + long-range sensing,15,CEC2014-F15,Multimodal,30,0,deterministic,300000,300000,1524.5880167453247,1500.0,24.588016745324694,85,0,8.257374145003268,ok
CEC2014,V3,V2 + memory fusion,15,CEC2014-F15,Multimodal,30,0,deterministic,300000,300000,1542.232090561274,1500.0,42.232090561273935,69,0,8.407038692006608,ok
CEC2014,V4,Full DMGSO with relocation and policy-like gating,15,CEC2014-F15,Multimodal,30,0,deterministic,300000,300000,1513.9751935302468,1500.0,13.97519353024677,833,12,8.422431380997295,ok
CEC2014,V0,Pure directional sensing,15,CEC2014-F15,Multimodal,30,1,deterministic,300000,300000,1594.7567746967889,1500.0,94.75677469678885,165,0,8.70915576099651,ok
CEC2014,V1,V0 + adaptive step regulation,15,CEC2014-F15,Multimodal,30,1,deterministic,300000,300000,1547.9620750641586,1500.0,47.962075064158626,59,0,8.436500875002821,ok
CEC2014,V2,V1 + long-range sensing,15,CEC2014-F15,Multimodal,30,1,deterministic,300000,300000,1628.687320139991,1500.0,128.68732013999102,75,0,8.586480226993444,ok
CEC2014,V3,V2 + memory fusion,15,CEC2014-F15,Multimodal,30,1,deterministic,300000,300000,1567.177728783031,1500.0,67.17772878303094,62,0,8.569337727007223,ok
CEC2014,V4,Full DMGSO with relocation and policy-like gating,15,CEC2014-F15,Multimodal,30,1,deterministic,300000,300000,1515.9271555600774,1500.0,15.92715556007738,894,18,8.534526798001025,ok
CEC2014,V0,Pure directional sensing,15,CEC2014-F15,Multimodal,30,2,deterministic,300000,300000,1593.1095814492712,1500.0,93.10958144927122,163,0,8.676852246004273,ok
CEC2014,V1,V0 + adaptive step regulation,15,CEC2014-F15,Multimodal,30,2,deterministic,300000,300000,1549.8518885806177,1500.0,49.8518885806177,57,0,8.792136558011407,ok
CEC2014,V2,V1 + long-range sensing,15,CEC2014-F15,Multimodal,30,2,deterministic,300000,300000,1524.7359863299316,1500.0,24.73598632993162,74,0,8.365677805995801,ok
CEC2014,V3,V2 + memory fusion,15,CEC2014-F15,Multimodal,30,2,deterministic,300000,300000,1530.2772401898897,1500.0,30.277240189889653,61,0,8.792882780006039,ok
CEC2014,V4,Full DMGSO with relocation and policy-like gating,15,CEC2014-F15,Multimodal,30,2,deterministic,300000,300000,1513.6596098526932,1500.0,13.659609852693166,1010,15,8.702704664989142,ok
CEC2014,V0,Pure directional sensing,15,CEC2014-F15,Multimodal,30,3,deterministic,300000,300000,1615.2773696339584,1500.0,115.27736963395841,152,0,8.70935623299738,ok
CEC2014,V1,V0 + adaptive step regulation,15,CEC2014-F15,Multimodal,30,3,deterministic,300000,300000,1558.0086456529918,1500.0,58.008645652991845,56,0,8.540614238008857,ok
CEC2014,V2,V1 + long-range sensing,15,CEC2014-F15,Multimodal,30,3,deterministic,300000,300000,1540.2709960840964,1500.0,40.270996084096396,68,0,8.579421240996453,ok
CEC2014,V3,V2 + memory fusion,15,CEC2014-F15,Multimodal,30,3,deterministic,300000,300000,1540.2054960756886,1500.0,40.20549607568864,57,0,8.876104912997107,ok
CEC2014,V4,Full DMGSO with relocation and policy-like gating,15,CEC2014-F15,Multimodal,30,3,deterministic,300000,300000,1516.4328655243548,1500.0,16.43286552435484,880,18,8.39485787700687,ok
CEC2014,V0,Pure directional sensing,15,CEC2014-F15,Multimodal,30,4,deterministic,300000,300000,1617.3924065590375,1500.0,117.39240655903745,149,0,8.615656707988819,ok
CEC2014,V1,V0 + adaptive step regulation,15,CEC2014-F15,Multimodal,30,4,deterministic,300000,300000,1560.440874123613,1500.0,60.44087412361296,59,0,8.32535844000813,ok
CEC2014,V2,V1 + long-range sensing,15,CEC2014-F15,Multimodal,30,4,deterministic,300000,300000,1523.840656898721,1500.0,23.84065689872091,77,0,8.822541524990811,ok
CEC2014,V3,V2 + memory fusion,15,CEC2014-F15,Multimodal,30,4,deterministic,300000,300000,1540.5604422948747,1500.0,40.56044229487475,59,0,8.4728585260018,ok
CEC2014,V4,Full DMGSO with relocation and policy-like gating,15,CEC2014-F15,Multimodal,30,4,deterministic,300000,300000,1515.0149737413376,1500.0,15.014973741337599,909,18,8.79624496299948,ok
CEC2014,V0,Pure directional sensing,15,CEC2014-F15,Multimodal,30,5,deterministic,300000,300000,1607.8586489032787,1500.0,107.85864890327866,149,0,8.597152735994314,ok
CEC2014,V1,V0 + adaptive step regulation,15,CEC2014-F15,Multimodal,30,5,deterministic,300000,300000,1550.2299338422858,1500.0,50.229933842285845,55,0,8.376640778995352,ok
CEC2014,V2,V1 + long-range sensing,15,CEC2014-F15,Multimodal,30,5,deterministic,300000,300000,1532.998123240109,1500.0,32.99812324010895,74,0,8.651551182003459,ok
CEC2014,V3,V2 + memory fusion,15,CEC2014-F15,Multimodal,30,5,deterministic,300000,300000,1547.630736967853,1500.0,47.630736967852954,56,0,8.917938935002894,ok
CEC2014,V4,Full DMGSO with relocation and policy-like gating,15,CEC2014-F15,Multimodal,30,5,deterministic,300000,300000,1514.0364644607102,1500.0,14.03646446071025,627,10,8.62834776499949,ok
CEC2014,V0,Pure directional sensing,15,CEC2014-F15,Multimodal,30,6,deterministic,300000,300000,1649.355189226381,1500.0,149.35518922638107,136,0,8.397129849996418,ok
CEC2014,V1,V0 + adaptive step regulation,15,CEC2014-F15,Multimodal,30,6,deterministic,300000,300000,1545.7894362562547,1500.0,45.7894362562547,60,0,8.757198157007224,ok
CEC2014,V2,V1 + long-range sensing,15,CEC2014-F15,Multimodal,30,6,deterministic,300000,300000,1556.230153496142,1500.0,56.230153496142066,80,0,8.46203187800711,ok
CEC2014,V3,V2 + memory fusion,15,CEC2014-F15,Multimodal,30,6,deterministic,300000,300000,1543.3873524295461,1500.0,43.38735242954613,59,0,8.974716830009129,ok
CEC2014,V4,Full DMGSO with relocation and policy-like gating,15,CEC2014-F15,Multimodal,30,6,deterministic,300000,300000,1514.6591517453642,1500.0,14.65915174536417,935,18,8.670948037004564,ok
CEC2014,V0,Pure directional sensing,15,CEC2014-F15,Multimodal,30,7,deterministic,300000,300000,1587.3648881757483,1500.0,87.36488817574832,145,0,8.322448151011486,ok
CEC2014,V1,V0 + adaptive step regulation,15,CEC2014-F15,Multimodal,30,7,deterministic,300000,300000,1537.10767966628,1500.0,37.10767966628009,56,0,8.55683343099372,ok
CEC2014,V2,V1 + long-range sensing,15,CEC2014-F15,Multimodal,30,7,deterministic,300000,300000,1560.4283219245324,1500.0,60.42832192453238,86,0,8.500346262997482,ok
CEC2014,V3,V2 + memory fusion,15,CEC2014-F15,Multimodal,30,7,deterministic,300000,300000,1542.3767470490513,1500.0,42.376747049051346,58,0,8.657862362000742,ok
CEC2014,V4,Full DMGSO with relocation and policy-like gating,15,CEC2014-F15,Multimodal,30,7,deterministic,300000,300000,1512.0402342190653,1500.0,12.040234219065269,995,15,8.975231351010734,ok
CEC2014,V0,Pure directional sensing,15,CEC2014-F15,Multimodal,30,8,deterministic,300000,300000,1579.1325176508049,1500.0,79.13251765080486,136,0,8.399569844012149,ok
CEC2014,V1,V0 + adaptive step regulation,15,CEC2014-F15,Multimodal,30,8,deterministic,300000,300000,1530.7148646242217,1500.0,30.71486462422172,59,0,8.439151700004004,ok
CEC2014,V2,V1 + long-range sensing,15,CEC2014-F15,Multimodal,30,8,deterministic,300000,300000,1526.653341630962,1500.0,26.653341630961904,60,0,8.35744101399905,ok
CEC2014,V3,V2 + memory fusion,15,CEC2014-F15,Multimodal,30,8,deterministic,300000,300000,1535.3831079927115,1500.0,35.38310799271153,60,0,8.509744402006618,ok
CEC2014,V4,Full DMGSO with relocation and policy-like gating,15,CEC2014-F15,Multimodal,30,8,deterministic,300000,300000,1507.3221756309115,1500.0,7.322175630911488,956,16,8.68887781399826,ok
CEC2014,V0,Pure directional sensing,15,CEC2014-F15,Multimodal,30,9,deterministic,300000,300000,1657.1181549146172,1500.0,157.1181549146172,132,0,8.524498990998836,ok
CEC2014,V1,V0 + adaptive step regulation,15,CEC2014-F15,Multimodal,30,9,deterministic,300000,300000,1550.9627165355905,1500.0,50.962716535590516,61,0,8.824257843007217,ok
CEC2014,V2,V1 + long-range sensing,15,CEC2014-F15,Multimodal,30,9,deterministic,300000,300000,1523.4091549888324,1500.0,23.40915498883237,61,0,8.362466298000072,ok
CEC2014,V3,V2 + memory fusion,15,CEC2014-F15,Multimodal,30,9,deterministic,300000,300000,1555.9680485693975,1500.0,55.968048569397524,61,0,8.95068441600597,ok
CEC2014,V4,Full DMGSO with relocation and policy-like gating,15,CEC2014-F15,Multimodal,30,9,deterministic,300000,300000,1515.8917410375252,1500.0,15.891741037525208,698,11,8.320467336001457,ok
CEC2014,V0,Pure directional sensing,16,CEC2014-F16,Multimodal,30,0,deterministic,300000,300000,1614.9349051505646,1600.0,14.934905150564646,0,0,45.872359560002224,ok
CEC2014,V1,V0 + adaptive step regulation,16,CEC2014-F16,Multimodal,30,0,deterministic,300000,300000,1614.595715182404,1600.0,14.595715182404092,13,0,44.5887741829938,ok
CEC2014,V2,V1 + long-range sensing,16,CEC2014-F16,Multimodal,30,0,deterministic,300000,300000,1614.80389920197,1600.0,14.803899201969898,1,0,45.5663811389968,ok
CEC2014,V3,V2 + memory fusion,16,CEC2014-F16,Multimodal,30,0,deterministic,300000,300000,1614.605576817129,1600.0,14.605576817129077,101,0,45.543976412998745,ok
CEC2014,V4,Full DMGSO with relocation and policy-like gating,16,CEC2014-F16,Multimodal,30,0,deterministic,300000,300000,1613.232164532151,1600.0,13.232164532151046,131,20,45.39477011699637,ok
CEC2014,V0,Pure directional sensing,16,CEC2014-F16,Multimodal,30,1,deterministic,300000,300000,1614.7956337589162,1600.0,14.79563375891621,3,0,45.665062626008876,ok
CEC2014,V1,V0 + adaptive step regulation,16,CEC2014-F16,Multimodal,30,1,deterministic,300000,300000,1614.485072623087,1600.0,14.485072623087035,14,0,45.44225513700803,ok
CEC2014,V2,V1 + long-range sensing,16,CEC2014-F16,Multimodal,30,1,deterministic,300000,300000,1614.506212287801,1600.0,14.506212287800963,8,0,45.35074309400807,ok
CEC2014,V3,V2 + memory fusion,16,CEC2014-F16,Multimodal,30,1,deterministic,300000,300000,1614.4805233277407,1600.0,14.480523327740684,239,0,44.996708334991126,ok
CEC2014,V4,Full DMGSO with relocation and policy-like gating,16,CEC2014-F16,Multimodal,30,1,deterministic,300000,300000,1613.5007809914403,1600.0,13.500780991440251,704,19,45.44235274600214,ok
CEC2014,V0,Pure directional sensing,16,CEC2014-F16,Multimodal,30,2,deterministic,300000,300000,1615.1161473051209,1600.0,15.116147305120876,0,0,44.599843057003454,ok
CEC2014,V1,V0 + adaptive step regulation,16,CEC2014-F16,Multimodal,30,2,deterministic,300000,300000,1614.3354095983989,1600.0,14.335409598398883,13,0,45.19857624800352,ok
CEC2014,V2,V1 + long-range sensing,16,CEC2014-F16,Multimodal,30,2,deterministic,300000,300000,1614.3825989816278,1600.0,14.38259898162778,7,0,45.303848855997785,ok
CEC2014,V3,V2 + memory fusion,16,CEC2014-F16,Multimodal,30,2,deterministic,300000,300000,1614.3195175978583,1600.0,14.319517597858294,168,0,45.584553640001104,ok
CEC2014,V4,Full DMGSO with relocation and policy-like gating,16,CEC2014-F16,Multimodal,30,2,deterministic,300000,300000,1613.8812826761484,1600.0,13.88128267614843,146,20,44.69380001499667,ok
CEC2014,V0,Pure directional sensing,16,CEC2014-F16,Multimodal,30,3,deterministic,300000,300000,1614.3295023190415,1600.0,14.329502319041467,3,0,44.356939891993534,ok
CEC2014,V1,V0 + adaptive step regulation,16,CEC2014-F16,Multimodal,30,3,deterministic,300000,300000,1613.9637660189724,1600.0,13.963766018972365,15,0,44.591387312000734,ok
CEC2014,V2,V1 + long-range sensing,16,CEC2014-F16,Multimodal,30,3,deterministic,300000,300000,1614.2135587752534,1600.0,14.213558775253432,5,0,44.927125002999674,ok
CEC2014,V3,V2 + memory fusion,16,CEC2014-F16,Multimodal,30,3,deterministic,300000,300000,1613.966267121254,1600.0,13.966267121254077,381,0,45.76456247200258,ok
CEC2014,V4,Full DMGSO with relocation and policy-like gating,16,CEC2014-F16,Multimodal,30,3,deterministic,300000,300000,1613.6489956609264,1600.0,13.648995660926403,175,20,45.61523010900419,ok
CEC2014,V0,Pure directional sensing,16,CEC2014-F16,Multimodal,30,4,deterministic,300000,300000,1614.7789325271165,1600.0,14.778932527116467,1,0,45.24681251999573,ok
CEC2014,V1,V0 + adaptive step regulation,16,CEC2014-F16,Multimodal,30,4,deterministic,300000,300000,1613.9843929649337,1600.0,13.984392964933704,14,0,45.03347913600737,ok
CEC2014,V2,V1 + long-range sensing,16,CEC2014-F16,Multimodal,30,4,deterministic,300000,300000,1614.0341157666448,1600.0,14.034115766644845,7,0,44.14958383899648,ok
CEC2014,V3,V2 + memory fusion,16,CEC2014-F16,Multimodal,30,4,deterministic,300000,300000,1613.992622687513,1600.0,13.992622687512949,117,0,44.74386072100606,ok
CEC2014,V4,Full DMGSO with relocation and policy-like gating,16,CEC2014-F16,Multimodal,30,4,deterministic,300000,300000,1613.4078552586654,1600.0,13.40785525866545,405,20,45.71322358598991,ok
CEC2014,V0,Pure directional sensing,16,CEC2014-F16,Multimodal,30,5,deterministic,300000,300000,1614.5769142047436,1600.0,14.576914204743616,0,0,45.798867211997276,ok
CEC2014,V1,V0 + adaptive step regulation,16,CEC2014-F16,Multimodal,30,5,deterministic,300000,300000,1614.0115483349084,1600.0,14.011548334908412,12,0,45.304373698003474,ok
CEC2014,V2,V1 + long-range sensing,16,CEC2014-F16,Multimodal,30,5,deterministic,300000,300000,1614.287487098642,1600.0,14.287487098642032,3,0,45.39233697899908,ok
CEC2014,V3,V2 + memory fusion,16,CEC2014-F16,Multimodal,30,5,deterministic,300000,300000,1614.01945248473,1600.0,14.019452484729982,106,0,45.47309181401215,ok
CEC2014,V4,Full DMGSO with relocation and policy-like gating,16,CEC2014-F16,Multimodal,30,5,deterministic,300000,300000,1613.4570028076537,1600.0,13.45700280765368,421,20,45.55644099699566,ok
CEC2014,V0,Pure directional sensing,16,CEC2014-F16,Multimodal,30,6,deterministic,300000,300000,1614.3532376223404,1600.0,14.35323762234043,7,0,45.16434357700928,ok
CEC2014,V1,V0 + adaptive step regulation,16,CEC2014-F16,Multimodal,30,6,deterministic,300000,300000,1614.2526396582227,1600.0,14.252639658222733,15,0,45.29662241200276,ok
CEC2014,V2,V1 + long-range sensing,16,CEC2014-F16,Multimodal,30,6,deterministic,300000,300000,1614.5100596379282,1600.0,14.51005963792818,4,0,44.80774411499442,ok
CEC2014,V3,V2 + memory fusion,16,CEC2014-F16,Multimodal,30,6,deterministic,300000,300000,1614.2399453628755,1600.0,14.23994536287546,172,0,45.26850075900438,ok
CEC2014,V4,Full DMGSO with relocation and policy-like gating,16,CEC2014-F16,Multimodal,30,6,deterministic,300000,300000,1613.4435251528728,1600.0,13.44352515287278,291,20,45.179586894999375,ok
CEC2014,V0,Pure directional sensing,16,CEC2014-F16,Multimodal,30,7,deterministic,300000,300000,1615.111875541901,1600.0,15.1118755419011,3,0,45.33486774099583,ok
CEC2014,V1,V0 + adaptive step regulation,16,CEC2014-F16,Multimodal,30,7,deterministic,300000,300000,1614.7298010871361,1600.0,14.729801087136138,9,0,45.11804236899479,ok
CEC2014,V2,V1 + long-range sensing,16,CEC2014-F16,Multimodal,30,7,deterministic,300000,300000,1614.926664309239,1600.0,14.926664309238959,1,0,44.371259207997355,ok
CEC2014,V3,V2 + memory fusion,16,CEC2014-F16,Multimodal,30,7,deterministic,300000,300000,1614.7325231497748,1600.0,14.732523149774806,175,0,44.42995006700221,ok
CEC2014,V4,Full DMGSO with relocation and policy-like gating,16,CEC2014-F16,Multimodal,30,7,deterministic,300000,300000,1613.240074778902,1600.0,13.240074778901999,130,20,45.88156257699302,ok
CEC2014,V0,Pure directional sensing,16,CEC2014-F16,Multimodal,30,8,deterministic,300000,300000,1614.6053552394276,1600.0,14.605355239427581,1,0,45.8441856319987,ok
CEC2014,V1,V0 + adaptive step regulation,16,CEC2014-F16,Multimodal,30,8,deterministic,300000,300000,1614.5217701306137,1600.0,14.521770130613731,10,0,45.68745747799403,ok
CEC2014,V2,V1 + long-range sensing,16,CEC2014-F16,Multimodal,30,8,deterministic,300000,300000,1614.526996845125,1600.0,14.52699684512504,5,0,44.35203015200386,ok
CEC2014,V3,V2 + memory fusion,16,CEC2014-F16,Multimodal,30,8,deterministic,300000,300000,1614.516093706782,1600.0,14.51609370678193,71,0,45.410401454006205,ok
CEC2014,V4,Full DMGSO with relocation and policy-like gating,16,CEC2014-F16,Multimodal,30,8,deterministic,300000,300000,1613.7106225380437,1600.0,13.710622538043708,378,20,44.89788530000078,ok
CEC2014,V0,Pure directional sensing,16,CEC2014-F16,Multimodal,30,9,deterministic,300000,300000,1613.9723149481965,1600.0,13.972314948196527,2,0,44.897002074998454,ok
CEC2014,V1,V0 + adaptive step regulation,16,CEC2014-F16,Multimodal,30,9,deterministic,300000,300000,1613.869372491479,1600.0,13.869372491478998,11,0,45.373087795000174,ok
CEC2014,V2,V1 + long-range sensing,16,CEC2014-F16,Multimodal,30,9,deterministic,300000,300000,1614.12924099406,1600.0,14.129240994059955,6,0,45.45026143299765,ok
CEC2014,V3,V2 + memory fusion,16,CEC2014-F16,Multimodal,30,9,deterministic,300000,300000,1613.8395225652682,1600.0,13.839522565268226,75,0,45.5569716149912,ok
CEC2014,V4,Full DMGSO with relocation and policy-like gating,16,CEC2014-F16,Multimodal,30,9,deterministic,300000,300000,1613.3742430744294,1600.0,13.374243074429387,154,20,45.2483505160053,ok
CEC2014,V0,Pure directional sensing,17,CEC2014-F17,Hybrid,30,0,deterministic,300000,300000,14575460.398633027,1700.0,14573760.398633027,128,0,15.755862410995178,ok
CEC2014,V1,V0 + adaptive step regulation,17,CEC2014-F17,Hybrid,30,0,deterministic,300000,300000,494592.6132455371,1700.0,492892.6132455371,265,0,15.831266590001178,ok
CEC2014,V2,V1 + long-range sensing,17,CEC2014-F17,Hybrid,30,0,deterministic,300000,300000,5438314.568344959,1700.0,5436614.568344959,66,0,15.495711009003571,ok
CEC2014,V3,V2 + memory fusion,17,CEC2014-F17,Hybrid,30,0,deterministic,300000,300000,425412.23473446525,1700.0,423712.23473446525,244,0,15.688704929008964,ok
CEC2014,V4,Full DMGSO with relocation and policy-like gating,17,CEC2014-F17,Hybrid,30,0,deterministic,300000,300000,87556.28483546614,1700.0,85856.28483546614,1505,6,15.137637430991163,ok
CEC2014,V0,Pure directional sensing,17,CEC2014-F17,Hybrid,30,1,deterministic,300000,300000,19192345.517479412,1700.0,19190645.517479412,125,0,15.394087641994702,ok
CEC2014,V1,V0 + adaptive step regulation,17,CEC2014-F17,Hybrid,30,1,deterministic,300000,300000,641713.1236224987,1700.0,640013.1236224987,261,0,15.45976430499286,ok
CEC2014,V2,V1 + long-range sensing,17,CEC2014-F17,Hybrid,30,1,deterministic,300000,300000,8111818.614109182,1700.0,8110118.614109182,59,0,15.188674628006993,ok
CEC2014,V3,V2 + memory fusion,17,CEC2014-F17,Hybrid,30,1,deterministic,300000,300000,531908.0256805078,1700.0,530208.0256805078,273,0,15.353807541003334,ok
CEC2014,V4,Full DMGSO with relocation and policy-like gating,17,CEC2014-F17,Hybrid,30,1,deterministic,300000,300000,254627.7848498091,1700.0,252927.7848498091,1495,6,15.656879364003544,ok
CEC2014,V0,Pure directional sensing,17,CEC2014-F17,Hybrid,30,2,deterministic,300000,300000,33579329.14670107,1700.0,33577629.14670107,114,0,15.661541997003951,ok
CEC2014,V1,V0 + adaptive step regulation,17,CEC2014-F17,Hybrid,30,2,deterministic,300000,300000,482349.37640662433,1700.0,480649.37640662433,264,0,15.831487463001395,ok
CEC2014,V2,V1 + long-range sensing,17,CEC2014-F17,Hybrid,30,2,deterministic,300000,300000,8084617.171442947,1700.0,8082917.171442947,53,0,16.071729336996214,ok
CEC2014,V3,V2 + memory fusion,17,CEC2014-F17,Hybrid,30,2,deterministic,300000,300000,348028.22462079104,1700.0,346328.22462079104,257,0,15.605588115999126,ok
CEC2014,V4,Full DMGSO with relocation and policy-like gating,17,CEC2014-F17,Hybrid,30,2,deterministic,300000,300000,289576.53429480374,1700.0,287876.53429480374,1680,4,15.65886596099881,ok
CEC2014,V0,Pure directional sensing,17,CEC2014-F17,Hybrid,30,3,deterministic,300000,300000,31656054.876813836,1700.0,31654354.876813836,117,0,15.518496019009035,ok
CEC2014,V1,V0 + adaptive step regulation,17,CEC2014-F17,Hybrid,30,3,deterministic,300000,300000,633012.0131047368,1700.0,631312.0131047368,274,0,15.429275528993458,ok
CEC2014,V2,V1 + long-range sensing,17,CEC2014-F17,Hybrid,30,3,deterministic,300000,300000,5700808.400110006,1700.0,5699108.400110006,62,0,15.615187078001327,ok
CEC2014,V3,V2 + memory fusion,17,CEC2014-F17,Hybrid,30,3,deterministic,300000,300000,622671.9358853855,1700.0,620971.9358853855,292,0,15.327950910999789,ok
CEC2014,V4,Full DMGSO with relocation and policy-like gating,17,CEC2014-F17,Hybrid,30,3,deterministic,300000,300000,167476.72086009933,1700.0,165776.72086009933,1500,7,15.78263323000283,ok
CEC2014,V0,Pure directional sensing,17,CEC2014-F17,Hybrid,30,4,deterministic,300000,300000,37275326.65951933,1700.0,37273626.65951933,104,0,15.79681083500327,ok
CEC2014,V1,V0 + adaptive step regulation,17,CEC2014-F17,Hybrid,30,4,deterministic,300000,300000,354851.71104731434,1700.0,353151.71104731434,283,0,15.205802718002815,ok
CEC2014,V2,V1 + long-range sensing,17,CEC2014-F17,Hybrid,30,4,deterministic,300000,300000,6139163.567432911,1700.0,6137463.567432911,56,0,15.70469967200188,ok
CEC2014,V3,V2 + memory fusion,17,CEC2014-F17,Hybrid,30,4,deterministic,300000,300000,467904.46415064024,1700.0,466204.46415064024,205,0,15.632726718002232,ok
CEC2014,V4,Full DMGSO with relocation and policy-like gating,17,CEC2014-F17,Hybrid,30,4,deterministic,300000,300000,110172.58386238082,1700.0,108472.58386238082,1564,4,15.894886644993676,ok
CEC2014,V0,Pure directional sensing,17,CEC2014-F17,Hybrid,30,5,deterministic,300000,300000,41016809.81822332,1700.0,41015109.81822332,105,0,15.215793069990468,ok
CEC2014,V1,V0 + adaptive step regulation,17,CEC2014-F17,Hybrid,30,5,deterministic,300000,300000,299639.0096773341,1700.0,297939.0096773341,319,0,15.612476984999375,ok
CEC2014,V2,V1 + long-range sensing,17,CEC2014-F17,Hybrid,30,5,deterministic,300000,300000,6561038.070592208,1700.0,6559338.070592208,58,0,15.272082493989728,ok
CEC2014,V3,V2 + memory fusion,17,CEC2014-F17,Hybrid,30,5,deterministic,300000,300000,399437.6509204099,1700.0,397737.6509204099,245,0,15.997528606996639,ok
CEC2014,V4,Full DMGSO with relocation and policy-like gating,17,CEC2014-F17,Hybrid,30,5,deterministic,300000,300000,136021.7994391423,1700.0,134321.7994391423,1439,8,15.764817110990407,ok
CEC2014,V0,Pure directional sensing,17,CEC2014-F17,Hybrid,30,6,deterministic,300000,300000,34178862.963086054,1700.0,34177162.963086054,92,0,15.65300837700488,ok
CEC2014,V1,V0 + adaptive step regulation,17,CEC2014-F17,Hybrid,30,6,deterministic,300000,300000,221014.65721615622,1700.0,219314.65721615622,279,0,15.694385926995892,ok
CEC2014,V2,V1 + long-range sensing,17,CEC2014-F17,Hybrid,30,6,deterministic,300000,300000,5209950.877325028,1700.0,5208250.877325028,55,0,15.40388680700562,ok
CEC2014,V3,V2 + memory fusion,17,CEC2014-F17,Hybrid,30,6,deterministic,300000,300000,235602.4195928311,1700.0,233902.4195928311,234,0,16.086844146004296,ok
CEC2014,V4,Full DMGSO with relocation and policy-like gating,17,CEC2014-F17,Hybrid,30,6,deterministic,300000,300000,292134.9806951489,1700.0,290434.9806951489,1303,10,15.417342608998297,ok
CEC2014,V0,Pure directional sensing,17,CEC2014-F17,Hybrid,30,7,deterministic,300000,300000,32095493.65585474,1700.0,32093793.65585474,95,0,15.970140905003063,ok
CEC2014,V1,V0 + adaptive step regulation,17,CEC2014-F17,Hybrid,30,7,deterministic,300000,300000,244461.5681594103,1700.0,242761.5681594103,437,0,15.745100842003012,ok
CEC2014,V2,V1 + long-range sensing,17,CEC2014-F17,Hybrid,30,7,deterministic,300000,300000,4844583.681060267,1700.0,4842883.681060267,61,0,15.398431706998963,ok
CEC2014,V3,V2 + memory fusion,17,CEC2014-F17,Hybrid,30,7,deterministic,300000,300000,204875.83351585237,1700.0,203175.83351585237,674,0,15.906862354997429,ok
CEC2014,V4,Full DMGSO with relocation and policy-like gating,17,CEC2014-F17,Hybrid,30,7,deterministic,300000,300000,130737.58545639613,1700.0,129037.58545639613,1527,6,15.587038951009163,ok
CEC2014,V0,Pure directional sensing,17,CEC2014-F17,Hybrid,30,8,deterministic,300000,300000,30164859.087207876,1700.0,30163159.087207876,94,0,15.962969241998508,ok
CEC2014,V1,V0 + adaptive step regulation,17,CEC2014-F17,Hybrid,30,8,deterministic,300000,300000,191765.37782624923,1700.0,190065.37782624923,292,0,15.399842512997566,ok
CEC2014,V2,V1 + long-range sensing,17,CEC2014-F17,Hybrid,30,8,deterministic,300000,300000,2545889.906767924,1700.0,2544189.906767924,62,0,15.848088184997323,ok
CEC2014,V3,V2 + memory fusion,17,CEC2014-F17,Hybrid,30,8,deterministic,300000,300000,239020.6260497579,1700.0,237320.6260497579,349,0,15.397239942001761,ok
CEC2014,V4,Full DMGSO with relocation and policy-like gating,17,CEC2014-F17,Hybrid,30,8,deterministic,300000,300000,158304.79004707694,1700.0,156604.79004707694,1537,6,15.799658375006402,ok
CEC2014,V0,Pure directional sensing,17,CEC2014-F17,Hybrid,30,9,deterministic,300000,300000,33766704.75942023,1700.0,33765004.75942023,88,0,15.589765867000096,ok
CEC2014,V1,V0 + adaptive step regulation,17,CEC2014-F17,Hybrid,30,9,deterministic,300000,300000,173967.05636600257,1700.0,172267.05636600257,281,0,15.744531276999624,ok
CEC2014,V2,V1 + long-range sensing,17,CEC2014-F17,Hybrid,30,9,deterministic,300000,300000,1525975.4704996098,1700.0,1524275.4704996098,64,0,15.564276320001227,ok
CEC2014,V3,V2 + memory fusion,17,CEC2014-F17,Hybrid,30,9,deterministic,300000,300000,216358.12906138026,1700.0,214658.12906138026,184,0,15.319202675003908,ok
CEC2014,V4,Full DMGSO with relocation and policy-like gating,17,CEC2014-F17,Hybrid,30,9,deterministic,300000,300000,88319.47923117928,1700.0,86619.47923117928,1547,5,15.297962696000468,ok
CEC2014,V0,Pure directional sensing,18,CEC2014-F18,Hybrid,30,0,deterministic,300000,300000,957349.7648671712,1800.0,955549.7648671712,70,0,9.81545219400141,ok
CEC2014,V1,V0 + adaptive step regulation,18,CEC2014-F18,Hybrid,30,0,deterministic,300000,300000,200985.99639123605,1800.0,199185.99639123605,40,0,9.542971386996214,ok
CEC2014,V2,V1 + long-range sensing,18,CEC2014-F18,Hybrid,30,0,deterministic,300000,300000,185361.3288880825,1800.0,183561.3288880825,48,0,9.718700395998894,ok
CEC2014,V3,V2 + memory fusion,18,CEC2014-F18,Hybrid,30,0,deterministic,300000,300000,192384.54574591474,1800.0,190584.54574591474,41,0,9.705465820006793,ok
CEC2014,V4,Full DMGSO with relocation and policy-like gating,18,CEC2014-F18,Hybrid,30,0,deterministic,300000,300000,85343.10524039005,1800.0,83543.10524039005,1608,4,9.560049263003748,ok
CEC2014,V0,Pure directional sensing,18,CEC2014-F18,Hybrid,30,1,deterministic,300000,300000,912820.3433660519,1800.0,911020.3433660519,72,0,9.759192494006129,ok
CEC2014,V1,V0 + adaptive step regulation,18,CEC2014-F18,Hybrid,30,1,deterministic,300000,300000,184665.74349047037,1800.0,182865.74349047037,44,0,9.732748755995999,ok
CEC2014,V2,V1 + long-range sensing,18,CEC2014-F18,Hybrid,30,1,deterministic,300000,300000,1568244.624798337,1800.0,1566444.624798337,36,0,9.391730202012695,ok
CEC2014,V3,V2 + memory fusion,18,CEC2014-F18,Hybrid,30,1,deterministic,300000,300000,150550.72161725996,1800.0,148750.72161725996,241,0,9.760641221000697,ok
CEC2014,V4,Full DMGSO with relocation and policy-like gating,18,CEC2014-F18,Hybrid,30,1,deterministic,300000,300000,71263.70805572232,1800.0,69463.70805572232,1264,9,9.462244230002398,ok
CEC2014,V0,Pure directional sensing,18,CEC2014-F18,Hybrid,30,2,deterministic,300000,300000,447981.2559298871,1800.0,446181.2559298871,65,0,9.710074821006856,ok
CEC2014,V1,V0 + adaptive step regulation,18,CEC2014-F18,Hybrid,30,2,deterministic,300000,300000,155682.93347372804,1800.0,153882.93347372804,40,0,9.48026552599913,ok
CEC2014,V2,V1 + long-range sensing,18,CEC2014-F18,Hybrid,30,2,deterministic,300000,300000,158354.0202573406,1800.0,156554.0202573406,39,0,9.419527535006637,ok
CEC2014,V3,V2 + memory fusion,18,CEC2014-F18,Hybrid,30,2,deterministic,300000,300000,145635.48460821598,1800.0,143835.48460821598,97,0,9.668293323004036,ok
CEC2014,V4,Full DMGSO with relocation and policy-like gating,18,CEC2014-F18,Hybrid,30,2,deterministic,300000,300000,92583.13256292291,1800.0,90783.13256292291,1262,8,9.616296730993781,ok
CEC2014,V0,Pure directional sensing,18,CEC2014-F18,Hybrid,30,3,deterministic,300000,300000,1463682.948223454,1800.0,1461882.948223454,71,0,9.875384875005693,ok
CEC2014,V1,V0 + adaptive step regulation,18,CEC2014-F18,Hybrid,30,3,deterministic,300000,300000,144696.30764617544,1800.0,142896.30764617544,43,0,9.474753506001434,ok
CEC2014,V2,V1 + long-range sensing,18,CEC2014-F18,Hybrid,30,3,deterministic,300000,300000,4115786.122541303,1800.0,4113986.122541303,34,0,9.644815309002297,ok
CEC2014,V3,V2 + memory fusion,18,CEC2014-F18,Hybrid,30,3,deterministic,300000,300000,133217.31628292432,1800.0,131417.31628292432,110,0,9.616253027008497,ok
CEC2014,V4,Full DMGSO with relocation and policy-like gating,18,CEC2014-F18,Hybrid,30,3,deterministic,300000,300000,59633.62214495761,1800.0,57833.62214495761,1323,8,9.787410760996863,ok
CEC2014,V0,Pure directional sensing,18,CEC2014-F18,Hybrid,30,4,deterministic,300000,300000,1731374.4081336895,1800.0,1729574.4081336895,68,0,9.427397039995412,ok
CEC2014,V1,V0 + adaptive step regulation,18,CEC2014-F18,Hybrid,30,4,deterministic,300000,300000,184907.2018674448,1800.0,183107.2018674448,39,0,9.34028100600699,ok
CEC2014,V2,V1 + long-range sensing,18,CEC2014-F18,Hybrid,30,4,deterministic,300000,300000,161134.14509864483,1800.0,159334.14509864483,44,0,9.70612574799452,ok
CEC2014,V3,V2 + memory fusion,18,CEC2014-F18,Hybrid,30,4,deterministic,300000,300000,160283.02142599403,1800.0,158483.02142599403,108,0,9.709963882996817,ok
CEC2014,V4,Full DMGSO with relocation and policy-like gating,18,CEC2014-F18,Hybrid,30,4,deterministic,300000,300000,98115.07717021038,1800.0,96315.07717021038,1282,9,9.62611424199713,ok
CEC2014,V0,Pure directional sensing,18,CEC2014-F18,Hybrid,30,5,deterministic,300000,300000,1976112.415973302,1800.0,1974312.415973302,69,0,9.39921701500134,ok
CEC2014,V1,V0 + adaptive step regulation,18,CEC2014-F18,Hybrid,30,5,deterministic,300000,300000,196852.78827403323,1800.0,195052.78827403323,39,0,9.660317035013577,ok
CEC2014,V2,V1 + long-range sensing,18,CEC2014-F18,Hybrid,30,5,deterministic,300000,300000,159272.9421267202,1800.0,157472.9421267202,41,0,9.697779800000717,ok
CEC2014,V3,V2 + memory fusion,18,CEC2014-F18,Hybrid,30,5,deterministic,300000,300000,143678.604538807,1800.0,141878.604538807,186,0,9.419712866991176,ok
CEC2014,V4,Full DMGSO with relocation and policy-like gating,18,CEC2014-F18,Hybrid,30,5,deterministic,300000,300000,76684.64499936967,1800.0,74884.64499936967,1516,4,9.630539901001612,ok
CEC2014,V0,Pure directional sensing,18,CEC2014-F18,Hybrid,30,6,deterministic,300000,300000,1346152.3517121105,1800.0,1344352.3517121105,56,0,9.546712139010197,ok
CEC2014,V1,V0 + adaptive step regulation,18,CEC2014-F18,Hybrid,30,6,deterministic,300000,300000,157398.78145411343,1800.0,155598.78145411343,35,0,9.595894601996406,ok
CEC2014,V2,V1 + long-range sensing,18,CEC2014-F18,Hybrid,30,6,deterministic,300000,300000,169799.66903343739,1800.0,167999.66903343739,40,0,9.420317601005081,ok
CEC2014,V3,V2 + memory fusion,18,CEC2014-F18,Hybrid,30,6,deterministic,300000,300000,135774.1949799443,1800.0,133974.1949799443,99,0,9.610101889004,ok
CEC2014,V4,Full DMGSO with relocation and policy-like gating,18,CEC2014-F18,Hybrid,30,6,deterministic,300000,300000,100658.07010895852,1800.0,98858.07010895852,1456,5,9.428027235000627,ok
CEC2014,V0,Pure directional sensing,18,CEC2014-F18,Hybrid,30,7,deterministic,300000,300000,2640534.512630197,1800.0,2638734.512630197,63,0,9.606128847997752,ok
CEC2014,V1,V0 + adaptive step regulation,18,CEC2014-F18,Hybrid,30,7,deterministic,300000,300000,174396.77741490785,1800.0,172596.77741490785,38,0,9.666805517990724,ok
CEC2014,V2,V1 + long-range sensing,18,CEC2014-F18,Hybrid,30,7,deterministic,300000,300000,185474.11429500475,1800.0,183674.11429500475,37,0,9.721463278998272,ok
CEC2014,V3,V2 + memory fusion,18,CEC2014-F18,Hybrid,30,7,deterministic,300000,300000,144656.3336319481,1800.0,142856.3336319481,151,0,10.023468906001654,ok
CEC2014,V4,Full DMGSO with relocation and policy-like gating,18,CEC2014-F18,Hybrid,30,7,deterministic,300000,300000,70137.32641523058,1800.0,68337.32641523058,1364,7,9.655843002998154,ok
CEC2014,V0,Pure directional sensing,18,CEC2014-F18,Hybrid,30,8,deterministic,300000,300000,1227775.259009657,1800.0,1225975.259009657,60,0,9.448344712000107,ok
CEC2014,V1,V0 + adaptive step regulation,18,CEC2014-F18,Hybrid,30,8,deterministic,300000,300000,128786.62155383202,1800.0,126986.62155383202,38,0,9.330069456991623,ok
CEC2014,V2,V1 + long-range sensing,18,CEC2014-F18,Hybrid,30,8,deterministic,300000,300000,168070.8211048424,1800.0,166270.8211048424,44,0,9.61785526300082,ok
CEC2014,V3,V2 + memory fusion,18,CEC2014-F18,Hybrid,30,8,deterministic,300000,300000,131062.85223622763,1800.0,129262.85223622763,109,0,9.835242072003894,ok
CEC2014,V4,Full DMGSO with relocation and policy-like gating,18,CEC2014-F18,Hybrid,30,8,deterministic,300000,300000,89543.54785816607,1800.0,87743.54785816607,1471,4,9.758421441001701,ok
CEC2014,V0,Pure directional sensing,18,CEC2014-F18,Hybrid,30,9,deterministic,300000,300000,1730956.0377895895,1800.0,1729156.0377895895,60,0,9.78481481000199,ok
CEC2014,V1,V0 + adaptive step regulation,18,CEC2014-F18,Hybrid,30,9,deterministic,300000,300000,151164.7120904052,1800.0,149364.7120904052,38,0,9.60118979398976,ok
CEC2014,V2,V1 + long-range sensing,18,CEC2014-F18,Hybrid,30,9,deterministic,300000,300000,151418.67335461578,1800.0,149618.67335461578,38,0,9.661189014994306,ok
CEC2014,V3,V2 + memory fusion,18,CEC2014-F18,Hybrid,30,9,deterministic,300000,300000,148447.37695679165,1800.0,146647.37695679165,171,0,9.700440914995852,ok
CEC2014,V4,Full DMGSO with relocation and policy-like gating,18,CEC2014-F18,Hybrid,30,9,deterministic,300000,300000,77079.55571086299,1800.0,75279.55571086299,1398,6,9.643631782993907,ok
CEC2014,V0,Pure directional sensing,19,CEC2014-F19,Hybrid,30,0,deterministic,300000,300000,6956.977899849029,1900.0,5056.977899849029,97,0,32.95436311200319,ok
CEC2014,V1,V0 + adaptive step regulation,19,CEC2014-F19,Hybrid,30,0,deterministic,300000,300000,1944.8725992515244,1900.0,44.872599251524434,59,0,33.04574944599881,ok
CEC2014,V2,V1 + long-range sensing,19,CEC2014-F19,Hybrid,30,0,deterministic,300000,300000,2217.661763704119,1900.0,317.66176370411904,47,0,33.18932206000318,ok
CEC2014,V3,V2 + memory fusion,19,CEC2014-F19,Hybrid,30,0,deterministic,300000,300000,1956.9056866431417,1900.0,56.905686643141735,59,0,32.55215611499443,ok
CEC2014,V4,Full DMGSO with relocation and policy-like gating,19,CEC2014-F19,Hybrid,30,0,deterministic,300000,300000,1934.0817277072604,1900.0,34.08172770726037,875,15,33.07381251100742,ok
CEC2014,V0,Pure directional sensing,19,CEC2014-F19,Hybrid,30,1,deterministic,300000,300000,3598.4534455416424,1900.0,1698.4534455416424,86,0,33.371377956005745,ok
CEC2014,V1,V0 + adaptive step regulation,19,CEC2014-F19,Hybrid,30,1,deterministic,300000,300000,1975.7537932979499,1900.0,75.75379329794987,49,0,32.07635945700167,ok
CEC2014,V2,V1 + long-range sensing,19,CEC2014-F19,Hybrid,30,1,deterministic,300000,300000,2870.988203427489,1900.0,970.9882034274892,41,0,32.95899956300855,ok
CEC2014,V3,V2 + memory fusion,19,CEC2014-F19,Hybrid,30,1,deterministic,300000,300000,1952.2348819144083,1900.0,52.234881914408334,69,0,32.92236457200488,ok
CEC2014,V4,Full DMGSO with relocation and policy-like gating,19,CEC2014-F19,Hybrid,30,1,deterministic,300000,300000,1942.0020666609237,1900.0,42.002066660923674,788,16,32.63921679300256,ok
CEC2014,V0,Pure directional sensing,19,CEC2014-F19,Hybrid,30,2,deterministic,300000,300000,10177.011306417535,1900.0,8277.011306417535,82,0,32.89004510399536,ok
CEC2014,V1,V0 + adaptive step regulation,19,CEC2014-F19,Hybrid,30,2,deterministic,300000,300000,1951.092701505053,1900.0,51.0927015050529,53,0,33.456082230986794,ok
CEC2014,V2,V1 + long-range sensing,19,CEC2014-F19,Hybrid,30,2,deterministic,300000,300000,1962.3096643520016,1900.0,62.30966435200162,47,0,32.82200851800735,ok
CEC2014,V3,V2 + memory fusion,19,CEC2014-F19,Hybrid,30,2,deterministic,300000,300000,1951.9432878643083,1900.0,51.94328786430833,62,0,33.33787552299327,ok
CEC2014,V4,Full DMGSO with relocation and policy-like gating,19,CEC2014-F19,Hybrid,30,2,deterministic,300000,300000,1931.7106413347842,1900.0,31.710641334784214,798,15,32.87873201200273,ok
CEC2014,V0,Pure directional sensing,19,CEC2014-F19,Hybrid,30,3,deterministic,300000,300000,2288.771169251225,1900.0,388.7711692512248,75,0,33.0092135980085,ok
CEC2014,V1,V0 + adaptive step regulation,19,CEC2014-F19,Hybrid,30,3,deterministic,300000,300000,1945.903583227145,1900.0,45.90358322714496,47,0,32.309327070004656,ok
CEC2014,V2,V1 + long-range sensing,19,CEC2014-F19,Hybrid,30,3,deterministic,300000,300000,5450.3426480131875,1900.0,3550.3426480131875,39,0,31.915542354996433,ok
CEC2014,V3,V2 + memory fusion,19,CEC2014-F19,Hybrid,30,3,deterministic,300000,300000,1958.6738297945915,1900.0,58.673829794591484,51,0,33.12675356800901,ok
CEC2014,V4,Full DMGSO with relocation and policy-like gating,19,CEC2014-F19,Hybrid,30,3,deterministic,300000,300000,1937.2060263958726,1900.0,37.20602639587264,800,16,32.90690073301084,ok
CEC2014,V0,Pure directional sensing,19,CEC2014-F19,Hybrid,30,4,deterministic,300000,300000,78216.75985429423,1900.0,76316.75985429423,67,0,33.03452727200056,ok
CEC2014,V1,V0 + adaptive step regulation,19,CEC2014-F19,Hybrid,30,4,deterministic,300000,300000,1959.435415555067,1900.0,59.43541555506704,62,0,32.41399843900581,ok
CEC2014,V2,V1 + long-range sensing,19,CEC2014-F19,Hybrid,30,4,deterministic,300000,300000,10131.049908217112,1900.0,8231.049908217112,36,0,32.60270838699944,ok
CEC2014,V3,V2 + memory fusion,19,CEC2014-F19,Hybrid,30,4,deterministic,300000,300000,1950.6888024507766,1900.0,50.68880245077662,73,0,33.39291356300237,ok
CEC2014,V4,Full DMGSO with relocation and policy-like gating,19,CEC2014-F19,Hybrid,30,4,deterministic,300000,300000,1938.50647379793,1900.0,38.506473797930084,792,16,33.35103137999249,ok
CEC2014,V0,Pure directional sensing,19,CEC2014-F19,Hybrid,30,5,deterministic,300000,300000,75522.15540211821,1900.0,73622.15540211821,65,0,32.723671468003886,ok
CEC2014,V1,V0 + adaptive step regulation,19,CEC2014-F19,Hybrid,30,5,deterministic,300000,300000,1957.0551829460921,1900.0,57.055182946092145,57,0,32.783720355990226,ok
CEC2014,V2,V1 + long-range sensing,19,CEC2014-F19,Hybrid,30,5,deterministic,300000,300000,14209.868948668598,1900.0,12309.868948668598,41,0,33.27841102499224,ok
CEC2014,V3,V2 + memory fusion,19,CEC2014-F19,Hybrid,30,5,deterministic,300000,300000,1952.4403521058325,1900.0,52.44035210583252,71,0,32.85891558899311,ok
CEC2014,V4,Full DMGSO with relocation and policy-like gating,19,CEC2014-F19,Hybrid,30,5,deterministic,300000,300000,1930.9599355659254,1900.0,30.959935565925434,814,15,32.82142036000732,ok
CEC2014,V0,Pure directional sensing,19,CEC2014-F19,Hybrid,30,6,deterministic,300000,300000,95291.22846031735,1900.0,93391.22846031735,67,0,32.39684715399926,ok
CEC2014,V1,V0 + adaptive step regulation,19,CEC2014-F19,Hybrid,30,6,deterministic,300000,300000,1957.8527709979337,1900.0,57.8527709979337,64,0,32.68175951500598,ok
CEC2014,V2,V1 + long-range sensing,19,CEC2014-F19,Hybrid,30,6,deterministic,300000,300000,3109.944629223795,1900.0,1209.944629223795,42,0,33.13201884400041,ok
CEC2014,V3,V2 + memory fusion,19,CEC2014-F19,Hybrid,30,6,deterministic,300000,300000,1950.9530722938819,1900.0,50.95307229388186,76,0,32.73465560200566,ok
CEC2014,V4,Full DMGSO with relocation and policy-like gating,19,CEC2014-F19,Hybrid,30,6,deterministic,300000,300000,1932.569336914774,1900.0,32.56933691477411,1005,13,32.63818215200445,ok
CEC2014,V0,Pure directional sensing,19,CEC2014-F19,Hybrid,30,7,deterministic,300000,300000,2805.7317567710816,1900.0,905.7317567710816,67,0,33.07121959699725,ok
CEC2014,V1,V0 + adaptive step regulation,19,CEC2014-F19,Hybrid,30,7,deterministic,300000,300000,1953.5406397400363,1900.0,53.54063974003634,44,0,32.45493300500675,ok
CEC2014,V2,V1 + long-range sensing,19,CEC2014-F19,Hybrid,30,7,deterministic,300000,300000,2068.2826781341405,1900.0,168.2826781341405,45,0,32.511648048995994,ok
CEC2014,V3,V2 + memory fusion,19,CEC2014-F19,Hybrid,30,7,deterministic,300000,300000,2009.7146522133373,1900.0,109.71465221333733,43,0,32.4824610939977,ok
CEC2014,V4,Full DMGSO with relocation and policy-like gating,19,CEC2014-F19,Hybrid,30,7,deterministic,300000,300000,1932.7546135797272,1900.0,32.75461357972722,841,15,32.94127604599635,ok
CEC2014,V0,Pure directional sensing,19,CEC2014-F19,Hybrid,30,8,deterministic,300000,300000,2075.0934278468035,1900.0,175.09342784680348,56,0,33.187236593992566,ok
CEC2014,V1,V0 + adaptive step regulation,19,CEC2014-F19,Hybrid,30,8,deterministic,300000,300000,1952.5383669843159,1900.0,52.53836698431587,44,0,33.14702730100544,ok
CEC2014,V2,V1 + long-range sensing,19,CEC2014-F19,Hybrid,30,8,deterministic,300000,300000,1964.6792043213186,1900.0,64.6792043213186,51,0,33.145447700997465,ok
CEC2014,V3,V2 + memory fusion,19,CEC2014-F19,Hybrid,30,8,deterministic,300000,300000,1948.7092036574313,1900.0,48.70920365743132,51,0,33.77479681400291,ok
CEC2014,V4,Full DMGSO with relocation and policy-like gating,19,CEC2014-F19,Hybrid,30,8,deterministic,300000,300000,1933.068836605569,1900.0,33.068836605569004,918,14,33.109195291996,ok
CEC2014,V0,Pure directional sensing,19,CEC2014-F19,Hybrid,30,9,deterministic,300000,300000,89629.51504145823,1900.0,87729.51504145823,55,0,32.71370679899701,ok
CEC2014,V1,V0 + adaptive step regulation,19,CEC2014-F19,Hybrid,30,9,deterministic,300000,300000,1955.2490264440137,1900.0,55.24902644401368,55,0,32.941003047992126,ok
CEC2014,V2,V1 + long-range sensing,19,CEC2014-F19,Hybrid,30,9,deterministic,300000,300000,4132.435367799585,1900.0,2232.435367799585,44,0,33.13397481999709,ok
CEC2014,V3,V2 + memory fusion,19,CEC2014-F19,Hybrid,30,9,deterministic,300000,300000,1964.8157031696749,1900.0,64.81570316967486,60,0,32.95166707600583,ok
CEC2014,V4,Full DMGSO with relocation and policy-like gating,19,CEC2014-F19,Hybrid,30,9,deterministic,300000,300000,1932.67681557822,1900.0,32.67681557821993,870,15,33.19364596300875,ok
CEC2014,V0,Pure directional sensing,20,CEC2014-F20,Hybrid,30,0,deterministic,300000,300000,6931113.909594734,2000.0,6929113.909594734,143,0,12.358835348000866,ok
CEC2014,V1,V0 + adaptive step regulation,20,CEC2014-F20,Hybrid,30,0,deterministic,300000,300000,63978.836542460005,2000.0,61978.836542460005,306,0,12.322913887997856,ok
CEC2014,V2,V1 + long-range sensing,20,CEC2014-F20,Hybrid,30,0,deterministic,300000,300000,274362.7137544712,2000.0,272362.7137544712,70,0,12.22981677200005,ok
CEC2014,V3,V2 + memory fusion,20,CEC2014-F20,Hybrid,30,0,deterministic,300000,300000,62866.821012535205,2000.0,60866.821012535205,339,0,12.008165530991391,ok
CEC2014,V4,Full DMGSO with relocation and policy-like gating,20,CEC2014-F20,Hybrid,30,0,deterministic,300000,300000,18015.10720856422,2000.0,16015.107208564219,1415,7,12.202272237002035,ok
CEC2014,V0,Pure directional sensing,20,CEC2014-F20,Hybrid,30,1,deterministic,300000,300000,4958647.821640372,2000.0,4956647.821640372,136,0,12.568839728002786,ok
CEC2014,V1,V0 + adaptive step regulation,20,CEC2014-F20,Hybrid,30,1,deterministic,300000,300000,57462.647007209336,2000.0,55462.647007209336,257,0,12.247468172994559,ok
CEC2014,V2,V1 + long-range sensing,20,CEC2014-F20,Hybrid,30,1,deterministic,300000,300000,215950.1081160899,2000.0,213950.1081160899,107,0,12.366010737998295,ok
CEC2014,V3,V2 + memory fusion,20,CEC2014-F20,Hybrid,30,1,deterministic,300000,300000,78629.65139050601,2000.0,76629.65139050601,289,0,11.997438720994978,ok
CEC2014,V4,Full DMGSO with relocation and policy-like gating,20,CEC2014-F20,Hybrid,30,1,deterministic,300000,300000,29893.585216080428,2000.0,27893.585216080428,1464,6,11.885853810992558,ok
CEC2014,V0,Pure directional sensing,20,CEC2014-F20,Hybrid,30,2,deterministic,300000,300000,2229121.1525406833,2000.0,2227121.1525406833,129,0,11.979230523997103,ok
CEC2014,V1,V0 + adaptive step regulation,20,CEC2014-F20,Hybrid,30,2,deterministic,300000,300000,59412.399956174035,2000.0,57412.399956174035,278,0,12.46848238100938,ok
CEC2014,V2,V1 + long-range sensing,20,CEC2014-F20,Hybrid,30,2,deterministic,300000,300000,322276.6748885338,2000.0,320276.6748885338,78,0,12.329230387011194,ok
CEC2014,V3,V2 + memory fusion,20,CEC2014-F20,Hybrid,30,2,deterministic,300000,300000,56993.46790157525,2000.0,54993.46790157525,464,0,12.43789277599717,ok
CEC2014,V4,Full DMGSO with relocation and policy-like gating,20,CEC2014-F20,Hybrid,30,2,deterministic,300000,300000,40223.18283063943,2000.0,38223.18283063943,1633,4,12.024235195000074,ok
CEC2014,V0,Pure directional sensing,20,CEC2014-F20,Hybrid,30,3,deterministic,300000,300000,4899739.929008391,2000.0,4897739.929008391,123,0,12.20855049000238,ok
CEC2014,V1,V0 + adaptive step regulation,20,CEC2014-F20,Hybrid,30,3,deterministic,300000,300000,82160.14547825424,2000.0,80160.14547825424,145,0,12.362582331013982,ok
CEC2014,V2,V1 + long-range sensing,20,CEC2014-F20,Hybrid,30,3,deterministic,300000,300000,151536.58408285186,2000.0,149536.58408285186,110,0,12.360556235013064,ok
CEC2014,V3,V2 + memory fusion,20,CEC2014-F20,Hybrid,30,3,deterministic,300000,300000,55494.725656464594,2000.0,53494.725656464594,460,0,11.781730388989672,ok
CEC2014,V4,Full DMGSO with relocation and policy-like gating,20,CEC2014-F20,Hybrid,30,3,deterministic,300000,300000,34639.53830930045,2000.0,32639.53830930045,1484,6,12.27837784201256,ok
CEC2014,V0,Pure directional sensing,20,CEC2014-F20,Hybrid,30,4,deterministic,300000,300000,4470448.299262893,2000.0,4468448.299262893,118,0,12.532526630995562,ok
CEC2014,V1,V0 + adaptive step regulation,20,CEC2014-F20,Hybrid,30,4,deterministic,300000,300000,69841.2223994275,2000.0,67841.2223994275,257,0,12.408078967011534,ok
CEC2014,V2,V1 + long-range sensing,20,CEC2014-F20,Hybrid,30,4,deterministic,300000,300000,142531.6641841414,2000.0,140531.6641841414,111,0,12.301819150001393,ok
CEC2014,V3,V2 + memory fusion,20,CEC2014-F20,Hybrid,30,4,deterministic,300000,300000,65988.45286308095,2000.0,63988.45286308095,376,0,12.436503284989158,ok
CEC2014,V4,Full DMGSO with relocation and policy-like gating,20,CEC2014-F20,Hybrid,30,4,deterministic,300000,300000,40884.317382554334,2000.0,38884.317382554334,1412,6,12.179547609004658,ok
CEC2014,V0,Pure directional sensing,20,CEC2014-F20,Hybrid,30,5,deterministic,300000,300000,1321810.837970353,2000.0,1319810.837970353,113,0,12.611585456994362,ok
CEC2014,V1,V0 + adaptive step regulation,20,CEC2014-F20,Hybrid,30,5,deterministic,300000,300000,62254.88221968953,2000.0,60254.88221968953,191,0,12.304229924993706,ok
CEC2014,V2,V1 + long-range sensing,20,CEC2014-F20,Hybrid,30,5,deterministic,300000,300000,241585.4555286708,2000.0,239585.4555286708,52,0,12.437155159001122,ok
CEC2014,V3,V2 + memory fusion,20,CEC2014-F20,Hybrid,30,5,deterministic,300000,300000,60457.134792570316,2000.0,58457.134792570316,379,0,12.169402970990632,ok
CEC2014,V4,Full DMGSO with relocation and policy-like gating,20,CEC2014-F20,Hybrid,30,5,deterministic,300000,300000,33681.328631261385,2000.0,31681.328631261385,1378,7,12.116859362009563,ok
CEC2014,V0,Pure directional sensing,20,CEC2014-F20,Hybrid,30,6,deterministic,300000,300000,5519555.04391792,2000.0,5517555.04391792,119,0,12.202277235002839,ok
CEC2014,V1,V0 + adaptive step regulation,20,CEC2014-F20,Hybrid,30,6,deterministic,300000,300000,57995.60639289619,2000.0,55995.60639289619,244,0,12.431983640999533,ok
CEC2014,V2,V1 + long-range sensing,20,CEC2014-F20,Hybrid,30,6,deterministic,300000,300000,192277.64079891975,2000.0,190277.64079891975,55,0,12.531271860993002,ok
CEC2014,V3,V2 + memory fusion,20,CEC2014-F20,Hybrid,30,6,deterministic,300000,300000,69783.9220974535,2000.0,67783.9220974535,511,0,12.283507373998873,ok
CEC2014,V4,Full DMGSO with relocation and policy-like gating,20,CEC2014-F20,Hybrid,30,6,deterministic,300000,300000,30525.740723255403,2000.0,28525.740723255403,1521,5,12.604281063991948,ok
CEC2014,V0,Pure directional sensing,20,CEC2014-F20,Hybrid,30,7,deterministic,300000,300000,4642656.472788782,2000.0,4640656.472788782,112,0,12.537202712992439,ok
CEC2014,V1,V0 + adaptive step regulation,20,CEC2014-F20,Hybrid,30,7,deterministic,300000,300000,86881.01822705488,2000.0,84881.01822705488,333,0,12.45915592899837,ok
CEC2014,V2,V1 + long-range sensing,20,CEC2014-F20,Hybrid,30,7,deterministic,300000,300000,139234.74929850746,2000.0,137234.74929850746,103,0,12.142603282991331,ok
CEC2014,V3,V2 + memory fusion,20,CEC2014-F20,Hybrid,30,7,deterministic,300000,300000,80063.78405046163,2000.0,78063.78405046163,203,0,12.548696893005399,ok
CEC2014,V4,Full DMGSO with relocation and policy-like gating,20,CEC2014-F20,Hybrid,30,7,deterministic,300000,300000,50731.70899443265,2000.0,48731.70899443265,1517,5,12.623211572994478,ok
CEC2014,V0,Pure directional sensing,20,CEC2014-F20,Hybrid,30,8,deterministic,300000,300000,245821.74657822165,2000.0,243821.74657822165,106,0,12.475384516001213,ok
CEC2014,V1,V0 + adaptive step regulation,20,CEC2014-F20,Hybrid,30,8,deterministic,300000,300000,50966.024633144785,2000.0,48966.024633144785,275,0,11.984643686009804,ok
CEC2014,V2,V1 + long-range sensing,20,CEC2014-F20,Hybrid,30,8,deterministic,300000,300000,154611.6960342133,2000.0,152611.6960342133,105,0,12.375509128993144,ok
CEC2014,V3,V2 + memory fusion,20,CEC2014-F20,Hybrid,30,8,deterministic,300000,300000,46113.0807364855,2000.0,44113.0807364855,269,0,12.66558795500896,ok
CEC2014,V4,Full DMGSO with relocation and policy-like gating,20,CEC2014-F20,Hybrid,30,8,deterministic,300000,300000,38414.14108857432,2000.0,36414.14108857432,1696,2,12.27541438100161,ok
CEC2014,V0,Pure directional sensing,20,CEC2014-F20,Hybrid,30,9,deterministic,300000,300000,4997571.758959447,2000.0,4995571.758959447,99,0,12.061071078001987,ok
CEC2014,V1,V0 + adaptive step regulation,20,CEC2014-F20,Hybrid,30,9,deterministic,300000,300000,47459.62826350461,2000.0,45459.62826350461,211,0,12.31697538800654,ok
CEC2014,V2,V1 + long-range sensing,20,CEC2014-F20,Hybrid,30,9,deterministic,300000,300000,209987.35668674076,2000.0,207987.35668674076,92,0,11.81763865200628,ok
CEC2014,V3,V2 + memory fusion,20,CEC2014-F20,Hybrid,30,9,deterministic,300000,300000,56487.07631182906,2000.0,54487.07631182906,299,0,12.669273408988374,ok
CEC2014,V4,Full DMGSO with relocation and policy-like gating,20,CEC2014-F20,Hybrid,30,9,deterministic,300000,300000,34850.939555120334,2000.0,32850.939555120334,1423,6,12.205740399993374,ok
CEC2014,V0,Pure directional sensing,21,CEC2014-F21,Hybrid,30,0,deterministic,300000,300000,71259317.86405417,2100.0,71257217.86405417,84,0,23.186279431000003,ok
CEC2014,V1,V0 + adaptive step regulation,21,CEC2014-F21,Hybrid,30,0,deterministic,300000,300000,257706.55898491587,2100.0,255606.55898491587,229,0,22.80883852300758,ok
CEC2014,V2,V1 + long-range sensing,21,CEC2014-F21,Hybrid,30,0,deterministic,300000,300000,864594.5371997219,2100.0,862494.5371997219,70,0,23.791355716006365,ok
CEC2014,V3,V2 + memory fusion,21,CEC2014-F21,Hybrid,30,0,deterministic,300000,300000,282988.9608689765,2100.0,280888.9608689765,450,0,23.466503731004195,ok
CEC2014,V4,Full DMGSO with relocation and policy-like gating,21,CEC2014-F21,Hybrid,30,0,deterministic,300000,300000,55860.144286744515,2100.0,53760.144286744515,1574,5,22.698286878992803,ok
CEC2014,V0,Pure directional sensing,21,CEC2014-F21,Hybrid,30,1,deterministic,300000,300000,93757232.90523198,2100.0,93755132.90523198,84,0,23.509199375999742,ok
CEC2014,V1,V0 + adaptive step regulation,21,CEC2014-F21,Hybrid,30,1,deterministic,300000,300000,261631.96905983734,2100.0,259531.96905983734,233,0,23.46720931099844,ok
CEC2014,V2,V1 + long-range sensing,21,CEC2014-F21,Hybrid,30,1,deterministic,300000,300000,1824146.8782665294,2100.0,1822046.8782665294,68,0,23.06562036999094,ok
CEC2014,V3,V2 + memory fusion,21,CEC2014-F21,Hybrid,30,1,deterministic,300000,300000,155927.6518543064,2100.0,153827.6518543064,415,0,23.578530940008932,ok
CEC2014,V4,Full DMGSO with relocation and policy-like gating,21,CEC2014-F21,Hybrid,30,1,deterministic,300000,300000,57703.172577005535,2100.0,55603.172577005535,1733,2,23.085686242004158,ok
CEC2014,V0,Pure directional sensing,21,CEC2014-F21,Hybrid,30,2,deterministic,300000,300000,59700728.047958665,2100.0,59698628.047958665,86,0,23.884436787004233,ok
CEC2014,V1,V0 + adaptive step regulation,21,CEC2014-F21,Hybrid,30,2,deterministic,300000,300000,91476.21442327961,2100.0,89376.21442327961,200,0,23.12381079500483,ok
CEC2014,V2,V1 + long-range sensing,21,CEC2014-F21,Hybrid,30,2,deterministic,300000,300000,158061.57032775768,2100.0,155961.57032775768,68,0,23.332237737005926,ok
CEC2014,V3,V2 + memory fusion,21,CEC2014-F21,Hybrid,30,2,deterministic,300000,300000,62992.510540866395,2100.0,60892.510540866395,466,0,23.29119361800258,ok
CEC2014,V4,Full DMGSO with relocation and policy-like gating,21,CEC2014-F21,Hybrid,30,2,deterministic,300000,300000,44134.29300437345,2100.0,42034.29300437345,1447,5,22.343549691999215,ok
CEC2014,V0,Pure directional sensing,21,CEC2014-F21,Hybrid,30,3,deterministic,300000,300000,259154.28058365313,2100.0,257054.28058365313,124,0,23.012228598003276,ok
CEC2014,V1,V0 + adaptive step regulation,21,CEC2014-F21,Hybrid,30,3,deterministic,300000,300000,74791.63998411589,2100.0,72691.63998411589,234,0,23.761817762991996,ok
CEC2014,V2,V1 + long-range sensing,21,CEC2014-F21,Hybrid,30,3,deterministic,300000,300000,2095874.7714082634,2100.0,2093774.7714082634,71,0,23.028239146005944,ok
CEC2014,V3,V2 + memory fusion,21,CEC2014-F21,Hybrid,30,3,deterministic,300000,300000,71566.18751404804,2100.0,69466.18751404804,326,0,23.654703783002333,ok
CEC2014,V4,Full DMGSO with relocation and policy-like gating,21,CEC2014-F21,Hybrid,30,3,deterministic,300000,300000,33573.19598867235,2100.0,31473.19598867235,1587,4,23.293457605992444,ok
CEC2014,V0,Pure directional sensing,21,CEC2014-F21,Hybrid,30,4,deterministic,300000,300000,39833562.04065008,2100.0,39831462.04065008,69,0,23.09260835799796,ok
CEC2014,V1,V0 + adaptive step regulation,21,CEC2014-F21,Hybrid,30,4,deterministic,300000,300000,266650.0039439088,2100.0,264550.0039439088,211,0,23.617031312998733,ok
CEC2014,V2,V1 + long-range sensing,21,CEC2014-F21,Hybrid,30,4,deterministic,300000,300000,12038350.499671794,2100.0,12036250.499671794,50,0,23.03842929500388,ok
CEC2014,V3,V2 + memory fusion,21,CEC2014-F21,Hybrid,30,4,deterministic,300000,300000,321144.20302934234,2100.0,319044.20302934234,241,0,23.42412395600695,ok
CEC2014,V4,Full DMGSO with relocation and policy-like gating,21,CEC2014-F21,Hybrid,30,4,deterministic,300000,300000,34211.458085419814,2100.0,32111.458085419814,1587,3,23.716144186997553,ok
CEC2014,V0,Pure directional sensing,21,CEC2014-F21,Hybrid,30,5,deterministic,300000,300000,53825481.406909384,2100.0,53823381.406909384,82,0,22.86656054800551,ok
CEC2014,V1,V0 + adaptive step regulation,21,CEC2014-F21,Hybrid,30,5,deterministic,300000,300000,126428.65508972984,2100.0,124328.65508972984,186,0,23.30170631800138,ok
CEC2014,V2,V1 + long-range sensing,21,CEC2014-F21,Hybrid,30,5,deterministic,300000,300000,1461823.5660867132,2100.0,1459723.5660867132,64,0,23.28277708099631,ok
CEC2014,V3,V2 + memory fusion,21,CEC2014-F21,Hybrid,30,5,deterministic,300000,300000,144990.9826153215,2100.0,142890.9826153215,291,0,23.784182846007752,ok
CEC2014,V4,Full DMGSO with relocation and policy-like gating,21,CEC2014-F21,Hybrid,30,5,deterministic,300000,300000,48840.92103784019,2100.0,46740.92103784019,1533,4,22.904229508989374,ok
CEC2014,V0,Pure directional sensing,21,CEC2014-F21,Hybrid,30,6,deterministic,300000,300000,58721456.43136204,2100.0,58719356.43136204,76,0,23.154296703010914,ok
CEC2014,V1,V0 + adaptive step regulation,21,CEC2014-F21,Hybrid,30,6,deterministic,300000,300000,106906.11138307145,2100.0,104806.11138307145,208,0,23.20540448500833,ok
CEC2014,V2,V1 + long-range sensing,21,CEC2014-F21,Hybrid,30,6,deterministic,300000,300000,87651.73806245509,2100.0,85551.73806245509,156,0,22.886321116006002,ok
CEC2014,V3,V2 + memory fusion,21,CEC2014-F21,Hybrid,30,6,deterministic,300000,300000,99531.0665840779,2100.0,97431.0665840779,219,0,23.45933113900537,ok
CEC2014,V4,Full DMGSO with relocation and policy-like gating,21,CEC2014-F21,Hybrid,30,6,deterministic,300000,300000,58136.440067682895,2100.0,56036.440067682895,1550,4,23.415335201003472,ok
CEC2014,V0,Pure directional sensing,21,CEC2014-F21,Hybrid,30,7,deterministic,300000,300000,78751228.91108623,2100.0,78749128.91108623,71,0,23.410481467988575,ok
CEC2014,V1,V0 + adaptive step regulation,21,CEC2014-F21,Hybrid,30,7,deterministic,300000,300000,135220.80819922953,2100.0,133120.80819922953,208,0,23.481266471993877,ok
CEC2014,V2,V1 + long-range sensing,21,CEC2014-F21,Hybrid,30,7,deterministic,300000,300000,4461349.433425268,2100.0,4459249.433425268,82,0,22.58044358700863,ok
CEC2014,V3,V2 + memory fusion,21,CEC2014-F21,Hybrid,30,7,deterministic,300000,300000,61657.13279240945,2100.0,59557.13279240945,391,0,23.363259389007,ok
CEC2014,V4,Full DMGSO with relocation and policy-like gating,21,CEC2014-F21,Hybrid,30,7,deterministic,300000,300000,44340.59927595764,2100.0,42240.59927595764,1782,1,23.173173634000705,ok
CEC2014,V0,Pure directional sensing,21,CEC2014-F21,Hybrid,30,8,deterministic,300000,300000,189213.08260030503,2100.0,187113.08260030503,110,0,22.784128761006286,ok
CEC2014,V1,V0 + adaptive step regulation,21,CEC2014-F21,Hybrid,30,8,deterministic,300000,300000,98466.27194704939,2100.0,96366.27194704939,188,0,23.609426145005273,ok
CEC2014,V2,V1 + long-range sensing,21,CEC2014-F21,Hybrid,30,8,deterministic,300000,300000,2673902.081365879,2100.0,2671802.081365879,46,0,23.875348695000866,ok
CEC2014,V3,V2 + memory fusion,21,CEC2014-F21,Hybrid,30,8,deterministic,300000,300000,81778.73596990804,2100.0,79678.73596990804,346,0,23.075644909011316,ok
CEC2014,V4,Full DMGSO with relocation and policy-like gating,21,CEC2014-F21,Hybrid,30,8,deterministic,300000,300000,37644.742823148204,2100.0,35544.742823148204,1647,3,23.471354312001495,ok
CEC2014,V0,Pure directional sensing,21,CEC2014-F21,Hybrid,30,9,deterministic,300000,300000,286983.9237125163,2100.0,284883.9237125163,119,0,23.344528600995545,ok
CEC2014,V1,V0 + adaptive step regulation,21,CEC2014-F21,Hybrid,30,9,deterministic,300000,300000,199686.46488478562,2100.0,197586.46488478562,223,0,23.177738039012183,ok
CEC2014,V2,V1 + long-range sensing,21,CEC2014-F21,Hybrid,30,9,deterministic,300000,300000,2525836.080681107,2100.0,2523736.080681107,58,0,23.28158916500979,ok
CEC2014,V3,V2 + memory fusion,21,CEC2014-F21,Hybrid,30,9,deterministic,300000,300000,167857.49578424593,2100.0,165757.49578424593,374,0,23.68709502099955,ok
CEC2014,V4,Full DMGSO with relocation and policy-like gating,21,CEC2014-F21,Hybrid,30,9,deterministic,300000,300000,49374.69499769033,2100.0,47274.69499769033,1533,6,22.46088542000507,ok
CEC2014,V0,Pure directional sensing,22,CEC2014-F22,Hybrid,30,0,deterministic,300000,300000,6297.897163047872,2200.0,4097.897163047872,82,0,73.0676665949868,ok
CEC2014,V1,V0 + adaptive step regulation,22,CEC2014-F22,Hybrid,30,0,deterministic,300000,300000,3258.258512818271,2200.0,1058.258512818271,166,0,72.80743706400972,ok
CEC2014,V2,V1 + long-range sensing,22,CEC2014-F22,Hybrid,30,0,deterministic,300000,300000,5349.223357642788,2200.0,3149.223357642788,80,0,72.4556487610098,ok
CEC2014,V3,V2 + memory fusion,22,CEC2014-F22,Hybrid,30,0,deterministic,300000,300000,6026.953951844318,2200.0,3826.953951844318,47,0,72.24853015999543,ok
CEC2014,V4,Full DMGSO with relocation and policy-like gating,22,CEC2014-F22,Hybrid,30,0,deterministic,300000,300000,2850.962034051722,2200.0,650.9620340517222,1096,13,71.41049085499253,ok
CEC2014,V0,Pure directional sensing,22,CEC2014-F22,Hybrid,30,1,deterministic,300000,300000,6776.694729158067,2200.0,4576.694729158067,78,0,71.92971164200571,ok
CEC2014,V1,V0 + adaptive step regulation,22,CEC2014-F22,Hybrid,30,1,deterministic,300000,300000,3437.8314616915986,2200.0,1237.8314616915986,120,0,72.38168566999957,ok
CEC2014,V2,V1 + long-range sensing,22,CEC2014-F22,Hybrid,30,1,deterministic,300000,300000,6169.915617925188,2200.0,3969.9156179251877,55,0,71.03980956101441,ok
CEC2014,V3,V2 + memory fusion,22,CEC2014-F22,Hybrid,30,1,deterministic,300000,300000,4095.2893994849264,2200.0,1895.2893994849264,106,0,71.03731153999979,ok
CEC2014,V4,Full DMGSO with relocation and policy-like gating,22,CEC2014-F22,Hybrid,30,1,deterministic,300000,300000,2786.840993750098,2200.0,586.8409937500978,1138,12,70.60397699799796,ok
CEC2014,V0,Pure directional sensing,22,CEC2014-F22,Hybrid,30,2,deterministic,300000,300000,7812.3406170801745,2200.0,5612.3406170801745,73,0,72.4942504990031,ok
CEC2014,V1,V0 + adaptive step regulation,22,CEC2014-F22,Hybrid,30,2,deterministic,300000,300000,4324.0330156997825,2200.0,2124.0330156997825,133,0,72.40855944399664,ok
CEC2014,V2,V1 + long-range sensing,22,CEC2014-F22,Hybrid,30,2,deterministic,300000,300000,5153.236525310338,2200.0,2953.236525310338,62,0,70.53427104900766,ok
CEC2014,V3,V2 + memory fusion,22,CEC2014-F22,Hybrid,30,2,deterministic,300000,300000,4447.85027416254,2200.0,2247.85027416254,145,0,78.34932625100191,ok
CEC2014,V4,Full DMGSO with relocation and policy-like gating,22,CEC2014-F22,Hybrid,30,2,deterministic,300000,300000,2573.0832023898697,2200.0,373.0832023898697,1155,12,74.56709305199911,ok
CEC2014,V0,Pure directional sensing,22,CEC2014-F22,Hybrid,30,3,deterministic,300000,300000,5179.708826003789,2200.0,2979.708826003789,76,0,71.66780189599376,ok
CEC2014,V1,V0 + adaptive step regulation,22,CEC2014-F22,Hybrid,30,3,deterministic,300000,300000,3032.2546170397654,2200.0,832.2546170397654,184,0,70.46587065899803,ok
CEC2014,V2,V1 + long-range sensing,22,CEC2014-F22,Hybrid,30,3,deterministic,300000,300000,4693.680436205277,2200.0,2493.680436205277,57,0,70.7345782330085,ok
CEC2014,V3,V2 + memory fusion,22,CEC2014-F22,Hybrid,30,3,deterministic,300000,300000,3182.1253636229794,2200.0,982.1253636229794,111,0,71.85407646500971,ok
CEC2014,V4,Full DMGSO with relocation and policy-like gating,22,CEC2014-F22,Hybrid,30,3,deterministic,300000,300000,3719.242145684486,2200.0,1519.2421456844859,135,0,70.74616114300443,ok
CEC2014,V0,Pure directional sensing,22,CEC2014-F22,Hybrid,30,4,deterministic,300000,300000,6150.731084050132,2200.0,3950.7310840501323,77,0,71.58345596899744,ok
CEC2014,V1,V0 + adaptive step regulation,22,CEC2014-F22,Hybrid,30,4,deterministic,300000,300000,3195.108586859834,2200.0,995.1085868598338,202,0,71.68946158399922,ok
CEC2014,V2,V1 + long-range sensing,22,CEC2014-F22,Hybrid,30,4,deterministic,300000,300000,4825.820444261846,2200.0,2625.820444261846,60,0,72.0286652079958,ok
CEC2014,V3,V2 + memory fusion,22,CEC2014-F22,Hybrid,30,4,deterministic,300000,300000,4148.075886115156,2200.0,1948.0758861151562,89,0,72.21445899999526,ok
CEC2014,V4,Full DMGSO with relocation and policy-like gating,22,CEC2014-F22,Hybrid,30,4,deterministic,300000,300000,2407.518489481388,2200.0,207.51848948138786,1240,11,71.21072686399566,ok
CEC2014,V0,Pure directional sensing,22,CEC2014-F22,Hybrid,30,5,deterministic,300000,300000,4780.847813254983,2200.0,2580.8478132549826,73,0,71.1579049550055,ok
CEC2014,V1,V0 + adaptive step regulation,22,CEC2014-F22,Hybrid,30,5,deterministic,300000,300000,3248.930976346983,2200.0,1048.9309763469828,110,0,71.41408614300599,ok
CEC2014,V2,V1 + long-range sensing,22,CEC2014-F22,Hybrid,30,5,deterministic,300000,300000,4402.737346058324,2200.0,2202.737346058324,55,0,71.81526766599563,ok
CEC2014,V3,V2 + memory fusion,22,CEC2014-F22,Hybrid,30,5,deterministic,300000,300000,3652.881050480998,2200.0,1452.881050480998,86,0,71.98918781499378,ok
CEC2014,V4,Full DMGSO with relocation and policy-like gating,22,CEC2014-F22,Hybrid,30,5,deterministic,300000,300000,2593.3628920006495,2200.0,393.3628920006495,1179,12,71.10394829399593,ok
CEC2014,V0,Pure directional sensing,22,CEC2014-F22,Hybrid,30,6,deterministic,300000,300000,7207.506922592028,2200.0,5007.506922592028,59,0,71.56624017699505,ok
CEC2014,V1,V0 + adaptive step regulation,22,CEC2014-F22,Hybrid,30,6,deterministic,300000,300000,3926.045717005043,2200.0,1726.0457170050431,124,0,72.41795475699473,ok
CEC2014,V2,V1 + long-range sensing,22,CEC2014-F22,Hybrid,30,6,deterministic,300000,300000,6712.452973515286,2200.0,4512.452973515286,42,0,73.24512979500287,ok
CEC2014,V3,V2 + memory fusion,22,CEC2014-F22,Hybrid,30,6,deterministic,300000,300000,6769.8940673592,2200.0,4569.8940673592,47,0,71.50193697100622,ok
CEC2014,V4,Full DMGSO with relocation and policy-like gating,22,CEC2014-F22,Hybrid,30,6,deterministic,300000,300000,2832.3209595521103,2200.0,632.3209595521103,1176,11,71.85459902099683,ok
CEC2014,V0,Pure directional sensing,22,CEC2014-F22,Hybrid,30,7,deterministic,300000,300000,7304.132157314446,2200.0,5104.132157314446,64,0,71.25121251601377,ok
CEC2014,V1,V0 + adaptive step regulation,22,CEC2014-F22,Hybrid,30,7,deterministic,300000,300000,3603.5952659969143,2200.0,1403.5952659969143,161,0,72.00987785799953,ok
CEC2014,V2,V1 + long-range sensing,22,CEC2014-F22,Hybrid,30,7,deterministic,300000,300000,3936.183589465778,2200.0,1736.183589465778,89,0,71.53187204500136,ok
CEC2014,V3,V2 + memory fusion,22,CEC2014-F22,Hybrid,30,7,deterministic,300000,300000,3871.3211449478013,2200.0,1671.3211449478013,141,0,72.0764804250066,ok
CEC2014,V4,Full DMGSO with relocation and policy-like gating,22,CEC2014-F22,Hybrid,30,7,deterministic,300000,300000,2627.66358962132,2200.0,427.66358962132017,1129,11,71.68466504500248,ok
CEC2014,V0,Pure directional sensing,22,CEC2014-F22,Hybrid,30,8,deterministic,300000,300000,8193.760369107276,2200.0,5993.760369107276,61,0,70.59424363600556,ok
CEC2014,V1,V0 + adaptive step regulation,22,CEC2014-F22,Hybrid,30,8,deterministic,300000,300000,3348.6678990977725,2200.0,1148.6678990977725,170,0,70.75342977400578,ok
CEC2014,V2,V1 + long-range sensing,22,CEC2014-F22,Hybrid,30,8,deterministic,300000,300000,4002.750988681535,2200.0,1802.750988681535,98,0,70.8133811220032,ok
CEC2014,V3,V2 + memory fusion,22,CEC2014-F22,Hybrid,30,8,deterministic,300000,300000,3397.27461847904,2200.0,1197.2746184790399,182,0,71.31793198600644,ok
CEC2014,V4,Full DMGSO with relocation and policy-like gating,22,CEC2014-F22,Hybrid,30,8,deterministic,300000,300000,2737.338626817153,2200.0,537.338626817153,1186,10,72.47580052199191,ok
CEC2014,V0,Pure directional sensing,22,CEC2014-F22,Hybrid,30,9,deterministic,300000,300000,5873.855456566566,2200.0,3673.8554565665663,74,0,70.88705609200406,ok
CEC2014,V1,V0 + adaptive step regulation,22,CEC2014-F22,Hybrid,30,9,deterministic,300000,300000,3635.726629423226,2200.0,1435.7266294232259,132,0,72.03385274700122,ok
CEC2014,V2,V1 + long-range sensing,22,CEC2014-F22,Hybrid,30,9,deterministic,300000,300000,5051.004997994729,2200.0,2851.004997994729,67,0,71.64034730999265,ok
CEC2014,V3,V2 + memory fusion,22,CEC2014-F22,Hybrid,30,9,deterministic,300000,300000,4074.6423064734945,2200.0,1874.6423064734945,105,0,69.44047558499733,ok
CEC2014,V4,Full DMGSO with relocation and policy-like gating,22,CEC2014-F22,Hybrid,30,9,deterministic,300000,300000,2888.2669311733107,2200.0,688.2669311733107,1161,12,70.98820152200642,ok
CEC2014,V0,Pure directional sensing,23,CEC2014-F23,Composition,30,0,deterministic,300000,300000,2542.9481325109755,2300.0,242.94813251097548,251,0,19.20420988299884,ok
CEC2014,V1,V0 + adaptive step regulation,23,CEC2014-F23,Composition,30,0,deterministic,300000,300000,2522.91835362016,2300.0,222.9183536201599,432,0,18.433547982000164,ok
CEC2014,V2,V1 + long-range sensing,23,CEC2014-F23,Composition,30,0,deterministic,300000,300000,2522.9527362579806,2300.0,222.95273625798063,262,0,18.711437386999023,ok
CEC2014,V3,V2 + memory fusion,23,CEC2014-F23,Composition,30,0,deterministic,300000,300000,2522.904204848675,2300.0,222.9042048486749,426,0,19.170002175989794,ok
CEC2014,V4,Full DMGSO with relocation and policy-like gating,23,CEC2014-F23,Composition,30,0,deterministic,300000,300000,2522.8769733348836,2300.0,222.8769733348836,1358,6,18.608127062994754,ok
CEC2014,V0,Pure directional sensing,23,CEC2014-F23,Composition,30,1,deterministic,300000,300000,2540.580490969068,2300.0,240.5804909690678,226,0,19.441070491011487,ok
CEC2014,V1,V0 + adaptive step regulation,23,CEC2014-F23,Composition,30,1,deterministic,300000,300000,2523.086018608794,2300.0,223.0860186087939,402,0,19.31618236200302,ok
CEC2014,V2,V1 + long-range sensing,23,CEC2014-F23,Composition,30,1,deterministic,300000,300000,2522.9228954034447,2300.0,222.92289540344473,230,0,18.648146456005634,ok
CEC2014,V3,V2 + memory fusion,23,CEC2014-F23,Composition,30,1,deterministic,300000,300000,2523.0291401304116,2300.0,223.02914013041163,425,0,18.70539331100008,ok
CEC2014,V4,Full DMGSO with relocation and policy-like gating,23,CEC2014-F23,Composition,30,1,deterministic,300000,300000,2522.8618175560246,2300.0,222.86181755602456,1421,6,18.175712049996946,ok
CEC2014,V0,Pure directional sensing,23,CEC2014-F23,Composition,30,2,deterministic,300000,300000,2545.3998345333766,2300.0,245.39983453337663,262,0,19.247887610006728,ok
CEC2014,V1,V0 + adaptive step regulation,23,CEC2014-F23,Composition,30,2,deterministic,300000,300000,2522.9116937161566,2300.0,222.9116937161566,448,0,18.355930981997517,ok
CEC2014,V2,V1 + long-range sensing,23,CEC2014-F23,Composition,30,2,deterministic,300000,300000,2522.9251891595322,2300.0,222.92518915953224,294,0,18.224287274992093,ok
CEC2014,V3,V2 + memory fusion,23,CEC2014-F23,Composition,30,2,deterministic,300000,300000,2522.987411513015,2300.0,222.9874115130151,264,0,18.749798242002726,ok
CEC2014,V4,Full DMGSO with relocation and policy-like gating,23,CEC2014-F23,Composition,30,2,deterministic,300000,300000,2522.86048536231,2300.0,222.8604853623101,1410,6,18.71327787100745,ok
CEC2014,V0,Pure directional sensing,23,CEC2014-F23,Composition,30,3,deterministic,300000,300000,2585.011723944415,2300.0,285.0117239444148,134,0,17.93265357200289,ok
CEC2014,V1,V0 + adaptive step regulation,23,CEC2014-F23,Composition,30,3,deterministic,300000,300000,2522.910901310448,2300.0,222.91090131044803,404,0,19.640981225005817,ok
CEC2014,V2,V1 + long-range sensing,23,CEC2014-F23,Composition,30,3,deterministic,300000,300000,2522.9169633417637,2300.0,222.91696334176368,222,0,18.83484559300996,ok
CEC2014,V3,V2 + memory fusion,23,CEC2014-F23,Composition,30,3,deterministic,300000,300000,2522.873284788274,2300.0,222.87328478827385,432,0,18.896790922008222,ok
CEC2014,V4,Full DMGSO with relocation and policy-like gating,23,CEC2014-F23,Composition,30,3,deterministic,300000,300000,2522.85888278934,2300.0,222.85888278934,1304,8,18.99358409299748,ok
CEC2014,V0,Pure directional sensing,23,CEC2014-F23,Composition,30,4,deterministic,300000,300000,2539.447863339232,2300.0,239.44786333923184,220,0,17.9584218999953,ok
CEC2014,V1,V0 + adaptive step regulation,23,CEC2014-F23,Composition,30,4,deterministic,300000,300000,2522.9183372753273,2300.0,222.9183372753273,352,0,18.879735053997138,ok
CEC2014,V2,V1 + long-range sensing,23,CEC2014-F23,Composition,30,4,deterministic,300000,300000,2522.9202303021757,2300.0,222.9202303021757,294,0,18.5176536259969,ok
CEC2014,V3,V2 + memory fusion,23,CEC2014-F23,Composition,30,4,deterministic,300000,300000,2523.0073120979346,2300.0,223.00731209793457,460,0,19.12878977699438,ok
CEC2014,V4,Full DMGSO with relocation and policy-like gating,23,CEC2014-F23,Composition,30,4,deterministic,300000,300000,2522.859220298219,2300.0,222.85922029821904,1329,7,18.686147840009653,ok
CEC2014,V0,Pure directional sensing,23,CEC2014-F23,Composition,30,5,deterministic,300000,300000,2540.2535131069185,2300.0,240.2535131069185,188,0,18.638177805012674,ok
CEC2014,V1,V0 + adaptive step regulation,23,CEC2014-F23,Composition,30,5,deterministic,300000,300000,2523.0563394475953,2300.0,223.0563394475953,330,0,19.220588526994106,ok
CEC2014,V2,V1 + long-range sensing,23,CEC2014-F23,Composition,30,5,deterministic,300000,300000,2522.92166984181,2300.0,222.92166984180994,228,0,18.99637618700217,ok
CEC2014,V3,V2 + memory fusion,23,CEC2014-F23,Composition,30,5,deterministic,300000,300000,2523.0167127065615,2300.0,223.01671270656152,445,0,18.530948737010476,ok
CEC2014,V4,Full DMGSO with relocation and policy-like gating,23,CEC2014-F23,Composition,30,5,deterministic,300000,300000,2522.8625830874917,2300.0,222.86258308749166,1290,8,18.505315924994648,ok
CEC2014,V0,Pure directional sensing,23,CEC2014-F23,Composition,30,6,deterministic,300000,300000,2545.7208746699516,2300.0,245.72087466995163,162,0,18.136439744994277,ok
CEC2014,V1,V0 + adaptive step regulation,23,CEC2014-F23,Composition,30,6,deterministic,300000,300000,2522.9108476726287,2300.0,222.91084767262873,365,0,18.64214815000014,ok
CEC2014,V2,V1 + long-range sensing,23,CEC2014-F23,Composition,30,6,deterministic,300000,300000,2522.956778011764,2300.0,222.95677801176407,265,0,18.798185650986852,ok
CEC2014,V3,V2 + memory fusion,23,CEC2014-F23,Composition,30,6,deterministic,300000,300000,2523.0330643246443,2300.0,223.03306432464433,378,0,19.19367074299953,ok
CEC2014,V4,Full DMGSO with relocation and policy-like gating,23,CEC2014-F23,Composition,30,6,deterministic,300000,300000,2522.8593836047444,2300.0,222.85938360474438,1321,8,18.62224625700037,ok
CEC2014,V0,Pure directional sensing,23,CEC2014-F23,Composition,30,7,deterministic,300000,300000,2547.0825187503297,2300.0,247.08251875032965,112,0,18.2711342459952,ok
CEC2014,V1,V0 + adaptive step regulation,23,CEC2014-F23,Composition,30,7,deterministic,300000,300000,2523.1009935921165,2300.0,223.10099359211654,315,0,18.666646210011095,ok
CEC2014,V2,V1 + long-range sensing,23,CEC2014-F23,Composition,30,7,deterministic,300000,300000,2522.9010273055173,2300.0,222.90102730551735,152,0,18.565792932000477,ok
CEC2014,V3,V2 + memory fusion,23,CEC2014-F23,Composition,30,7,deterministic,300000,300000,2522.886653769645,2300.0,222.8866537696449,414,0,19.308495560995652,ok
CEC2014,V4,Full DMGSO with relocation and policy-like gating,23,CEC2014-F23,Composition,30,7,deterministic,300000,300000,2522.856826539805,2300.0,222.85682653980484,1314,7,18.92283990800206,ok
CEC2014,V0,Pure directional sensing,23,CEC2014-F23,Composition,30,8,deterministic,300000,300000,2547.7260930719176,2300.0,247.7260930719176,131,0,18.475290305999806,ok
CEC2014,V1,V0 + adaptive step regulation,23,CEC2014-F23,Composition,30,8,deterministic,300000,300000,2523.089834768138,2300.0,223.0898347681382,346,0,19.32815795800707,ok
CEC2014,V2,V1 + long-range sensing,23,CEC2014-F23,Composition,30,8,deterministic,300000,300000,2522.9322882479555,2300.0,222.9322882479555,216,0,18.427930530990125,ok
CEC2014,V3,V2 + memory fusion,23,CEC2014-F23,Composition,30,8,deterministic,300000,300000,2522.9681792073106,2300.0,222.96817920731064,461,0,18.811732108995784,ok
CEC2014,V4,Full DMGSO with relocation and policy-like gating,23,CEC2014-F23,Composition,30,8,deterministic,300000,300000,2522.861356477906,2300.0,222.86135647790616,1336,7,18.45108693400107,ok
CEC2014,V0,Pure directional sensing,23,CEC2014-F23,Composition,30,9,deterministic,300000,300000,2540.8495479478534,2300.0,240.84954794785335,141,0,18.343303064000793,ok
CEC2014,V1,V0 + adaptive step regulation,23,CEC2014-F23,Composition,30,9,deterministic,300000,300000,2522.914315232887,2300.0,222.91431523288702,294,0,18.684925045003183,ok
CEC2014,V2,V1 + long-range sensing,23,CEC2014-F23,Composition,30,9,deterministic,300000,300000,2522.918283977444,2300.0,222.91828397744393,186,0,18.2815989380033,ok
CEC2014,V3,V2 + memory fusion,23,CEC2014-F23,Composition,30,9,deterministic,300000,300000,2523.009562116382,2300.0,223.00956211638186,303,0,19.099168066008133,ok
CEC2014,V4,Full DMGSO with relocation and policy-like gating,23,CEC2014-F23,Composition,30,9,deterministic,300000,300000,2522.863608920181,2300.0,222.86360892018092,1429,6,18.292207613994833,ok
CEC2014,V0,Pure directional sensing,24,CEC2014-F24,Composition,30,0,deterministic,300000,300000,2706.4655656430123,2400.0,306.46556564301227,147,0,20.53235890500946,ok
CEC2014,V1,V0 + adaptive step regulation,24,CEC2014-F24,Composition,30,0,deterministic,300000,300000,2661.9820085806223,2400.0,261.9820085806223,85,0,21.075918173009995,ok
CEC2014,V2,V1 + long-range sensing,24,CEC2014-F24,Composition,30,0,deterministic,300000,300000,3424.4095440961105,2400.0,1024.4095440961105,37,0,21.24009769099939,ok
CEC2014,V3,V2 + memory fusion,24,CEC2014-F24,Composition,30,0,deterministic,300000,300000,2659.867649614135,2400.0,259.8676496141352,556,0,20.611688618999324,ok
CEC2014,V4,Full DMGSO with relocation and policy-like gating,24,CEC2014-F24,Composition,30,0,deterministic,300000,300000,2626.2990704283416,2400.0,226.29907042834157,1078,12,21.648666405002587,ok
CEC2014,V0,Pure directional sensing,24,CEC2014-F24,Composition,30,1,deterministic,300000,300000,2689.4029374109273,2400.0,289.4029374109273,155,0,20.989982818005956,ok
CEC2014,V1,V0 + adaptive step regulation,24,CEC2014-F24,Composition,30,1,deterministic,300000,300000,2657.3346171693665,2400.0,257.33461716936654,80,0,21.511480953995488,ok
CEC2014,V2,V1 + long-range sensing,24,CEC2014-F24,Composition,30,1,deterministic,300000,300000,2655.069232114709,2400.0,255.06923211470894,70,0,21.0204130839993,ok
CEC2014,V3,V2 + memory fusion,24,CEC2014-F24,Composition,30,1,deterministic,300000,300000,2657.2882414459036,2400.0,257.2882414459036,86,0,21.256218096008524,ok
CEC2014,V4,Full DMGSO with relocation and policy-like gating,24,CEC2014-F24,Composition,30,1,deterministic,300000,300000,2627.0557783303884,2400.0,227.05577833038842,1036,14,21.44020927499514,ok
CEC2014,V0,Pure directional sensing,24,CEC2014-F24,Composition,30,2,deterministic,300000,300000,3586.1714235420495,2400.0,1186.1714235420495,20,0,20.48462056799326,ok
CEC2014,V1,V0 + adaptive step regulation,24,CEC2014-F24,Composition,30,2,deterministic,300000,300000,3563.0494159412174,2400.0,1163.0494159412174,44,0,20.948372056998778,ok
CEC2014,V2,V1 + long-range sensing,24,CEC2014-F24,Composition,30,2,deterministic,300000,300000,3450.390598146893,2400.0,1050.390598146893,32,0,21.39078865101328,ok
CEC2014,V3,V2 + memory fusion,24,CEC2014-F24,Composition,30,2,deterministic,300000,300000,3562.998437128799,2400.0,1162.9984371287992,187,0,20.79070297400176,ok
CEC2014,V4,Full DMGSO with relocation and policy-like gating,24,CEC2014-F24,Composition,30,2,deterministic,300000,300000,2625.8466020592873,2400.0,225.8466020592873,1005,15,21.081496314989636,ok
CEC2014,V0,Pure directional sensing,24,CEC2014-F24,Composition,30,3,deterministic,300000,300000,3532.545609486473,2400.0,1132.545609486473,26,0,21.390059714001836,ok
CEC2014,V1,V0 + adaptive step regulation,24,CEC2014-F24,Composition,30,3,deterministic,300000,300000,3488.135986318267,2400.0,1088.135986318267,51,0,21.24090117799642,ok
CEC2014,V2,V1 + long-range sensing,24,CEC2014-F24,Composition,30,3,deterministic,300000,300000,3225.7782175551383,2400.0,825.7782175551383,44,0,21.634650909007178,ok
CEC2014,V3,V2 + memory fusion,24,CEC2014-F24,Composition,30,3,deterministic,300000,300000,3487.984531890801,2400.0,1087.984531890801,188,0,21.168876968004042,ok
CEC2014,V4,Full DMGSO with relocation and policy-like gating,24,CEC2014-F24,Composition,30,3,deterministic,300000,300000,2627.0848168885336,2400.0,227.08481688853362,1041,14,21.617237362996093,ok
CEC2014,V0,Pure directional sensing,24,CEC2014-F24,Composition,30,4,deterministic,300000,300000,3213.9454872446568,2400.0,813.9454872446568,55,0,21.36120958700485,ok
CEC2014,V1,V0 + adaptive step regulation,24,CEC2014-F24,Composition,30,4,deterministic,300000,300000,2658.3317100693876,2400.0,258.33171006938755,133,0,21.109999350999715,ok
CEC2014,V2,V1 + long-range sensing,24,CEC2014-F24,Composition,30,4,deterministic,300000,300000,2658.675904047955,2400.0,258.6759040479551,70,0,20.94688481000776,ok
CEC2014,V3,V2 + memory fusion,24,CEC2014-F24,Composition,30,4,deterministic,300000,300000,2658.9129409432285,2400.0,258.9129409432285,251,0,20.75962707999861,ok
CEC2014,V4,Full DMGSO with relocation and policy-like gating,24,CEC2014-F24,Composition,30,4,deterministic,300000,300000,2630.382254781972,2400.0,230.38225478197182,1269,8,21.816203091002535,ok
CEC2014,V0,Pure directional sensing,24,CEC2014-F24,Composition,30,5,deterministic,300000,300000,3386.262618133371,2400.0,986.2626181333708,29,0,21.623089020009502,ok
CEC2014,V1,V0 + adaptive step regulation,24,CEC2014-F24,Composition,30,5,deterministic,300000,300000,3368.2925076370448,2400.0,968.2925076370448,32,0,21.497800771001494,ok
CEC2014,V2,V1 + long-range sensing,24,CEC2014-F24,Composition,30,5,deterministic,300000,300000,3119.994386681818,2400.0,719.994386681818,47,0,21.298722121995525,ok
CEC2014,V3,V2 + memory fusion,24,CEC2014-F24,Composition,30,5,deterministic,300000,300000,3364.7247705337754,2400.0,964.7247705337754,45,0,21.086095552993356,ok
CEC2014,V4,Full DMGSO with relocation and policy-like gating,24,CEC2014-F24,Composition,30,5,deterministic,300000,300000,2631.020376695974,2400.0,231.02037669597394,1151,11,20.759995832995628,ok
CEC2014,V0,Pure directional sensing,24,CEC2014-F24,Composition,30,6,deterministic,300000,300000,3395.480079224191,2400.0,995.4800792241908,27,0,21.251795475996914,ok
CEC2014,V1,V0 + adaptive step regulation,24,CEC2014-F24,Composition,30,6,deterministic,300000,300000,3347.5834951644947,2400.0,947.5834951644947,76,0,22.323071457998594,ok
CEC2014,V2,V1 + long-range sensing,24,CEC2014-F24,Composition,30,6,deterministic,300000,300000,3075.35114699456,2400.0,675.3511469945602,46,0,21.99616825400153,ok
CEC2014,V3,V2 + memory fusion,24,CEC2014-F24,Composition,30,6,deterministic,300000,300000,3345.216891058835,2400.0,945.2168910588348,124,0,21.04751379598747,ok
CEC2014,V4,Full DMGSO with relocation and policy-like gating,24,CEC2014-F24,Composition,30,6,deterministic,300000,300000,2630.8963395364044,2400.0,230.8963395364044,1077,13,20.99446859699674,ok
CEC2014,V0,Pure directional sensing,24,CEC2014-F24,Composition,30,7,deterministic,300000,300000,3423.0650213717718,2400.0,1023.0650213717718,18,0,20.419831131992396,ok
CEC2014,V1,V0 + adaptive step regulation,24,CEC2014-F24,Composition,30,7,deterministic,300000,300000,3224.9290836001474,2400.0,824.9290836001474,91,0,20.761225078007556,ok
CEC2014,V2,V1 + long-range sensing,24,CEC2014-F24,Composition,30,7,deterministic,300000,300000,3047.4456193053074,2400.0,647.4456193053074,37,0,21.387630950004677,ok
CEC2014,V3,V2 + memory fusion,24,CEC2014-F24,Composition,30,7,deterministic,300000,300000,3226.7787974631424,2400.0,826.7787974631424,72,0,21.034710009989794,ok
CEC2014,V4,Full DMGSO with relocation and policy-like gating,24,CEC2014-F24,Composition,30,7,deterministic,300000,300000,2628.946079896074,2400.0,228.94607989607402,948,16,21.868663127999753,ok
CEC2014,V0,Pure directional sensing,24,CEC2014-F24,Composition,30,8,deterministic,300000,300000,3236.033764267332,2400.0,836.0337642673321,25,0,21.69581298500998,ok
CEC2014,V1,V0 + adaptive step regulation,24,CEC2014-F24,Composition,30,8,deterministic,300000,300000,3234.956269084312,2400.0,834.9562690843122,35,0,21.54278440598864,ok
CEC2014,V2,V1 + long-range sensing,24,CEC2014-F24,Composition,30,8,deterministic,300000,300000,3014.1549243499703,2400.0,614.1549243499703,34,0,22.054009489002055,ok
CEC2014,V3,V2 + memory fusion,24,CEC2014-F24,Composition,30,8,deterministic,300000,300000,3235.9978167995555,2400.0,835.9978167995555,322,0,21.848198417996173,ok
CEC2014,V4,Full DMGSO with relocation and policy-like gating,24,CEC2014-F24,Composition,30,8,deterministic,300000,300000,2625.97869190504,2400.0,225.9786919050398,923,16,20.66755031599314,ok
CEC2014,V0,Pure directional sensing,24,CEC2014-F24,Composition,30,9,deterministic,300000,300000,3593.2879255290686,2400.0,1193.2879255290686,10,0,21.76109863499005,ok
CEC2014,V1,V0 + adaptive step regulation,24,CEC2014-F24,Composition,30,9,deterministic,300000,300000,3586.9336711665464,2400.0,1186.9336711665464,15,0,21.70745528100815,ok
CEC2014,V2,V1 + long-range sensing,24,CEC2014-F24,Composition,30,9,deterministic,300000,300000,3519.875063978476,2400.0,1119.8750639784762,18,0,21.269331221992616,ok
CEC2014,V3,V2 + memory fusion,24,CEC2014-F24,Composition,30,9,deterministic,300000,300000,3582.845552377543,2400.0,1182.8455523775428,29,0,22.192566939993412,ok
CEC2014,V4,Full DMGSO with relocation and policy-like gating,24,CEC2014-F24,Composition,30,9,deterministic,300000,300000,2628.6455322216466,2400.0,228.6455322216466,978,15,21.138874421012588,ok
CEC2014,V0,Pure directional sensing,25,CEC2014-F25,Composition,30,0,deterministic,300000,300000,2862.5378384617397,2500.0,362.53783846173974,91,0,21.996798987995135,ok
CEC2014,V1,V0 + adaptive step regulation,25,CEC2014-F25,Composition,30,0,deterministic,300000,300000,2846.0566394000043,2500.0,346.0566394000043,110,0,21.892349953006487,ok
CEC2014,V2,V1 + long-range sensing,25,CEC2014-F25,Composition,30,0,deterministic,300000,300000,2724.2668806026018,2500.0,224.26688060260176,81,0,21.1323563039914,ok
CEC2014,V3,V2 + memory fusion,25,CEC2014-F25,Composition,30,0,deterministic,300000,300000,2845.3572385377133,2500.0,345.35723853771333,91,0,21.574473151005805,ok
CEC2014,V4,Full DMGSO with relocation and policy-like gating,25,CEC2014-F25,Composition,30,0,deterministic,300000,300000,2714.877651544798,2500.0,214.87765154479803,1347,10,22.20459729200229,ok
CEC2014,V0,Pure directional sensing,25,CEC2014-F25,Composition,30,1,deterministic,300000,300000,2927.332118817382,2500.0,427.3321188173818,64,0,21.575838983000722,ok
CEC2014,V1,V0 + adaptive step regulation,25,CEC2014-F25,Composition,30,1,deterministic,300000,300000,2893.9718144240146,2500.0,393.9718144240146,76,0,21.591945945998305,ok
CEC2014,V2,V1 + long-range sensing,25,CEC2014-F25,Composition,30,1,deterministic,300000,300000,2726.1930993543265,2500.0,226.19309935432648,106,0,22.215548745996784,ok
CEC2014,V3,V2 + memory fusion,25,CEC2014-F25,Composition,30,1,deterministic,300000,300000,2882.008197026944,2500.0,382.0081970269439,267,0,21.29507552200812,ok
CEC2014,V4,Full DMGSO with relocation and policy-like gating,25,CEC2014-F25,Composition,30,1,deterministic,300000,300000,2713.815976732155,2500.0,213.81597673215492,1397,7,21.488267214997904,ok
CEC2014,V0,Pure directional sensing,25,CEC2014-F25,Composition,30,2,deterministic,300000,300000,2893.85817905232,2500.0,393.8581790523199,77,0,21.151616604009178,ok
CEC2014,V1,V0 + adaptive step regulation,25,CEC2014-F25,Composition,30,2,deterministic,300000,300000,2906.1594367196712,2500.0,406.15943671967125,75,0,21.815565307988436,ok
CEC2014,V2,V1 + long-range sensing,25,CEC2014-F25,Composition,30,2,deterministic,300000,300000,2800.9860662232586,2500.0,300.9860662232586,68,0,21.348104753007647,ok
CEC2014,V3,V2 + memory fusion,25,CEC2014-F25,Composition,30,2,deterministic,300000,300000,2900.988447421247,2500.0,400.9884474212472,67,0,20.961376980994828,ok
CEC2014,V4,Full DMGSO with relocation and policy-like gating,25,CEC2014-F25,Composition,30,2,deterministic,300000,300000,2713.56562533609,2500.0,213.56562533608985,1233,10,21.905000444006873,ok
CEC2014,V0,Pure directional sensing,25,CEC2014-F25,Composition,30,3,deterministic,300000,300000,2893.5361894194734,2500.0,393.53618941947343,69,0,21.119140666007297,ok
CEC2014,V1,V0 + adaptive step regulation,25,CEC2014-F25,Composition,30,3,deterministic,300000,300000,2846.299372360407,2500.0,346.2993723604068,116,0,21.378220586004318,ok
CEC2014,V2,V1 + long-range sensing,25,CEC2014-F25,Composition,30,3,deterministic,300000,300000,2760.8158451581185,2500.0,260.81584515811846,56,0,21.663736508009606,ok
CEC2014,V3,V2 + memory fusion,25,CEC2014-F25,Composition,30,3,deterministic,300000,300000,2856.8043769545125,2500.0,356.80437695451246,272,0,21.594188805000158,ok
CEC2014,V4,Full DMGSO with relocation and policy-like gating,25,CEC2014-F25,Composition,30,3,deterministic,300000,300000,2725.356394031352,2500.0,225.356394031352,1170,11,21.308904072007863,ok
CEC2014,V0,Pure directional sensing,25,CEC2014-F25,Composition,30,4,deterministic,300000,300000,2927.0246132623242,2500.0,427.02461326232424,60,0,21.982872384003713,ok
CEC2014,V1,V0 + adaptive step regulation,25,CEC2014-F25,Composition,30,4,deterministic,300000,300000,2890.551510128272,2500.0,390.5515101282722,72,0,21.95849435799755,ok
CEC2014,V2,V1 + long-range sensing,25,CEC2014-F25,Composition,30,4,deterministic,300000,300000,2915.7290128084383,2500.0,415.72901280843826,29,0,21.884941840995452,ok
CEC2014,V3,V2 + memory fusion,25,CEC2014-F25,Composition,30,4,deterministic,300000,300000,2864.11838064137,2500.0,364.1183806413701,204,0,20.59789936900779,ok
CEC2014,V4,Full DMGSO with relocation and policy-like gating,25,CEC2014-F25,Composition,30,4,deterministic,300000,300000,2720.2895337246546,2500.0,220.28953372465458,1164,11,21.64707876899047,ok
CEC2014,V0,Pure directional sensing,25,CEC2014-F25,Composition,30,5,deterministic,300000,300000,2826.7115034481326,2500.0,326.7115034481326,89,0,22.19065953300742,ok
CEC2014,V1,V0 + adaptive step regulation,25,CEC2014-F25,Composition,30,5,deterministic,300000,300000,2811.0988863854263,2500.0,311.09888638542634,113,0,22.226158813995426,ok
CEC2014,V2,V1 + long-range sensing,25,CEC2014-F25,Composition,30,5,deterministic,300000,300000,2765.9259214796452,2500.0,265.92592147964524,72,0,21.912483592997887,ok
CEC2014,V3,V2 + memory fusion,25,CEC2014-F25,Composition,30,5,deterministic,300000,300000,2822.183041370689,2500.0,322.1830413706889,169,0,20.870693687000312,ok
CEC2014,V4,Full DMGSO with relocation and policy-like gating,25,CEC2014-F25,Composition,30,5,deterministic,300000,300000,2708.4019019458706,2500.0,208.40190194587058,1158,12,21.721951949992217,ok
CEC2014,V0,Pure directional sensing,25,CEC2014-F25,Composition,30,6,deterministic,300000,300000,2953.5571234626887,2500.0,453.55712346268865,45,0,21.436635776000912,ok
CEC2014,V1,V0 + adaptive step regulation,25,CEC2014-F25,Composition,30,6,deterministic,300000,300000,2930.899487003695,2500.0,430.89948700369496,65,0,21.38837175599474,ok
CEC2014,V2,V1 + long-range sensing,25,CEC2014-F25,Composition,30,6,deterministic,300000,300000,2970.639612866357,2500.0,470.63961286635686,27,0,21.932641431994853,ok
CEC2014,V3,V2 + memory fusion,25,CEC2014-F25,Composition,30,6,deterministic,300000,300000,2930.5760154072423,2500.0,430.57601540724227,151,0,21.894858196988935,ok
CEC2014,V4,Full DMGSO with relocation and policy-like gating,25,CEC2014-F25,Composition,30,6,deterministic,300000,300000,2721.4357703651,2500.0,221.43577036509987,1152,11,21.155903507999028,ok
CEC2014,V0,Pure directional sensing,25,CEC2014-F25,Composition,30,7,deterministic,300000,300000,2897.0583449144337,2500.0,397.05834491443375,55,0,20.46226923300128,ok
CEC2014,V1,V0 + adaptive step regulation,25,CEC2014-F25,Composition,30,7,deterministic,300000,300000,2859.9022064022192,2500.0,359.90220640221924,87,0,21.540998026001034,ok
CEC2014,V2,V1 + long-range sensing,25,CEC2014-F25,Composition,30,7,deterministic,300000,300000,2801.8823874509803,2500.0,301.88238745098033,54,0,20.688727236993145,ok
CEC2014,V3,V2 + memory fusion,25,CEC2014-F25,Composition,30,7,deterministic,300000,300000,2859.974492541859,2500.0,359.97449254185904,219,0,21.486072652987787,ok
CEC2014,V4,Full DMGSO with relocation and policy-like gating,25,CEC2014-F25,Composition,30,7,deterministic,300000,300000,2722.0237562869806,2500.0,222.02375628698064,1073,12,21.565583931995207,ok
CEC2014,V0,Pure directional sensing,25,CEC2014-F25,Composition,30,8,deterministic,300000,300000,2887.600085317565,2500.0,387.6000853175651,53,0,22.22647342699929,ok
CEC2014,V1,V0 + adaptive step regulation,25,CEC2014-F25,Composition,30,8,deterministic,300000,300000,2881.473374262755,2500.0,381.473374262755,62,0,21.629303898997023,ok
CEC2014,V2,V1 + long-range sensing,25,CEC2014-F25,Composition,30,8,deterministic,300000,300000,2850.204785413133,2500.0,350.20478541313287,37,0,21.906136410994804,ok
CEC2014,V3,V2 + memory fusion,25,CEC2014-F25,Composition,30,8,deterministic,300000,300000,2881.421309535286,2500.0,381.4213095352861,68,0,21.32202431099722,ok
CEC2014,V4,Full DMGSO with relocation and policy-like gating,25,CEC2014-F25,Composition,30,8,deterministic,300000,300000,2712.0652418866835,2500.0,212.06524188668345,1141,11,21.165266372001497,ok
CEC2014,V0,Pure directional sensing,25,CEC2014-F25,Composition,30,9,deterministic,300000,300000,2866.1314200984693,2500.0,366.13142009846933,61,0,21.292761350996443,ok
CEC2014,V1,V0 + adaptive step regulation,25,CEC2014-F25,Composition,30,9,deterministic,300000,300000,2828.580265661352,2500.0,328.58026566135186,104,0,21.43704184499802,ok
CEC2014,V2,V1 + long-range sensing,25,CEC2014-F25,Composition,30,9,deterministic,300000,300000,2770.5260150713343,2500.0,270.5260150713343,67,0,21.058597459006705,ok
CEC2014,V3,V2 + memory fusion,25,CEC2014-F25,Composition,30,9,deterministic,300000,300000,2814.564188356405,2500.0,314.5641883564049,376,0,21.208298791010748,ok
CEC2014,V4,Full DMGSO with relocation and policy-like gating,25,CEC2014-F25,Composition,30,9,deterministic,300000,300000,2711.4176947156616,2500.0,211.41769471566158,1223,9,21.02815655199811,ok
CEC2014,V0,Pure directional sensing,26,CEC2014-F26,Composition,30,0,deterministic,300000,300000,2810.2773478236168,2600.0,210.27734782361676,121,0,108.44161200900271,ok
CEC2014,V1,V0 + adaptive step regulation,26,CEC2014-F26,Composition,30,0,deterministic,300000,300000,2800.5506721023157,2600.0,200.55067210231573,335,0,110.9921878130117,ok
CEC2014,V2,V1 + long-range sensing,26,CEC2014-F26,Composition,30,0,deterministic,300000,300000,2802.5883124559473,2600.0,202.5883124559473,125,0,110.77039264400082,ok
CEC2014,V3,V2 + memory fusion,26,CEC2014-F26,Composition,30,0,deterministic,300000,300000,2800.4447093658346,2600.0,200.44470936583457,426,0,109.55251120199682,ok
CEC2014,V4,Full DMGSO with relocation and policy-like gating,26,CEC2014-F26,Composition,30,0,deterministic,300000,300000,2800.1886881552464,2600.0,200.18868815524638,1613,4,111.22146324798814,ok
CEC2014,V0,Pure directional sensing,26,CEC2014-F26,Composition,30,1,deterministic,300000,300000,2809.4685892299335,2600.0,209.4685892299335,117,0,110.11303219200636,ok
CEC2014,V1,V0 + adaptive step regulation,26,CEC2014-F26,Composition,30,1,deterministic,300000,300000,2800.448925966382,2600.0,200.44892596638192,334,0,110.86457855299523,ok
CEC2014,V2,V1 + long-range sensing,26,CEC2014-F26,Composition,30,1,deterministic,300000,300000,2802.6379078344376,2600.0,202.63790783443756,85,0,110.3237356890022,ok
CEC2014,V3,V2 + memory fusion,26,CEC2014-F26,Composition,30,1,deterministic,300000,300000,2800.5328557124303,2600.0,200.53285571243032,253,0,109.3408898350026,ok
CEC2014,V4,Full DMGSO with relocation and policy-like gating,26,CEC2014-F26,Composition,30,1,deterministic,300000,300000,2700.6277565239666,2600.0,100.62775652396658,1297,9,109.71331458500936,ok
CEC2014,V0,Pure directional sensing,26,CEC2014-F26,Composition,30,2,deterministic,300000,300000,2809.3726265994997,2600.0,209.37262659949965,113,0,110.13784431399836,ok
CEC2014,V1,V0 + adaptive step regulation,26,CEC2014-F26,Composition,30,2,deterministic,300000,300000,2700.524599653696,2600.0,100.52459965369599,579,0,110.38987339299638,ok
CEC2014,V2,V1 + long-range sensing,26,CEC2014-F26,Composition,30,2,deterministic,300000,300000,2807.479279882341,2600.0,207.47927988234096,59,0,108.99684216499736,ok
CEC2014,V3,V2 + memory fusion,26,CEC2014-F26,Composition,30,2,deterministic,300000,300000,2700.3485844892652,2600.0,100.34858448926525,447,0,111.48353943199618,ok
CEC2014,V4,Full DMGSO with relocation and policy-like gating,26,CEC2014-F26,Composition,30,2,deterministic,300000,300000,2800.1882235367307,2600.0,200.18822353673067,1719,3,111.88207237099414,ok
CEC2014,V0,Pure directional sensing,26,CEC2014-F26,Composition,30,3,deterministic,300000,300000,2808.8515905371596,2600.0,208.8515905371596,111,0,110.02056392098893,ok
CEC2014,V1,V0 + adaptive step regulation,26,CEC2014-F26,Composition,30,3,deterministic,300000,300000,2800.1860303539115,2600.0,200.18603035391152,620,0,109.93581684000674,ok
CEC2014,V2,V1 + long-range sensing,26,CEC2014-F26,Composition,30,3,deterministic,300000,300000,2809.4623821117725,2600.0,209.4623821117725,49,0,110.20481487399957,ok
CEC2014,V3,V2 + memory fusion,26,CEC2014-F26,Composition,30,3,deterministic,300000,300000,2800.421864518135,2600.0,200.42186451813495,598,0,109.9361792839918,ok
CEC2014,V4,Full DMGSO with relocation and policy-like gating,26,CEC2014-F26,Composition,30,3,deterministic,300000,300000,2800.305733158916,2600.0,200.30573315891615,1442,7,110.23698235700431,ok
CEC2014,V0,Pure directional sensing,26,CEC2014-F26,Composition,30,4,deterministic,300000,300000,2809.4682081497112,2600.0,209.46820814971124,103,0,109.45246195299842,ok
CEC2014,V1,V0 + adaptive step regulation,26,CEC2014-F26,Composition,30,4,deterministic,300000,300000,2800.0457757172235,2600.0,200.04577571722348,581,0,110.75410699000349,ok
CEC2014,V2,V1 + long-range sensing,26,CEC2014-F26,Composition,30,4,deterministic,300000,300000,2805.2927851472487,2600.0,205.29278514724865,75,0,109.92130854200514,ok
CEC2014,V3,V2 + memory fusion,26,CEC2014-F26,Composition,30,4,deterministic,300000,300000,2800.376600506235,2600.0,200.3766005062348,338,0,110.64430035700207,ok
CEC2014,V4,Full DMGSO with relocation and policy-like gating,26,CEC2014-F26,Composition,30,4,deterministic,300000,300000,2800.0889118172245,2600.0,200.08891181722447,1592,4,111.34220497199567,ok
CEC2014,V0,Pure directional sensing,26,CEC2014-F26,Composition,30,5,deterministic,300000,300000,2808.7645219896053,2600.0,208.76452198960533,106,0,110.28922384700854,ok
CEC2014,V1,V0 + adaptive step regulation,26,CEC2014-F26,Composition,30,5,deterministic,300000,300000,2700.5960873923977,2600.0,100.59608739239775,467,0,109.99654060999455,ok
CEC2014,V2,V1 + long-range sensing,26,CEC2014-F26,Composition,30,5,deterministic,300000,300000,2810.066227108126,2600.0,210.066227108126,48,0,110.14658464198874,ok
CEC2014,V3,V2 + memory fusion,26,CEC2014-F26,Composition,30,5,deterministic,300000,300000,2700.494985316064,2600.0,100.49498531606378,369,0,110.32504570299352,ok
CEC2014,V4,Full DMGSO with relocation and policy-like gating,26,CEC2014-F26,Composition,30,5,deterministic,300000,300000,2700.494950767129,2600.0,100.49495076712901,1320,10,109.99510501699115,ok
CEC2014,V0,Pure directional sensing,26,CEC2014-F26,Composition,30,6,deterministic,300000,300000,2809.5909765533197,2600.0,209.5909765533197,101,0,111.11426468400168,ok
CEC2014,V1,V0 + adaptive step regulation,26,CEC2014-F26,Composition,30,6,deterministic,300000,300000,2800.238788654139,2600.0,200.23878865413917,502,0,110.02630196699465,ok
CEC2014,V2,V1 + long-range sensing,26,CEC2014-F26,Composition,30,6,deterministic,300000,300000,2807.8522666397325,2600.0,207.85226663973253,50,0,110.07750127300096,ok
CEC2014,V3,V2 + memory fusion,26,CEC2014-F26,Composition,30,6,deterministic,300000,300000,2800.2625287448195,2600.0,200.26252874481952,398,0,111.54409861000022,ok
CEC2014,V4,Full DMGSO with relocation and policy-like gating,26,CEC2014-F26,Composition,30,6,deterministic,300000,300000,2700.5747062625273,2600.0,100.57470626252734,1390,8,110.33306913900014,ok
CEC2014,V0,Pure directional sensing,26,CEC2014-F26,Composition,30,7,deterministic,300000,300000,2808.360934409815,2600.0,208.36093440981494,102,0,111.85871446901001,ok
CEC2014,V1,V0 + adaptive step regulation,26,CEC2014-F26,Composition,30,7,deterministic,300000,300000,2800.0497494064316,2600.0,200.0497494064316,540,0,109.6372896219982,ok
CEC2014,V2,V1 + long-range sensing,26,CEC2014-F26,Composition,30,7,deterministic,300000,300000,2804.3798084072255,2600.0,204.37980840722548,57,0,109.98630764699192,ok
CEC2014,V3,V2 + memory fusion,26,CEC2014-F26,Composition,30,7,deterministic,300000,300000,2800.3005597683823,2600.0,200.3005597683823,310,0,111.08330319001107,ok
CEC2014,V4,Full DMGSO with relocation and policy-like gating,26,CEC2014-F26,Composition,30,7,deterministic,300000,300000,2700.361577642879,2600.0,100.36157764287918,1317,8,108.09421833099623,ok
CEC2014,V0,Pure directional sensing,26,CEC2014-F26,Composition,30,8,deterministic,300000,300000,2808.5212288363477,2600.0,208.52122883634775,98,0,111.33487195600173,ok
CEC2014,V1,V0 + adaptive step regulation,26,CEC2014-F26,Composition,30,8,deterministic,300000,300000,2700.65059350245,2600.0,100.65059350245019,215,0,109.64046085999871,ok
CEC2014,V2,V1 + long-range sensing,26,CEC2014-F26,Composition,30,8,deterministic,300000,300000,2700.9506339697896,2600.0,100.95063396978958,102,0,109.48442147800233,ok
CEC2014,V3,V2 + memory fusion,26,CEC2014-F26,Composition,30,8,deterministic,300000,300000,2700.365911112184,2600.0,100.36591111218422,164,0,111.33685945199977,ok
CEC2014,V4,Full DMGSO with relocation and policy-like gating,26,CEC2014-F26,Composition,30,8,deterministic,300000,300000,2700.4870644218345,2600.0,100.48706442183448,1393,9,108.15353479099576,ok
CEC2014,V0,Pure directional sensing,26,CEC2014-F26,Composition,30,9,deterministic,300000,300000,2807.7708262676733,2600.0,207.77082626767333,99,0,111.39688002700859,ok
CEC2014,V1,V0 + adaptive step regulation,26,CEC2014-F26,Composition,30,9,deterministic,300000,300000,2700.612556008538,2600.0,100.61255600853792,345,0,109.41489375499077,ok
CEC2014,V2,V1 + long-range sensing,26,CEC2014-F26,Composition,30,9,deterministic,300000,300000,2808.461733426411,2600.0,208.46173342641077,46,0,111.09544135899341,ok
CEC2014,V3,V2 + memory fusion,26,CEC2014-F26,Composition,30,9,deterministic,300000,300000,2700.393386340331,2600.0,100.39338634033084,281,0,110.15000937500736,ok
CEC2014,V4,Full DMGSO with relocation and policy-like gating,26,CEC2014-F26,Composition,30,9,deterministic,300000,300000,2700.431374905899,2600.0,100.43137490589879,1289,9,111.02122942999995,ok
CEC2014,V0,Pure directional sensing,27,CEC2014-F27,Composition,30,0,deterministic,300000,300000,4850.952393861748,2700.0,2150.9523938617476,56,0,110.12150144399493,ok
CEC2014,V1,V0 + adaptive step regulation,27,CEC2014-F27,Composition,30,0,deterministic,300000,300000,4319.225795469611,2700.0,1619.2257954696106,54,0,109.80136730401136,ok
CEC2014,V2,V1 + long-range sensing,27,CEC2014-F27,Composition,30,0,deterministic,300000,300000,4103.677904113522,2700.0,1403.6779041135223,60,0,108.83400044898735,ok
CEC2014,V3,V2 + memory fusion,27,CEC2014-F27,Composition,30,0,deterministic,300000,300000,4301.926492728572,2700.0,1601.9264927285722,58,0,111.33205204400292,ok
CEC2014,V4,Full DMGSO with relocation and policy-like gating,27,CEC2014-F27,Composition,30,0,deterministic,300000,300000,3103.783845491188,2700.0,403.783845491188,1127,10,110.72408943600021,ok
CEC2014,V0,Pure directional sensing,27,CEC2014-F27,Composition,30,1,deterministic,300000,300000,4632.375499176847,2700.0,1932.3754991768474,58,0,109.37231902300846,ok
CEC2014,V1,V0 + adaptive step regulation,27,CEC2014-F27,Composition,30,1,deterministic,300000,300000,4231.6859547371505,2700.0,1531.6859547371505,53,0,109.00299505698786,ok
CEC2014,V2,V1 + long-range sensing,27,CEC2014-F27,Composition,30,1,deterministic,300000,300000,4045.378828204217,2700.0,1345.378828204217,45,0,110.25850642900332,ok
CEC2014,V3,V2 + memory fusion,27,CEC2014-F27,Composition,30,1,deterministic,300000,300000,4323.323088768428,2700.0,1623.3230887684276,58,0,110.23197381400678,ok
CEC2014,V4,Full DMGSO with relocation and policy-like gating,27,CEC2014-F27,Composition,30,1,deterministic,300000,300000,3106.929277326299,2700.0,406.92927732629914,1175,9,110.46729135100031,ok
CEC2014,V0,Pure directional sensing,27,CEC2014-F27,Composition,30,2,deterministic,300000,300000,5100.0918316713,2700.0,2400.0918316712996,54,0,109.5145941649971,ok
CEC2014,V1,V0 + adaptive step regulation,27,CEC2014-F27,Composition,30,2,deterministic,300000,300000,4222.3608898455295,2700.0,1522.3608898455295,56,0,109.58084667900403,ok
CEC2014,V2,V1 + long-range sensing,27,CEC2014-F27,Composition,30,2,deterministic,300000,300000,3993.3246493785173,2700.0,1293.3246493785173,48,0,110.07508476899238,ok
CEC2014,V3,V2 + memory fusion,27,CEC2014-F27,Composition,30,2,deterministic,300000,300000,4248.723453925653,2700.0,1548.7234539256533,62,0,110.15081655001268,ok
CEC2014,V4,Full DMGSO with relocation and policy-like gating,27,CEC2014-F27,Composition,30,2,deterministic,300000,300000,3105.3693122100367,2700.0,405.3693122100367,952,12,111.64833722100593,ok
CEC2014,V0,Pure directional sensing,27,CEC2014-F27,Composition,30,3,deterministic,300000,300000,4684.419199664845,2700.0,1984.419199664845,56,0,108.2389234410075,ok
CEC2014,V1,V0 + adaptive step regulation,27,CEC2014-F27,Composition,30,3,deterministic,300000,300000,4234.408276643268,2700.0,1534.4082766432684,49,0,109.70900431799237,ok
CEC2014,V2,V1 + long-range sensing,27,CEC2014-F27,Composition,30,3,deterministic,300000,300000,3899.936833837128,2700.0,1199.9368338371278,50,0,110.35739669499162,ok
CEC2014,V3,V2 + memory fusion,27,CEC2014-F27,Composition,30,3,deterministic,300000,300000,4259.6931599331565,2700.0,1559.6931599331565,55,0,110.25629766301427,ok
CEC2014,V4,Full DMGSO with relocation and policy-like gating,27,CEC2014-F27,Composition,30,3,deterministic,300000,300000,3103.9218190229353,2700.0,403.9218190229353,1280,8,110.0660562080011,ok
CEC2014,V0,Pure directional sensing,27,CEC2014-F27,Composition,30,4,deterministic,300000,300000,4674.753642727452,2700.0,1974.7536427274517,66,0,110.89956732199062,ok
CEC2014,V1,V0 + adaptive step regulation,27,CEC2014-F27,Composition,30,4,deterministic,300000,300000,4274.354759165114,2700.0,1574.354759165114,57,0,110.88785401900532,ok
CEC2014,V2,V1 + long-range sensing,27,CEC2014-F27,Composition,30,4,deterministic,300000,300000,4262.617541478146,2700.0,1562.6175414781464,39,0,111.1669640189939,ok
CEC2014,V3,V2 + memory fusion,27,CEC2014-F27,Composition,30,4,deterministic,300000,300000,4305.122885947932,2700.0,1605.1228859479324,66,0,109.68623303598724,ok
CEC2014,V4,Full DMGSO with relocation and policy-like gating,27,CEC2014-F27,Composition,30,4,deterministic,300000,300000,3104.2226331481634,2700.0,404.22263314816337,1160,10,108.94954586001404,ok
CEC2014,V0,Pure directional sensing,27,CEC2014-F27,Composition,30,5,deterministic,300000,300000,3204.3563243304525,2700.0,504.3563243304525,143,0,110.41537785100809,ok
CEC2014,V1,V0 + adaptive step regulation,27,CEC2014-F27,Composition,30,5,deterministic,300000,300000,3104.229017612992,2700.0,404.2290176129918,444,0,110.08539291199122,ok
CEC2014,V2,V1 + long-range sensing,27,CEC2014-F27,Composition,30,5,deterministic,300000,300000,3292.7417887474553,2700.0,592.7417887474553,50,0,112.4025105519977,ok
CEC2014,V3,V2 + memory fusion,27,CEC2014-F27,Composition,30,5,deterministic,300000,300000,3103.5933405264586,2700.0,403.59334052645863,326,0,110.98047753199353,ok
CEC2014,V4,Full DMGSO with relocation and policy-like gating,27,CEC2014-F27,Composition,30,5,deterministic,300000,300000,3105.1470381643603,2700.0,405.1470381643603,1133,11,109.10979846099508,ok
CEC2014,V0,Pure directional sensing,27,CEC2014-F27,Composition,30,6,deterministic,300000,300000,4656.341621612537,2700.0,1956.341621612537,61,0,109.10261653999623,ok
CEC2014,V1,V0 + adaptive step regulation,27,CEC2014-F27,Composition,30,6,deterministic,300000,300000,4509.348418056087,2700.0,1809.3484180560872,44,0,111.09822006200557,ok
CEC2014,V2,V1 + long-range sensing,27,CEC2014-F27,Composition,30,6,deterministic,300000,300000,3966.468732444945,2700.0,1266.468732444945,50,0,110.3619124310062,ok
CEC2014,V3,V2 + memory fusion,27,CEC2014-F27,Composition,30,6,deterministic,300000,300000,4439.058767340844,2700.0,1739.0587673408436,66,0,108.66646456399758,ok
CEC2014,V4,Full DMGSO with relocation and policy-like gating,27,CEC2014-F27,Composition,30,6,deterministic,300000,300000,3104.197003479135,2700.0,404.1970034791352,1177,10,112.72235322398774,ok
CEC2014,V0,Pure directional sensing,27,CEC2014-F27,Composition,30,7,deterministic,300000,300000,4669.090121888844,2700.0,1969.090121888844,61,0,109.58706685299694,ok
CEC2014,V1,V0 + adaptive step regulation,27,CEC2014-F27,Composition,30,7,deterministic,300000,300000,4167.271417745528,2700.0,1467.2714177455282,51,0,110.06164086800709,ok
CEC2014,V2,V1 + long-range sensing,27,CEC2014-F27,Composition,30,7,deterministic,300000,300000,3793.020337876433,2700.0,1093.0203378764331,58,0,110.53753273299662,ok
CEC2014,V3,V2 + memory fusion,27,CEC2014-F27,Composition,30,7,deterministic,300000,300000,4131.359921165733,2700.0,1431.3599211657329,69,0,109.31441970600281,ok
CEC2014,V4,Full DMGSO with relocation and policy-like gating,27,CEC2014-F27,Composition,30,7,deterministic,300000,300000,3103.4105202829824,2700.0,403.41052028298236,914,14,110.13711441401392,ok
CEC2014,V0,Pure directional sensing,27,CEC2014-F27,Composition,30,8,deterministic,300000,300000,3167.9898599539,2700.0,467.9898599539001,154,0,108.39086661700276,ok
CEC2014,V1,V0 + adaptive step regulation,27,CEC2014-F27,Composition,30,8,deterministic,300000,300000,3105.3927192985643,2700.0,405.3927192985643,321,0,111.35996504499053,ok
CEC2014,V2,V1 + long-range sensing,27,CEC2014-F27,Composition,30,8,deterministic,300000,300000,3152.616495229358,2700.0,452.61649522935795,83,0,110.25082011600898,ok
CEC2014,V3,V2 + memory fusion,27,CEC2014-F27,Composition,30,8,deterministic,300000,300000,3105.8601104326394,2700.0,405.86011043263943,240,0,111.18543003100785,ok
CEC2014,V4,Full DMGSO with relocation and policy-like gating,27,CEC2014-F27,Composition,30,8,deterministic,300000,300000,3104.730837842289,2700.0,404.730837842289,1130,10,110.27844705099415,ok
CEC2014,V0,Pure directional sensing,27,CEC2014-F27,Composition,30,9,deterministic,300000,300000,3164.145336671944,2700.0,464.1453366719438,145,0,109.03889436800091,ok
CEC2014,V1,V0 + adaptive step regulation,27,CEC2014-F27,Composition,30,9,deterministic,300000,300000,3102.6635868225985,2700.0,402.6635868225985,304,0,109.24660398298874,ok
CEC2014,V2,V1 + long-range sensing,27,CEC2014-F27,Composition,30,9,deterministic,300000,300000,3190.56565322941,2700.0,490.56565322941015,47,0,110.29614808800397,ok
CEC2014,V3,V2 + memory fusion,27,CEC2014-F27,Composition,30,9,deterministic,300000,300000,3103.2176203552776,2700.0,403.21762035527763,191,0,110.62718402699102,ok
CEC2014,V4,Full DMGSO with relocation and policy-like gating,27,CEC2014-F27,Composition,30,9,deterministic,300000,300000,3102.586337582781,2700.0,402.5863375827812,1245,10,111.07829233599477,ok
CEC2014,V0,Pure directional sensing,28,CEC2014-F28,Composition,30,0,deterministic,300000,300000,8584.100723554157,2800.0,5784.1007235541565,39,0,68.27818664199731,ok
CEC2014,V1,V0 + adaptive step regulation,28,CEC2014-F28,Composition,30,0,deterministic,300000,300000,7745.93942100557,2800.0,4945.93942100557,59,0,66.45821403199807,ok
CEC2014,V2,V1 + long-range sensing,28,CEC2014-F28,Composition,30,0,deterministic,300000,300000,7114.042511588154,2800.0,4314.042511588154,50,0,67.01866593200248,ok
CEC2014,V3,V2 + memory fusion,28,CEC2014-F28,Composition,30,0,deterministic,300000,300000,8029.845543480096,2800.0,5229.845543480096,63,0,67.13892871698772,ok
CEC2014,V4,Full DMGSO with relocation and policy-like gating,28,CEC2014-F28,Composition,30,0,deterministic,300000,300000,7231.6793241839705,2800.0,4431.6793241839705,711,20,68.04443632499897,ok
CEC2014,V0,Pure directional sensing,28,CEC2014-F28,Composition,30,1,deterministic,300000,300000,9691.145930190003,2800.0,6891.145930190003,35,0,69.21759120700881,ok
CEC2014,V1,V0 + adaptive step regulation,28,CEC2014-F28,Composition,30,1,deterministic,300000,300000,9088.9690899971,2800.0,6288.969089997099,65,0,67.21794888700242,ok
CEC2014,V2,V1 + long-range sensing,28,CEC2014-F28,Composition,30,1,deterministic,300000,300000,7414.782150142139,2800.0,4614.782150142139,31,0,70.31304126299801,ok
CEC2014,V3,V2 + memory fusion,28,CEC2014-F28,Composition,30,1,deterministic,300000,300000,8638.55326087743,2800.0,5838.55326087743,80,0,67.2978854940011,ok
CEC2014,V4,Full DMGSO with relocation and policy-like gating,28,CEC2014-F28,Composition,30,1,deterministic,300000,300000,6678.312566244069,2800.0,3878.312566244069,1108,7,68.85770666399912,ok
CEC2014,V0,Pure directional sensing,28,CEC2014-F28,Composition,30,2,deterministic,300000,300000,10260.632646968274,2800.0,7460.632646968274,38,0,67.6957152410032,ok
CEC2014,V1,V0 + adaptive step regulation,28,CEC2014-F28,Composition,30,2,deterministic,300000,300000,10589.63667668097,2800.0,7789.63667668097,38,0,67.0499453220109,ok
CEC2014,V2,V1 + long-range sensing,28,CEC2014-F28,Composition,30,2,deterministic,300000,300000,8046.460717323854,2800.0,5246.460717323854,42,0,67.14779471998918,ok
CEC2014,V3,V2 + memory fusion,28,CEC2014-F28,Composition,30,2,deterministic,300000,300000,10584.984323825689,2800.0,7784.984323825689,170,0,67.87585772199964,ok
CEC2014,V4,Full DMGSO with relocation and policy-like gating,28,CEC2014-F28,Composition,30,2,deterministic,300000,300000,7568.802470636165,2800.0,4768.802470636165,619,20,68.44647313500172,ok
CEC2014,V0,Pure directional sensing,28,CEC2014-F28,Composition,30,3,deterministic,300000,300000,10283.182661564366,2800.0,7483.182661564366,32,0,67.15282817299885,ok
CEC2014,V1,V0 + adaptive step regulation,28,CEC2014-F28,Composition,30,3,deterministic,300000,300000,10616.053643258809,2800.0,7816.053643258809,42,0,66.99872816300194,ok
CEC2014,V2,V1 + long-range sensing,28,CEC2014-F28,Composition,30,3,deterministic,300000,300000,8618.63559443732,2800.0,5818.635594437321,32,0,68.33615944099438,ok
CEC2014,V3,V2 + memory fusion,28,CEC2014-F28,Composition,30,3,deterministic,300000,300000,10252.954361200707,2800.0,7452.954361200707,50,0,68.12502717001189,ok
CEC2014,V4,Full DMGSO with relocation and policy-like gating,28,CEC2014-F28,Composition,30,3,deterministic,300000,300000,6088.2067296164105,2800.0,3288.2067296164105,757,19,67.8190097159968,ok
CEC2014,V0,Pure directional sensing,28,CEC2014-F28,Composition,30,4,deterministic,300000,300000,10886.9883434762,2800.0,8086.9883434762,17,0,68.08638589299517,ok
CEC2014,V1,V0 + adaptive step regulation,28,CEC2014-F28,Composition,30,4,deterministic,300000,300000,8796.560889564444,2800.0,5996.560889564444,44,0,68.55279930199322,ok
CEC2014,V2,V1 + long-range sensing,28,CEC2014-F28,Composition,30,4,deterministic,300000,300000,6669.6100959809155,2800.0,3869.6100959809155,41,0,66.83905570900242,ok
CEC2014,V3,V2 + memory fusion,28,CEC2014-F28,Composition,30,4,deterministic,300000,300000,8803.747353634879,2800.0,6003.747353634879,121,0,66.79967812700488,ok
CEC2014,V4,Full DMGSO with relocation and policy-like gating,28,CEC2014-F28,Composition,30,4,deterministic,300000,300000,7443.963583177185,2800.0,4643.963583177185,725,20,67.62337184199714,ok
CEC2014,V0,Pure directional sensing,28,CEC2014-F28,Composition,30,5,deterministic,300000,300000,10264.324224743314,2800.0,7464.324224743314,20,0,68.1010458630044,ok
CEC2014,V1,V0 + adaptive step regulation,28,CEC2014-F28,Composition,30,5,deterministic,300000,300000,9192.648081515981,2800.0,6392.648081515981,34,0,67.48497159998806,ok
CEC2014,V2,V1 + long-range sensing,28,CEC2014-F28,Composition,30,5,deterministic,300000,300000,10116.104135475627,2800.0,7316.104135475627,16,0,68.16043977800291,ok
CEC2014,V3,V2 + memory fusion,28,CEC2014-F28,Composition,30,5,deterministic,300000,300000,9184.633898220904,2800.0,6384.633898220904,181,0,68.46480657499342,ok
CEC2014,V4,Full DMGSO with relocation and policy-like gating,28,CEC2014-F28,Composition,30,5,deterministic,300000,300000,8023.153921421719,2800.0,5223.153921421719,1012,14,68.821007859995,ok
CEC2014,V0,Pure directional sensing,28,CEC2014-F28,Composition,30,6,deterministic,300000,300000,10632.481745882505,2800.0,7832.4817458825055,40,0,67.62309513399669,ok
CEC2014,V1,V0 + adaptive step regulation,28,CEC2014-F28,Composition,30,6,deterministic,300000,300000,9965.955214999463,2800.0,7165.955214999463,120,0,68.49703169800341,ok
CEC2014,V2,V1 + long-range sensing,28,CEC2014-F28,Composition,30,6,deterministic,300000,300000,8710.20051515851,2800.0,5910.200515158511,39,0,68.08579901199846,ok
CEC2014,V3,V2 + memory fusion,28,CEC2014-F28,Composition,30,6,deterministic,300000,300000,9978.131054307301,2800.0,7178.131054307301,234,0,67.97070239199093,ok
CEC2014,V4,Full DMGSO with relocation and policy-like gating,28,CEC2014-F28,Composition,30,6,deterministic,300000,300000,7025.848640268988,2800.0,4225.848640268988,592,20,66.58997815199837,ok
CEC2014,V0,Pure directional sensing,28,CEC2014-F28,Composition,30,7,deterministic,300000,300000,11827.41256712943,2800.0,9027.41256712943,14,0,66.20447794800566,ok
CEC2014,V1,V0 + adaptive step regulation,28,CEC2014-F28,Composition,30,7,deterministic,300000,300000,11363.586689485208,2800.0,8563.586689485208,38,0,68.06623975500406,ok
CEC2014,V2,V1 + long-range sensing,28,CEC2014-F28,Composition,30,7,deterministic,300000,300000,10009.96237671448,2800.0,7209.96237671448,28,0,66.70000964199426,ok
CEC2014,V3,V2 + memory fusion,28,CEC2014-F28,Composition,30,7,deterministic,300000,300000,11294.516365612166,2800.0,8494.516365612166,246,0,67.71071315598965,ok
CEC2014,V4,Full DMGSO with relocation and policy-like gating,28,CEC2014-F28,Composition,30,7,deterministic,300000,300000,7675.844251890104,2800.0,4875.844251890104,615,20,68.6770812409959,ok
CEC2014,V0,Pure directional sensing,28,CEC2014-F28,Composition,30,8,deterministic,300000,300000,12994.730354932346,2800.0,10194.730354932346,5,0,67.73619501199573,ok
CEC2014,V1,V0 + adaptive step regulation,28,CEC2014-F28,Composition,30,8,deterministic,300000,300000,10908.477523309193,2800.0,8108.477523309193,56,0,67.75683835201198,ok
CEC2014,V2,V1 + long-range sensing,28,CEC2014-F28,Composition,30,8,deterministic,300000,300000,9705.397579595841,2800.0,6905.397579595841,34,0,67.44648480899923,ok
CEC2014,V3,V2 + memory fusion,28,CEC2014-F28,Composition,30,8,deterministic,300000,300000,10896.875332532494,2800.0,8096.875332532494,68,0,67.52505573300004,ok
CEC2014,V4,Full DMGSO with relocation and policy-like gating,28,CEC2014-F28,Composition,30,8,deterministic,300000,300000,8207.658205471038,2800.0,5407.658205471038,1074,12,66.08061268400343,ok
CEC2014,V0,Pure directional sensing,28,CEC2014-F28,Composition,30,9,deterministic,300000,300000,10776.073725057988,2800.0,7976.073725057988,8,0,66.97225028600951,ok
CEC2014,V1,V0 + adaptive step regulation,28,CEC2014-F28,Composition,30,9,deterministic,300000,300000,10281.02710735464,2800.0,7481.027107354639,36,0,67.02248859599058,ok
CEC2014,V2,V1 + long-range sensing,28,CEC2014-F28,Composition,30,9,deterministic,300000,300000,8913.631124031499,2800.0,6113.631124031499,37,0,67.49527783700614,ok
CEC2014,V3,V2 + memory fusion,28,CEC2014-F28,Composition,30,9,deterministic,300000,300000,10280.730477612127,2800.0,7480.730477612127,200,0,67.5755134850042,ok
CEC2014,V4,Full DMGSO with relocation and policy-like gating,28,CEC2014-F28,Composition,30,9,deterministic,300000,300000,7627.273069544869,2800.0,4827.273069544869,759,19,66.56010252199485,ok
CEC2014,V0,Pure directional sensing,29,CEC2014-F29,Composition,30,0,deterministic,300000,300000,10006688.719090475,2900.0,10003788.719090475,280,0,52.66529625999101,ok
CEC2014,V1,V0 + adaptive step regulation,29,CEC2014-F29,Composition,30,0,deterministic,300000,300000,28936.780861545936,2900.0,26036.780861545936,342,0,52.23486973599938,ok
CEC2014,V2,V1 + long-range sensing,29,CEC2014-F29,Composition,30,0,deterministic,300000,300000,35936918.37017885,2900.0,35934018.37017885,85,0,52.875873605007655,ok
CEC2014,V3,V2 + memory fusion,29,CEC2014-F29,Composition,30,0,deterministic,300000,300000,13887.779223223793,2900.0,10987.779223223793,346,0,53.0906758409983,ok
CEC2014,V4,Full DMGSO with relocation and policy-like gating,29,CEC2014-F29,Composition,30,0,deterministic,300000,300000,15779.238675234761,2900.0,12879.238675234761,1300,11,52.278748496988555,ok
CEC2014,V0,Pure directional sensing,29,CEC2014-F29,Composition,30,1,deterministic,300000,300000,11083801.974960983,2900.0,11080901.974960983,309,0,54.35710832499899,ok
CEC2014,V1,V0 + adaptive step regulation,29,CEC2014-F29,Composition,30,1,deterministic,300000,300000,33810.35867692946,2900.0,30910.358676929463,363,0,54.05644021500484,ok
CEC2014,V2,V1 + long-range sensing,29,CEC2014-F29,Composition,30,1,deterministic,300000,300000,9388940.328235975,2900.0,9386040.328235975,113,0,52.87330275999557,ok
CEC2014,V3,V2 + memory fusion,29,CEC2014-F29,Composition,30,1,deterministic,300000,300000,17068.372431570035,2900.0,14168.372431570035,299,0,53.39270431599289,ok
CEC2014,V4,Full DMGSO with relocation and policy-like gating,29,CEC2014-F29,Composition,30,1,deterministic,300000,300000,23453.77764287329,2900.0,20553.77764287329,1306,11,53.250206957003684,ok
CEC2014,V0,Pure directional sensing,29,CEC2014-F29,Composition,30,2,deterministic,300000,300000,22807164.289016888,2900.0,22804264.289016888,391,0,54.438290865000454,ok
CEC2014,V1,V0 + adaptive step regulation,29,CEC2014-F29,Composition,30,2,deterministic,300000,300000,41461.61190343095,2900.0,38561.61190343095,322,0,53.540511689992854,ok
CEC2014,V2,V1 + long-range sensing,29,CEC2014-F29,Composition,30,2,deterministic,300000,300000,14841787.327494428,2900.0,14838887.327494428,109,0,52.82815592299448,ok
CEC2014,V3,V2 + memory fusion,29,CEC2014-F29,Composition,30,2,deterministic,300000,300000,23699.362097061952,2900.0,20799.362097061952,264,0,53.238372453008196,ok
CEC2014,V4,Full DMGSO with relocation and policy-like gating,29,CEC2014-F29,Composition,30,2,deterministic,300000,300000,11418.996168661773,2900.0,8518.996168661773,1429,8,53.91457523198915,ok
CEC2014,V0,Pure directional sensing,29,CEC2014-F29,Composition,30,3,deterministic,300000,300000,32269389.609389313,2900.0,32266489.609389313,221,0,53.04268346700701,ok
CEC2014,V1,V0 + adaptive step regulation,29,CEC2014-F29,Composition,30,3,deterministic,300000,300000,25000.22132175556,2900.0,22100.22132175556,358,0,53.84103406999202,ok
CEC2014,V2,V1 + long-range sensing,29,CEC2014-F29,Composition,30,3,deterministic,300000,300000,8334906.413933091,2900.0,8332006.413933091,129,0,52.27973863200168,ok
CEC2014,V3,V2 + memory fusion,29,CEC2014-F29,Composition,30,3,deterministic,300000,300000,22474.2114444587,2900.0,19574.2114444587,414,0,52.985896002996014,ok
CEC2014,V4,Full DMGSO with relocation and policy-like gating,29,CEC2014-F29,Composition,30,3,deterministic,300000,300000,12344.879369227827,2900.0,9444.879369227827,1438,6,52.448080706002656,ok
CEC2014,V0,Pure directional sensing,29,CEC2014-F29,Composition,30,4,deterministic,300000,300000,6424305.261841373,2900.0,6421405.261841373,355,0,53.6689115689951,ok
CEC2014,V1,V0 + adaptive step regulation,29,CEC2014-F29,Composition,30,4,deterministic,300000,300000,35707.18897300191,2900.0,32807.18897300191,353,0,52.78884961800941,ok
CEC2014,V2,V1 + long-range sensing,29,CEC2014-F29,Composition,30,4,deterministic,300000,300000,9973747.058389671,2900.0,9970847.058389671,105,0,52.94143046801037,ok
CEC2014,V3,V2 + memory fusion,29,CEC2014-F29,Composition,30,4,deterministic,300000,300000,25876.97537191595,2900.0,22976.97537191595,272,0,53.45173761098704,ok
CEC2014,V4,Full DMGSO with relocation and policy-like gating,29,CEC2014-F29,Composition,30,4,deterministic,300000,300000,16176.64480754653,2900.0,13276.64480754653,1324,10,53.33595662699372,ok
CEC2014,V0,Pure directional sensing,29,CEC2014-F29,Composition,30,5,deterministic,300000,300000,7831129.587435507,2900.0,7828229.587435507,245,0,53.03025875100866,ok
CEC2014,V1,V0 + adaptive step regulation,29,CEC2014-F29,Composition,30,5,deterministic,300000,300000,19631.716748912844,2900.0,16731.716748912844,339,0,53.73419608500262,ok
CEC2014,V2,V1 + long-range sensing,29,CEC2014-F29,Composition,30,5,deterministic,300000,300000,5762485.652326058,2900.0,5759585.652326058,135,0,53.624282081989804,ok
CEC2014,V3,V2 + memory fusion,29,CEC2014-F29,Composition,30,5,deterministic,300000,300000,8510.722927023333,2900.0,5610.722927023333,286,0,54.11511944999802,ok
CEC2014,V4,Full DMGSO with relocation and policy-like gating,29,CEC2014-F29,Composition,30,5,deterministic,300000,300000,26484.71319225458,2900.0,23584.71319225458,1545,6,53.78107562499645,ok
CEC2014,V0,Pure directional sensing,29,CEC2014-F29,Composition,30,6,deterministic,300000,300000,23296926.99693914,2900.0,23294026.99693914,282,0,53.53682502800075,ok
CEC2014,V1,V0 + adaptive step regulation,29,CEC2014-F29,Composition,30,6,deterministic,300000,300000,30218.811012007056,2900.0,27318.811012007056,389,0,53.3184639300016,ok
CEC2014,V2,V1 + long-range sensing,29,CEC2014-F29,Composition,30,6,deterministic,300000,300000,1673310.366175365,2900.0,1670410.366175365,134,0,52.51048730200273,ok
CEC2014,V3,V2 + memory fusion,29,CEC2014-F29,Composition,30,6,deterministic,300000,300000,14146.251595441096,2900.0,11246.251595441096,276,0,53.51326439800323,ok
CEC2014,V4,Full DMGSO with relocation and policy-like gating,29,CEC2014-F29,Composition,30,6,deterministic,300000,300000,25460.38125725826,2900.0,22560.38125725826,1326,8,53.296409249000135,ok
CEC2014,V0,Pure directional sensing,29,CEC2014-F29,Composition,30,7,deterministic,300000,300000,9596141.187691513,2900.0,9593241.187691513,613,0,53.958095337991836,ok
CEC2014,V1,V0 + adaptive step regulation,29,CEC2014-F29,Composition,30,7,deterministic,300000,300000,25046.804097979813,2900.0,22146.804097979813,324,0,53.3181096049957,ok
CEC2014,V2,V1 + long-range sensing,29,CEC2014-F29,Composition,30,7,deterministic,300000,300000,39645843.636078864,2900.0,39642943.636078864,52,0,52.31730409899319,ok
CEC2014,V3,V2 + memory fusion,29,CEC2014-F29,Composition,30,7,deterministic,300000,300000,13039.740119998623,2900.0,10139.740119998623,255,0,54.37387648499862,ok
CEC2014,V4,Full DMGSO with relocation and policy-like gating,29,CEC2014-F29,Composition,30,7,deterministic,300000,300000,8644.302500359016,2900.0,5744.3025003590155,1422,7,54.36615755100502,ok
CEC2014,V0,Pure directional sensing,29,CEC2014-F29,Composition,30,8,deterministic,300000,300000,26822071.29464574,2900.0,26819171.29464574,250,0,53.26393870700849,ok
CEC2014,V1,V0 + adaptive step regulation,29,CEC2014-F29,Composition,30,8,deterministic,300000,300000,13837.345324280393,2900.0,10937.345324280393,422,0,52.89928904300905,ok
CEC2014,V2,V1 + long-range sensing,29,CEC2014-F29,Composition,30,8,deterministic,300000,300000,7742961.960140638,2900.0,7740061.960140638,206,0,53.55572987100459,ok
CEC2014,V3,V2 + memory fusion,29,CEC2014-F29,Composition,30,8,deterministic,300000,300000,8719.381407549932,2900.0,5819.381407549932,323,0,53.245582217990886,ok
CEC2014,V4,Full DMGSO with relocation and policy-like gating,29,CEC2014-F29,Composition,30,8,deterministic,300000,300000,23631.100301177008,2900.0,20731.100301177008,1272,11,53.45043369400082,ok
CEC2014,V0,Pure directional sensing,29,CEC2014-F29,Composition,30,9,deterministic,300000,300000,9082670.007845666,2900.0,9079770.007845666,291,0,53.70245390199125,ok
CEC2014,V1,V0 + adaptive step regulation,29,CEC2014-F29,Composition,30,9,deterministic,300000,300000,24859.631323452584,2900.0,21959.631323452584,382,0,53.60879237600602,ok
CEC2014,V2,V1 + long-range sensing,29,CEC2014-F29,Composition,30,9,deterministic,300000,300000,5056523.444597785,2900.0,5053623.444597785,161,0,53.121140496994485,ok
CEC2014,V3,V2 + memory fusion,29,CEC2014-F29,Composition,30,9,deterministic,300000,300000,10225.092723082551,2900.0,7325.092723082551,326,0,53.56713141800719,ok
CEC2014,V4,Full DMGSO with relocation and policy-like gating,29,CEC2014-F29,Composition,30,9,deterministic,300000,300000,15460.530725122942,2900.0,12560.530725122942,1555,4,53.82253189200128,ok
CEC2014,V0,Pure directional sensing,30,CEC2014-F30,Composition,30,0,deterministic,300000,300000,10785863.016066829,3000.0,10782863.016066829,263,0,101.85774887900334,ok
CEC2014,V1,V0 + adaptive step regulation,30,CEC2014-F30,Composition,30,0,deterministic,300000,300000,3827533.1013539685,3000.0,3824533.1013539685,400,0,104.12575921599637,ok
CEC2014,V2,V1 + long-range sensing,30,CEC2014-F30,Composition,30,0,deterministic,300000,300000,17667110.219242338,3000.0,17664110.219242338,120,0,104.27733076699951,ok
CEC2014,V3,V2 + memory fusion,30,CEC2014-F30,Composition,30,0,deterministic,300000,300000,3780073.3269572924,3000.0,3777073.3269572924,448,0,103.78024829599599,ok
CEC2014,V4,Full DMGSO with relocation and policy-like gating,30,CEC2014-F30,Composition,30,0,deterministic,300000,300000,20550.848507386447,3000.0,17550.848507386447,1499,7,102.98681162499997,ok
CEC2014,V0,Pure directional sensing,30,CEC2014-F30,Composition,30,1,deterministic,300000,300000,26900237.829410736,3000.0,26897237.829410736,177,0,103.49512457998935,ok
CEC2014,V1,V0 + adaptive step regulation,30,CEC2014-F30,Composition,30,1,deterministic,300000,300000,1081045.5577009623,3000.0,1078045.5577009623,585,0,106.87533971801167,ok
CEC2014,V2,V1 + long-range sensing,30,CEC2014-F30,Composition,30,1,deterministic,300000,300000,11923624.350309605,3000.0,11920624.350309605,147,0,103.57887274300447,ok
CEC2014,V3,V2 + memory fusion,30,CEC2014-F30,Composition,30,1,deterministic,300000,300000,1046447.3905456879,3000.0,1043447.3905456879,383,0,103.67315143499582,ok
CEC2014,V4,Full DMGSO with relocation and policy-like gating,30,CEC2014-F30,Composition,30,1,deterministic,300000,300000,31341.90282563953,3000.0,28341.90282563953,1405,9,104.37651713499508,ok
CEC2014,V0,Pure directional sensing,30,CEC2014-F30,Composition,30,2,deterministic,300000,300000,9733236.629657252,3000.0,9730236.629657252,221,0,104.80072950899194,ok
CEC2014,V1,V0 + adaptive step regulation,30,CEC2014-F30,Composition,30,2,deterministic,300000,300000,4271250.397977318,3000.0,4268250.397977318,264,0,103.62565211499168,ok
CEC2014,V2,V1 + long-range sensing,30,CEC2014-F30,Composition,30,2,deterministic,300000,300000,8239356.21955849,3000.0,8236356.21955849,222,0,103.55387395899743,ok
CEC2014,V3,V2 + memory fusion,30,CEC2014-F30,Composition,30,2,deterministic,300000,300000,972334.1454344685,3000.0,969334.1454344685,779,0,103.18710922500759,ok
CEC2014,V4,Full DMGSO with relocation and policy-like gating,30,CEC2014-F30,Composition,30,2,deterministic,300000,300000,35890.809298623135,3000.0,32890.809298623135,1432,8,105.18570331799856,ok
CEC2014,V0,Pure directional sensing,30,CEC2014-F30,Composition,30,3,deterministic,300000,300000,9515290.902015032,3000.0,9512290.902015032,227,0,104.66193540400127,ok
CEC2014,V1,V0 + adaptive step regulation,30,CEC2014-F30,Composition,30,3,deterministic,300000,300000,1088073.6216878043,3000.0,1085073.6216878043,459,0,103.70348592799564,ok
CEC2014,V2,V1 + long-range sensing,30,CEC2014-F30,Composition,30,3,deterministic,300000,300000,16814177.589868832,3000.0,16811177.589868832,97,0,104.09461736500089,ok
CEC2014,V3,V2 + memory fusion,30,CEC2014-F30,Composition,30,3,deterministic,300000,300000,1075036.2105802346,3000.0,1072036.2105802346,369,0,103.63698509099777,ok
CEC2014,V4,Full DMGSO with relocation and policy-like gating,30,CEC2014-F30,Composition,30,3,deterministic,300000,300000,29653.501953993768,3000.0,26653.501953993768,1496,7,105.33358624600805,ok
CEC2014,V0,Pure directional sensing,30,CEC2014-F30,Composition,30,4,deterministic,300000,300000,9956605.112666605,3000.0,9953605.112666605,237,0,101.73740732499573,ok
CEC2014,V1,V0 + adaptive step regulation,30,CEC2014-F30,Composition,30,4,deterministic,300000,300000,1072966.6870041604,3000.0,1069966.6870041604,477,0,103.46544893199462,ok
CEC2014,V2,V1 + long-range sensing,30,CEC2014-F30,Composition,30,4,deterministic,300000,300000,28415746.375911918,3000.0,28412746.375911918,75,0,103.55968263999966,ok
CEC2014,V3,V2 + memory fusion,30,CEC2014-F30,Composition,30,4,deterministic,300000,300000,983619.9105579713,3000.0,980619.9105579713,567,0,103.60711952399288,ok
CEC2014,V4,Full DMGSO with relocation and policy-like gating,30,CEC2014-F30,Composition,30,4,deterministic,300000,300000,35911.975370956316,3000.0,32911.975370956316,1456,7,103.84124158899067,ok
CEC2014,V0,Pure directional sensing,30,CEC2014-F30,Composition,30,5,deterministic,300000,300000,9104646.039377872,3000.0,9101646.039377872,218,0,103.38946540000325,ok
CEC2014,V1,V0 + adaptive step regulation,30,CEC2014-F30,Composition,30,5,deterministic,300000,300000,1081596.8310400129,3000.0,1078596.8310400129,428,0,103.61073375900742,ok
CEC2014,V2,V1 + long-range sensing,30,CEC2014-F30,Composition,30,5,deterministic,300000,300000,9587948.577009466,3000.0,9584948.577009466,147,0,102.45589777499845,ok
CEC2014,V3,V2 + memory fusion,30,CEC2014-F30,Composition,30,5,deterministic,300000,300000,3856555.0500756316,3000.0,3853555.0500756316,293,0,104.39033195401134,ok
CEC2014,V4,Full DMGSO with relocation and policy-like gating,30,CEC2014-F30,Composition,30,5,deterministic,300000,300000,29404.249506126223,3000.0,26404.249506126223,1555,6,103.50329883900122,ok
CEC2014,V0,Pure directional sensing,30,CEC2014-F30,Composition,30,6,deterministic,300000,300000,19643229.983278252,3000.0,19640229.983278252,202,0,103.51570359501056,ok
CEC2014,V1,V0 + adaptive step regulation,30,CEC2014-F30,Composition,30,6,deterministic,300000,300000,3917752.5423671873,3000.0,3914752.5423671873,397,0,106.06062528799521,ok
CEC2014,V2,V1 + long-range sensing,30,CEC2014-F30,Composition,30,6,deterministic,300000,300000,20593432.581031505,3000.0,20590432.581031505,87,0,103.90782668700558,ok
CEC2014,V3,V2 + memory fusion,30,CEC2014-F30,Composition,30,6,deterministic,300000,300000,4078140.5811773073,3000.0,4075140.5811773073,383,0,104.08925872099644,ok
CEC2014,V4,Full DMGSO with relocation and policy-like gating,30,CEC2014-F30,Composition,30,6,deterministic,300000,300000,55793.68272859678,3000.0,52793.68272859678,1416,9,104.3513927479944,ok
CEC2014,V0,Pure directional sensing,30,CEC2014-F30,Composition,30,7,deterministic,300000,300000,10960160.256108068,3000.0,10957160.256108068,194,0,102.43971243299893,ok
CEC2014,V1,V0 + adaptive step regulation,30,CEC2014-F30,Composition,30,7,deterministic,300000,300000,3893825.929914258,3000.0,3890825.929914258,289,0,104.87854738600436,ok
CEC2014,V2,V1 + long-range sensing,30,CEC2014-F30,Composition,30,7,deterministic,300000,300000,11605535.950343298,3000.0,11602535.950343298,101,0,103.8494285249908,ok
CEC2014,V3,V2 + memory fusion,30,CEC2014-F30,Composition,30,7,deterministic,300000,300000,961286.7886063074,3000.0,958286.7886063074,862,0,104.51815519700176,ok
CEC2014,V4,Full DMGSO with relocation and policy-like gating,30,CEC2014-F30,Composition,30,7,deterministic,300000,300000,35524.017694895105,3000.0,32524.017694895105,1406,9,104.3201106179913,ok
CEC2014,V0,Pure directional sensing,30,CEC2014-F30,Composition,30,8,deterministic,300000,300000,19913583.54543327,3000.0,19910583.54543327,156,0,103.10414093699364,ok
CEC2014,V1,V0 + adaptive step regulation,30,CEC2014-F30,Composition,30,8,deterministic,300000,300000,4051034.177242067,3000.0,4048034.177242067,429,0,103.05830588900426,ok
CEC2014,V2,V1 + long-range sensing,30,CEC2014-F30,Composition,30,8,deterministic,300000,300000,10596047.493975725,3000.0,10593047.493975725,192,0,101.07333248200302,ok
CEC2014,V3,V2 + memory fusion,30,CEC2014-F30,Composition,30,8,deterministic,300000,300000,4075450.343057919,3000.0,4072450.343057919,513,0,105.12250792200211,ok
CEC2014,V4,Full DMGSO with relocation and policy-like gating,30,CEC2014-F30,Composition,30,8,deterministic,300000,300000,23962.049406150494,3000.0,20962.049406150494,1322,8,103.51097768300679,ok
CEC2014,V0,Pure directional sensing,30,CEC2014-F30,Composition,30,9,deterministic,300000,300000,12839627.261895243,3000.0,12836627.261895243,215,0,103.08190271900094,ok
CEC2014,V1,V0 + adaptive step regulation,30,CEC2014-F30,Composition,30,9,deterministic,300000,300000,4911811.067872855,3000.0,4908811.067872855,304,0,103.61048381699948,ok
CEC2014,V2,V1 + long-range sensing,30,CEC2014-F30,Composition,30,9,deterministic,300000,300000,19766850.778389957,3000.0,19763850.778389957,96,0,103.04323039199517,ok
CEC2014,V3,V2 + memory fusion,30,CEC2014-F30,Composition,30,9,deterministic,300000,300000,959716.8920213368,3000.0,956716.8920213368,911,0,105.45498491999751,ok
CEC2014,V4,Full DMGSO with relocation and policy-like gating,30,CEC2014-F30,Composition,30,9,deterministic,300000,300000,31362.802477996,3000.0,28362.802477996,1462,7,104.64465535200725,ok
